date,"m=3, W=140","m=3, W=70","m=3, W=280","m=4, W=140"
2008-01-22 08:00:00,,,,
2008-01-22 09:00:00,,,,
2008-01-22 10:00:00,,,,
2008-01-22 11:00:00,,,,
2008-01-22 12:00:00,,,,
2008-01-22 13:00:00,,,,
2008-01-22 14:00:00,,,,
2008-01-23 07:00:00,,,,
2008-01-23 08:00:00,,,,
2008-01-23 09:00:00,,,,
2008-01-23 10:00:00,,,,
2008-01-23 11:00:00,,,,
2008-01-23 12:00:00,,,,
2008-01-23 13:00:00,,,,
2008-01-23 14:00:00,,,,
2008-01-24 07:00:00,,,,
2008-01-24 08:00:00,,,,
2008-01-24 09:00:00,,,,
2008-01-24 10:00:00,,,,
2008-01-24 11:00:00,,,,
2008-01-24 12:00:00,,,,
2008-01-24 13:00:00,,,,
2008-01-24 14:00:00,,,,
2008-01-25 07:00:00,,,,
2008-01-25 08:00:00,,,,
2008-01-25 09:00:00,,,,
2008-01-25 10:00:00,,,,
2008-01-25 11:00:00,,,,
2008-01-25 12:00:00,,,,
2008-01-25 13:00:00,,,,
2008-01-25 14:00:00,,,,
2008-01-28 07:00:00,,,,
2008-01-28 08:00:00,,,,
2008-01-28 09:00:00,,,,
2008-01-28 10:00:00,,,,
2008-01-28 11:00:00,,,,
2008-01-28 12:00:00,,,,
2008-01-28 13:00:00,,,,
2008-01-28 14:00:00,,,,
2008-01-29 07:00:00,,,,
2008-01-29 08:00:00,,,,
2008-01-29 09:00:00,,,,
2008-01-29 10:00:00,,,,
2008-01-29 11:00:00,,,,
2008-01-29 12:00:00,,,,
2008-01-29 13:00:00,,,,
2008-01-29 14:00:00,,,,
2008-01-30 07:00:00,,,,
2008-01-30 08:00:00,,,,
2008-01-30 09:00:00,,,,
2008-01-30 10:00:00,,,,
2008-01-30 11:00:00,,,,
2008-01-30 12:00:00,,,,
2008-01-30 13:00:00,,,,
2008-01-30 14:00:00,,,,
2008-01-31 07:00:00,,,,
2008-01-31 08:00:00,,,,
2008-01-31 09:00:00,,,,
2008-01-31 10:00:00,,,,
2008-01-31 11:00:00,,,,
2008-01-31 12:00:00,,,,
2008-01-31 13:00:00,,,,
2008-01-31 14:00:00,,,,
2008-02-01 07:00:00,,,,
2008-02-01 08:00:00,,,,
2008-02-01 09:00:00,,,,
2008-02-01 10:00:00,,,,
2008-02-01 11:00:00,,,,
2008-02-01 12:00:00,,,,
2008-02-01 13:00:00,,0.9649177686038973,,
2008-02-01 14:00:00,,0.9739447158654657,,
2008-02-04 07:00:00,,0.9805364634128432,,
2008-02-04 08:00:00,,0.9805364634128432,,
2008-02-04 09:00:00,,0.9805364634128432,,
2008-02-04 10:00:00,,0.9805364634128432,,
2008-02-04 11:00:00,,0.9728838387399732,,
2008-02-04 12:00:00,,0.9684972407313811,,
2008-02-04 13:00:00,,0.964302647691355,,
2008-02-04 14:00:00,,0.9677500723803193,,
2008-02-05 07:00:00,,0.9652990249785712,,
2008-02-05 08:00:00,,0.9602823075977751,,
2008-02-05 09:00:00,,0.9567705564722774,,
2008-02-05 10:00:00,,0.9567705564722774,,
2008-02-05 11:00:00,,0.9567705564722774,,
2008-02-05 12:00:00,,0.9585368509463711,,
2008-02-05 13:00:00,,0.9595332282335871,,
2008-02-05 14:00:00,,0.9605618554399417,,
2008-02-06 07:00:00,,0.9660093305740263,,
2008-02-06 08:00:00,,0.9709435018949177,,
2008-02-06 09:00:00,,0.9700296706676064,,
2008-02-06 10:00:00,,0.9731486514337033,,
2008-02-06 11:00:00,,0.9731486514337033,,
2008-02-06 12:00:00,,0.9785638766486499,,
2008-02-06 13:00:00,,0.9791114499609493,,
2008-02-06 14:00:00,,0.9834980479695414,,
2008-02-07 07:00:00,,0.9834980479695414,,
2008-02-07 08:00:00,,0.9857520935890277,,
2008-02-07 09:00:00,,0.9857520935890277,,
2008-02-07 10:00:00,,0.9857520935890277,,
2008-02-07 11:00:00,,0.9857520935890277,,
2008-02-07 12:00:00,,0.9866659248163391,,
2008-02-07 13:00:00,,0.9822793268077471,,
2008-02-07 14:00:00,,0.9866659248163391,,
2008-02-08 07:00:00,,0.9847624507268904,,
2008-02-08 08:00:00,,0.9847624507268904,,
2008-02-08 09:00:00,,0.9838486194995788,,
2008-02-08 10:00:00,,0.9882352175081709,,
2008-02-08 11:00:00,,0.9847624507268904,,
2008-02-08 12:00:00,,0.9798282794059987,,
2008-02-08 13:00:00,,0.9773451554868554,,
2008-02-08 14:00:00,,0.9773451554868554,,
2008-02-11 07:00:00,,0.9822793268077471,,
2008-02-11 08:00:00,,0.9847624507268904,,
2008-02-11 09:00:00,,0.9847624507268902,,
2008-02-11 10:00:00,,0.9838486194995788,,
2008-02-11 11:00:00,,0.977885820972333,,
2008-02-11 12:00:00,,0.9798282794059989,,
2008-02-11 13:00:00,,0.9838486194995789,,
2008-02-11 14:00:00,,0.9873213862808594,,
2008-02-12 07:00:00,,0.9864992619400894,,
2008-02-12 08:00:00,,0.9873213862808596,,
2008-02-12 09:00:00,,0.9917079842894516,,
2008-02-12 10:00:00,,0.9917079842894516,,
2008-02-12 11:00:00,,0.9917079842894516,,
2008-02-12 12:00:00,,0.9917079842894516,,
2008-02-12 13:00:00,,0.9917079842894516,,
2008-02-12 14:00:00,,0.9937718765391934,,
2008-02-13 07:00:00,,0.9966578931297058,,
2008-02-13 08:00:00,,0.9937718765391934,,
2008-02-13 09:00:00,,0.9937718765391934,,
2008-02-13 10:00:00,,0.9950886004378737,,
2008-02-13 11:00:00,,0.9926054765187304,,
2008-02-13 12:00:00,,0.9926054765187304,,
2008-02-13 13:00:00,,0.9926054765187304,,
2008-02-13 14:00:00,,0.9912887526200501,,
2008-02-14 07:00:00,,0.9927206738987662,,
2008-02-14 08:00:00,,0.9892089227732684,,
2008-02-14 09:00:00,,0.9898408937442943,,
2008-02-14 10:00:00,,0.9898408937442943,,
2008-02-14 11:00:00,0.9896936244379987,0.993352644869792,,0.9610074837614543
2008-02-14 12:00:00,0.989833110016148,0.9927206738987662,,0.9610074837614543
2008-02-14 13:00:00,0.9915810632499781,0.9892089227732684,,0.9618802933353418
2008-02-14 14:00:00,0.9927211053238839,0.9898408937442943,,0.9622095290801722
2008-02-15 07:00:00,0.9909731520900537,0.988524169845614,,0.9611066578132632
2008-02-15 08:00:00,0.991929299904271,0.988524169845614,,0.9614912456010636
2008-02-15 09:00:00,0.991137494484658,0.9877770014945523,,0.9580816395919569
2008-02-15 10:00:00,0.9901813466704408,0.9838358963876852,,0.9577524038471266
2008-02-15 11:00:00,0.9909731520900537,0.9892089227732684,,0.9574645547896953
2008-02-15 12:00:00,0.9909731520900537,0.9877770014945523,,0.9580816395919571
2008-02-15 13:00:00,0.9901813466704408,0.9811852539471748,,0.9572345846487504
2008-02-15 14:00:00,0.9901813466704408,0.9811852539471748,,0.9575638203935808
2008-02-19 07:00:00,0.9901813466704408,0.9771649138535949,,0.9583374559156593
2008-02-19 08:00:00,0.9901813466704408,0.9704175648793132,,0.9572345846487504
2008-02-19 09:00:00,0.9901813466704408,0.9726716104987996,,0.9568499968609498
2008-02-19 10:00:00,0.991137494484658,0.9738059340018673,,0.9571378459183811
2008-02-19 11:00:00,0.9917732793116311,0.9726716104987996,,0.9568499968609498
2008-02-19 12:00:00,0.9908171314974136,0.9744379049728933,,0.9555380394408973
2008-02-19 13:00:00,0.9908171314974136,0.9758698262516093,,0.9540738996954288
2008-02-19 14:00:00,0.9925650847312437,0.9819324222982365,,0.9537446639505982
2008-02-20 07:00:00,0.9917848306151682,0.9798685300484945,,0.9534154282057677
2008-02-20 08:00:00,0.9907892578303651,0.9817720041379431,,0.953703277263199
2008-02-20 09:00:00,0.9913681080320971,0.9877770014945523,,0.9543981498809898
2008-02-20 10:00:00,0.9927008077127187,0.9926054765187305,,0.9572230581800364
2008-02-20 11:00:00,0.9936963804975218,0.9926054765187305,,0.9566427288643771
2008-02-20 12:00:00,0.9945080590226364,0.9926054765187304,,0.956354879806946
2008-02-20 13:00:00,0.994358236614176,0.9926054765187305,,0.9553721581317239
2008-02-20 14:00:00,0.9933198286311172,0.9926054765187304,,0.9539080183862554
2008-02-21 07:00:00,0.9935124862378333,0.9950886004378738,,0.9531941948536244
2008-02-21 08:00:00,0.9932181945402703,0.9922025838473617,,0.9535787826414248
2008-02-21 09:00:00,0.9921797865572116,0.9922025838473617,,0.9538666316988561
2008-02-21 10:00:00,0.9925563384236162,0.9922025838473615,,0.9524392474399903
2008-02-21 11:00:00,0.9913681080320971,0.9922025838473615,,0.9524392474399903
2008-02-21 12:00:00,0.9923636808169,0.9950886004378737,,0.9524392474399901
2008-02-21 13:00:00,0.992556338423616,0.9926054765187305,,0.9529017145953964
2008-02-21 14:00:00,0.9927008077127187,0.9926054765187304,,0.9529017145953963
2008-02-22 07:00:00,0.992700807712719,0.9940373977974465,,0.9533408624415616
2008-02-22 08:00:00,0.9927008077127187,0.9940373977974465,,0.9533408624415616
2008-02-22 09:00:00,0.99186809861579,0.9926054765187304,,0.953725450229362
2008-02-22 10:00:00,0.9918680986157898,0.9926054765187304,,0.9515176267325771
2008-02-22 11:00:00,0.9907280565418843,0.9884089724655784,,0.9515176267325771
2008-02-22 12:00:00,0.9894734169806758,0.9898408937442943,,0.9500534869871087
2008-02-22 13:00:00,0.9902536710967516,0.9898408937442943,,0.9520979560482364
2008-02-22 14:00:00,0.989473416980676,0.988524169845614,,0.9512509011050299
2008-02-25 07:00:00,0.9903515046754798,0.9933526448697922,,0.9512509011050299
2008-02-25 08:00:00,0.98928075937396,0.9898408937442944,,0.9504038461618233
2008-02-25 09:00:00,0.9866775541066376,0.9885241698456142,,0.9424982784701013
2008-02-25 10:00:00,0.9855375120327318,0.9864602775958721,,0.9431931510878921
2008-02-25 11:00:00,0.9870096972915031,0.9864602775958721,,0.9434810001453234
2008-02-25 12:00:00,0.9881497393654088,0.9864602775958721,,0.9431931510878923
2008-02-25 13:00:00,0.9881497393654088,0.982519172489005,,0.9460180593869391
2008-02-25 14:00:00,0.989473416980676,0.988524169845614,,0.9537145409255169
2008-02-26 07:00:00,0.9916842043561016,0.9920359209711118,,0.9551786806709853
2008-02-26 08:00:00,0.9926797771409046,0.9912887526200501,,0.9551786806709853
2008-02-26 09:00:00,0.9926797771409046,0.9877770014945525,,0.9571609024212262
2008-02-26 10:00:00,0.9928636714005931,0.988524169845614,,0.955800133867648
2008-02-26 11:00:00,0.9936963804975218,0.9920359209711118,,0.9561847216554485
2008-02-26 12:00:00,0.9936963804975218,0.9920359209711118,,0.9573610123434857
2008-02-26 13:00:00,0.9945080590226364,0.993352644869792,,0.9570317765986552
2008-02-26 14:00:00,0.9933198286311175,0.9920359209711118,,0.9570317765986552
2008-02-27 07:00:00,0.9938057910496298,0.9912887526200501,,0.9564146917963934
2008-02-27 08:00:00,0.9946174695747443,0.9927206738987662,,0.956670416568019
2008-02-27 09:00:00,0.9936941652192111,0.9933526448697922,,0.9577132130390844
2008-02-27 10:00:00,0.9949922391553455,0.9958357687889355,,0.9614520547930218
2008-02-27 11:00:00,0.9962329454737315,0.9958357687889355,,0.9624537273830838
2008-02-27 12:00:00,0.9964015059293913,0.9933526448697922,,0.9621658783256525
2008-02-27 13:00:00,0.9965633202921113,0.9885241698456142,,0.9624537273830838
2008-02-27 14:00:00,0.9954270607186969,0.9885241698456142,,0.9615809178091964
2008-02-28 07:00:00,0.9954270607186969,0.9877770014945523,,0.960093458754487
2008-02-28 08:00:00,0.9943419420004437,0.9864602775958721,,0.9597088709666864
2008-02-28 09:00:00,0.9930438680643093,0.9798685300484945,,0.958244731221218
2008-02-28 10:00:00,0.9930438680643093,0.9805005010195204,,0.958244731221218
2008-02-28 11:00:00,0.9930438680643093,0.9805005010195204,,0.957530907688587
2008-02-28 12:00:00,0.9941801276377237,0.9811852539471748,,0.9597387311853718
2008-02-28 13:00:00,0.9941801276377237,0.9838358963876852,,0.9579154954763875
2008-02-28 14:00:00,0.9941801276377235,0.9838358963876852,,0.9579154954763875
2008-02-29 07:00:00,0.9941801276377235,0.9838358963876852,,0.960452554718003
2008-02-29 08:00:00,0.9930438680643093,0.982519172489005,,0.9600679669302024
2008-02-29 09:00:00,0.9941801276377235,0.982519172489005,,0.9593541433975714
2008-02-29 10:00:00,0.9938627256748707,0.982519172489005,,0.9600679669302024
2008-02-29 11:00:00,0.9938627256748709,0.9864602775958721,,0.9592209119869959
2008-02-29 12:00:00,0.993694165219211,0.9838096351553616,,0.9600679669302024
2008-02-29 13:00:00,0.9932269408478979,0.9838096351553616,,0.9590662943401401
2008-02-29 14:00:00,0.9915484813746264,0.9864602775958721,,0.9571163681300245
2008-03-03 07:00:00,0.9915484813746264,0.9864602775958721,,0.955804410709972
2008-03-03 08:00:00,0.9915484813746264,0.9864602775958721,,0.9564214955122338
2008-03-03 09:00:00,0.9933767632563583,0.9870922485668979,,0.9597321902759276
2008-03-03 10:00:00,0.9938627256748709,0.988524169845614,,0.960908480963965
2008-03-03 11:00:00,0.9941801276377235,0.9864602775958721,,0.9612930687517653
2008-03-03 12:00:00,0.9930438680643093,0.988524169845614,,0.9618733980674246
2008-03-03 13:00:00,0.9913654085910376,0.988524169845614,,0.9621612471248558
2008-03-03 14:00:00,0.9913654085910376,0.9858735274051037,,0.9643202594881152
2008-03-04 07:00:00,0.9927264661014564,0.9912887526200502,,0.9668573187297306
2008-03-04 08:00:00,0.9940245400375909,0.9937718765391936,,0.9688072449398463
2008-03-04 09:00:00,0.9936941652192111,0.9930247081881319,,0.9681901601375844
2008-03-04 10:00:00,0.9949922391553453,0.994456629466848,,0.9696175443964503
2008-03-04 11:00:00,0.995478201573858,0.994456629466848,,0.9703313679290814
2008-03-04 12:00:00,0.9953163872111378,0.9930247081881317,,0.9709484527313433
2008-03-04 13:00:00,0.9964015059293911,0.9937718765391936,,0.9714109198867494
2008-03-04 14:00:00,0.9952652463559769,0.9958357687889355,,0.9705638649435427
2008-03-05 07:00:00,0.9952652463559769,0.9958357687889355,,0.9708931006883733
2008-03-05 08:00:00,0.9952652463559769,0.9937718765391936,,0.9705638649435427
2008-03-05 09:00:00,0.9962329454737313,0.9966578931297058,,0.9705638649435427
2008-03-05 10:00:00,0.9971562498292648,0.9966578931297058,,0.9701013977881365
2008-03-05 11:00:00,0.9971562498292645,0.9950886004378737,,0.9707184825903983
2008-03-05 12:00:00,0.9971562498292648,0.9930247081881319,,0.9781849024359548
2008-03-05 13:00:00,0.996825875010885,0.9930247081881319,,0.9785694902237554
2008-03-05 14:00:00,0.9972024268772894,0.9936566791591578,,0.9794165451669619
2008-03-06 07:00:00,0.9968074709352459,0.9907706625686457,,0.9787027216343309
2008-03-06 08:00:00,0.9973137394517676,0.9898568313413342,,0.9787027216343309
2008-03-06 09:00:00,0.9977086953938109,0.989856831341334,,0.9794165451669621
2008-03-06 10:00:00,0.9980390702121906,0.989856831341334,,0.9787027216343309
2008-03-06 11:00:00,0.9978772558494706,0.989856831341334,,0.9792462954633877
2008-03-06 12:00:00,0.9980390702121906,0.989856831341334,,0.9802479680534499
2008-03-06 13:00:00,0.9983988581700209,0.9869708147508218,,0.9796676387377907
2008-03-06 14:00:00,0.9977086953938109,0.9840847981603097,,0.9796676387377907
2008-03-07 07:00:00,0.998591515776737,0.9878846459781334,,0.9796676387377907
2008-03-07 08:00:00,0.9987600762323966,0.9907706625686457,,0.9796676387377907
2008-03-07 09:00:00,0.9992884246458864,0.9895519414068511,,0.9807104352088561
2008-03-07 10:00:00,0.9991198641902268,0.9901386915976196,,0.9795341445208188
2008-03-07 11:00:00,0.9985915157767369,0.9922025838473615,,0.9780700047753504
2008-03-07 12:00:00,0.9980852472602153,0.9922025838473617,,0.9770683321852882
2008-03-07 13:00:00,0.9975328016956692,0.9890347070005638,,0.976605865029882
2008-03-07 14:00:00,0.9978925896534995,0.988402736029538,,0.9755630685588164
2008-03-10 07:00:00,0.9970468392771568,0.9878159858387696,,0.9755630685588164
2008-03-10 08:00:00,0.9972024268772894,0.9853328619196263,,0.9743056711971286
2008-03-10 09:00:00,0.996807470935246,0.9840161380209459,,0.9757698109425971
2008-03-10 10:00:00,0.9966518833351135,0.9780533394937001,,0.9787948291639031
2008-03-10 11:00:00,0.9959617205589034,0.9766214182149839,,0.9780211936418249
2008-03-10 12:00:00,0.996145614818592,0.9825842167422297,,0.978735017174456
2008-03-10 13:00:00,0.9973863211369779,0.9834980479695414,,0.9802224762291655
2008-03-10 14:00:00,0.9982691415199039,0.9863840645600536,,0.981265272700231
2008-03-11 07:00:00,0.9982691415199039,0.9878159858387695,,0.9799045041466528
2008-03-11 08:00:00,0.9986135956737053,0.9912887526200501,,0.9799045041466528
2008-03-11 09:00:00,0.9986135956737053,0.9890347070005638,,0.9816611241503493
2008-03-11 10:00:00,0.9977678452973627,0.9890347070005638,,0.9810440393480875
2008-03-11 11:00:00,0.9973912934309581,0.9897194599282182,,0.980001242877022
2008-03-11 12:00:00,0.996838847866412,0.990351430899244,,0.980001242877022
2008-03-11 13:00:00,0.996838847866412,0.9865515830814204,,0.9803304786218526
2008-03-11 14:00:00,0.996838847866412,0.9823550790282682,,0.9797501493061932
2008-03-12 07:00:00,0.9966365495310846,0.9871835540524463,0.9966746621846854,0.9807518218962555
2008-03-12 08:00:00,0.9969539514939374,0.9871835540524463,0.9969742312353881,0.9816246314701429
2008-03-12 09:00:00,0.9969539514939374,0.9903514308992443,0.9972615294274364,0.982626304060205
2008-03-12 10:00:00,0.9980390702121906,0.9855229558750662,0.9977660886056613,0.982626304060205
2008-03-12 11:00:00,0.9985915157767369,0.9836194817856172,0.9979597508892766,0.9822417162724046
2008-03-12 12:00:00,0.9977086953938108,0.977614484429008,0.9980802465990363,0.9807775765269362
2008-03-12 13:00:00,0.9978772558494706,0.9782992373566627,0.9975476481893464,0.979904766953049
2008-03-12 14:00:00,0.9973912934309582,0.9739126393480706,0.9975476481893464,0.9799047669530487
2008-03-13 07:00:00,0.9978772558494706,0.9751313605098647,0.9972603499972983,0.9773745114272739
2008-03-13 08:00:00,0.9982538077158751,0.9751313605098647,0.9972603499972983,0.9773745114272739
2008-03-13 09:00:00,0.9984156220785952,0.9709348564567127,0.9972603499972983,0.9793244376373895
2008-03-13 10:00:00,0.9984156220785952,0.9715216066474812,0.9968905536274884,0.9789398498495891
2008-03-13 11:00:00,0.9975328016956692,0.9709348564567127,0.9968905536274884,0.9783227650473274
2008-03-13 12:00:00,0.9975328016956692,0.9763500816716593,0.9972603499972983,0.9793655615183928
2008-03-13 13:00:00,0.9982229644718792,0.9751313605098647,0.9976724526972285,0.9806229588800806
2008-03-13 14:00:00,0.9987754100364254,0.9805043868954483,0.9978315583289546,0.9820503431389466
2008-03-14 07:00:00,0.9982229644718792,0.9751313605098649,0.9976724526972285,0.9842581666357314
2008-03-14 08:00:00,0.9980611501091592,0.9739126393480706,0.9974586691911864,0.9833853570618439
2008-03-14 09:00:00,0.9982370438073008,0.9782992373566627,0.997589650720525,0.9833853570618439
2008-03-14 10:00:00,0.9982370438073008,0.980504386895448,0.9977905842154215,0.9829228899064378
2008-03-14 11:00:00,0.9982370438073008,0.9817231080572424,0.9976724526972285,0.9843502741653039
2008-03-14 12:00:00,0.9986135956737053,0.9865515830814204,0.9974996433047195,0.98481274132071
2008-03-14 13:00:00,0.9986135956737052,0.9871835540524463,0.9977180837210345,0.98481274132071
2008-03-14 14:00:00,0.9991198641902267,0.9903514308992443,0.9980499987452697,0.9858144139107723
2008-03-17 07:00:00,0.9992957578883684,0.9897194599282184,0.998411906411242,0.9849673589675656
2008-03-17 08:00:00,0.9984129375054425,0.9897194599282182,0.9985324021210015,0.98679059467655
2008-03-17 09:00:00,0.9982370438073009,0.9912887526200501,0.9986187668181526,0.9863281275211437
2008-03-17 10:00:00,0.9986135956737053,0.9937718765391934,0.9984421542650085,0.9859435397333434
2008-03-17 11:00:00,0.9978925896534995,0.9920359209711118,0.9984421542650085,0.9859435397333433
2008-03-17 12:00:00,0.9975751876906467,0.9899720287213697,0.9983593522883049,0.98679059467655
2008-03-17 13:00:00,0.9969963374889147,0.9912887526200501,0.9981106640182235,0.9853264549310815
2008-03-17 14:00:00,0.9973912934309581,0.9944566294668479,0.9981934659949271,0.9853264549310815
2008-03-18 07:00:00,0.9977510813887884,0.994456629466848,0.9982390970187329,0.9853264549310815
2008-03-18 08:00:00,0.9969963374889149,0.99652052171659,0.9983700785480714,0.9853264549310815
2008-03-18 09:00:00,0.9966365495310846,0.9957733533655283,0.9984645752787863,0.983569834927385
2008-03-18 10:00:00,0.9972153997328166,0.99734264605736,0.9986268988517164,0.985289699444479
2008-03-18 11:00:00,0.9975328016956694,0.99734264605736,0.9987550914120383,0.9849051116566784
2008-03-18 12:00:00,0.9972153997328166,0.994456629466848,0.9988362200464261,0.9844426445012723
2008-03-18 13:00:00,0.9968204437907732,0.994456629466848,0.9987417233157111,0.9830152602424065
2008-03-18 14:00:00,0.9966365495310846,0.994456629466848,0.9986605946813234,0.9840580567134719
2008-03-19 07:00:00,0.996838847866412,0.99734264605736,0.9985324021210015,0.9834777273978126
2008-03-19 08:00:00,0.996838847866412,0.995910724778644,0.9980499987452696,0.9821169588442343
2008-03-19 09:00:00,0.9973912934309581,0.9950886004378737,0.9980499987452697,0.9827340436464963
2008-03-19 10:00:00,0.9978772558494706,0.9944566294668479,0.9976724526972285,0.9837357162365584
2008-03-19 11:00:00,0.9982370438073008,0.9944566294668479,0.9974586691911864,0.984120304024359
2008-03-19 12:00:00,0.9984297014140168,0.9957733533655283,0.9972650069075712,0.985547688283225
2008-03-19 13:00:00,0.9984297014140168,0.9919735055477046,0.9966044348655781,0.9865904847542905
2008-03-19 14:00:00,0.9984297014140168,0.9919735055477046,0.9966044348655781,0.9853330873926026
2008-03-20 07:00:00,0.9984297014140168,0.9940373977974465,0.9969742312353881,0.9853330873926026
2008-03-20 08:00:00,0.9977678452973625,0.9940373977974465,0.9970152053489211,0.9857176751804029
2008-03-20 09:00:00,0.9972394968838728,0.9919735055477047,0.9966454089791112,0.9854298261229717
2008-03-20 10:00:00,0.9980852472602153,0.9877770014945523,0.9966044348655781,0.9854298261229717
2008-03-20 11:00:00,0.9980852472602155,0.987092248566898,0.9969742312353881,0.9858922932783781
2008-03-20 12:00:00,0.9980852472602155,0.9891561408166398,0.99718801474143,0.986606116811009
2008-03-20 13:00:00,0.9980852472602152,0.9891561408166398,0.997478790413613,0.986143649655603
2008-03-20 14:00:00,0.9980852472602155,0.9919207235910761,0.9976724526972286,0.9857590618678024
2008-03-24 07:00:00,0.9974233911435613,0.993352644869792,0.9974073198813094,0.9857590618678026
2008-03-24 08:00:00,0.9970468392771568,0.9940373977974467,0.9976946180733577,0.9852965947123964
2008-03-24 09:00:00,0.9970468392771568,0.9972052746442445,0.99805652573933,0.9849120069245958
2008-03-24 10:00:00,0.9980852472602152,0.99652052171659,0.9977435885923,0.985374474080002
2008-03-24 11:00:00,0.9973950844840055,0.9950886004378738,0.9977435885923,0.985374474080002
2008-03-24 12:00:00,0.9973950844840055,0.9966578931297055,0.99805652573933,0.9875822975767866
2008-03-24 13:00:00,0.9975789787436938,0.9937718765391936,0.9976946180733577,0.9879668853645871
2008-03-24 14:00:00,0.9982691415199039,0.9937718765391934,0.9981770214490895,0.9879668853645871
2008-03-25 07:00:00,0.9972307335368453,0.9917079842894516,0.99805652573933,0.9871198304213806
2008-03-25 08:00:00,0.9972307335368453,0.9908858599486813,0.9978873590654748,0.9866340439567334
2008-03-25 09:00:00,0.9982691415199039,0.988402736029538,0.9979737237626264,0.9881215030114427
2008-03-25 10:00:00,0.9982691415199039,0.9897194599282184,0.9975306874622664,0.9885839701668491
2008-03-25 11:00:00,0.9978925896534994,0.993519307746042,0.998013090837998,0.9863761466700641
2008-03-25 12:00:00,0.9970468392771568,0.9897194599282182,0.9975796579812085,0.9863761466700641
2008-03-25 13:00:00,0.9970468392771568,0.9912887526200501,0.9975796579812085,0.9869564759857233
2008-03-25 14:00:00,0.9970468392771568,0.988402736029538,0.9975796579812085,0.9861094210425168
2008-03-26 07:00:00,0.9970468392771568,0.9840161380209459,0.9970586446835101,0.9853955975098858
2008-03-26 08:00:00,0.9970468392771568,0.9821126639314971,0.9972595781784069,0.9861094210425168
2008-03-26 09:00:00,0.9978925896534995,0.9864992619400894,0.9975796579812085,0.9869564759857236
2008-03-26 10:00:00,0.9980852472602155,0.9857520935890277,0.9977846995047754,0.9861094210425168
2008-03-26 11:00:00,0.9980852472602155,0.9846177700859599,0.9977846995047754,0.9883172445393016
2008-03-26 12:00:00,0.9978925896534995,0.9886381101795398,0.9977846995047754,0.9891642994825083
2008-03-26 13:00:00,0.9972307335368452,0.9857520935890277,0.9977846995047754,0.9900113544257151
2008-03-26 14:00:00,0.9972307335368452,0.9846177700859596,0.9977846995047754,0.9885839701668491
2008-03-27 07:00:00,0.9966518833351135,0.9846177700859599,0.9977846995047754,0.9877369152236424
2008-03-27 08:00:00,0.9961846589638004,0.9833010461872795,0.9977846995047754,0.9884507387562733
2008-03-27 09:00:00,0.9966518833351135,0.9813585877536136,0.9975796579812085,0.9884507387562733
2008-03-27 10:00:00,0.9975751876906467,0.9838096351553616,0.9972595781784068,0.9888353265440737
2008-03-27 11:00:00,0.9975751876906467,0.9886381101795397,0.9976536439598247,0.9888353265440739
2008-03-27 12:00:00,0.9982370438073009,0.9846177700859599,0.9978586854833916,0.9888353265440739
2008-03-27 13:00:00,0.9975751876906467,0.9833010461872795,0.9977357289858333,0.9888353265440739
2008-03-27 14:00:00,0.9978925896534995,0.9873213862808596,0.9977357289858333,0.9888353265440737
2008-03-28 07:00:00,0.9982370438073008,0.9893852785306015,0.998013090837998,0.9884507387562731
2008-03-28 08:00:00,0.9969963374889147,0.9899720287213698,0.9975796579812085,0.9884507387562733
2008-03-28 09:00:00,0.9966518833351135,0.9899720287213698,0.9970972546054767,0.986963279701564
2008-03-28 10:00:00,0.9956563105503106,0.9873213862808596,0.9970586446835101,0.9862494561689328
2008-03-28 11:00:00,0.9960007647041117,0.9819061610659129,0.9972595781784066,0.9862494561689328
2008-03-28 12:00:00,0.9960007647041117,0.9819061610659129,0.9976536439598247,0.9859202204241021
2008-03-28 13:00:00,0.9960007647041117,0.977885820972333,0.9976536439598247,0.9870230916910111
2008-03-28 14:00:00,0.9960007647041118,0.9805364634128434,0.9976536439598247,0.985535632636302
2008-03-31 07:00:00,0.9960007647041118,0.9780533394936999,0.9977905842154218,0.9855356326363017
2008-03-31 08:00:00,0.9960007647041118,0.974341819927697,0.997589650720525,0.985535632636302
2008-03-31 09:00:00,0.9960007647041117,0.9754026970531897,0.9974586691911866,0.9837123969273175
2008-03-31 10:00:00,0.9960007647041117,0.9797892950617817,0.9972193758837652,0.985535632636302
2008-03-31 11:00:00,0.9960007647041117,0.9833010461872795,0.997589650720525,0.9846885776930951
2008-03-31 12:00:00,0.9960007647041117,0.9833010461872795,0.9977787489939883,0.9846885776930951
2008-03-31 13:00:00,0.9954483191395657,0.9789144481786874,0.9977787489939883,0.9829319576893986
2008-03-31 14:00:00,0.9954483191395657,0.980817922268136,0.9981562950420294,0.9814678179439302
2008-04-01 07:00:00,0.9943120595661513,0.9766214182149839,0.997967196768566,0.9814678179439302
2008-04-01 08:00:00,0.9945250147840324,0.9785638766486499,0.998180980274608,0.9800404336850642
2008-04-01 09:00:00,0.9945250147840324,0.9817317534954476,0.9986633836503398,0.9812167243731015
2008-04-01 10:00:00,0.9945250147840324,0.9822793268077471,0.9986633836503396,0.9815045734305325
2008-04-01 11:00:00,0.9939133211236166,0.9817317534954476,0.9983700785480714,0.9807907498979015
2008-04-01 12:00:00,0.9946935752396919,0.9857520935890275,0.9981562950420294,0.9807907498979017
2008-04-01 13:00:00,0.9945250147840322,0.9863840645600536,0.997967196768566,0.9793633656390357
2008-04-01 14:00:00,0.9927770615502023,0.9863840645600533,0.9978490652503729,0.9790341298942051
2008-04-02 07:00:00,0.9927770615502023,0.9886381101795398,0.9979925325000303,0.9790341298942051
2008-04-02 08:00:00,0.9927770615502023,0.990070031458256,0.9979925325000303,0.9804615141530711
2008-04-02 09:00:00,0.9939133211236164,0.994456629466848,0.9983700785480712,0.9810418434687304
2008-04-02 10:00:00,0.9954483191395657,0.9944566294668479,0.9983700785480712,0.9801947885255236
2008-04-02 11:00:00,0.9946935752396922,0.9927206738987662,0.9983700785480712,0.9801947885255236
2008-04-02 12:00:00,0.9939133211236166,0.9900700314582557,0.9979925325000303,0.9801947885255236
2008-04-02 13:00:00,0.9946935752396919,0.9927206738987662,0.9979925325000303,0.9801947885255238
2008-04-02 14:00:00,0.9954483191395657,0.9952037978179096,0.9979925325000303,0.9791519920544581
2008-04-03 07:00:00,0.9954483191395657,0.9952037978179096,0.9979925325000303,0.9791519920544581
2008-04-03 08:00:00,0.9945250147840324,0.9927206738987662,0.9979925325000301,0.9771075229933305
2008-04-03 09:00:00,0.994180560630231,0.9927206738987662,0.9979925325000303,0.9778213465259614
2008-04-03 10:00:00,0.9955710893570773,0.994456629466848,0.9979925325000303,0.9760647265222648
2008-04-03 11:00:00,0.9955710893570773,0.994456629466848,0.9979925325000303,0.9750219300511994
2008-04-03 12:00:00,0.9948809265808674,0.9912887526200502,0.9980343603632007,0.9741491204773122
2008-04-03 13:00:00,0.9948809265808672,0.9886381101795397,0.9976645639933909,0.97314744788725
2008-04-03 14:00:00,0.9948809265808674,0.9886381101795397,0.997861550970692,0.9738612714198809
2008-04-04 07:00:00,0.9948809265808674,0.9898568313413342,0.9980343603632007,0.9726849807318437
2008-04-04 08:00:00,0.9944137022095543,0.9863840645600533,0.9975722405699807,0.9721046514161844
2008-04-04 09:00:00,0.9947734901673845,0.9878159858387696,0.9975722405699808,0.9711219297409623
2008-04-04 10:00:00,0.994018746267511,0.9878159858387696,0.9978974201076038,0.9711219297409623
2008-04-04 11:00:00,0.9922707930336807,0.9878159858387695,0.9976586052671322,0.9692986940319779
2008-04-04 12:00:00,0.9928787041936051,0.9886381101795397,0.9981685293914633,0.9707260782908439
2008-04-04 13:00:00,0.9936334480934786,0.9858735274051037,0.9981685293914633,0.969945639052925
2008-04-04 14:00:00,0.9938173423531672,0.9858735274051036,0.9978555922444332,0.9679634173026841
2008-04-07 07:00:00,0.9938173423531672,0.9858735274051036,0.9975782303922686,0.9682926530475148
2008-04-07 08:00:00,0.993817342353167,0.9858735274051036,0.9972966976011601,0.9682926530475148
2008-04-07 09:00:00,0.9938173423531672,0.9844416061263874,0.9972966976011599,0.9686218887923456
2008-04-07 10:00:00,0.9942122982952105,0.9886381101795398,0.99775881739438,0.9700492730512114
2008-04-07 11:00:00,0.9940099999598832,0.9912887526200501,0.99775881739438,0.9700492730512114
2008-04-07 12:00:00,0.9940099999598832,0.9912887526200501,0.9981207250603522,0.9700492730512114
2008-04-07 13:00:00,0.9936334480934786,0.9927206738987662,0.9982798306920783,0.9700492730512114
2008-04-07 14:00:00,0.9938173423531672,0.9885241698456142,0.998364376505886,0.9693354495185804
2008-04-08 07:00:00,0.9938173423531672,0.9858735274051037,0.9979401380582407,0.9703181711938025
2008-04-08 08:00:00,0.9938173423531672,0.986558280332758,0.9978555922444332,0.9681591588305432
2008-04-08 09:00:00,0.9953523403691162,0.9919735055477046,0.9980361792465448,0.9681591588305432
2008-04-08 10:00:00,0.9953523403691162,0.9919735055477044,0.9982798306920786,0.9692019553016087
2008-04-08 11:00:00,0.9953523403691162,0.9919735055477044,0.998364376505886,0.9692019553016087
2008-04-08 12:00:00,0.9961640188942308,0.9926054765187304,0.9981410715531375,0.973923518730768
2008-04-08 13:00:00,0.9951684461094278,0.9912887526200501,0.9979401380582407,0.9735942829859373
2008-04-08 14:00:00,0.9947734901673845,0.9877770014945523,0.9981410715531375,0.9718977377780843
2008-04-09 07:00:00,0.9932384921514354,0.9858735274051036,0.9978974201076036,0.9736176022951782
2008-04-09 08:00:00,0.9932384921514354,0.9858735274051036,0.9976690287743814,0.9742346870974401
2008-04-09 09:00:00,0.9932384921514352,0.9858735274051036,0.9974302139339098,0.9749295597152308
2008-04-09 10:00:00,0.9923927417750927,0.9866206957561654,0.9976690287743814,0.9742157361825999
2008-04-09 11:00:00,0.9914250426573381,0.9866206957561654,0.9976272009112106,0.9731729397115345
2008-04-09 12:00:00,0.9909912653816254,0.9866206957561654,0.9974302139339098,0.9734607887689656
2008-04-09 13:00:00,0.9914250426573379,0.9858735274051036,0.9976690287743814,0.9724591161789032
2008-04-09 14:00:00,0.9928787041936049,0.9912887526200501,0.9979401380582407,0.9729215833343094
2008-04-10 07:00:00,0.9936334480934786,0.9912887526200501,0.9982112473421002,0.9725369955465091
2008-04-10 08:00:00,0.9930255369335542,0.9927206738987662,0.9981685293914633,0.9725369955465091
2008-04-10 09:00:00,0.9932384921514352,0.99652052171659,0.9981685293914633,0.9731173248621684
2008-04-10 10:00:00,0.9936334480934786,0.9950886004378737,0.9983918343442116,0.9731173248621684
2008-04-10 11:00:00,0.9921797865572116,0.9950886004378737,0.9985927678391083,0.970036691791496
2008-04-10 12:00:00,0.9926657489757241,0.9957733533655283,0.9986354857897454,0.9685725520460277
2008-04-10 13:00:00,0.99055351222674,0.9950886004378737,0.9983918343442116,0.9665280829848999
2008-04-10 14:00:00,0.9895151042436815,0.9926054765187304,0.9985927678391084,0.9660656158294938
2008-04-11 07:00:00,0.9895151042436815,0.9919735055477047,0.9983918343442116,0.9660656158294938
2008-04-11 08:00:00,0.9905535122267402,0.9927206738987662,0.9981207250603522,0.9639066034662345
2008-04-11 09:00:00,0.9917460092814989,0.9952037978179096,0.9983491163935748,0.9639066034662347
2008-04-11 10:00:00,0.9911059577912862,0.9952037978179096,0.9984393642495678,0.9627303127781973
2008-04-11 11:00:00,0.9900675498082276,0.994456629466848,0.9982109729163452,0.9627303127781973
2008-04-11 12:00:00,0.99055351222674,0.9927206738987664,0.9982546196628597,0.9604301189454438
2008-04-11 13:00:00,0.9880684049672873,0.9908171998093176,0.9979294401252365,0.9576052106463971
2008-04-11 14:00:00,0.9880684049672874,0.9908171998093175,0.9981264271025375,0.956430869029975
2008-04-14 07:00:00,0.9894989382266375,0.9952037978179096,0.9984393642495676,0.9578950087754434
2008-04-14 08:00:00,0.9900675498082276,0.9952037978179097,0.9982109729163452,0.9597182444844277
2008-04-14 09:00:00,0.9894989382266375,0.9925531553773993,0.9979294401252365,0.9597182444844277
2008-04-14 10:00:00,0.9909133001845704,0.994456629466848,0.9977566307327278,0.9583670533279487
2008-04-14 11:00:00,0.9901891010028472,0.9918059870263375,0.9973040235809013,0.9598311930734171
2008-04-14 12:00:00,0.9909133001845704,0.9911212340986831,0.9976227361302203,0.95865490238538
2008-04-14 13:00:00,0.9912436750029501,0.9893852785306013,0.9976227361302203,0.95865490238538
2008-04-14 14:00:00,0.992436172057709,0.9902991097579129,0.9979356732772504,0.9598311930734171
2008-04-15 07:00:00,0.9935318054500757,0.9902991097579129,0.9981326602545514,0.9637194434715116
2008-04-15 08:00:00,0.992436172057709,0.9902991097579129,0.997851127463443,0.9632569763161054
2008-04-15 09:00:00,0.9917961205674962,0.9911212340986831,0.9977566307327278,0.9618962077625272
2008-04-15 10:00:00,0.9917961205674962,0.9893852785306013,0.9977566307327278,0.9637194434715116
2008-04-15 11:00:00,0.9927158602617212,0.9878159858387696,0.9975675324592643,0.9637194434715116
2008-04-15 12:00:00,0.9919646810231562,0.9860496913646759,0.9971149253074381,0.9637194434715116
2008-04-15 13:00:00,0.9921405747212977,0.9860496913646757,0.996808818377986,0.9611919616269954
2008-04-15 14:00:00,0.9921405747212977,0.9860496913646759,0.9972117001574912,0.9623682523150325
2008-04-16 07:00:00,0.9915881291567515,0.9828818145178781,0.9969979166514493,0.9631486915529514
2008-04-16 08:00:00,0.9920258823116371,0.9853649384370214,0.9969979166514493,0.9621058950818859
2008-04-16 09:00:00,0.9927806262115104,0.9902991097579129,0.9969979166514493,0.9625683622372921
2008-04-16 10:00:00,0.9914195687010918,0.9902991097579129,0.9969979166514493,0.9614654909703831
2008-04-16 11:00:00,0.9918573218559771,0.9911212340986831,0.9969979166514493,0.963995746496158
2008-04-16 12:00:00,0.9918573218559771,0.9930247081881319,0.9969979166514493,0.9657523664998547
2008-04-16 13:00:00,0.9927770615502023,0.994456629466848,0.996808818377986,0.9657523664998547
2008-04-16 14:00:00,0.9908896227382226,0.9918059870263375,0.9965791220685967,0.965522304806833
2008-04-17 07:00:00,0.9920258823116369,0.9952787538076182,0.9964321521845854,0.9669864445523014
2008-04-17 08:00:00,0.9920258823116369,0.9930247081881319,0.9961260452551333,0.9695167000780764
2008-04-17 09:00:00,0.9920258823116369,0.9886381101795397,0.9955065859192619,0.9715817147671867
2008-04-17 10:00:00,0.9920258823116369,0.9886381101795397,0.9955065859192619,0.9690542329226701
2008-04-17 11:00:00,0.9920258823116369,0.9878159858387696,0.9955065859192619,0.9676934643690922
2008-04-17 12:00:00,0.9927806262115104,0.9922025838473617,0.9958604971798248,0.9680227001139227
2008-04-17 13:00:00,0.9926047325133687,0.9908858599486814,0.9961260452551333,0.9688697550571295
2008-04-17 14:00:00,0.9926047325133687,0.9882352175081709,0.9958604971798248,0.9680227001139227
2008-04-18 07:00:00,0.9916814281578354,0.9838486194995788,0.9953559380015998,0.9667951629709202
2008-04-18 08:00:00,0.9926491272755901,0.9810840367251428,0.99569133050597,0.9671797507587208
2008-04-18 09:00:00,0.993568866969815,0.9829875108145916,0.995646713673783,0.9665994214430615
2008-04-18 10:00:00,0.99264912727559,0.9780533394936999,0.9950865283461767,0.9657523664998547
2008-04-18 11:00:00,0.99228933931776,0.9798196339677938,0.9955128190712755,0.9657523664998547
2008-04-18 12:00:00,0.9902670661999028,0.9786853104647257,0.9950865283461767,0.9645760758118174
2008-04-18 13:00:00,0.9902670661999028,0.9766214182149839,0.9955128190712758,0.963995746496158
2008-04-18 14:00:00,0.9902670661999028,0.9804212660328075,0.995646713673783,0.962994073906096
2008-04-21 07:00:00,0.9902670661999028,0.9749737908987228,0.9950865283461765,0.9625316067506898
2008-04-21 08:00:00,0.9910218100997763,0.9749737908987228,0.9948880760974035,0.963995746496158
2008-04-21 09:00:00,0.9901389897168502,0.9766214182149839,0.9945418146470968,0.9650385429672236
2008-04-21 10:00:00,0.9921612628347074,0.978685310464726,0.9948772071514668,0.9668831649124877
2008-04-21 11:00:00,0.9930440832176335,0.9836194817856174,0.9946787549026938,0.9665539291676574
2008-04-21 12:00:00,0.9917460092814989,0.9829875108145916,0.9946787549026938,0.9672677527002883
2008-04-21 13:00:00,0.9917460092814991,0.9884027360295381,0.9952389402303,0.9672677527002883
2008-04-21 14:00:00,0.9905155415832547,0.9864992619400894,0.9949783239533965,0.96649411717821
2008-04-22 07:00:00,0.9921225611479038,0.9845568035064235,0.9949783239533965,0.9685591318673202
2008-04-22 08:00:00,0.9921225611479038,0.9845568035064233,0.9952389402303002,0.9688883676121506
2008-04-22 09:00:00,0.992537814701112,0.9838096351553618,0.9955297159024834,0.9703758266668602
2008-04-22 10:00:00,0.9936334480934786,0.9845568035064233,0.9960090474838337,0.9727264589713197
2008-04-22 11:00:00,0.9945162684764047,0.9864992619400894,0.9963086165345364,0.9741538432301856
2008-04-22 12:00:00,0.9960512664923538,0.9884027360295378,0.9963086165345364,0.9741538432301856
2008-04-22 13:00:00,0.9955449979758324,0.9864992619400892,0.9960090474838337,0.976690902471801
2008-04-22 14:00:00,0.9955449979758321,0.9840161380209459,0.996156017367845,0.9758438475285942
2008-04-23 07:00:00,0.9965405707606352,0.9857520935890277,0.9965022788181517,0.9768265692038163
2008-04-23 08:00:00,0.9965405707606352,0.9797892950617816,0.996202709767449,0.9776736241470231
2008-04-23 09:00:00,0.9951500420337889,0.9797892950617816,0.996202709767449,0.9785464337209104
2008-04-23 10:00:00,0.9959617205589034,0.9797892950617816,0.9965022788181518,0.9785464337209104
2008-04-23 11:00:00,0.9951159701825606,0.9781416677455207,0.996156017367845,0.9767898137172139
2008-04-23 12:00:00,0.9951159701825607,0.9804212660328074,0.9967885954567396,0.975942758774007
2008-04-23 13:00:00,0.9943042916574462,0.9781416677455205,0.9964952903544713,0.9751623195360883
2008-04-23 14:00:00,0.9943042916574462,0.9758876221260344,0.9964952903544713,0.9748330837912577
2008-04-24 07:00:00,0.99411163405073,0.9749737908987229,0.9964952903544713,0.9756801387344645
2008-04-24 08:00:00,0.9933198286311172,0.9710326857918558,0.9964952903544713,0.9744783562221426
2008-04-24 09:00:00,0.9913470774602827,0.9682700140305457,0.9961177443064301,0.9734355597510772
2008-04-24 10:00:00,0.9913470774602827,0.9704007148208297,0.9965897870851863,0.9734355597510772
2008-04-24 11:00:00,0.9913470774602827,0.9717174387195101,0.9964952903544713,0.9727217362184462
2008-04-24 12:00:00,0.9913470774602826,0.9717174387195101,0.9964496593306651,0.9731063240062467
2008-04-24 13:00:00,0.9913470774602827,0.9717174387195101,0.9959138560918238,0.9742091952731555
2008-04-24 14:00:00,0.9926797771409046,0.9771649138535949,0.9959138560918238,0.975251991744221
2008-04-25 07:00:00,0.9926797771409046,0.9818531873115237,0.9959138560918238,0.9738246074853552
2008-04-25 08:00:00,0.9933416332575586,0.9780533394937001,0.9964974636617763,0.9752519917442212
2008-04-25 09:00:00,0.9933416332575586,0.9726803131081168,0.9968830921874545,0.975251991744221
2008-04-25 10:00:00,0.9943372060423616,0.9764801609259405,0.9966983476007465,0.9755812274890516
2008-04-25 11:00:00,0.9953538093989791,0.9836194817856174,0.9966983476007465,0.9760436946444575
2008-04-25 12:00:00,0.9953538093989789,0.9815555895358753,0.9970924133821645,0.977219985332495
2008-04-25 13:00:00,0.9953538093989789,0.9797892950617817,0.9967461519318577,0.9780670402757017
2008-04-25 14:00:00,0.9953538093989791,0.9829875108145916,0.9967461519318577,0.9789398498495889
2008-04-28 07:00:00,0.9960156655156331,0.9798685300484945,0.9965177605986351,0.9801161405376263
2008-04-28 08:00:00,0.996807470935246,0.9838096351553618,0.996864022048942,0.9801161405376263
2008-04-28 09:00:00,0.9959617205589034,0.9864602775958721,0.996864022048942,0.9815435247964923
2008-04-28 10:00:00,0.9959617205589034,0.988524169845614,0.9969468240256454,0.9806964698532855
2008-04-28 11:00:00,0.9959617205589034,0.993352644869792,0.9968523272949302,0.9792323301078171
2008-04-28 12:00:00,0.9949661477741005,0.9940373977974465,0.9962197492060358,0.9783595205339298
2008-04-28 13:00:00,0.9949661477741005,0.9940373977974465,0.9965816568720081,0.9779749327461295
2008-04-28 14:00:00,0.9943042916574462,0.9919735055477044,0.9968523272949302,0.9776456970012987
2008-04-29 07:00:00,0.9952998644422493,0.9919735055477046,0.9968033567759882,0.9773164612564682
2008-04-29 08:00:00,0.9952998644422493,0.9897194599282184,0.9971652644419605,0.9783181338465303
2008-04-29 09:00:00,0.9936963804975218,0.9843042347132717,0.9973994311774718,0.979575531208218
2008-04-29 10:00:00,0.9951500420337889,0.9878159858387696,0.9975304127068103,0.9805772037982806
2008-04-29 11:00:00,0.9965405707606353,0.9909838626855674,0.9975304127068103,0.9836022220195867
2008-04-29 12:00:00,0.9965405707606352,0.994456629466848,0.9975304127068103,0.9864271303186332
2008-04-29 13:00:00,0.9965405707606352,0.994456629466848,0.9971234365787899,0.98727418526184
2008-04-29 14:00:00,0.9965405707606353,0.99734264605736,0.9968523272949302,0.9854509495528555
2008-04-30 07:00:00,0.9965405707606353,0.9980898144084218,0.9966632290214671,0.9859134167082617
2008-04-30 08:00:00,0.9972024268772894,0.9980898144084217,0.9969761661684972,0.9859134167082619
2008-04-30 09:00:00,0.9968258750108848,0.9995217356871378,0.9968033567759882,0.9866272402408927
2008-04-30 10:00:00,0.9968258750108848,0.9995217356871378,0.9963142459367509,0.9862426524530925
2008-04-30 11:00:00,0.996825875010885,0.9995217356871378,0.9960081390072988,0.9840348289563076
2008-04-30 12:00:00,0.9961640188942308,0.9995217356871378,0.996008139007299,0.9833210054236765
2008-04-30 13:00:00,0.9961640188942308,0.9995217356871378,0.9964110207868042,0.97991139941457
2008-04-30 14:00:00,0.9949233125758449,0.9995217356871378,0.9960980836397741,0.9806252229472011
2008-05-01 07:00:00,0.9955851686924988,0.9987745673360763,0.9960980836397739,0.9788686029435044
2008-05-01 08:00:00,0.9943444623741129,0.99734264605736,0.9956952018602688,0.9792531907313047
2008-05-01 09:00:00,0.9948304247926255,0.9950886004378738,0.9955482319762575,0.9789653416738735
2008-05-01 10:00:00,0.9948304247926253,0.9930247081881317,0.9955482319762575,0.9795824264761352
2008-05-01 11:00:00,0.9943444623741129,0.9930247081881317,0.9955482319762575,0.9788686029435043
2008-05-01 12:00:00,0.9943444623741129,0.9945940008799636,0.9955482319762575,0.9795824264761352
2008-05-01 13:00:00,0.9943444623741129,0.9966578931297058,0.9961318395462099,0.9770453672345201
2008-05-01 14:00:00,0.9927409784293855,0.9980898144084218,0.9959021432368206,0.9761983122913133
2008-05-02 07:00:00,0.9927409784293855,0.9960259221586797,0.9955482319762576,0.9761983122913133
2008-05-02 08:00:00,0.9927409784293854,0.99734264605736,0.9955482319762576,0.9761983122913133
2008-05-02 09:00:00,0.9933767632563582,0.99734264605736,0.9955482319762576,0.9761983122913133
2008-05-02 10:00:00,0.9933767632563583,0.9966578931297058,0.9955482319762573,0.9787353715329288
2008-05-02 11:00:00,0.9938627256748709,0.9950886004378737,0.9950035182771778,0.9787353715329286
2008-05-02 12:00:00,0.993694165219211,0.9944566294668479,0.9953030873278805,0.979315700848588
2008-05-02 13:00:00,0.9918658833374792,0.9950886004378737,0.9955327836372698,0.9789864651037573
2008-05-02 14:00:00,0.9918658833374792,0.9937718765391934,0.9957465671433118,0.9775223253582891
2008-05-05 07:00:00,0.9924447335392111,0.9937718765391936,0.9960373428154948,0.9760949410994231
2008-05-05 08:00:00,0.9933275539221372,0.9958357687889355,0.996490419628958,0.9795045471085296
2008-05-05 09:00:00,0.9919948542415153,0.9958357687889355,0.9966836122509366,0.9795045471085296
2008-05-05 10:00:00,0.9924447335392109,0.9958357687889355,0.9968564216434453,0.9795045471085296
2008-05-05 11:00:00,0.993327553922137,0.9958357687889355,0.9968564216434453,0.9786574921653229
2008-05-05 12:00:00,0.9919948542415151,0.9958357687889355,0.9966024836165488,0.9774812014772858
2008-05-05 13:00:00,0.9913046914653053,0.9937718765391936,0.9964133853430854,0.976937627648229
2008-05-05 14:00:00,0.9902339461637854,0.9930247081881317,0.9964945139774732,0.975510243389363
2008-05-06 07:00:00,0.9902339461637854,0.9944566294668479,0.9960875378494528,0.9751810076445325
2008-05-06 08:00:00,0.98895441851173,0.9950886004378737,0.996006409215065,0.9751810076445323
2008-05-06 09:00:00,0.9886370165488776,0.9944566294668479,0.996006409215065,0.974407372122454
2008-05-06 10:00:00,0.9886370165488775,0.9950886004378738,0.9960064092150652,0.9741195230650227
2008-05-06 11:00:00,0.9889544185117303,0.993519307746042,0.9960064092150652,0.9735024382627612
2008-05-06 12:00:00,0.9885594625696869,0.9903514308992443,0.996006409215065,0.9720750540038952
2008-05-06 13:00:00,0.9877137121933444,0.9897194599282182,0.9957671159076436,0.9735024382627612
2008-05-06 14:00:00,0.9867849905201204,0.993519307746042,0.995956214181107,0.9739649054181672
2008-05-07 07:00:00,0.9875059965403264,0.993519307746042,0.995956214181107,0.9761727289149521
2008-05-07 08:00:00,0.9887855241923816,0.9957733533655283,0.9962273234649666,0.9787029844407269
2008-05-07 09:00:00,0.9894473803090357,0.99652052171659,0.9962740158645705,0.9795500393839337
2008-05-07 10:00:00,0.9879751950502645,0.9958357687889353,0.9962740158645705,0.9795500393839337
2008-05-07 11:00:00,0.9879751950502645,0.993352644869792,0.9955397603769561,0.9782926420222459
2008-05-07 12:00:00,0.9888949347444894,0.9940373977974465,0.9960288712161935,0.9788362158513026
2008-05-07 13:00:00,0.9894473803090357,0.9940373977974465,0.9960288712161935,0.9788362158513029
2008-05-07 14:00:00,0.9905784003175868,0.9965205217165898,0.9967266230163969,0.9792986830067089
2008-05-08 07:00:00,0.9905784003175868,0.9965205217165898,0.9970541799025198,0.9806594515602871
2008-05-08 08:00:00,0.9909087751359666,0.9958357687889353,0.9970541799025198,0.9816611241503493
2008-05-08 09:00:00,0.9909087751359666,0.9958357687889353,0.9968054916324384,0.9826627967404115
2008-05-08 10:00:00,0.9905784003175868,0.99652052171659,0.9966118293488231,0.9826627967404115
2008-05-08 11:00:00,0.9896586606233618,0.994456629466848,0.9966497106943977,0.9823749476829804
2008-05-08 12:00:00,0.9905784003175868,0.9912887526200501,0.9966118293488231,0.9795500393839337
2008-05-08 13:00:00,0.9894473803090357,0.9927206738987662,0.99652158149283,0.9805928358549991
2008-05-08 14:00:00,0.9889614178905233,0.9912887526200501,0.9968605176189044,0.9810553030104052
2008-05-09 07:00:00,0.9897416720065989,0.9877770014945523,0.9972303139887143,0.9817691265430365
2008-05-09 08:00:00,0.9894473803090357,0.9858735274051036,0.9969816257186328,0.9820569756004678
2008-05-09 09:00:00,0.9897416720065987,0.9845568035064233,0.9966908500464496,0.9826005494295244
2008-05-09 10:00:00,0.9905874223829412,0.9872074459469337,0.9966462332142627,0.982215961641724
2008-05-09 11:00:00,0.9901014599644288,0.9872074459469339,0.9966462332142627,0.9811731651706586
2008-05-09 12:00:00,0.9897416720065987,0.9872074459469337,0.9966462332142627,0.980788577382858
2008-05-09 13:00:00,0.9894473803090357,0.9872074459469339,0.9966462332142627,0.9801714925805962
2008-05-09 14:00:00,0.988408972325977,0.9806156983995562,0.9966462332142627,0.9784516280635023
2008-05-12 07:00:00,0.9862871275636232,0.9745531023529292,0.9966462332142627,0.9772753373754649
2008-05-12 08:00:00,0.9851914941712564,0.9649344080868967,0.9963589350222146,0.9764025278015774
2008-05-12 09:00:00,0.9847242697999434,0.9617361923340868,0.9966462332142627,0.9752996565346687
2008-05-12 10:00:00,0.9854754490385087,0.9603042710553708,0.9966462332142629,0.9752996565346687
2008-05-12 11:00:00,0.9847852862622987,0.9491985229938809,0.9966462332142627,0.9748371893792623
2008-05-12 12:00:00,0.9847852862622987,0.9491985229938809,0.9959328236995698,0.974063553857184
2008-05-12 13:00:00,0.9847852862622987,0.9451781829003009,0.9961378652231367,0.9733686812393931
2008-05-12 14:00:00,0.9847852862622988,0.9417054161190203,0.9964630447607599,0.9723670086493311
2008-05-13 07:00:00,0.9850795779598618,0.9367712447981287,0.9964630447607596,0.9726962443941615
2008-05-13 08:00:00,0.9838913475683427,0.9313237696640441,0.9966639782556564,0.9709396243904651
2008-05-13 09:00:00,0.9838913475683427,0.9313237696640441,0.9959341842307463,0.9709396243904651
2008-05-13 10:00:00,0.9838913475683427,0.9313237696640441,0.9960998586789416,0.969243079182612
2008-05-13 11:00:00,0.9838913475683427,0.9367712447981289,0.9962308402082799,0.969243079182612
2008-05-13 12:00:00,0.9850898879751633,0.9490113163626867,0.9966287192089551,0.9700901341258187
2008-05-13 13:00:00,0.9850898879751633,0.9539454876835779,0.9966287192089551,0.970670463441478
2008-05-13 14:00:00,0.9850898879751634,0.9574182544648584,0.9966287192089551,0.970670463441478
2008-05-14 07:00:00,0.9860186096483873,0.962650350722299,0.9966287192089551,0.9702079962860718
2008-05-14 08:00:00,0.9835548899592144,0.9586300106287189,0.9966287192089551,0.9696276669704126
2008-05-14 09:00:00,0.9818069367253842,0.9479504392371939,0.9964521066558109,0.9683702696087245
2008-05-14 10:00:00,0.9833419347413332,0.9460079808035278,0.9960998586789416,0.9711096112876428
2008-05-14 11:00:00,0.9856611851414033,0.955039924878792,0.9967115211856586,0.9724215687076958
2008-05-14 12:00:00,0.9874091383752335,0.955039924878792,0.9964521066558106,0.9747217625404491
2008-05-14 13:00:00,0.9874091383752335,0.9500232074979957,0.9958814182626267,0.9742592953850429
2008-05-14 14:00:00,0.9874091383752335,0.9511575310010637,0.9957254053988587,0.9716967443191428
2008-05-15 07:00:00,0.9874091383752335,0.9547370031285473,0.9964930807693437,0.9736789660693836
2008-05-15 08:00:00,0.9856611851414033,0.9547370031285473,0.9964930807693437,0.9736789660693836
2008-05-15 09:00:00,0.9856611851414036,0.9521500947602248,0.9964930807693437,0.9732164989139772
2008-05-15 10:00:00,0.9856611851414036,0.9527368449509933,0.9960309609761239,0.9719045414939247
2008-05-15 11:00:00,0.9856611851414036,0.9547370031285473,0.9960727888392943,0.9715199537061243
2008-05-15 12:00:00,0.9856611851414033,0.9606675517366551,0.9965349086325145,0.9719045414939247
2008-05-15 13:00:00,0.9856611851414033,0.9666725490932643,0.9965349086325145,0.9715199537061243
2008-05-15 14:00:00,0.9874091383752335,0.9720877743082106,0.9965349086325145,0.9732765737098209
2008-05-16 07:00:00,0.9871148466776704,0.9720877743082106,0.9966530401507074,0.9736611614976214
2008-05-16 08:00:00,0.9868308918104183,0.9693251025469009,0.9965300836531492,0.9736611614976214
2008-05-16 09:00:00,0.9872646690861308,0.9699570735179266,0.9961058452055039,0.9736611614976214
2008-05-16 10:00:00,0.9891811647639933,0.9709857007242809,0.9961058452055039,0.9758689849944061
2008-05-16 11:00:00,0.9891811647639933,0.9709857007242809,0.9961058452055039,0.9763314521498123
2008-05-16 12:00:00,0.9905138644446152,0.9741535775710789,0.996530083653149,0.975751122834153
2008-05-16 13:00:00,0.9902084544360222,0.9741535775710789,0.995959395259965,0.9772385818888624
2008-05-16 14:00:00,0.9900639851469194,0.9702499453040762,0.995754353736398,0.9766214970866006
2008-05-19 07:00:00,0.9900639851469194,0.9667381941785783,0.9953301152887529,0.9747333319375473
2008-05-19 08:00:00,0.9917424446201908,0.9667381941785783,0.995900803681937,0.9757761284086127
2008-05-19 09:00:00,0.9934903978540209,0.9689922397980645,0.9965377219290884,0.9778205974697406
2008-05-19 10:00:00,0.9948809265808674,0.9764076231905651,0.9967033963772837,0.9801712297742002
2008-05-19 11:00:00,0.9944137022095543,0.9764076231905651,0.996309330595866,0.9814286271358879
2008-05-19 12:00:00,0.9939638229118585,0.9764076231905651,0.9956724123487145,0.981428627135888
2008-05-19 13:00:00,0.9951038649857642,0.9823381717986729,0.9954146611025604,0.981428627135888
2008-05-19 14:00:00,0.9954988209278076,0.9830853401497344,0.9959435216325739,0.9796720071321914
2008-05-20 07:00:00,0.9954988209278076,0.9830853401497344,0.9961058452055039,0.9796720071321914
2008-05-20 08:00:00,0.9947778149076016,0.9860496913646759,0.9955959210811728,0.9796720071321914
2008-05-20 09:00:00,0.9936926961893483,0.982881814517878,0.9955959210811728,0.9792095399767852
2008-05-20 10:00:00,0.9945755165722744,0.9846177700859599,0.9961058452055039,0.9783624850335785
2008-05-20 11:00:00,0.9948809265808672,0.9817317534954476,0.9955351568123199,0.9769351007747125
2008-05-20 12:00:00,0.9948809265808672,0.9797892950617816,0.9957157438144312,0.9769351007747126
2008-05-20 13:00:00,0.9948809265808672,0.9813585877536134,0.9963675608420032,0.975178480771016
2008-05-20 14:00:00,0.9948809265808674,0.9813585877536134,0.9964856923601964,0.9762212772420816
2008-05-21 07:00:00,0.9944137022095543,0.9776470681876105,0.9964455378393415,0.9766837443974878
2008-05-21 08:00:00,0.9928787041936051,0.9695113700407173,0.9964455378393415,0.9749638798803935
2008-05-21 09:00:00,0.9921576981733992,0.9686892456999473,0.9964455378393415,0.971252479022356
2008-05-21 10:00:00,0.990704036637132,0.9686892456999473,0.9962763711654864,0.9699950816606683
2008-05-21 11:00:00,0.9888165978251524,0.9686892456999473,0.9962763711654866,0.9695326145052618
2008-05-21 12:00:00,0.9870072799251763,0.9640384450818829,0.9961582396472934,0.9650201372292463
2008-05-21 13:00:00,0.9854844080520376,0.9661023373316248,0.9961968495692601,0.9656004665449055
2008-05-21 14:00:00,0.9854844080520375,0.964366381763543,0.9964481392907331,0.9660629337003119
2008-05-22 07:00:00,0.9875066811698946,0.9650511346911974,0.9964481392907331,0.9654826043846524
2008-05-22 08:00:00,0.9885917998881483,0.9682700140305459,0.9969117243554251,0.9654826043846524
2008-05-22 09:00:00,0.9902702593614198,0.972211119137413,0.9971604126255065,0.9654826043846524
2008-05-22 10:00:00,0.991944742955518,0.9746942430565563,0.9971604126255065,0.967833236689112
2008-05-22 11:00:00,0.9916273409926655,0.9781416677455205,0.9970322200651848,0.9666569460010748
2008-05-22 12:00:00,0.9899528573985669,0.9731249503647244,0.9965987872083952,0.9656552734110125
2008-05-22 13:00:00,0.9879305842807097,0.9692213180977217,0.9959760965119768,0.9634962610477532
2008-05-22 14:00:00,0.9865695267702909,0.9746942430565563,0.9956441814877417,0.9645390575188186
2008-05-23 07:00:00,0.9865695267702909,0.9816534188710185,0.9959760965119768,0.9634962610477532
2008-05-23 08:00:00,0.9865695267702909,0.9816534188710185,0.9957726111216151,0.9652528810514497
2008-05-23 09:00:00,0.9865695267702909,0.9795895266212764,0.996116224266498,0.9672351028016904
2008-05-23 10:00:00,0.9880231883065579,0.9850370017553611,0.9964481392907332,0.9684113934897277
2008-05-23 11:00:00,0.9869380695883047,0.9890573418489412,0.9964095293687663,0.9670506249361495
2008-05-23 12:00:00,0.9871628675253091,0.989057341848941,0.9970322200651845,0.9664702956204902
2008-05-23 13:00:00,0.9871628675253089,0.9890573418489412,0.9966968275608146,0.963445277399184
2008-05-23 14:00:00,0.9871628675253089,0.988235217508171,0.9968337678164115,0.9640256067148434
2008-05-27 07:00:00,0.9891851406431663,0.9850370017553611,0.9970322200651845,0.9675453876316809
2008-05-27 08:00:00,0.9890295530430336,0.9890573418489412,0.9970322200651845,0.9698455814644341
2008-05-27 09:00:00,0.9884609414614435,0.9855845750676606,0.9970322200651845,0.9693831143090279
2008-05-27 10:00:00,0.9884609414614435,0.9855845750676606,0.9969542430678462,0.9672241019457689
2008-05-27 11:00:00,0.9884609414614435,0.9882352175081709,0.9970723745860394,0.9666437726301095
2008-05-27 12:00:00,0.9884609414614434,0.9882352175081709,0.9964496838896211,0.9676865691011749
2008-05-27 13:00:00,0.9884609414614434,0.9917079842894516,0.9964496838896211,0.9672241019457685
2008-05-27 14:00:00,0.9863081850662974,0.9873213862808594,0.9965276608869597,0.9658633333921904
2008-05-28 07:00:00,0.985010111130163,0.9886381101795397,0.9964095293687665,0.9663258005475969
2008-05-28 08:00:00,0.985010111130163,0.9886381101795398,0.9962247847820583,0.9654787456043901
2008-05-28 09:00:00,0.9840290243458858,0.9886381101795398,0.9955878665349068,0.9658633333921907
2008-05-28 10:00:00,0.9825061524727471,0.9886381101795398,0.9948201911644219,0.9629323717720718
2008-05-28 11:00:00,0.9808276929994757,0.990070031458256,0.9946510244905666,0.962388797943015
2008-05-28 12:00:00,0.9825061524727471,0.9918059870263375,0.9951609486148977,0.9623887979430148
2008-05-28 13:00:00,0.9822813545357426,0.9930247081881319,0.9955588276155729,0.9620595621981846
2008-05-28 14:00:00,0.9838042264088815,0.9937718765391934,0.9954186998610518,0.9610167657271188
2008-05-29 07:00:00,0.9853270982820204,0.9937718765391936,0.9955588276155729,0.9633169595598724
2008-05-29 08:00:00,0.9862504026375535,0.9908858599486814,0.9957623130059348,0.9661418678589189
2008-05-29 09:00:00,0.9873933037845506,0.9937718765391934,0.9951647618341551,0.9683008802221782
2008-05-29 10:00:00,0.9895460601796967,0.9945940008799636,0.9952592585648702,0.9694752218386004
2008-05-29 11:00:00,0.9906823197531112,0.9966578931297058,0.9951647618341551,0.9735019126499688
2008-05-29 12:00:00,0.9896658229313794,0.9966578931297055,0.9950867848368167,0.9738311483947993
2008-05-29 13:00:00,0.9896658229313792,0.9945940008799636,0.9950867848368167,0.9716721360315401
2008-05-29 14:00:00,0.9896658229313792,0.9960259221586797,0.9950867848368167,0.9704977944151179
2008-05-30 07:00:00,0.9902182684959253,0.9945940008799636,0.9956441814877417,0.9712116179477487
2008-05-30 08:00:00,0.9892505693781707,0.9937718765391936,0.995762313005935,0.9681865997264426
2008-05-30 09:00:00,0.989250569378171,0.9945940008799636,0.9957623130059348,0.9664299797227462
2008-05-30 10:00:00,0.9902182684959253,0.9966578931297058,0.9954186998610518,0.9698395857318528
2008-05-30 11:00:00,0.9909730123957988,0.9966578931297058,0.9955588276155729,0.9684788171782748
2008-05-30 12:00:00,0.9907971186976573,0.9980898144084218,0.9951647618341551,0.9680942293904742
2008-05-30 13:00:00,0.9885179579772457,0.9967730905097416,0.9947872157861141,0.9672471744472675
2008-05-30 14:00:00,0.9879391077755141,0.9967730905097414,0.9947872157861141,0.9680942293904742
2008-06-02 07:00:00,0.9889068068932686,0.9988369827594833,0.9950867848368167,0.9684788171782746
2008-06-02 08:00:00,0.990973012395799,0.999521735687138,0.9955588276155729,0.9706378295415339
2008-06-02 09:00:00,0.9925178576310206,0.999521735687138,0.9957623130059348,0.9731680850673089
2008-06-02 10:00:00,0.9943271755309968,0.999521735687138,0.9954186998610518,0.9740408946411963
2008-06-02 11:00:00,0.995246915225222,0.999521735687138,0.995048903491242,0.9769718562613151
2008-06-02 12:00:00,0.995246915225222,0.9995217356871378,0.9951647618341551,0.9769718562613151
2008-06-02 13:00:00,0.9944921713253484,0.9995217356871378,0.995048903491242,0.9791796797580997
2008-06-02 14:00:00,0.9951038649857642,0.9987745673360762,0.994605867190882,0.9769718562613151
2008-06-03 07:00:00,0.9951038649857642,0.9995217356871378,0.9947493344405393,0.9766840072038838
2008-06-03 08:00:00,0.9951038649857642,0.9987745673360762,0.9954627439552323,0.9761036778882246
2008-06-03 09:00:00,0.9944137022095542,0.9987745673360762,0.9950771154295538,0.9761036778882246
2008-06-03 10:00:00,0.992665748975724,0.9980898144084218,0.9945561021318553,0.9746762936293586
2008-06-03 11:00:00,0.9917460092814989,0.9980898144084218,0.9938426926171624,0.9738034840554713
2008-06-03 12:00:00,0.9920763840998786,0.9980898144084218,0.9937662013496209,0.9719802483464869
2008-06-03 13:00:00,0.992436172057709,0.9987745673360762,0.9944796108643138,0.9711331934032802
2008-06-03 14:00:00,0.9909133001845701,0.9987745673360762,0.9940461780075243,0.9699569027152428
2008-06-04 07:00:00,0.9909133001845701,0.9995217356871378,0.9946050726507976,0.968699505353555
2008-06-04 08:00:00,0.9914195687010918,0.9980898144084218,0.9952277633472156,0.9683702696087245
2008-06-04 09:00:00,0.9935318054500757,0.9980898144084218,0.9950771154295539,0.9700668148165776
2008-06-04 10:00:00,0.9924361720577092,0.9995217356871378,0.9945671913052228,0.9696822270287773
2008-06-04 11:00:00,0.9927806262115104,0.999521735687138,0.9945671913052228,0.9705550366026645
2008-06-04 12:00:00,0.9929935814293915,0.9980898144084218,0.9950006241620123,0.9705550366026645
2008-06-04 13:00:00,0.9929935814293915,0.9980898144084218,0.9950006241620123,0.9719824208615305
2008-06-04 14:00:00,0.9939133211236166,0.99734264605736,0.9950006241620123,0.97346987991624
2008-06-05 07:00:00,0.9939133211236166,0.9960259221586797,0.995038505507587,0.9752931156252242
2008-06-05 08:00:00,0.9939133211236166,0.9952787538076181,0.9945561021318553,0.9752931156252242
2008-06-05 09:00:00,0.9939133211236166,0.9952787538076182,0.9944796108643138,0.9765505129869122
2008-06-05 10:00:00,0.9946680650234901,0.99734264605736,0.9944796108643138,0.9783737486958964
2008-06-05 11:00:00,0.9954228089233637,0.99734264605736,0.9942283211428409,0.9801969844048809
2008-06-05 12:00:00,0.9967555086039853,0.99734264605736,0.994325095992894,0.9819168489219748
2008-06-05 13:00:00,0.9973912934309581,0.99734264605736,0.995038505507587,0.9819168489219751
2008-06-05 14:00:00,0.9977678452973627,0.99734264605736,0.9954627439552323,0.9810697939787683
2008-06-06 07:00:00,0.996956166772248,0.9987745673360762,0.9950006241620123,0.9798935032907309
2008-06-06 08:00:00,0.9979517395570511,0.9972052746442442,0.9954340570188017,0.9819379723518589
2008-06-06 09:00:00,0.9982691415199039,0.9987745673360762,0.9959787707178817,0.9826517958844898
2008-06-06 10:00:00,0.9982691415199039,0.9995217356871378,0.9965878603951128,0.9844084158881863
2008-06-06 11:00:00,0.9980852472602152,0.9980898144084218,0.9965878603951128,0.9823639468270585
2008-06-06 12:00:00,0.9975789787436938,0.9987745673360762,0.9960779362707819,0.9829810316293203
2008-06-06 13:00:00,0.9975789787436938,0.9987745673360762,0.9963840432002339,0.9844451713747888
2008-06-06 14:00:00,0.9975789787436938,0.999521735687138,0.996827079500594,0.9834434987847265
2008-06-09 07:00:00,0.9965405707606352,0.999521735687138,0.996874883831705,0.9828631694690673
2008-06-09 08:00:00,0.9967332283673512,0.9987745673360763,0.996874883831705,0.9831510185264986
2008-06-09 09:00:00,0.9975789787436938,0.9980898144084218,0.996874883831705,0.9841526911165606
2008-06-09 10:00:00,0.9975789787436938,0.99734264605736,0.9964318475313448,0.9835723618009014
2008-06-09 11:00:00,0.9975789787436938,0.9965205217165898,0.9958847436488033,0.982396071112864
2008-06-09 12:00:00,0.9975789787436938,0.994456629466848,0.9958847436488035,0.9835723618009014
2008-06-09 13:00:00,0.9975789787436941,0.9930247081881319,0.9957855780959032,0.9823960711128642
2008-06-09 14:00:00,0.9972024268772893,0.9898568313413342,0.9958992491216552,0.982108222055433
2008-06-10 07:00:00,0.9972024268772894,0.9912887526200501,0.9956650823861437,0.9814911372531712
2008-06-10 08:00:00,0.9972024268772893,0.9950886004378738,0.9957855780959032,0.9814911372531712
2008-06-10 09:00:00,0.9975328016956692,0.9950886004378738,0.9958992491216551,0.983535606314299
2008-06-10 10:00:00,0.9978925896534994,0.9950886004378737,0.9958992491216551,0.9855800753754266
2008-06-10 11:00:00,0.9987754100364252,0.99734264605736,0.9959984146745553,0.985964663163227
2008-06-10 12:00:00,0.9980852472602155,0.99734264605736,0.9953521452391138,0.985250839630596
2008-06-10 13:00:00,0.9974233911435613,0.99734264605736,0.9953521452391138,0.985250839630596
2008-06-10 14:00:00,0.9974233911435613,0.9973426460573602,0.9956172780550326,0.9859646631632272
2008-06-11 07:00:00,0.9979517395570511,0.99734264605736,0.9961498764647224,0.9877212831669236
2008-06-11 08:00:00,0.9977678452973627,0.99734264605736,0.9961498764647224,0.9894779031706201
2008-06-11 09:00:00,0.9980852472602153,0.99734264605736,0.9961498764647224,0.9898071389154507
2008-06-11 10:00:00,0.9985915157767369,0.9950886004378738,0.9961498764647224,0.9888054663253885
2008-06-11 11:00:00,0.9985915157767369,0.9966578931297055,0.9961498764647224,0.9892679334807946
2008-06-11 12:00:00,0.9987600762323966,0.9966578931297058,0.9961498764647224,0.9901149884240014
2008-06-11 13:00:00,0.9978772558494705,0.99734264605736,0.9961498764647224,0.989113315833939
2008-06-11 14:00:00,0.9980611501091591,0.9965205217165898,0.9961498764647224,0.9886508486785328
2008-06-12 07:00:00,0.9978925896534995,0.99652052171659,0.9960507109118223,0.9868276129695485
2008-06-12 08:00:00,0.9987754100364254,0.9987745673360763,0.996696980347264,0.9864430251817483
2008-06-12 09:00:00,0.9980852472602153,0.9987745673360763,0.996420985748582,0.985729201649117
2008-06-12 10:00:00,0.9984297014140168,0.9980273989850145,0.9967205547992846,0.9848821467059103
2008-06-12 11:00:00,0.998789489371847,0.9980273989850146,0.9969979166514493,0.9843018173902512
2008-06-12 12:00:00,0.9984297014140168,0.9980273989850145,0.9972117001574914,0.9854781080782883
2008-06-12 13:00:00,0.9987600762323967,0.9980273989850145,0.9977109997089217,0.9851488723334576
2008-06-12 14:00:00,0.9987600762323967,0.9957733533655283,0.9981264271025377,0.9859959272766644
2008-06-13 07:00:00,0.9984297014140168,0.9928873367750162,0.9981710439347246,0.9867097508092956
2008-06-13 08:00:00,0.9987600762323966,0.9928873367750162,0.9981710439347246,0.9836291177386234
2008-06-13 09:00:00,0.9980390702121906,0.9897194599282184,0.9981710439347246,0.9813289239058699
2008-06-13 10:00:00,0.9971562498292645,0.988402736029538,0.9978012475649146,0.9804818689626632
2008-06-13 11:00:00,0.9971562498292645,0.988402736029538,0.9976121492914513,0.9804818689626632
2008-06-13 12:00:00,0.9968258750108848,0.9884027360295381,0.9975675324592643,0.978725248958967
2008-06-13 13:00:00,0.9961640188942308,0.9857520935890277,0.9975675324592643,0.9783406611711664
2008-06-13 14:00:00,0.9965405707606352,0.9886381101795398,0.9979294401252365,0.9783406611711664
2008-06-16 07:00:00,0.9965405707606352,0.9886381101795397,0.9979294401252365,0.9788842350002231
2008-06-16 08:00:00,0.9967332283673512,0.9886381101795397,0.9978391922692437,0.9794278088292799
2008-06-16 09:00:00,0.9975789787436938,0.9912887526200501,0.9977109997089217,0.9802748637724865
2008-06-16 10:00:00,0.9980852472602153,0.989856831341334,0.9979294401252365,0.9798123966170803
2008-06-16 11:00:00,0.9970468392771568,0.9886381101795398,0.9979294401252365,0.9786361059290432
2008-06-16 12:00:00,0.9970468392771568,0.9912887526200501,0.9975675324592643,0.9783803811574174
2008-06-16 13:00:00,0.9970468392771568,0.9884027360295381,0.997114925307438,0.9773787085673553
2008-06-16 14:00:00,0.9972153997328166,0.9890347070005638,0.9972051731634308,0.9773787085673553
2008-06-17 07:00:00,0.9958248710059703,0.9836194817856172,0.9969212630238224,0.9762024178793179
2008-06-17 08:00:00,0.9968204437907732,0.9836194817856172,0.9971149253074381,0.9755853330770562
2008-06-17 09:00:00,0.9971378457536259,0.977614484429008,0.9967160623241936,0.9745836604869939
2008-06-17 10:00:00,0.9972996601163459,0.9755505921792663,0.9965224000405783,0.9705569696756255
2008-06-17 11:00:00,0.9966094973401362,0.967036948730891,0.9969212630238227,0.9690928299301571
2008-06-17 12:00:00,0.9971378457536259,0.967036948730891,0.9971605563312441,0.966012196859485
2008-06-17 13:00:00,0.9964476829774159,0.967036948730891,0.9968898859083217,0.9617297812764908
2008-06-17 14:00:00,0.9975328016956692,0.9744162686761983,0.997333365723753,0.9605534905884536
2008-06-18 07:00:00,0.9978772558494708,0.9744162686761983,0.9975224639972163,0.9608827263332843
2008-06-18 08:00:00,0.9969539514939374,0.9744162686761983,0.9975670808294034,0.9617297812764908
2008-06-18 09:00:00,0.9962920953772831,0.9744162686761983,0.9975670808294034,0.9600099167593966
2008-06-18 10:00:00,0.9966365495310846,0.9744162686761986,0.9977072085839245,0.9592362812373185
2008-06-18 11:00:00,0.9969539514939374,0.9744162686761986,0.9975224639972163,0.9607237402920279
2008-06-18 12:00:00,0.9962920953772831,0.9727686413599373,0.9975670808294034,0.9581866810504125
2008-06-18 13:00:00,0.9956841842173588,0.9773022852667106,0.9973942714368944,0.9556564255246375
2008-06-18 14:00:00,0.9958397718174914,0.9784366087697784,0.9975224639972163,0.9565292350985248
2008-06-19 07:00:00,0.9958397718174914,0.9776144844290082,0.9977072085839245,0.9554864386274594
2008-06-19 08:00:00,0.9971378457536259,0.9829875108145916,0.9975670808294034,0.9580234978690747
2008-06-19 09:00:00,0.9976441142701473,0.9843042347132719,0.9977072085839245,0.9591263691359836
2008-06-19 10:00:00,0.9980390702121906,0.9897194599282184,0.9975224639972163,0.9611708381971114
2008-06-19 11:00:00,0.9983988581700208,0.9926054765187304,0.9977566307327278,0.9601280417260462
2008-06-19 12:00:00,0.9983988581700208,0.9950886004378737,0.9977566307327278,0.9601280417260459
2008-06-19 13:00:00,0.9980390702121906,0.9957733533655282,0.9980695678797579,0.959414218193415
2008-06-19 14:00:00,0.9969539514939373,0.993519307746042,0.9981141847119447,0.9611708381971116
2008-06-20 07:00:00,0.9969539514939374,0.9928345548183876,0.9983374896646933,0.9620436477709988
2008-06-20 08:00:00,0.9962920953772831,0.9928345548183876,0.9982928728325061,0.9620436477709988
2008-06-20 09:00:00,0.9949940214411488,0.9928345548183876,0.9982005494090962,0.96094077650409
2008-06-20 10:00:00,0.9953538093989791,0.9928345548183876,0.9981141847119447,0.9604549900394428
2008-06-20 11:00:00,0.9953538093989791,0.9928345548183876,0.9977072085839245,0.9576300817403962
2008-06-20 12:00:00,0.993525527517247,0.989034707000564,0.9975224639972163,0.9553298879076426
2008-06-20 13:00:00,0.9926797771409046,0.9852348591827402,0.9974768329734103,0.9540179304875901
2008-06-20 14:00:00,0.9936753499257074,0.9842062319763857,0.997114925307438,0.9540179304875901
2008-06-23 07:00:00,0.9935255275172473,0.9829875108145913,0.997114925307438,0.9546350152898521
2008-06-23 08:00:00,0.993525527517247,0.9815555895358753,0.9974768329734103,0.9543057795450214
2008-06-23 09:00:00,0.993525527517247,0.9775352494422954,0.9974768329734103,0.9551528344882282
2008-06-23 10:00:00,0.993525527517247,0.9780828227545948,0.9975631976705618,0.9564647919082807
2008-06-23 11:00:00,0.9926797771409046,0.9763165282805011,0.9973826106684504,0.9568493796960811
2008-06-23 12:00:00,0.9933155619678773,0.9775352494422954,0.9976110020016729,0.9605882214500183
2008-06-23 13:00:00,0.9926797771409045,0.9780828227545947,0.9979297145509918,0.9613020449826495
2008-06-23 14:00:00,0.9926797771409045,0.9780828227545947,0.9982112473421002,0.9620824842205683
2008-06-24 07:00:00,0.9926797771409046,0.9749638419884978,0.9977013232177693,0.9578000686375743
2008-06-24 08:00:00,0.9926797771409046,0.9771689915272832,0.9979297145509918,0.9590018511498961
2008-06-24 09:00:00,0.9933416332575586,0.9780828227545948,0.9982112473421002,0.9615321066756711
2008-06-24 10:00:00,0.9935255275172473,0.9749638419884978,0.9977013232177693,0.9645571248969771
2008-06-24 11:00:00,0.9935255275172473,0.9744162686761983,0.9976586052671323,0.9634542536300683
2008-06-24 12:00:00,0.9935255275172472,0.9744162686761983,0.9978819102198807,0.9630696658422676
2008-06-24 13:00:00,0.9935255275172472,0.9698826247694252,0.9976586052671322,0.9612464301332834
2008-06-24 14:00:00,0.9926797771409046,0.970943501894918,0.9973385254643305,0.9617900039623402
2008-06-25 07:00:00,0.9916842043561016,0.9691772074208241,0.9972103329040086,0.9614054161745398
2008-06-25 08:00:00,0.9906134590545819,0.9731975475144042,0.9969264227644002,0.9599179571198304
2008-06-25 09:00:00,0.9907973533142702,0.9772178876079841,0.9963793188818587,0.9617411928288149
2008-06-25 10:00:00,0.9916090318393845,0.9798685300484945,0.9960668205957658,0.9634978128325112
2008-06-25 11:00:00,0.9936753499257076,0.9858735274051037,0.9963507307353741,0.9642116363651423
2008-06-25 12:00:00,0.9926797771409046,0.9829875108145916,0.9965804270447635,0.9649920756030612
2008-06-25 13:00:00,0.9916090318393848,0.9815555895358755,0.9971275309273049,0.9663528441566391
2008-06-25 14:00:00,0.9906134590545819,0.9775352494422954,0.9973663457677764,0.9658903770012329
2008-06-26 07:00:00,0.9891058871796261,0.9786695729453632,0.9977905842154215,0.9641337569975365
2008-06-26 08:00:00,0.9877731874990042,0.9775352494422954,0.9973784815154912,0.9632867020543298
2008-06-26 09:00:00,0.9877731874990042,0.9775352494422954,0.9970322200651845,0.9619747446342772
2008-06-26 10:00:00,0.9891058871796259,0.9804212660328075,0.9972809083352662,0.9619747446342773
2008-06-26 11:00:00,0.9877731874990042,0.9749737908987228,0.9972809083352662,0.9634388843797457
2008-06-26 12:00:00,0.9875972938008625,0.9689687935421137,0.9976271697855729,0.9613944153186179
2008-06-26 13:00:00,0.9863177661488073,0.9639520761613174,0.9976271697855726,0.9610098275308175
2008-06-26 14:00:00,0.9835842277260377,0.9660827769516014,0.9973210628561208,0.9588020040340326
2008-06-27 07:00:00,0.9835842277260377,0.9660827769516014,0.996776349157041,0.9595756395561109
2008-06-27 08:00:00,0.9826609233705044,0.9616961789430094,0.9969132894126381,0.9601559688717703
2008-06-27 09:00:00,0.9855339473714234,0.9628727012754404,0.9969132894126381,0.9628953105506889
2008-06-27 10:00:00,0.9870689453873724,0.9683201764095253,0.996776349157041,0.9628953105506889
2008-06-27 11:00:00,0.9875972938008625,0.9731486514337033,0.9966968275608146,0.9622782257484271
2008-06-27 12:00:00,0.9889209714161297,0.9785638766486497,0.9970322200651845,0.9636389943020054
2008-06-27 13:00:00,0.9877899514075785,0.9766214182149838,0.997280908335266,0.9636389943020052
2008-06-27 14:00:00,0.9868702117133535,0.9766214182149838,0.996776349157041,0.963058664986346
2008-06-30 07:00:00,0.9852767153644894,0.9780533394936999,0.996776349157041,0.964419433539924
2008-06-30 08:00:00,0.9868702117133535,0.9818531873115237,0.997280908335266,0.964419433539924
2008-06-30 09:00:00,0.9852767153644896,0.9771649138535947,0.997280908335266,0.9638391042242648
2008-06-30 10:00:00,0.9852767153644896,0.9793700633923802,0.997280908335266,0.9638391042242648
2008-06-30 11:00:00,0.9852767153644896,0.9835665674455324,0.9966968275608146,0.9663693597500397
2008-06-30 12:00:00,0.9881497393654088,0.9885007387664241,0.9970322200651845,0.9684138288111674
2008-06-30 13:00:00,0.9883336336250972,0.9878159858387696,0.997280908335266,0.968798416598968
2008-06-30 14:00:00,0.9883336336250972,0.9853649384370214,0.996776349157041,0.9702858756536774
2008-07-01 07:00:00,0.9891453121502117,0.9878159858387696,0.9969132894126379,0.9696687908514154
2008-07-01 08:00:00,0.9906528840251673,0.9886381101795397,0.9974580031117176,0.9707115873224811
2008-07-01 09:00:00,0.9904689897654789,0.9886381101795397,0.9977174176415657,0.9724314518395752
2008-07-01 10:00:00,0.9904689897654789,0.9886381101795397,0.997172703942486,0.9724314518395752
2008-07-01 11:00:00,0.9904689897654789,0.9900700314582558,0.9968793988402175,0.9727606875844057
2008-07-01 12:00:00,0.9904689897654789,0.9885007387664241,0.9967202932084915,0.9733042614134625
2008-07-01 13:00:00,0.9901092018076488,0.9885007387664241,0.9968512747378299,0.9739213462157245
2008-07-01 14:00:00,0.9901092018076486,0.9885007387664241,0.9968512747378299,0.9749230188057865
2008-07-02 07:00:00,0.9923199891830744,0.9909838626855674,0.9968512747378299,0.9766428833228806
2008-07-02 08:00:00,0.9926373911459272,0.9878159858387696,0.9967610268818369,0.9773567068555117
2008-07-02 09:00:00,0.9933275539221372,0.9900700314582558,0.9968839833793953,0.9773567068555117
2008-07-02 10:00:00,0.9946886114325559,0.9944566294668479,0.9975066740758134,0.977741294643312
2008-07-02 11:00:00,0.9949940214411488,0.9937718765391936,0.9972193758837652,0.9777412946433123
2008-07-02 12:00:00,0.9942730154209428,0.9950886004378738,0.9973885425576202,0.9780705303881425
2008-07-02 13:00:00,0.9942730154209428,0.99652052171659,0.9975476481893464,0.9780705303881425
2008-07-02 14:00:00,0.9957266769572101,0.99734264605736,0.9976946180733577,0.9786876151904045
2008-07-03 07:00:00,0.9966094973401359,0.99734264605736,0.9979597508892766,0.9807320842515324
2008-07-03 08:00:00,0.9968117956754633,0.9987745673360762,0.9983216585552489,0.9815791391947389
2008-07-03 09:00:00,0.9970044532821793,0.9987745673360762,0.9986605946813234,0.9824261941379455
2008-07-03 10:00:00,0.9966094973401359,0.9995217356871378,0.9985324021210013,0.9815791391947389
2008-07-03 11:00:00,0.9968117956754633,0.999521735687138,0.9988453392680313,0.9807320842515321
2008-07-07 07:00:00,0.9957266769572098,0.999521735687138,0.9984119064112418,0.9817748807225978
2008-07-07 08:00:00,0.9957266769572098,0.9987745673360763,0.9986605946813233,0.9817748807225978
2008-07-07 09:00:00,0.9948809265808674,0.999521735687138,0.9984421542650084,0.9800182607189012
2008-07-07 10:00:00,0.9939981061979413,0.9980898144084218,0.9984848722156454,0.979145451145014
2008-07-07 11:00:00,0.9952388125163272,0.9980898144084218,0.9984848722156455,0.9808653156621079
2008-07-07 12:00:00,0.9950832249161945,0.9980898144084217,0.9980992436899668,0.9820416063501451
2008-07-07 13:00:00,0.9947778149076016,0.9973426460573602,0.9979401380582408,0.9817123706053147
2008-07-07 14:00:00,0.9950832249161947,0.995910724778644,0.9981410715531375,0.9814245215478834
2008-07-08 07:00:00,0.9939981061979413,0.9973426460573602,0.9980992436899668,0.9796679015441867
2008-07-08 08:00:00,0.9927573998795555,0.9944566294668479,0.9980565257393298,0.9773677077114336
2008-07-08 09:00:00,0.9925444446616742,0.9922025838473617,0.9982412703260379,0.977752295499234
2008-07-08 10:00:00,0.9927573998795555,0.9930247081881317,0.9981934659949271,0.9777522954992339
2008-07-08 11:00:00,0.9927573998795555,0.995910724778644,0.9984421542650085,0.9769052405560273
2008-07-08 12:00:00,0.9939981061979413,0.9930247081881317,0.9987132635488679,0.9789497096171549
2008-07-08 13:00:00,0.9952388125163274,0.9937718765391934,0.9989317039651828,0.9797967645603616
2008-07-08 14:00:00,0.9952388125163272,0.9937718765391934,0.9987978093626754,0.9808395610314271
2008-07-09 07:00:00,0.9961216328992535,0.9930247081881319,0.9987978093626754,0.9831397548641805
2008-07-09 08:00:00,0.9970044532821793,0.9911212340986831,0.9987978093626754,0.9831397548641805
2008-07-09 09:00:00,0.9968426389194591,0.989057341848941,0.9989207658602336,0.9838535783968115
2008-07-09 10:00:00,0.9975328016956692,0.9917079842894515,0.9990035678369373,0.9841828141416421
2008-07-09 11:00:00,0.9980611501091592,0.9882352175081709,0.9992268727896857,0.9835657293393802
2008-07-09 12:00:00,0.9975751876906467,0.9882352175081709,0.9992268727896857,0.9835657293393802
2008-07-09 13:00:00,0.9969963374889147,0.9857520935890275,0.9992268727896857,0.9832364935945498
2008-07-09 14:00:00,0.9969963374889147,0.9846177700859599,0.9994034853428302,0.9826561642788905
2008-07-10 07:00:00,0.9973912934309581,0.9818531873115237,0.9996219257591451,0.9821936971234841
2008-07-10 08:00:00,0.9977510813887884,0.9786853104647257,0.9996219257591451,0.9830407520666908
2008-07-10 09:00:00,0.9975751876906467,0.9749737908987228,0.9996219257591451,0.9830407520666908
2008-07-10 10:00:00,0.9977678452973627,0.9710326857918555,0.9996219257591451,0.9833699878115215
2008-07-10 11:00:00,0.9980852472602153,0.9682700140305457,0.9997101893378464,0.985126607815218
2008-07-10 12:00:00,0.9972394968838727,0.9615226650562642,0.9995335767847021,0.9854144568726491
2008-07-10 13:00:00,0.9972394968838727,0.9541072816637637,0.9995335767847021,0.9854144568726493
2008-07-10 14:00:00,0.9972394968838727,0.9494190082058349,0.9997101893378464,0.9850298690848487
2008-07-11 07:00:00,0.9974233911435613,0.9487870372348091,0.9994917489215315,0.9850298690848489
2008-07-11 08:00:00,0.9970468392771566,0.9587532655484389,0.9996199414818536,0.985492336240255
2008-07-11 09:00:00,0.9970468392771566,0.9634415390063676,0.9996199414818536,0.985492336240255
2008-07-11 10:00:00,0.9960512664923538,0.9640735099773936,0.9994917489215315,0.9843160455522176
2008-07-11 11:00:00,0.9955449979758323,0.9640735099773935,0.9993548086659346,0.9836022220195868
2008-07-11 12:00:00,0.9955449979758323,0.9668380927518297,0.9992702628521272,0.9847785127076238
2008-07-11 13:00:00,0.9955449979758323,0.9594587728065224,0.9991010961782719,0.9862058969664899
2008-07-11 14:00:00,0.9951684461094278,0.9639520761613176,0.9990574494317574,0.9844492769627934
2008-07-14 07:00:00,0.9953523403691162,0.9698826247694252,0.9990574494317574,0.9836022220195868
2008-07-14 08:00:00,0.9942122982952104,0.9654960267608331,0.9989763207973696,0.9836022220195867
2008-07-14 09:00:00,0.9955449979758323,0.9654960267608331,0.9990626854945212,0.9836022220195867
2008-07-14 10:00:00,0.9951684461094277,0.9708690531464162,0.9991856419920796,0.985358842023283
2008-07-14 11:00:00,0.9958586088856377,0.9754026970531897,0.9991856419920796,0.9865351327113205
2008-07-14 12:00:00,0.9958586088856377,0.9694398985259437,0.9987915762106617,0.9858213091786893
2008-07-14 13:00:00,0.9958586088856377,0.9694398985259437,0.9987052115135102,0.9853588420232833
2008-07-14 14:00:00,0.9960512664923538,0.9754026970531897,0.9988453392680313,0.9878959012648986
2008-07-15 07:00:00,0.9972394968838728,0.9771689915272832,0.9988453392680313,0.9878959012648987
2008-07-15 08:00:00,0.9967332283673512,0.9766214182149839,0.9990992772949281,0.9878959012648986
2008-07-15 09:00:00,0.9967332283673512,0.9726803131081168,0.9990574494317574,0.9874334341094926
2008-07-15 10:00:00,0.9967332283673512,0.9744162686761983,0.9993225822476764,0.9874334341094924
2008-07-15 11:00:00,0.9967332283673512,0.9715302520856862,0.9994917489215315,0.9880505189117541
2008-07-15 12:00:00,0.9975789787436938,0.9775352494422954,0.9993607673921932,0.9892268095997915
2008-07-15 13:00:00,0.9974233911435613,0.9775352494422954,0.9992779654154897,0.9886097247975295
2008-07-15 14:00:00,0.9980852472602153,0.9834980479695414,0.9993189395290227,0.9889943125853301
2008-07-16 07:00:00,0.9986135956737052,0.9863840645600536,0.9993607673921932,0.9898413675285367
2008-07-16 08:00:00,0.9986135956737053,0.9886381101795397,0.9995373799453376,0.9887985710574714
2008-07-16 09:00:00,0.998789489371847,0.9898568313413342,0.9994034853428302,0.9880847475248402
2008-07-16 10:00:00,0.9991198641902267,0.9863840645600533,0.9994917489215315,0.9880847475248402
2008-07-16 11:00:00,0.9993037584499153,0.9878159858387696,0.9995373799453374,0.9887018323271022
2008-07-16 12:00:00,0.9996482126037165,0.9909838626855674,0.9993189395290227,0.9891642994825083
2008-07-16 13:00:00,0.9996482126037167,0.994456629466848,0.9991423269758782,0.9891642994825083
2008-07-16 14:00:00,0.9993037584499153,0.9930247081881317,0.9991423269758782,0.9896267666379145
2008-07-17 07:00:00,0.9991198641902268,0.995910724778644,0.9989731603020233,0.9903405901705453
2008-07-17 08:00:00,0.9986135956737053,0.9930247081881317,0.9986670533725712,0.988876450425077
2008-07-17 09:00:00,0.9986135956737053,0.9937718765391934,0.9986268988517166,0.9880293954818705
2008-07-17 10:00:00,0.9986135956737052,0.9960259221586797,0.9986725298755224,0.9886097247975295
2008-07-17 11:00:00,0.9980852472602153,0.9937718765391934,0.9986725298755224,0.9891900541131889
2008-07-17 12:00:00,0.9974233911435613,0.9937718765391934,0.9984131153456745,0.9901917267032513
2008-07-17 13:00:00,0.9980852472602153,0.9937718765391934,0.9984131153456745,0.9898624909584206
2008-07-17 14:00:00,0.9982691415199039,0.9958357687889353,0.998589727898819,0.9903249581138268
2008-07-18 07:00:00,0.9978925896534995,0.9965205217165898,0.9988035114048607,0.9894779031706202
2008-07-18 08:00:00,0.9968074709352459,0.993352644869792,0.9991497728551676,0.9880137634251518
2008-07-18 09:00:00,0.9973137394517676,0.9898408937442943,0.999238036433869,0.9876291756373512
2008-07-18 10:00:00,0.9969539514939374,0.9898408937442943,0.9991934196016821,0.9864528849493138
2008-07-18 11:00:00,0.9962920953772831,0.9877770014945523,0.9994528341315299,0.9855800753754266
2008-07-18 12:00:00,0.9964679890754249,0.9870922485668979,0.9996256435240389,0.985250839630596
2008-07-18 13:00:00,0.9964679890754249,0.9870922485668979,0.9996702603562259,0.9864271303186334
2008-07-18 14:00:00,0.9964679890754249,0.9870922485668979,0.9996256435240389,0.9864271303186334
2008-07-21 07:00:00,0.9956563105503102,0.9858735274051037,0.9996256435240389,0.985384333847568
2008-07-21 08:00:00,0.9947734901673843,0.9877770014945523,0.9994974509637168,0.9857135695923984
2008-07-21 09:00:00,0.9952797586839057,0.9877770014945523,0.9995420677959038,0.9848665146491916
2008-07-21 10:00:00,0.9937447606679569,0.986558280332758,0.9996702603562259,0.9829165884390761
2008-07-21 11:00:00,0.9927770615502023,0.9858735274051037,0.9997984529165479,0.9811599684353794
2008-07-21 12:00:00,0.9915845644954431,0.9877770014945525,0.9998848176136992,0.9794033484316829
2008-07-21 13:00:00,0.9906648248012183,0.9858735274051037,0.9998411708671847,0.9784206267564609
2008-07-21 14:00:00,0.9906648248012181,0.9845568035064235,0.9998411708671849,0.9755957184574144
2008-07-22 07:00:00,0.9906648248012183,0.9864602775958721,0.9998848176136994,0.976907675877467
2008-07-22 08:00:00,0.9906648248012181,0.9838096351553616,0.9999275355643364,0.9765230880896664
2008-07-22 09:00:00,0.9906648248012181,0.9873213862808594,0.9999711823108507,0.975480291618601
2008-07-22 10:00:00,0.9906648248012181,0.98997202872137,0.9998848176136992,0.975480291618601
2008-07-22 11:00:00,0.9906648248012181,0.9920359209711119,0.9999275355643364,0.9763273465618076
2008-07-22 12:00:00,0.9920258823116369,0.9937718765391936,0.9999711823108507,0.9763273465618076
2008-07-22 13:00:00,0.9920258823116369,0.9966578931297058,0.9999275355643364,0.9763273465618076
2008-07-22 14:00:00,0.9908896227382226,0.99734264605736,0.9998411708671849,0.9755469073238887
2008-07-23 07:00:00,0.9918573218559772,0.9980273989850146,0.9997101893378464,0.9749665780082294
2008-07-23 08:00:00,0.9918573218559772,0.9987745673360762,0.9997101893378464,0.9749665780082294
2008-07-23 09:00:00,0.9918573218559772,0.9987745673360762,0.999668361474676,0.9758136329514362
2008-07-23 10:00:00,0.9918573218559771,0.9980898144084217,0.9994917489215315,0.9758136329514362
2008-07-23 11:00:00,0.9908896227382226,0.99652052171659,0.9995819967775245,0.975233303635777
2008-07-23 12:00:00,0.9886425516833611,0.9972052746442442,0.9995373799453376,0.9743862486925702
2008-07-23 13:00:00,0.9886425516833608,0.9957733533655283,0.9995819967775245,0.9731288513308823
2008-07-23 14:00:00,0.9906648248012183,0.9950886004378738,0.9994974509637168,0.9754290451636356
2008-07-24 07:00:00,0.9906648248012183,0.9950886004378737,0.999283667457675,0.9758136329514362
2008-07-24 08:00:00,0.9912436750029502,0.9922025838473615,0.999283667457675,0.9758136329514362
2008-07-24 09:00:00,0.993355911751934,0.9937718765391934,0.999283667457675,0.9768153055414983
2008-07-24 10:00:00,0.9943236108696887,0.9958357687889353,0.9994091873850157,0.9768153055414983
2008-07-24 11:00:00,0.9935688669698152,0.9937718765391934,0.9993635563612095,0.9781760740950766
2008-07-24 12:00:00,0.9937447606679567,0.9945940008799636,0.9994091873850157,0.9781760740950766
2008-07-24 13:00:00,0.9945250147840324,0.9945940008799636,0.9995819967775245,0.980713133336692
2008-07-24 14:00:00,0.9935688669698152,0.9952787538076181,0.9995819967775245,0.980713133336692
2008-07-25 07:00:00,0.9943236108696887,0.9952787538076182,0.9994510152481861,0.9785053098399071
2008-07-25 08:00:00,0.9943236108696887,0.9918059870263376,0.99940538422438,0.9799326940987731
2008-07-25 09:00:00,0.995279758683906,0.9925531553773993,0.999360767392193,0.9796034583539426
2008-07-25 10:00:00,0.9958586088856378,0.994456629466848,0.9991916007183381,0.9788230191160235
2008-07-25 11:00:00,0.9947734901673845,0.9952787538076182,0.999232574831871,0.9788230191160238
2008-07-25 12:00:00,0.9943236108696887,0.9952787538076181,0.9994510152481861,0.9788230191160235
2008-07-25 13:00:00,0.995279758683906,0.9918059870263375,0.9996238246406951,0.9788230191160235
2008-07-25 14:00:00,0.9962030630394392,0.9930247081881319,0.9995819967775245,0.980646254825008
2008-07-28 07:00:00,0.9954483191395657,0.9895519414068513,0.999668361474676,0.9811087219804141
2008-07-28 08:00:00,0.9946935752396922,0.9918059870263375,0.999668361474676,0.9790642529192866
2008-07-28 09:00:00,0.9935573156662778,0.9909838626855674,0.9997965540349979,0.9816013121609021
2008-07-28 10:00:00,0.9932269408478979,0.9909838626855674,0.9997965540349979,0.9830286964197679
2008-07-28 11:00:00,0.9927770615502023,0.9878159858387696,0.9998411708671847,0.9841315676866769
2008-07-28 12:00:00,0.9933887552106181,0.9878159858387696,0.9998411708671849,0.9831298950966147
2008-07-28 13:00:00,0.9939676054123499,0.9878159858387695,0.9997566250533773,0.9841726915676802
2008-07-28 14:00:00,0.9951038649857642,0.9909838626855674,0.9998848176136992,0.9864728854004333
2008-07-29 07:00:00,0.9964943937126106,0.9944566294668479,0.9998848176136992,0.9879002696592993
2008-07-29 08:00:00,0.9954092749943573,0.9925531553773993,0.9998411708671847,0.9887473246025061
2008-07-29 09:00:00,0.9948809265808672,0.9909838626855674,0.9998411708671849,0.9879002696592993
2008-07-29 10:00:00,0.9948809265808672,0.9878159858387695,0.9998411708671849,0.9893644094047679
2008-07-29 11:00:00,0.9948809265808672,0.9863840645600536,0.9998848176136994,0.989364409404768
2008-07-29 12:00:00,0.9955710893570773,0.9863840645600536,0.9999275355643364,0.989364409404768
2008-07-29 13:00:00,0.9955710893570773,0.9834980479695414,0.9999275355643362,0.9900782329373988
2008-07-29 14:00:00,0.9955710893570773,0.9834980479695412,0.9998392719856349,0.9903660819948301
2008-07-30 07:00:00,0.9951038649857642,0.9834980479695414,0.9997965540349979,0.9913677545848922
2008-07-30 08:00:00,0.9954092749943573,0.9775352494422954,0.9997965540349979,0.9903660819948301
2008-07-30 09:00:00,0.9942730154209428,0.9737354016244717,0.9998392719856349,0.9893644094047679
2008-07-30 10:00:00,0.993582852644733,0.9742829749367711,0.9997965540349979,0.9897489971925685
2008-07-30 11:00:00,0.993582852644733,0.9786695729453632,0.9997965540349979,0.9902114643479746
2008-07-30 12:00:00,0.9939981061979413,0.9815555895358753,0.9998848176136994,0.9906739315033808
2008-07-30 13:00:00,0.9952388125163275,0.9842062319763857,0.9999711823108507,0.9906739315033806
2008-07-30 14:00:00,0.995036514181,0.9890347070005638,0.9999711823108507,0.9902114643479745
2008-07-31 07:00:00,0.9935828526447328,0.988402736029538,0.9999711823108507,0.9906739315033808
2008-07-31 08:00:00,0.9925444446616742,0.9890347070005638,0.9999711823108507,0.9896722589133184
2008-07-31 09:00:00,0.992342146326347,0.9922025838473617,0.9999275355643362,0.9888252039701118
2008-07-31 10:00:00,0.9925444446616742,0.994456629466848,0.9999275355643362,0.9883627368147055
2008-07-31 11:00:00,0.9939981061979413,0.994456629466848,0.9999275355643362,0.9887473246025061
2008-07-31 12:00:00,0.9950832249161945,0.9912887526200501,0.9999275355643362,0.9902114643479745
2008-07-31 13:00:00,0.9961216328992533,0.9950886004378737,0.9997965540349979,0.9910585192911812
2008-07-31 14:00:00,0.9970044532821793,0.9950886004378737,0.9997965540349979,0.9910585192911812
2008-08-01 07:00:00,0.9970044532821791,0.9950886004378737,0.9998411708671847,0.9914431070789818
2008-08-01 08:00:00,0.9970044532821791,0.9965205217165898,0.9998848176136992,0.9910585192911812
2008-08-01 09:00:00,0.9977254593023852,0.9944566294668479,0.9999275355643362,0.9925226590366495
2008-08-01 10:00:00,0.9984156220785952,0.9960259221586797,0.9998411708671849,0.99290724682445
2008-08-01 11:00:00,0.9977254593023852,0.9967730905097414,0.9998411708671849,0.99290724682445
2008-08-01 12:00:00,0.9973950844840055,0.9960259221586797,0.9999275355643362,0.9923636729953934
2008-08-01 13:00:00,0.9977254593023852,0.99734264605736,0.9999275355643362,0.9919790852075928
2008-08-01 14:00:00,0.9968426389194591,0.9965205217165898,0.9998848176136994,0.9902224652038962
2008-08-04 07:00:00,0.9973950844840055,0.99734264605736,0.9997984529165479,0.9902224652038965
2008-08-04 08:00:00,0.9980852472602155,0.9987745673360762,0.9997538360843611,0.9893754102606894
2008-08-04 09:00:00,0.9987754100364254,0.9987745673360762,0.9997984529165479,0.98975999804849
2008-08-04 10:00:00,0.9982691415199039,0.99652052171659,0.9997984529165479,0.9892975308930839
2008-08-04 11:00:00,0.9986135956737053,0.99652052171659,0.9997101893378466,0.9910173954101779
2008-08-04 12:00:00,0.9991198641902268,0.99652052171659,0.9997538360843609,0.9910173954101779
2008-08-04 13:00:00,0.999479652148057,0.99652052171659,0.9996256435240389,0.9906328076223775
2008-08-04 14:00:00,0.9991198641902267,0.99652052171659,0.9995373799453376,0.9897857526791709
2008-08-05 07:00:00,0.9989439704920852,0.99652052171659,0.9997101893378464,0.9904028374814324
2008-08-05 08:00:00,0.9989439704920852,0.9950886004378737,0.9995762947353392,0.9900182496936323
2008-08-05 09:00:00,0.9989439704920852,0.9950886004378737,0.9997529072884835,0.9895557825382261
2008-08-05 10:00:00,0.9991198641902267,0.9930247081881319,0.9998411708671849,0.9899403703260262
2008-08-05 11:00:00,0.9991198641902267,0.9886381101795397,0.9998848176136994,0.9890933153828197
2008-08-05 12:00:00,0.9987433123238223,0.9878159858387696,0.9997538360843611,0.9885129860671604
2008-08-05 13:00:00,0.9985674186256807,0.9878159858387696,0.9997984529165479,0.9885129860671602
2008-08-05 14:00:00,0.9991198641902267,0.9909838626855674,0.9996702603562259,0.9885129860671602
2008-08-06 07:00:00,0.9983988581700208,0.9885328152838192,0.9996702603562259,0.9899403703260264
2008-08-06 08:00:00,0.9983988581700208,0.9925531553773993,0.9996256435240389,0.9904028374814327
2008-08-06 09:00:00,0.9983988581700208,0.9937718765391936,0.9997984529165479,0.9886462174777362
2008-08-06 10:00:00,0.9973137394517676,0.9930247081881319,0.9997984529165479,0.9868895974740396
2008-08-06 11:00:00,0.9973137394517676,0.9918059870263375,0.9997984529165479,0.9860425425308328
2008-08-06 12:00:00,0.9973137394517676,0.9925531553773993,0.9996256435240389,0.9867563660634638
2008-08-06 13:00:00,0.9978925896534995,0.9960259221586797,0.9996256435240389,0.9849331303544796
2008-08-06 14:00:00,0.9973137394517676,0.9960259221586797,0.9996256435240389,0.9849331303544796
2008-08-07 07:00:00,0.9978925896534994,0.9960259221586797,0.9996256435240389,0.9853955975098858
2008-08-07 08:00:00,0.9982229644718792,0.9960259221586797,0.9996256435240389,0.9871522175135824
2008-08-07 09:00:00,0.9980611501091591,0.9960259221586797,0.9995819967775245,0.9861505449235201
2008-08-07 10:00:00,0.9980611501091591,0.994456629466848,0.9993225822476764,0.9853034899803134
2008-08-07 11:00:00,0.9982538077158751,0.9944566294668479,0.9993225822476764,0.9856327257251438
2008-08-07 12:00:00,0.9984156220785951,0.9944566294668479,0.9992779654154897,0.9870601099840098
2008-08-07 13:00:00,0.9984156220785952,0.9944566294668479,0.9990973784133781,0.9853034899803134
2008-08-07 14:00:00,0.9978872736651054,0.9950886004378737,0.9989317039651828,0.9848410228249069
2008-08-08 07:00:00,0.9976946160583892,0.9950886004378738,0.998978396364787,0.9853034899803131
2008-08-08 08:00:00,0.9973180641919848,0.9922025838473617,0.9991550089179313,0.9856880777681137
2008-08-08 09:00:00,0.9976946160583894,0.9897194599282184,0.9992779654154897,0.9878959012648987
2008-08-08 10:00:00,0.9984156220785952,0.993519307746042,0.999454577968634,0.9871820777322675
2008-08-08 11:00:00,0.9987600762323966,0.993519307746042,0.999668361474676,0.9878959012648987
2008-08-08 12:00:00,0.9992884246458866,0.9903514308992443,0.9995819967775245,0.9878959012648987
2008-08-08 13:00:00,0.9991198641902267,0.9903514308992443,0.9996238246406951,0.9878959012648986
2008-08-08 14:00:00,0.9982370438073008,0.9903514308992443,0.9995819967775245,0.9868942286748362
2008-08-11 07:00:00,0.9978925896534994,0.9903514308992443,0.9993635563612095,0.9868942286748362
2008-08-11 08:00:00,0.9975328016956692,0.993519307746042,0.999407203107724,0.9874745579904957
2008-08-11 09:00:00,0.9964476829774159,0.993519307746042,0.9991010961782719,0.9857179379867991
2008-08-11 10:00:00,0.9957266769572101,0.993519307746042,0.9990128325995706,0.98513760867114
2008-08-11 11:00:00,0.9942730154209428,0.9922025838473617,0.99888731267223,0.9846751415157338
2008-08-11 12:00:00,0.9938057910496298,0.9878159858387696,0.99888731267223,0.9841315676866769
2008-08-11 13:00:00,0.9938057910496298,0.9897194599282184,0.9984932468908123,0.9838023319418462
2008-08-11 14:00:00,0.9928824866940966,0.993519307746042,0.9983593522883049,0.980721698871174
2008-08-12 07:00:00,0.9909097355232621,0.9897194599282182,0.9981936778401096,0.9789650788674775
2008-08-12 08:00:00,0.9922707930336807,0.9928873367750162,0.9981936778401096,0.9807216988711742
2008-08-12 09:00:00,0.9932269408478981,0.9928873367750162,0.9982839256961026,0.9814355224038052
2008-08-12 10:00:00,0.9933887552106181,0.994456629466848,0.9980065638439377,0.9823083319776924
2008-08-12 11:00:00,0.9927770615502023,0.994456629466848,0.9976676277178633,0.9823083319776924
2008-08-12 12:00:00,0.9945250147840324,0.9960259221586797,0.9977644025679165,0.9831553869208992
2008-08-12 13:00:00,0.9945250147840324,0.9960259221586797,0.9976334210385782,0.9837357162365584
2008-08-12 14:00:00,0.9945250147840324,0.994456629466848,0.9971510176628465,0.9837357162365584
2008-08-13 07:00:00,0.9954483191395657,0.9952037978179096,0.9972819991921849,0.9843528010388204
2008-08-13 08:00:00,0.9962030630394392,0.9960259221586797,0.9977644025679165,0.9865606245356049
2008-08-13 09:00:00,0.9962030630394392,0.9952787538076179,0.9979267261408467,0.9874076794788117
2008-08-13 10:00:00,0.9954483191395654,0.9930247081881317,0.9977644025679164,0.9865606245356051
2008-08-13 11:00:00,0.9960841039665385,0.9937718765391936,0.9981106640182235,0.9865606245356051
2008-08-13 12:00:00,0.9959155435108787,0.9944566294668479,0.9977905842154215,0.9848040045319085
2008-08-13 13:00:00,0.9954483191395657,0.9918059870263375,0.9975366461885249,0.9840901809992775
2008-08-13 14:00:00,0.9966365495310848,0.9918059870263378,0.9975366461885249,0.9836277138438713
2008-08-14 07:00:00,0.9962920953772834,0.9911212340986831,0.9972715133726058,0.9843415373765023
2008-08-14 08:00:00,0.9966365495310846,0.9918059870263375,0.9967994705938495,0.9843415373765023
2008-08-14 09:00:00,0.9969539514939373,0.9930247081881319,0.9967994705938495,0.9857689216353683
2008-08-14 10:00:00,0.9971378457536259,0.9937718765391934,0.9972425068942097,0.9862313887907743
2008-08-14 11:00:00,0.9978925896534994,0.9937718765391934,0.9974562904002516,0.9862313887907743
2008-08-14 12:00:00,0.9966518833351132,0.9911212340986831,0.9975744219184448,0.9874076794788117
2008-08-14 13:00:00,0.9964679890754249,0.9895519414068513,0.9970534086207463,0.9878701466342179
2008-08-14 14:00:00,0.9959617205589034,0.9895519414068513,0.9968396251147045,0.988332613789624
2008-08-15 07:00:00,0.9956019326010733,0.9872978957873649,0.9962807304714311,0.9873309411995619
2008-08-15 08:00:00,0.9941482710648061,0.9834980479695414,0.9959811614207286,0.9870017054547313
2008-08-15 09:00:00,0.9929600406732871,0.9785638766486497,0.9954879300864106,0.9858254147666942
2008-08-15 10:00:00,0.9929600406732871,0.9785638766486499,0.9954879300864106,0.9849783598234876
2008-08-15 11:00:00,0.9911317587915555,0.9731486514337033,0.9954879300864106,0.984593772035687
2008-08-15 12:00:00,0.9911317587915555,0.9766214182149838,0.9954879300864106,0.9849783598234876
2008-08-15 13:00:00,0.9923199891830744,0.9825842167422296,0.9956348999704219,0.9855954446257491
2008-08-15 14:00:00,0.9916842043561016,0.9825842167422296,0.9951023015607321,0.985307595568318
2008-08-18 07:00:00,0.9915397350669988,0.9825842167422296,0.9945697031510422,0.9843059229782557
2008-08-18 08:00:00,0.9909872895024526,0.9825842167422297,0.9938719513508391,0.9832631265071903
2008-08-18 09:00:00,0.9909872895024525,0.9815555895358753,0.9938719513508388,0.9824160715639835
2008-08-18 10:00:00,0.9909872895024529,0.9798196339677937,0.9945182207862805,0.9818357422483243
2008-08-18 11:00:00,0.9909872895024529,0.9846481089919717,0.9951023015607321,0.9824160715639835
2008-08-18 12:00:00,0.9909872895024525,0.9863840645600536,0.9956348999704216,0.983880211309452
2008-08-18 13:00:00,0.9918330398787951,0.9863840645600533,0.996193794613695,0.9848818838995143
2008-08-18 14:00:00,0.9921273315763584,0.9863840645600533,0.996193794613695,0.98513760867114
2008-08-19 07:00:00,0.9921273315763584,0.9863840645600533,0.9956611962040052,0.9841359360810775
2008-08-19 08:00:00,0.9926797771409045,0.9878159858387695,0.9961544275383233,0.9829596453930405
2008-08-19 09:00:00,0.9916842043561016,0.9818531873115237,0.9962324045356619,0.983576730195302
2008-08-19 10:00:00,0.9923199891830744,0.9804212660328074,0.9961544275383233,0.983576730195302
2008-08-19 11:00:00,0.9923199891830744,0.9727686413599373,0.996193794613695,0.9842905537279332
2008-08-19 12:00:00,0.9923199891830744,0.9742005626386534,0.9966368309140551,0.9824673180189488
2008-08-19 13:00:00,0.9912492438815544,0.9787342065454266,0.9971088736928113,0.9818869887032895
2008-08-19 14:00:00,0.9904689897654789,0.9757698553304853,0.9971088736928113,0.9812699039010276
2008-08-20 07:00:00,0.9906134590545816,0.9683905353851779,0.9966658373924513,0.9802682313109655
2008-08-20 08:00:00,0.9900610134900355,0.9697072592838583,0.9961937946136951,0.9806528190987659
2008-08-20 09:00:00,0.9921273315763584,0.9764546082581398,0.9966658373924512,0.9809406681561972
2008-08-20 10:00:00,0.9933155619678774,0.9764546082581398,0.9967148079113934,0.9819423407462595
2008-08-20 11:00:00,0.9939774180845313,0.9764546082581398,0.9966180330613402,0.9826561642788904
2008-08-20 12:00:00,0.9936720080759387,0.9714378908773434,0.9962324045356616,0.9813987669172025
2008-08-20 13:00:00,0.9936720080759384,0.9653752948307165,0.9957603617569054,0.9801413695555147
2008-08-20 14:00:00,0.9955002899576703,0.9714378908773434,0.9957603617569054,0.9786772298100465
2008-08-21 07:00:00,0.9946174695747443,0.9682700140305457,0.9957603617569054,0.9790618175978468
2008-08-21 08:00:00,0.9949940214411489,0.9622074179839186,0.9962813750546037,0.9783479940652158
2008-08-21 09:00:00,0.9949940214411489,0.9653752948307165,0.9962324045356615,0.979220803639103
2008-08-21 10:00:00,0.9949940214411489,0.9614716625637136,0.9961544275383233,0.9775009391220091
2008-08-21 11:00:00,0.9956841842173588,0.9607869096360594,0.9965878603951128,0.9783479940652158
2008-08-21 12:00:00,0.9960286383711603,0.966259834594894,0.9965878603951128,0.9776341705325848
2008-08-21 13:00:00,0.9969963374889149,0.9715752622904594,0.9965878603951128,0.9790983102780533
2008-08-21 14:00:00,0.9962045320693018,0.9737059630807434,0.9968939673245647,0.9768904867812683
2008-08-22 07:00:00,0.9960286383711601,0.9737059630807434,0.9972402287748715,0.9758888141912062
2008-08-22 08:00:00,0.9960286383711601,0.9686892456999473,0.9972402287748715,0.9756587524981845
2008-08-22 09:00:00,0.9955002899576703,0.9686892456999473,0.9972402287748715,0.9741946127527161
2008-08-22 10:00:00,0.995986252376183,0.9702331962994627,0.9976177748229127,0.9741946127527161
2008-08-22 11:00:00,0.995986252376183,0.9686639036076309,0.9978771893527606,0.9729372153910282
2008-08-22 12:00:00,0.9969539514939374,0.9752556511550083,0.9982390970187329,0.9749816844521559
2008-08-22 13:00:00,0.9973137394517676,0.9768249438468403,0.998020656602418,0.9780623175228281
2008-08-22 14:00:00,0.9969963374889147,0.9768249438468403,0.9974996433047196,0.9780623175228281
2008-08-25 07:00:00,0.9969963374889146,0.9768249438468403,0.9972402287748715,0.9760178484617006
2008-08-25 08:00:00,0.9960286383711601,0.9768249438468403,0.9970465664912563,0.975016175871638
2008-08-25 09:00:00,0.9953928535441873,0.9768249438468403,0.9968495795139554,0.9741691209284317
2008-08-25 10:00:00,0.9953928535441875,0.9768249438468403,0.9965844466980363,0.9736255470993748
2008-08-25 11:00:00,0.9942003564894284,0.9721366703889115,0.9965844466980363,0.9722647785457965
2008-08-25 12:00:00,0.9953928535441875,0.9781416677455205,0.9965844466980363,0.9733075750168619
2008-08-25 13:00:00,0.9953928535441875,0.9797892950617816,0.9965844466980363,0.9740880142547809
2008-08-25 14:00:00,0.9944367057299702,0.9752556511550083,0.9958866948978329,0.9729117235667435
2008-08-26 07:00:00,0.9934201023733528,0.9768249438468403,0.9958866948978329,0.9718088522998345
2008-08-26 08:00:00,0.9935959960714945,0.9797892950617817,0.9963859944492632,0.9725226758324658
2008-08-26 09:00:00,0.995568747242329,0.980817922268136,0.9968905536274882,0.9744726020425812
2008-08-26 10:00:00,0.9953928535441873,0.980817922268136,0.9970633630199971,0.9740880142547809
2008-08-26 11:00:00,0.99443670572997,0.980817922268136,0.9970633630199971,0.9729117235667437
2008-08-26 12:00:00,0.9932442086752111,0.9817317534954476,0.9970633630199971,0.9715509550131655
2008-08-26 13:00:00,0.9932442086752111,0.9857520935890275,0.9970633630199971,0.9710884878577593
2008-08-26 14:00:00,0.9932442086752111,0.9846177700859596,0.9968291962844856,0.9706260207023532
2008-08-27 07:00:00,0.9930756482195514,0.9797892950617817,0.9964938037801158,0.9695832242312875
2008-08-27 08:00:00,0.9928917539598628,0.9766214182149838,0.9966704163332601,0.9699678120190881
2008-08-27 09:00:00,0.9928917539598628,0.9785638766486497,0.9970921735347816,0.9708148669622948
2008-08-27 10:00:00,0.9934201023733528,0.9825842167422297,0.9966704163332601,0.9736397752613414
2008-08-27 11:00:00,0.9944367057299702,0.9834980479695414,0.9970494555841448,0.9747426465282503
2008-08-27 12:00:00,0.995048399390386,0.9834980479695414,0.9970921735347819,0.9757854429993157
2008-08-27 13:00:00,0.9944367057299702,0.9780828227545948,0.9970921735347816,0.9747837704092537
2008-08-27 14:00:00,0.99407691777214,0.9834980479695414,0.9970921735347816,0.9747837704092535
2008-08-28 07:00:00,0.9930603144155227,0.9869708147508218,0.9970921735347816,0.9733563861503877
2008-08-28 08:00:00,0.9921405747212977,0.9863840645600533,0.9970921735347816,0.973685621895218
2008-08-28 09:00:00,0.9915881291567515,0.9857520935890275,0.9970494555841446,0.9749430192569061
2008-08-28 10:00:00,0.9937003659057355,0.9892248603703083,0.9970494555841446,0.9763037878104841
2008-08-28 11:00:00,0.9935318054500757,0.9838096351553616,0.9969212630238227,0.9754567328672775
2008-08-28 12:00:00,0.9939083573164802,0.9815555895358755,0.9973282391518431,0.9744139363962119
2008-08-28 13:00:00,0.9939083573164802,0.9786695729453632,0.9973282391518431,0.9758413206550779
2008-08-28 14:00:00,0.9947001627360931,0.9821423397266436,0.9977403418517734,0.9758413206550779
2008-08-29 07:00:00,0.9947001627360931,0.9869708147508217,0.9977403418517734,0.9753788534996717
2008-08-29 08:00:00,0.9939083573164802,0.9901386915976196,0.9974127849656506,0.9764216499707373
2008-08-29 09:00:00,0.9939083573164803,0.9917079842894516,0.9974127849656506,0.9770387347729989
2008-08-29 10:00:00,0.993157178077915,0.9917079842894516,0.9970058088376301,0.9767094990281685
2008-08-29 11:00:00,0.9926047325133687,0.9899720287213698,0.9966704163332601,0.9762237125635213
2008-08-29 12:00:00,0.9940769177721399,0.9912887526200501,0.9968013978625985,0.9756433832478619
2008-08-29 13:00:00,0.9946848289320642,0.993352644869792,0.9970921735347816,0.9764904381910685
2008-08-29 14:00:00,0.9945162684764047,0.9912887526200501,0.9966704163332601,0.976161202446238
2008-09-02 07:00:00,0.9939083573164803,0.9912887526200501,0.9967586799119617,0.9764904381910687
2008-09-02 08:00:00,0.9950446168898945,0.9926054765187305,0.9971804371134831,0.9751296696374905
2008-09-02 09:00:00,0.9939083573164802,0.9919735055477046,0.9970494555841446,0.9725926103958751
2008-09-02 10:00:00,0.9947001627360931,0.9912887526200501,0.9970494555841446,0.9733730496337938
2008-09-02 11:00:00,0.9951500420337889,0.9858735274051036,0.9970494555841448,0.973858836098441
2008-09-02 12:00:00,0.9955449979758323,0.9829875108145913,0.9976957250195865,0.9749016325695067
2008-09-02 13:00:00,0.9951500420337889,0.9858735274051036,0.9976520782730719,0.9762624011230847
2008-09-02 14:00:00,0.9938173423531672,0.9877770014945523,0.997333365723753,0.9742179320619571
2008-09-03 07:00:00,0.992576636034781,0.9858735274051036,0.997114925307438,0.9738333442741565
2008-09-03 08:00:00,0.9929715919768245,0.9845568035064233,0.9977109997089217,0.9738333442741566
2008-09-03 09:00:00,0.9933665479188677,0.9864992619400894,0.9977109997089217,0.9732530149584971
2008-09-03 10:00:00,0.9931738903121519,0.9893852785306013,0.9977955455227293,0.972790547803091
2008-09-03 11:00:00,0.9929715919768245,0.9858735274051036,0.9976520782730719,0.9742546875485597
2008-09-03 12:00:00,0.9942122982952105,0.9864602775958721,0.9979721580758736,0.9747171547039657
2008-09-03 13:00:00,0.9938357464288059,0.9872074459469337,0.9977955455227291,0.9752974840196251
2008-09-03 14:00:00,0.9921612628347074,0.9872074459469337,0.9977955455227291,0.9758778133352843
2008-09-04 07:00:00,0.9921612628347074,0.9920359209711118,0.9977955455227291,0.9727971802646121
2008-09-04 08:00:00,0.9909205565163215,0.9899720287213698,0.9977955455227291,0.9717955076745497
2008-09-04 09:00:00,0.991297108382726,0.9920359209711118,0.9982109729163452,0.9727971802646121
2008-09-04 10:00:00,0.9925766360347811,0.993352644869792,0.9983419544456835,0.9750973740973654
2008-09-04 11:00:00,0.9923927417750927,0.993352644869792,0.9983419544456835,0.9762736647854028
2008-09-04 12:00:00,0.9939277397910418,0.9912887526200501,0.9983419544456835,0.9779935293024967
2008-09-04 13:00:00,0.9939277397910418,0.9912887526200502,0.998385601192198,0.9754309782365966
2008-09-04 14:00:00,0.9933198286311172,0.9919735055477046,0.9980655213893962,0.9736077425276123
2008-09-05 07:00:00,0.9935124862378335,0.9900700314582558,0.9982992364950465,0.9725649460565469
2008-09-05 08:00:00,0.9951159701825606,0.994456629466848,0.9985428879405803,0.9707417103475624
2008-09-05 09:00:00,0.9945080590226362,0.994456629466848,0.9985428879405803,0.9713587951498244
2008-09-05 10:00:00,0.9943582366141761,0.994456629466848,0.9980218746428816,0.9710295594049937
2008-09-05 11:00:00,0.9936963804975218,0.9912887526200502,0.9980218746428816,0.9710295594049937
2008-09-05 12:00:00,0.9945080590226364,0.9919735055477046,0.9983091728349299,0.9716466442072557
2008-09-05 13:00:00,0.9936753499257074,0.9885007387664241,0.9985865346870947,0.9723604677398866
2008-09-05 14:00:00,0.9953538093989791,0.9909838626855674,0.9986292526377316,0.9729775525421483
2008-09-08 07:00:00,0.9960156655156331,0.9909838626855674,0.9987915762106617,0.9732654015995796
2008-09-08 08:00:00,0.9960156655156331,0.9909838626855674,0.9990199675438841,0.9732654015995795
2008-09-08 09:00:00,0.9968074709352459,0.9925531553773993,0.9990626854945212,0.970728342357964
2008-09-08 10:00:00,0.9973137394517676,0.9893852785306013,0.9991856419920796,0.9732654015995795
2008-09-08 11:00:00,0.9978200079682891,0.9876189840565076,0.999408946944828,0.9735946373444101
2008-09-08 12:00:00,0.9978200079682891,0.9861870627777916,0.9994917489215315,0.9735946373444101
2008-09-08 13:00:00,0.9978200079682891,0.9893852785306013,0.9995344668721685,0.9744416922876167
2008-09-08 14:00:00,0.9979885684239488,0.9861870627777916,0.9995344668721685,0.9751555158202478
2008-09-09 07:00:00,0.9979885684239488,0.9834224800033555,0.9995344668721685,0.974538431017986
2008-09-09 08:00:00,0.9989118727794821,0.9834224800033555,0.9994917489215315,0.9779480370270925
2008-09-09 09:00:00,0.9987433123238223,0.9848544012820717,0.9996199414818536,0.9779480370270928
2008-09-09 10:00:00,0.9985674186256807,0.9801661278241427,0.9996199414818535,0.9782772727719234
2008-09-09 11:00:00,0.9982229644718792,0.9764546082581396,0.9997101893378464,0.9786065085167538
2008-09-09 12:00:00,0.9989439704920852,0.9764546082581396,0.9997101893378466,0.9768866439996596
2008-09-09 13:00:00,0.999472318905575,0.9787342065454266,0.9997101893378464,0.9799672770703318
2008-09-09 14:00:00,0.9992884246458866,0.9787342065454266,0.9997101893378464,0.9771423687712854
2008-09-10 07:00:00,0.9989439704920852,0.9811852539471747,0.9997101893378464,0.977526956559086
2008-09-10 08:00:00,0.9984156220785952,0.9771649138535947,0.9997101893378464,0.9768131330264549
2008-09-10 09:00:00,0.9978872736651054,0.9726716104987997,0.9997101893378464,0.9768131330264547
2008-09-10 10:00:00,0.9978872736651054,0.9794189594730811,0.9997101893378464,0.9768131330264547
2008-09-10 11:00:00,0.9978872736651054,0.9787342065454266,0.9996256435240389,0.9790209565232397
2008-09-10 12:00:00,0.9984156220785952,0.9726716104987996,0.9995353956680461,0.9781481469493523
2008-09-10 13:00:00,0.9975328016956692,0.9681379665920263,0.9996256435240389,0.9778189112045218
2008-09-10 14:00:00,0.9975328016956694,0.9726716104987996,0.9996256435240389,0.9792462954633877
2008-09-11 07:00:00,0.9972153997328166,0.9681379665920263,0.9996256435240389,0.9797087626187938
2008-09-11 08:00:00,0.9966365495310846,0.9674532136643721,0.9995819967775245,0.9797087626187938
2008-09-11 09:00:00,0.996838847866412,0.9727686413599376,0.9995819967775245,0.9762991566096872
2008-09-11 10:00:00,0.9972153997328164,0.9744162686761983,0.9994564768501839,0.9780557766133838
2008-09-11 11:00:00,0.9975328016956692,0.9773022852667106,0.9995428415473354,0.9783850123582145
2008-09-11 12:00:00,0.9975328016956694,0.9787342065454266,0.9995428415473354,0.9783850123582143
2008-09-11 13:00:00,0.9975328016956694,0.9794189594730811,0.999408946944828,0.9783850123582143
2008-09-11 14:00:00,0.9972153997328164,0.9703920122115127,0.999454577968634,0.9775379574150077
2008-09-12 07:00:00,0.9975751876906467,0.9697072592838583,0.9992889035204388,0.9758180928979138
2008-09-12 08:00:00,0.9969963374889146,0.9697072592838583,0.9992452567739242,0.9783806439638136
2008-09-12 09:00:00,0.9973912934309581,0.9787342065454266,0.9992452567739242,0.9780514082189831
2008-09-12 10:00:00,0.9977510813887882,0.9758481899549146,0.9992452567739242,0.9785138753743894
2008-09-12 11:00:00,0.9969963374889146,0.9744162686761986,0.9993682132714825,0.9798746439279674
2008-09-12 12:00:00,0.9977510813887882,0.9815555895358755,0.9993682132714825,0.9798746439279674
2008-09-12 13:00:00,0.9971722311870563,0.9771689915272834,0.999114275244586,0.9798746439279674
2008-09-12 14:00:00,0.9971722311870564,0.9815555895358755,0.9992452567739242,0.9798746439279674
2008-09-15 07:00:00,0.9963605526619419,0.9771689915272834,0.999499194800821,0.9788318474569018
2008-09-15 08:00:00,0.9953928535441873,0.9777557417180516,0.9993682132714826,0.977404463198036
2008-09-15 09:00:00,0.9961846589638004,0.9825842167422296,0.9992372317421442,0.9804850962687082
2008-09-15 10:00:00,0.9961846589638004,0.9815555895358753,0.9993682132714825,0.9808696840565085
2008-09-15 11:00:00,0.9975751876906467,0.9825842167422297,0.9993682132714825,0.9812542718443091
2008-09-15 12:00:00,0.9975751876906467,0.9863840645600536,0.9993682132714825,0.9808696840565085
2008-09-15 13:00:00,0.9965796149058436,0.9869708147508218,0.9994991948008208,0.9786618605597238
2008-09-15 14:00:00,0.9958248710059703,0.9869708147508218,0.9995819967775245,0.9769052405560273
2008-09-16 07:00:00,0.9950446168898945,0.9834980479695412,0.9997101893378464,0.9769052405560271
2008-09-16 08:00:00,0.9958248710059701,0.9840847981603097,0.999668361474676,0.9771609653276528
2008-09-16 09:00:00,0.9962198269480136,0.9878846459781334,0.9997101893378466,0.9785883495865189
2008-09-16 10:00:00,0.9962198269480135,0.9869708147508218,0.9997965540349979,0.9778745260538878
2008-09-16 11:00:00,0.9948871272673917,0.9863840645600536,0.9997529072884834,0.9741356842999506
2008-09-16 12:00:00,0.9939638229118584,0.9834980479695414,0.9995344668721685,0.9735921104708938
2008-09-16 13:00:00,0.9947185668117319,0.9834980479695412,0.99931116191942,0.9721279707254253
2008-09-16 14:00:00,0.9943236108696887,0.9786695729453632,0.99931116191942,0.9721279707254253
2008-09-17 07:00:00,0.995279758683906,0.9720778253979856,0.99931116191942,0.9731707671964905
2008-09-17 08:00:00,0.9952797586839057,0.9755505921792663,0.9993975266165716,0.9717433829376247
2008-09-17 09:00:00,0.9952797586839057,0.9821423397266438,0.9996626594324904,0.9655343604537562
2008-09-17 10:00:00,0.995279758683906,0.9869708147508218,0.9997965540349979,0.9641735919001779
2008-09-17 11:00:00,0.9958586088856378,0.989856831341334,0.9997965540349979,0.9707672021718472
2008-09-17 12:00:00,0.9953523403691162,0.989856831341334,0.9997965540349979,0.9699867629339283
2008-09-17 13:00:00,0.9938173423531672,0.989856831341334,0.9998392719856349,0.970315998678759
2008-09-17 14:00:00,0.9947734901673843,0.9890347070005638,0.9998392719856349,0.9720358631958529
2008-09-18 07:00:00,0.9958586088856377,0.9907706625686457,0.9999275355643362,0.9728163024337717
2008-09-18 08:00:00,0.9943236108696885,0.9863840645600533,0.9998411708671849,0.9690774606798344
2008-09-18 09:00:00,0.9939638229118584,0.9890347070005638,0.9998411708671849,0.9690774606798346
2008-09-18 10:00:00,0.9930440832176334,0.9878159858387695,0.999668361474676,0.9680757880897723
2008-09-18 11:00:00,0.9917460092814989,0.9878159858387695,0.9994917489215315,0.9657755942570191
2008-09-18 12:00:00,0.9930440832176334,0.9912887526200501,0.9995762947353392,0.9645181968953312
2008-09-18 13:00:00,0.9922893393177599,0.9912887526200501,0.9994453132060008,0.9645181968953311
2008-09-18 14:00:00,0.9922893393177599,0.990070031458256,0.9994034853428302,0.962798332378237
2008-09-19 07:00:00,0.99195896449938,0.9912887526200501,0.9994453132060008,0.9608484061681216
2008-09-19 08:00:00,0.989936691381523,0.990070031458256,0.9994034853428302,0.958311346926506
2008-09-19 09:00:00,0.9902670661999027,0.9858735274051036,0.9991801803900817,0.958311346926506
2008-09-19 10:00:00,0.9902670661999028,0.988524169845614,0.9989090711062222,0.9587738140819121
2008-09-19 11:00:00,0.9916814281578354,0.988524169845614,0.9990818804987311,0.9580599905492811
2008-09-19 12:00:00,0.9916814281578354,0.9864602775958721,0.9990818804987311,0.9575975233938749
2008-09-19 13:00:00,0.9916814281578354,0.9912887526200501,0.9993529897825907,0.9579267591387056
2008-09-19 14:00:00,0.9902670661999027,0.9858735274051036,0.99931116191942,0.9582146081961367
2008-09-22 07:00:00,0.9907954146133927,0.988524169845614,0.9991264173327121,0.9582146081961369
2008-09-22 08:00:00,0.9894343571029738,0.9870922485668979,0.9991682451958827,0.9599712281998333
2008-09-22 09:00:00,0.990626854157733,0.9855229558750662,0.9991682451958827,0.9613986124586993
2008-09-22 10:00:00,0.9893287802215984,0.985522955875066,0.9991682451958827,0.9627593810122773
2008-09-22 11:00:00,0.9913510533394557,0.9801499294894829,0.9990818804987311,0.9647093072223931
2008-09-22 12:00:00,0.9918573218559772,0.983035946079995,0.9991682451958827,0.9647093072223931
2008-09-22 13:00:00,0.9927770615502023,0.9844678673587111,0.9992109631465196,0.9647093072223929
2008-09-22 14:00:00,0.9922707930336806,0.9838358963876852,0.9992109631465196,0.9626648381612654
2008-09-23 07:00:00,0.9922707930336806,0.9877770014945523,0.9992109631465196,0.9638411288493024
2008-09-23 08:00:00,0.9913510533394557,0.9877770014945523,0.9992109631465196,0.9638411288493025
2008-09-23 09:00:00,0.9918573218559772,0.9884089724655781,0.9992109631465196,0.9648428014393648
2008-09-23 10:00:00,0.9896102508011154,0.9877770014945523,0.9988490554805474,0.9637399301724558
2008-09-23 11:00:00,0.9894343571029738,0.9898408937442944,0.9988908833437178,0.9637399301724558
2008-09-23 12:00:00,0.9901585562846966,0.9898408937442943,0.9988063375299103,0.9627382575823934
2008-09-23 13:00:00,0.9887441943267637,0.988524169845614,0.99839423482998,0.9620244340497626
2008-09-23 14:00:00,0.9881362831668394,0.9870922485668979,0.99839423482998,0.9620244340497626
2008-09-24 07:00:00,0.9881362831668394,0.9912887526200501,0.9987645096667399,0.9609816375786971
2008-09-24 08:00:00,0.9901585562846966,0.9912887526200501,0.9990418715189043,0.9629315637888126
2008-09-24 09:00:00,0.9891039822845941,0.9858735274051037,0.9988727048450495,0.9635118931044719
2008-09-24 10:00:00,0.9891039822845941,0.9870922485668979,0.99891453270822,0.9645135656945342
2008-09-24 11:00:00,0.9901891010028475,0.989034707000564,0.99891453270822,0.9648428014393648
2008-09-24 12:00:00,0.9875735104661058,0.9878159858387696,0.99891453270822,0.9617621683686927
2008-09-24 13:00:00,0.9877420709217656,0.9857520935890277,0.9987417233157111,0.9612997012132865
2008-09-24 14:00:00,0.9884178602812422,0.9840161380209459,0.9988262691295187,0.9612997012132865
2008-09-25 07:00:00,0.9894343571029738,0.9840161380209459,0.9984643614635463,0.9631229369222709
2008-09-25 08:00:00,0.990626854157733,0.9840161380209459,0.9984643614635463,0.9612997012132862
2008-09-25 09:00:00,0.9896591550399784,0.9786009128059995,0.9982459210472313,0.9621725107871737
2008-09-25 10:00:00,0.9916814281578354,0.9829875108145916,0.9986078287132037,0.9609962200991365
2008-09-25 11:00:00,0.9906268541577328,0.9829875108145916,0.9986078287132037,0.9609962200991365
2008-09-25 12:00:00,0.9918573218559772,0.9864992619400894,0.9988262691295187,0.9584659645733615
2008-09-25 13:00:00,0.9918573218559772,0.9838486194995789,0.9988672432430515,0.9590830493756233
2008-09-25 14:00:00,0.9935318054500757,0.9873213862808596,0.9991383525269112,0.9593387741472489
2008-09-26 07:00:00,0.9927806262115103,0.9833010461872795,0.9990128325995705,0.9607661584061149
2008-09-26 08:00:00,0.9914195687010918,0.9846177700859599,0.9990128325995705,0.9598933488322275
2008-09-26 09:00:00,0.992436172057709,0.9886381101795398,0.9991383525269112,0.9602225845770581
2008-09-26 10:00:00,0.9930255369335542,0.9886381101795398,0.9989617399737667,0.9627528401028329
2008-09-26 11:00:00,0.9938173423531672,0.9912887526200501,0.9987384350210184,0.9627528401028329
2008-09-26 12:00:00,0.9943236108696887,0.9937718765391934,0.9989617399737667,0.9609962200991363
2008-09-26 13:00:00,0.9932384921514352,0.9930247081881319,0.9986906306899073,0.9615397939281933
2008-09-26 14:00:00,0.9947734901673843,0.994456629466848,0.9983287230239352,0.9617955186998189
2008-09-29 07:00:00,0.9951038649857642,0.9973426460573602,0.9985471634402501,0.9658222095111874
2008-09-29 08:00:00,0.9940187462675107,0.9973426460573602,0.9985471634402501,0.9632596584452873
2008-09-29 09:00:00,0.9947734901673843,0.9973426460573602,0.9980940866267867,0.9626425736430255
2008-09-29 10:00:00,0.9947734901673843,0.9950886004378738,0.998052258763616,0.9632596584452873
2008-09-29 11:00:00,0.9930255369335542,0.9912887526200502,0.9978756462104716,0.9620833677572502
2008-09-29 12:00:00,0.9920089335769369,0.9912887526200501,0.9975695392810197,0.9620833677572499
2008-09-29 13:00:00,0.9920089335769371,0.9912887526200501,0.99798164198095,0.96208336775725
2008-09-29 14:00:00,0.9939816847477716,0.9912887526200502,0.9983845237604552,0.9643835615900035
2008-09-30 07:00:00,0.9947734901673845,0.9912887526200502,0.9986556330443148,0.9655598522780406
2008-09-30 08:00:00,0.9958586088856377,0.9912887526200502,0.9989207658602336,0.9662736758106717
2008-09-30 09:00:00,0.9970468392771566,0.991920723591076,0.9988262691295186,0.9668907606129336
2008-09-30 10:00:00,0.9960512664923538,0.9912887526200502,0.9984643614635463,0.9677378155561401
2008-09-30 11:00:00,0.9962198269480135,0.9912887526200501,0.9982986870153511,0.9673532277683398
2008-09-30 12:00:00,0.9962198269480135,0.993352644869792,0.9982986870153511,0.9682002827115463
2008-09-30 13:00:00,0.9960512664923538,0.9940373977974465,0.9979711301292282,0.9696644224570148
2008-09-30 14:00:00,0.994718566811732,0.9940373977974465,0.998011284650083,0.9684881317689776
2008-10-01 07:00:00,0.9958586088856377,0.99652052171659,0.9982049469336984,0.9684881317689776
2008-10-01 08:00:00,0.9954988209278076,0.9950886004378737,0.99808199043614,0.968103543981177
2008-10-01 09:00:00,0.9962198269480135,0.9950886004378738,0.9978883281525248,0.9706406032227924
2008-10-01 10:00:00,0.9972153997328166,0.994456629466848,0.9981422661794214,0.9706406032227924
2008-10-01 11:00:00,0.9960271693412974,0.9930247081881319,0.9979765917312261,0.969176463477324
2008-10-01 12:00:00,0.9958586088856377,0.9930247081881319,0.9978109172830308,0.9700235184205308
2008-10-01 13:00:00,0.9970468392771568,0.994456629466848,0.9979765917312262,0.971025191010593
2008-10-01 14:00:00,0.9969502062710351,0.9937961072116988,0.9981463835183362,0.9688947493042823
2008-10-02 07:00:00,0.9966955082834446,0.9914532257976719,0.9981578308531254,0.9696166426796489
2008-10-02 08:00:00,0.9968533839365203,0.9914532257976719,0.9979469928381641,0.9697358046371908
2008-10-02 09:00:00,0.9964526198188587,0.991453225797672,0.9979469928381641,0.969735804637191
2008-10-02 10:00:00,0.9958357687889353,0.9922230356139173,0.9979469928381641,0.9732217451091879
2008-10-02 11:00:00,0.9971529320476601,0.9922230356139173,0.9979469928381641,0.9711315043526618
2008-10-02 12:00:00,0.9969663334606231,0.9922230356139173,0.9981578308531255,0.9723341299068492
2008-10-02 13:00:00,0.9969663334606231,0.991453225797672,0.9979469928381641,0.9719409319446951
2008-10-02 14:00:00,0.9959844034734898,0.991453225797672,0.9979469928381641,0.9690527794299981
2008-10-03 07:00:00,0.9951394486545474,0.987875223659383,0.997902052695599,0.9704440129511936
2008-10-03 08:00:00,0.9953179290247206,0.9858739028489393,0.998117385357482,0.9704440129511936
2008-10-03 09:00:00,0.9961628838436631,0.9858739028489393,0.9986141908319037,0.9739299534231909
2008-10-03 10:00:00,0.9961628838436631,0.9835515528167412,0.9981578308531255,0.9739299534231909
2008-10-03 11:00:00,0.9961628838436631,0.9848072049228322,0.9979469928381641,0.9729058553273808
2008-10-03 12:00:00,0.9956491702018986,0.9841560833163208,0.9976912146806376,0.9739299534231909
2008-10-03 13:00:00,0.993946027501079,0.9848072049228322,0.9973957841790775,0.9715782627135847
2008-10-03 14:00:00,0.993946027501079,0.9871295549550303,0.9973498224956788,0.9706859126268491
2008-10-06 07:00:00,0.993946027501079,0.9815937095880658,0.9967226195478374,0.970292714664695
2008-10-06 08:00:00,0.993946027501079,0.9786202379493562,0.9967226195478374,0.9715782627135847
2008-10-06 09:00:00,0.9948042153829562,0.9773645858432652,0.9965407239442613,0.9718397126666647
2008-10-06 10:00:00,0.9948042153829562,0.9794910202823932,0.9968894945355121,0.9724330344296894
2008-10-06 11:00:00,0.9941326260881158,0.9800955507819727,0.9967226195478374,0.9727696411240311
2008-10-06 12:00:00,0.9921879466502846,0.9807466723884843,0.9962571510604636,0.9718772910372954
2008-10-06 13:00:00,0.9928595359451252,0.9830690224206824,0.99586610782269,0.9716158410842156
2008-10-06 14:00:00,0.9926729373580883,0.984425647043565,0.9960040403989799,0.9710600976918218
2008-10-07 07:00:00,0.9935639381072274,0.9899614924105298,0.9967226195478374,0.9692641503746097
2008-10-07 08:00:00,0.9940570470318945,0.9907313022267749,0.9969334575627986,0.9687913294769182
2008-10-07 09:00:00,0.9921123675940634,0.9914368052431461,0.9966059216517146,0.9680615248204224
2008-10-07 10:00:00,0.9935639381072274,0.9950549730694168,0.9968988043939859,0.9674682030573976
2008-10-07 11:00:00,0.9945954915132067,0.9968435333516827,0.9970938700274826,0.9700620621327803
2008-10-07 12:00:00,0.9933854577370543,0.9968435333516827,0.9969119744239067,0.9706553838958052
2008-10-07 13:00:00,0.9927403231332143,0.9961380303353112,0.9962610218766137,0.9677672313811084
2008-10-07 14:00:00,0.9918821352513371,0.9961380303353115,0.9962610218766137,0.9677672313811082
2008-10-08 07:00:00,0.9909911345021979,0.9968435333516827,0.9961658403869803,0.9688333740418242
2008-10-08 08:00:00,0.990692514985553,0.9935796602368002,0.9958080501195494,0.9711850647514306
2008-10-08 09:00:00,0.9909911345021979,0.9935796602368,0.9953618034112159,0.972077414838166
2008-10-08 10:00:00,0.9911777330892348,0.9943494700530453,0.9958080501195494,0.9733629628870559
2008-10-08 11:00:00,0.9909911345021979,0.9950549730694168,0.9956731852662994,0.97375616084921
2008-10-08 12:00:00,0.991849322384075,0.9950549730694168,0.9956731852662994,0.975620215268097
2008-10-08 13:00:00,0.9929358139400289,0.9976133431679279,0.9956731852662992,0.9774842696869841
2008-10-08 14:00:00,0.9932710472116201,0.9976133431679279,0.9956731852662992,0.9789811886804856
2008-10-09 07:00:00,0.9942812607726701,0.9968435333516827,0.9961658403869805,0.9818693411951822
2008-10-09 08:00:00,0.9936361261688302,0.9935796602368,0.9959344796115811,0.9825002413288381
2008-10-09 09:00:00,0.9939460275010789,0.9921043474041834,0.9956731852662994,0.9825002413288381
2008-10-09 10:00:00,0.9941326260881158,0.9921043474041834,0.9956731852662994,0.983524339424648
2008-10-09 11:00:00,0.9932744382062387,0.9871295549550305,0.9955063102786245,0.9835243394246479
2008-10-09 12:00:00,0.9931224125270658,0.9841560833163209,0.9955063102786245,0.983524339424648
2008-10-09 13:00:00,0.9949775809070585,0.9861574041267646,0.9955063102786245,0.983917537386802
2008-10-09 14:00:00,0.9949775809070585,0.989130875765474,0.9956731852662992,0.9825263038656067
2008-10-10 07:00:00,0.9949775809070585,0.9921043474041834,0.9957213360056071,0.9815022057697967
2008-10-10 08:00:00,0.9932744382062387,0.9921043474041834,0.9953244146750484,0.9796381513509096
2008-10-10 09:00:00,0.9921879466502849,0.9928741572204287,0.9957213360056071,0.978772132491064
2008-10-10 10:00:00,0.992859535945125,0.9928741572204287,0.9954482621617194,0.9791087391854058
2008-10-10 11:00:00,0.991849322384075,0.9899006855817193,0.9954482621617194,0.9784778390517499
2008-10-10 12:00:00,0.9907956436953831,0.9859856908603253,0.9954482621617194,0.9763875982952239
2008-10-10 13:00:00,0.9909911345021979,0.9859856908603253,0.9954482621617194,0.9772536171550695
2008-10-10 14:00:00,0.9900209256907129,0.9859856908603253,0.9948243139900806,0.9775479105943836
2008-10-13 07:00:00,0.9901675195281846,0.9859856908603253,0.9942756530902829,0.9775479105943836
2008-10-13 08:00:00,0.9911777330892348,0.9859856908603253,0.9946725744208416,0.9763452850401961
2008-10-13 09:00:00,0.992068733838374,0.9877742511425912,0.9947749886123056,0.977075089696692
2008-10-13 10:00:00,0.992068733838374,0.9871697206430117,0.9950020154533857,0.9779411085565377
2008-10-13 11:00:00,0.992068733838374,0.9832547259216176,0.9946511411256345,0.9779411085565377
2008-10-13 12:00:00,0.992068733838374,0.9832547259216174,0.9942145674510421,0.9766555605076478
2008-10-13 13:00:00,0.9922642246451886,0.9832547259216174,0.9941121532595781,0.9740356388954964
2008-10-13 14:00:00,0.9912540110841386,0.9776754029728848,0.9938893008029624,0.9733058342390005
2008-10-14 07:00:00,0.9912540110841386,0.9771112365299096,0.993403401750595,0.9736424409333421
2008-10-14 08:00:00,0.9912540110841386,0.9776754029728848,0.9929391557528142,0.9724398153791549
2008-10-14 09:00:00,0.9899017128788017,0.9743802715912019,0.9924143669964368,0.971648859658821
2008-10-14 10:00:00,0.9909119264398518,0.9752161078645856,0.9931579847148763,0.9721455219398408
2008-10-14 11:00:00,0.9929136886573167,0.977885820972333,0.9937851876627177,0.974235762696367
2008-10-14 12:00:00,0.9935305396872397,0.981906161065913,0.9938357464288059,0.976099817115254
2008-10-14 13:00:00,0.9931091794641312,0.9779650559590459,0.9938357464288059,0.9756269962175627
2008-10-14 14:00:00,0.9941193930251813,0.9779650559590456,0.9937851876627181,0.9791129366895597
2008-10-15 07:00:00,0.9945407532482897,0.9779650559590459,0.9944939391717009,0.9803155622437473
2008-10-15 08:00:00,0.9943887275691167,0.9747668402062362,0.9944939391717009,0.9807883831414386
2008-10-15 09:00:00,0.9939673673460082,0.9813585877536134,0.994544497937789,0.980315562243747
2008-10-15 10:00:00,0.9935852779521568,0.9797892950617817,0.994544497937789,0.9824058030002732
2008-10-15 11:00:00,0.9943887275691167,0.9758481899549145,0.9947799066311613,0.9824058030002732
2008-10-15 12:00:00,0.9943887275691167,0.9774174826467463,0.994544497937789,0.9836084285544605
2008-10-15 13:00:00,0.9935305396872397,0.9747668402062357,0.9943216454811734,0.9824058030002732
2008-10-15 14:00:00,0.9917568812587945,0.9747668402062357,0.9937851876627177,0.9790209882045565
2008-10-16 07:00:00,0.990911926439852,0.9813585877536134,0.994544497937789,0.9786277902424022
2008-10-16 08:00:00,0.9895009487611403,0.981906161065913,0.9940711551221783,0.9772365567212067
2008-10-16 09:00:00,0.9899017128788018,0.9845568035064233,0.994544497937789,0.9781025755810523
2008-10-16 10:00:00,0.9909119264398518,0.9838096351553618,0.9950303969901564,0.9777659688867106
2008-10-16 11:00:00,0.9909119264398518,0.9826753116522937,0.994544497937789,0.9784957735432064
2008-10-16 12:00:00,0.9909119264398518,0.9838096351553618,0.9938357464288061,0.9772931479890191
2008-10-16 13:00:00,0.9900209256907126,0.9798685300484945,0.9938357464288061,0.9768203270913276
2008-10-16 14:00:00,0.9888152213228478,0.9779650559590459,0.9930415699442784,0.9768203270913276
2008-10-17 07:00:00,0.9885270906487243,0.9779650559590459,0.9930415699442784,0.9779478895060033
2008-10-17 08:00:00,0.9898254348838981,0.9845568035064233,0.9937851876627181,0.9779478895060033
2008-10-17 09:00:00,0.9888152213228478,0.9819061610659129,0.9935274689966459,0.9779478895060033
2008-10-17 10:00:00,0.9888152213228478,0.981906161065913,0.9932480972759868,0.977554691543849
2008-10-17 11:00:00,0.9896388362968611,0.9810840367251428,0.9932480972759872,0.9798119439248902
2008-10-17 12:00:00,0.9918821352513371,0.9819061610659129,0.9939917149944265,0.9794187459627361
2008-10-17 13:00:00,0.9923263259526179,0.9845568035064233,0.9939917149944265,0.9812828003816231
2008-10-17 14:00:00,0.993184513834495,0.9845568035064233,0.9936693157727641,0.982568348430513
2008-10-20 07:00:00,0.9945954915132067,0.9864992619400892,0.9940422737605148,0.9851622075058958
2008-10-20 08:00:00,0.9939239022183665,0.9838486194995789,0.9932480972759871,0.9846893866082045
2008-10-20 09:00:00,0.9929136886573164,0.9833010461872795,0.9930415699442783,0.9841336432158104
2008-10-20 10:00:00,0.9929136886573163,0.9857520935890277,0.9930415699442783,0.9834038385593146
2008-10-20 11:00:00,0.9929136886573163,0.9797892950617816,0.9932603989063404,0.982931017661623
2008-10-20 12:00:00,0.9929136886573163,0.9846177700859599,0.9938357464288059,0.9822012130051273
2008-10-20 13:00:00,0.9939673673460082,0.9895519414068511,0.9938357464288059,0.981135070344411
2008-10-20 14:00:00,0.9922642246451886,0.9882352175081709,0.9938357464288059,0.9806622494467195
2008-10-21 07:00:00,0.9941193930251813,0.9882352175081709,0.9943216454811734,0.9806622494467195
2008-10-21 08:00:00,0.9939239022183665,0.989057341848941,0.9947510252694977,0.9802690514845654
2008-10-21 09:00:00,0.9939239022183665,0.9855845750676606,0.9944885204688483,0.9796381513509096
2008-10-21 10:00:00,0.9929136886573163,0.9815642349740805,0.9947510252694977,0.9785105889362341
2008-10-21 11:00:00,0.9931091794641312,0.9815642349740805,0.9950303969901564,0.9764203481797079
2008-10-21 12:00:00,0.9929136886573163,0.985037001755361,0.9949305128462931,0.9760271502175536
2008-10-21 13:00:00,0.9917079842894515,0.9855845750676606,0.9946680080456438,0.9749610075568375
2008-10-21 14:00:00,0.9897062220719869,0.9815642349740805,0.9949305128462934,0.973501666933967
2008-10-22 07:00:00,0.9881486505558033,0.9815642349740805,0.9942217613373102,0.9720047479404658
2008-10-22 08:00:00,0.9881486505558033,0.9855845750676606,0.9942217613373102,0.9720047479404657
2008-10-22 09:00:00,0.987462923117511,0.9846707438403491,0.9943216454811734,0.9728707668003114
2008-10-22 10:00:00,0.9857638147646758,0.9806504037467692,0.994544497937789,0.9720047479404657
2008-10-22 11:00:00,0.9840647064118405,0.976630063653189,0.9940711551221785,0.9711123978537303
2008-10-22 12:00:00,0.9840647064118405,0.976630063653189,0.993495807599713,0.9716681412461241
2008-10-22 13:00:00,0.9857638147646758,0.976630063653189,0.9934958075997128,0.97137384780681
2008-10-22 14:00:00,0.9874629231175112,0.976630063653189,0.9937851876627178,0.9705759360486392
2008-10-23 07:00:00,0.9861645788823376,0.976630063653189,0.9930415699442783,0.9696835859619036
2008-10-23 08:00:00,0.9861645788823374,0.9806504037467689,0.9927116394575315,0.9689537813054077
2008-10-23 09:00:00,0.9859593055714906,0.9806504037467689,0.9926092252660673,0.9689537813054077
2008-10-23 10:00:00,0.9864289460975214,0.9855845750676606,0.993403401750595,0.9674944406825373
2008-10-23 11:00:00,0.9855839912785788,0.9882352175081709,0.9930304437628443,0.9671012427203831
2008-10-23 12:00:00,0.9868823355137524,0.9882352175081709,0.9933035176067319,0.9686220030972129
2008-10-23 13:00:00,0.9878525443252374,0.9857520935890275,0.9936898698940523,0.9701189220907142
2008-10-23 14:00:00,0.9878525443252374,0.9878159858387696,0.9934899795855057,0.9707122438537389
2008-10-24 07:00:00,0.9888840977312168,0.9922025838473615,0.9939147929986321,0.9712679872461327
2008-10-24 08:00:00,0.9898543065427019,0.9922025838473617,0.9936898698940522,0.9694720399289207
2008-10-24 09:00:00,0.9898543065427019,0.9922025838473617,0.9942781831378837,0.969472039928921
2008-10-24 10:00:00,0.9897077127052301,0.9922025838473617,0.9934670174374367,0.9704961380247309
2008-10-24 11:00:00,0.9897077127052301,0.9937718765391936,0.9942263277125076,0.96969822626656
2008-10-24 12:00:00,0.9882561421920661,0.9937718765391934,0.9938112387611288,0.9707643689272761
2008-10-24 13:00:00,0.9882561421920661,0.9917079842894516,0.9934670174374367,0.9698720188405406
2008-10-24 14:00:00,0.9882561421920661,0.9917079842894516,0.9936898698940525,0.9690810631202067
2008-10-27 07:00:00,0.98934263374802,0.9917079842894516,0.9936898698940522,0.9712072830928611
2008-10-27 08:00:00,0.9904897896181772,0.9899720287213698,0.9940628278818032,0.9733193735157016
2008-10-27 09:00:00,0.9895376038453584,0.9893852785306013,0.9940628278818032,0.9735942829859373
2008-10-27 10:00:00,0.9898550058082113,0.9864992619400894,0.9940628278818029,0.973306433928506
2008-10-27 11:00:00,0.9890222967112824,0.9845568035064233,0.9939147929986323,0.97187904966964
2008-10-27 12:00:00,0.9896302078712068,0.9873213862808596,0.9946904807395102,0.9690541413705935
2008-10-27 13:00:00,0.9896302078712068,0.989057341848941,0.9946904807395102,0.97081076137429
2008-10-27 14:00:00,0.9896302078712068,0.9855845750676606,0.9942656673263834,0.9713543352033468
2008-10-28 07:00:00,0.9917424446201908,0.9838486194995789,0.9948021251448391,0.9728184749488155
2008-10-28 08:00:00,0.9909912653816256,0.9833010461872795,0.9940782928293371,0.9719714200056087
2008-10-28 09:00:00,0.9893128059083539,0.9864992619400892,0.9942656673263834,0.9684516390887712
2008-10-28 10:00:00,0.9893128059083539,0.9873213862808594,0.993965525914574,0.9687394881462025
2008-10-28 11:00:00,0.9893128059083541,0.9890573418489412,0.993965525914574,0.9687394881462025
2008-10-28 12:00:00,0.9896302078712068,0.9890573418489412,0.993965525914574,0.9702036278916709
2008-10-28 13:00:00,0.9917424446201908,0.9917079842894515,0.9939655259145738,0.9706660950470771
2008-10-28 14:00:00,0.9911530797443456,0.988235217508171,0.9939655259145738,0.9713799185797082
2008-10-29 07:00:00,0.9928275633384441,0.9882352175081709,0.9946070595113422,0.9725562092677453
2008-10-29 08:00:00,0.9928275633384441,0.9882352175081709,0.99438703619346,0.9725562092677453
2008-10-29 09:00:00,0.9945755165722742,0.9901386915976196,0.994281960415147,0.9742527544755987
2008-10-29 10:00:00,0.9951038649857642,0.9930247081881319,0.9945019837330294,0.9742527544755984
2008-10-29 11:00:00,0.9946886114325557,0.9912887526200501,0.9952947802655202,0.9734723152376796
2008-10-29 12:00:00,0.9946886114325557,0.9912887526200501,0.9958434411653178,0.9739347823930858
2008-10-29 13:00:00,0.9948645051306975,0.9912887526200502,0.9964943937126105,0.9743193701808862
2008-10-29 14:00:00,0.9951699151392905,0.9912887526200502,0.9964943937126105,0.9747039579686869
2008-10-30 07:00:00,0.9964679890754249,0.9897194599282182,0.9966389005800191,0.9747039579686868
2008-10-30 08:00:00,0.9952797586839057,0.9897194599282182,0.9959879480327264,0.9732765737098208
2008-10-30 09:00:00,0.9952797586839057,0.9897194599282182,0.9964443080115047,0.974278246299883
2008-10-30 10:00:00,0.9952797586839057,0.9897194599282184,0.9960797778262139,0.9739903972424517
2008-10-30 11:00:00,0.9966702874107523,0.9897194599282184,0.9960797778262137,0.9732765737098206
2008-10-30 12:00:00,0.9970468392771566,0.9897194599282184,0.9966801716074182,0.9743193701808862
2008-10-30 13:00:00,0.9960512664923538,0.985522955875066,0.9960292190601254,0.9736055466482552
2008-10-30 14:00:00,0.9962198269480136,0.9865515830814204,0.9959879480327264,0.9739901344360558
2008-10-31 07:00:00,0.9962198269480136,0.9817231080572424,0.9954482621617193,0.9750930057029648
2008-10-31 08:00:00,0.9960512664923538,0.980504386895448,0.9949813177849642,0.9750930057029648
2008-10-31 09:00:00,0.9960512664923538,0.980504386895448,0.9952965225924802,0.9748051566455335
2008-10-31 10:00:00,0.9960512664923538,0.980504386895448,0.9946725744208416,0.9740913331129024
2008-10-31 11:00:00,0.9955449979758323,0.9780533394936999,0.9941524096911497,0.9740913331129024
2008-10-31 12:00:00,0.9955449979758323,0.9829875108145913,0.9945088855260644,0.9726639488540364
2008-10-31 13:00:00,0.9962351607520423,0.9843042347132717,0.9953377936198793,0.9706194797929086
2008-10-31 14:00:00,0.9956563105503103,0.9843042347132717,0.9952965225924802,0.9734443880919552
2008-11-03 07:00:00,0.9956563105503102,0.9843042347132717,0.9952483718531728,0.9762692963910017
2008-11-03 08:00:00,0.9965796149058438,0.9858735274051036,0.9956048476880877,0.9790942046900485
2008-11-03 09:00:00,0.9960512664923538,0.98410723293101,0.9952896428805719,0.9808508246937451
2008-11-03 10:00:00,0.9960512664923538,0.9787342065454266,0.994980899516449,0.9817236342676325
2008-11-03 11:00:00,0.9960512664923538,0.9841072329310098,0.9952896428805719,0.982108222055433
2008-11-03 12:00:00,0.9956563105503103,0.986558280332758,0.9955096661984543,0.9826885513710923
2008-11-03 13:00:00,0.9956563105503106,0.9843042347132719,0.9959563596357367,0.9835356063142989
2008-11-03 14:00:00,0.9970468392771568,0.9811852539471748,0.9962294334796242,0.9841159356299584
2008-11-04 07:00:00,0.9961640188942308,0.9787342065454269,0.9959563596357367,0.9841159356299579
2008-11-04 08:00:00,0.9964943937126105,0.9713548866001193,0.9960854811276552,0.9834988508276964
2008-11-04 09:00:00,0.9951038649857642,0.9697855939082873,0.9960854811276552,0.9817422308239998
2008-11-04 10:00:00,0.9952965225924802,0.9715518883823812,0.9965102945407818,0.9822046979794059
2008-11-04 11:00:00,0.9946886114325559,0.9776144844290082,0.996145764355491,0.9827850272950656
2008-11-04 12:00:00,0.99407691777214,0.979517958518457,0.9954061881759373,0.9827850272950652
2008-11-04 13:00:00,0.9946886114325559,0.9751313605098649,0.9949281544098736,0.9827850272950652
2008-11-04 14:00:00,0.9952965225924802,0.9782992373566627,0.9952926845951645,0.982400439507265
2008-11-05 07:00:00,0.9956563105503106,0.979517958518457,0.995683727832938,0.9821125904498337
2008-11-05 08:00:00,0.9959617205589034,0.9751313605098649,0.9955096661984543,0.9818247413924024
2008-11-05 09:00:00,0.9961640188942308,0.979517958518457,0.9955096661984543,0.9806484507043652
2008-11-05 10:00:00,0.9955851686924989,0.9757181107006332,0.9959766105752091,0.980648450704365
2008-11-05 11:00:00,0.9949233125758447,0.9751313605098649,0.9962492423780078,0.9783482568716119
2008-11-05 12:00:00,0.9941685686759711,0.9751313605098649,0.9963811730488631,0.9774754472977246
2008-11-05 13:00:00,0.9941685686759711,0.976350081671659,0.9959344796115811,0.9771462115528939
2008-11-05 14:00:00,0.9925650847312437,0.9751313605098649,0.9961658403869805,0.9754263470358
2008-11-06 07:00:00,0.9933198286311175,0.9782992373566625,0.9963958867298641,0.974809262233538
2008-11-06 08:00:00,0.9947734901673845,0.9848909849040401,0.99671690879041,0.9758520587046036
2008-11-06 09:00:00,0.9938057910496298,0.9829875108145913,0.9969322414522929,0.9763145258600097
2008-11-06 10:00:00,0.99396760541235,0.9758481899549146,0.9967461581366956,0.9763145258600099
2008-11-06 11:00:00,0.9924447335392111,0.9758481899549146,0.9967461581366953,0.9748871416011439
2008-11-06 12:00:00,0.9912040272208251,0.9758481899549146,0.9969867035194893,0.9751749906585749
2008-11-06 13:00:00,0.9905138644446152,0.9758481899549145,0.9967882891003238,0.9737108509131067
2008-11-06 14:00:00,0.9911539159348278,0.9818531873115237,0.9970718619841215,0.9726680544420411
2008-11-07 07:00:00,0.991153915934828,0.9764057121774391,0.9969867035194893,0.971307285888463
2008-11-07 08:00:00,0.9894059627009978,0.9729582874884748,0.9965809023067991,0.9710194368310318
2008-11-07 09:00:00,0.9881652563826115,0.972211119137413,0.9959155435108787,0.9679388037603596
2008-11-07 10:00:00,0.9881652563826118,0.9764076231905651,0.9959155435108787,0.9674763366049534
2008-11-07 11:00:00,0.9881652563826118,0.9764076231905654,0.9959155435108787,0.9664335401338879
2008-11-07 12:00:00,0.9863369745008801,0.9764076231905651,0.9959155435108787,0.9653306688669789
2008-11-07 13:00:00,0.9847334905561527,0.972211119137413,0.9953953787811867,0.9651006071739572
2008-11-07 14:00:00,0.9865617724378843,0.972211119137413,0.9957599089664777,0.9638432098122693
2008-11-10 07:00:00,0.9881652563826118,0.9741535775710789,0.9954805372458189,0.9643056769676756
2008-11-10 08:00:00,0.9865617724378843,0.9741535775710789,0.9952025426862771,0.9632628804966101
2008-11-10 09:00:00,0.9883097256717145,0.979170294951875,0.9953076184645899,0.9647503395513197
2008-11-10 10:00:00,0.9899132096164419,0.9823381717986728,0.9948295846985263,0.9680610343150137
2008-11-10 11:00:00,0.9896189179188788,0.9773214544178767,0.9941730443591604,0.9703612281477668
2008-11-10 12:00:00,0.987790636037147,0.9766367014902222,0.9938152540917294,0.9695141732045601
2008-11-10 13:00:00,0.987790636037147,0.9816534188710183,0.9938969706147722,0.9695141732045601
2008-11-10 14:00:00,0.9896189179188788,0.9816534188710185,0.99458469136895,0.9718143670373134
2008-11-11 07:00:00,0.990704036637132,0.9816534188710185,0.995159515185273,0.9709673120941068
2008-11-11 08:00:00,0.991944742955518,0.9799174633029367,0.9953953787811867,0.9720101085651722
2008-11-11 09:00:00,0.9902702593614195,0.9729582874884746,0.9947388384418209,0.9724725757205784
2008-11-11 10:00:00,0.9921576981733992,0.9746942430565563,0.9949742471351932,0.9747727695533318
2008-11-11 11:00:00,0.9921576981733994,0.9788888360965824,0.9953017830462771,0.9762369092988001
2008-11-11 12:00:00,0.9921576981733992,0.9788888360965824,0.9951033686271118,0.9736743582329
2008-11-11 13:00:00,0.991944742955518,0.9742005626386534,0.9951850851501545,0.9736743582329003
2008-11-11 14:00:00,0.9921576981733992,0.9750226869794236,0.9955415609850695,0.9730940289172407
2008-11-12 07:00:00,0.9921576981733992,0.9826753116522939,0.9963147992205581,0.9737111137195027
2008-11-12 08:00:00,0.9928787041936051,0.9844416061263874,0.996314799220558,0.9754309782365966
2008-11-12 09:00:00,0.9928787041936051,0.9826753116522939,0.996314799220558,0.9758155660243972
2008-11-12 10:00:00,0.99228933931776,0.9803957133650069,0.9964337867642454,0.97494275645051
2008-11-12 11:00:00,0.9914065189348339,0.9803957133650069,0.9962735281931588,0.9732228919334157
2008-11-12 12:00:00,0.9909912653816256,0.9781416677455207,0.995958323385643,0.9721800954623503
2008-11-12 13:00:00,0.9914065189348339,0.9818531873115235,0.9961444067012404,0.9726425626177564
2008-11-12 14:00:00,0.9921576981733992,0.9834224800033555,0.995958323385643,0.9738999599794445
2008-11-13 07:00:00,0.9924519898709622,0.9818531873115237,0.9957599089664777,0.9751573573411322
2008-11-13 08:00:00,0.9926075774710948,0.9826753116522937,0.995886338458509,0.9741556847510698
2008-11-13 09:00:00,0.9923946222532141,0.9787342065454269,0.9963999576851902,0.9736121109220133
2008-11-13 10:00:00,0.9936926961893484,0.98410723293101,0.9963999576851902,0.9728982873893821
2008-11-13 11:00:00,0.9936926961893483,0.9873054486838199,0.9963999576851902,0.9739410838604475
2008-11-13 12:00:00,0.9934903978540209,0.9873054486838196,0.9966670117533986,0.9765036349263476
2008-11-13 13:00:00,0.9936402202624813,0.9873054486838199,0.996827270324485,0.9771207197286094
2008-11-13 14:00:00,0.993795807862614,0.9873054486838199,0.9966670117533986,0.9781223923186716
2008-11-14 07:00:00,0.9948809265808674,0.9908171998093175,0.9969201224148823,0.9781223923186716
2008-11-14 08:00:00,0.9944656730276591,0.9952037978179096,0.997344935828009,0.9787027216343309
2008-11-14 09:00:00,0.9939984486563459,0.9965205217165898,0.9970718619841215,0.9789905706917622
2008-11-14 10:00:00,0.9941482710648061,0.994456629466848,0.9966049176073665,0.9789905706917622
2008-11-14 11:00:00,0.9941482710648061,0.9952037978179096,0.996877991451254,0.977629802138184
2008-11-14 12:00:00,0.9923199891830744,0.99652052171659,0.9966049176073665,0.9758731821344875
2008-11-14 13:00:00,0.9923199891830744,0.99652052171659,0.995886338458509,0.9750261271912808
2008-11-14 14:00:00,0.9923199891830744,0.9940373977974467,0.9958863384585088,0.9750261271912808
2008-11-17 07:00:00,0.9923199891830744,0.9940373977974465,0.995886338458509,0.9762024178793179
2008-11-17 08:00:00,0.9933155619678774,0.9965205217165898,0.9963643722245729,0.977629802138184
2008-11-17 09:00:00,0.9926797771409046,0.9965205217165898,0.9966049176073665,0.9788060928262211
2008-11-17 10:00:00,0.9936753499257074,0.9965205217165898,0.99683496395025,0.9816310011252678
2008-11-17 11:00:00,0.993491455666019,0.9965205217165898,0.9973019083270052,0.9828072918133051
2008-11-17 12:00:00,0.993491455666019,0.9980898144084217,0.9976748663147557,0.9839835825013422
2008-11-17 13:00:00,0.9939774180845313,0.9988369827594833,0.9979542380354144,0.9846974060339735
2008-11-17 14:00:00,0.992939010101473,0.9980898144084218,0.9978251165434958,0.9850819938217736
2008-11-18 07:00:00,0.9939774180845313,0.9980898144084218,0.9979181089772204,0.9850819938217739
2008-11-18 08:00:00,0.9929390101014728,0.9987745673360762,0.9980370965209078,0.9850819938217739
2008-11-18 09:00:00,0.9923032252745001,0.99734264605736,0.9980820366634731,0.9839791225548649
2008-11-18 10:00:00,0.9927891876930124,0.9980898144084218,0.9976547240241783,0.9844649090195121
2008-11-18 11:00:00,0.9946174695747442,0.9980898144084218,0.997825116543496,0.9844649090195121
2008-11-18 12:00:00,0.9951699151392905,0.9980898144084218,0.9982524291827907,0.9844649090195121
2008-11-18 13:00:00,0.9945080590226364,0.9987745673360762,0.9978466279701006,0.9837510854868811
2008-11-18 14:00:00,0.9953538093989791,0.9980898144084218,0.9979375297960644,0.9847938819579465
2008-11-19 07:00:00,0.9953538093989791,0.9980898144084217,0.9981279983468716,0.9843314148025404
2008-11-19 08:00:00,0.9941613123442201,0.9965205217165898,0.9982231798365052,0.9834843598593336
2008-11-19 09:00:00,0.9958397718174914,0.9957733533655282,0.9984736701955003,0.9841981833919646
2008-11-19 10:00:00,0.9958397718174914,0.99734264605736,0.998564572021464,0.9856623231374331
2008-11-19 11:00:00,0.995655877557803,0.994456629466848,0.998564572021464,0.9860469109252334
2008-11-19 12:00:00,0.995655877557803,0.9912887526200501,0.9983853837561093,0.9854298261229719
2008-11-19 13:00:00,0.9958397718174914,0.9912887526200501,0.9981753651805421,0.9854298261229719
2008-11-19 14:00:00,0.9953538093989791,0.9892248603703082,0.9978820600782738,0.9854298261229717
2008-11-20 07:00:00,0.9953538093989791,0.9838096351553616,0.9978364290544679,0.9850452383351713
2008-11-20 08:00:00,0.9953538093989789,0.9803368683740812,0.9975045140302328,0.9850452383351713
2008-11-20 09:00:00,0.9956841842173586,0.9797892950617817,0.9973643862757117,0.9850452383351713
2008-11-20 10:00:00,0.9946886114325559,0.980336868374081,0.9973643862757117,0.9825149828093963
2008-11-20 11:00:00,0.9933275539221372,0.976316528280501,0.9976130745457931,0.9815133102193343
2008-11-20 12:00:00,0.9936720080759384,0.9731486514337033,0.9980851173245491,0.9815133102193343
2008-11-20 13:00:00,0.9936720080759384,0.9731486514337033,0.9980851173245491,0.9806662552761275
2008-11-20 14:00:00,0.9936720080759384,0.9682144801128116,0.997797819132501,0.9821303950215959
2008-11-21 07:00:00,0.9936720080759384,0.9682144801128116,0.997797819132501,0.9806662552761275
2008-11-21 08:00:00,0.9936720080759387,0.9682144801128119,0.9974588830064266,0.9806662552761275
2008-11-21 09:00:00,0.9946886114325557,0.9682144801128119,0.997797819132501,0.9812465845917867
2008-11-21 10:00:00,0.9949940214411488,0.9741772786400577,0.997797819132501,0.9827107243372553
2008-11-21 11:00:00,0.9956841842173588,0.9773451554868554,0.997797819132501,0.9819969008046242
2008-11-21 12:00:00,0.9966518833351135,0.9773451554868556,0.9981753651805421,0.9811498458614175
2008-11-21 13:00:00,0.9959617205589035,0.9773451554868556,0.9984293032074388,0.981534433649218
2008-11-21 14:00:00,0.9955851686924988,0.9808179222681362,0.9981297341567361,0.981534433649218
2008-11-24 07:00:00,0.9955851686924988,0.9857520935890275,0.9981753651805422,0.981534433649218
2008-11-24 08:00:00,0.9955851686924989,0.9866659248163391,0.9981753651805421,0.9822482571818488
2008-11-24 09:00:00,0.9960711311110113,0.9857520935890275,0.9978364290544677,0.982248257181849
2008-11-24 10:00:00,0.996825875010885,0.9863840645600536,0.998222057580146,0.982248257181849
2008-11-24 11:00:00,0.9955851686924989,0.9846177700859599,0.998222057580146,0.9822482571818493
2008-11-24 12:00:00,0.9960711311110115,0.9797892950617817,0.9982220575801461,0.9813754476079617
2008-11-24 13:00:00,0.9969539514939374,0.980817922268136,0.9981753651805421,0.9835832711047466
2008-11-24 14:00:00,0.9969539514939374,0.9754026970531897,0.9984686702828105,0.9842970946373775
2008-11-25 07:00:00,0.9962920953772831,0.9708690531464162,0.9984293032074388,0.982985137217325
2008-11-25 08:00:00,0.9959155435108787,0.9689265947127503,0.998035237426021,0.9807773137205401
2008-11-25 09:00:00,0.9962920953772834,0.974341819927697,0.9978461391525576,0.9811619015083405
2008-11-25 10:00:00,0.9969539514939373,0.9780533394937001,0.9978461391525576,0.982985137217325
2008-11-25 11:00:00,0.9973137394517676,0.9797892950617817,0.998094827422639,0.9826005494295246
2008-11-25 12:00:00,0.9971378457536259,0.9857520935890275,0.9980948274226392,0.982215961641724
2008-11-25 13:00:00,0.9976441142701474,0.9878159858387696,0.9978461391525576,0.9834733590034119
2008-11-25 14:00:00,0.9985674186256807,0.9878159858387696,0.9983285425282893,0.9839358261588179
2008-11-26 07:00:00,0.9985674186256805,0.989034707000564,0.9984686702828105,0.9839358261588181
2008-11-26 08:00:00,0.9978772558494705,0.9878159858387696,0.9981753651805422,0.9843982933142243
2008-11-26 09:00:00,0.9977086953938109,0.989034707000564,0.9984686702828105,0.9843982933142243
2008-11-26 10:00:00,0.9982370438073006,0.989856831341334,0.9984686702828105,0.9871376349931429
2008-11-26 11:00:00,0.9985674186256805,0.9912887526200501,0.9980352374260211,0.9885650192520089
2008-11-26 12:00:00,0.9982370438073008,0.9893852785306013,0.9980352374260211,0.9885650192520089
2008-11-26 13:00:00,0.9977086953938108,0.9899720287213698,0.998035237426021,0.9881025520966027
2008-11-26 14:00:00,0.9980852472602152,0.9864602775958721,0.9984686702828105,0.9885650192520087
2008-11-28 07:00:00,0.9980852472602152,0.9870922485668979,0.9985609937062205,0.9871376349931429
2008-11-28 08:00:00,0.9977678452973625,0.9870922485668979,0.9982676886039522,0.9890875612032584
2008-11-28 09:00:00,0.9986135956737052,0.989856831341334,0.9982220575801461,0.9890875612032584
2008-11-28 10:00:00,0.9980852472602155,0.9869708147508218,0.9984759956070429,0.990130357674324
2008-11-28 11:00:00,0.9980852472602155,0.9869708147508218,0.9984759956070428,0.9896678905189178
2008-11-28 12:00:00,0.9980852472602155,0.9869708147508218,0.9988149317331173,0.9884915998308804
2008-11-28 13:00:00,0.9975328016956692,0.9863840645600533,0.9988149317331171,0.9864471307697527
2008-12-01 07:00:00,0.9970044532821793,0.9846177700859596,0.9986779914775202,0.9851897334080649
2008-12-01 08:00:00,0.9978872736651054,0.9886381101795398,0.9987246838771243,0.9866538731535334
2008-12-01 09:00:00,0.9984156220785952,0.9930247081881319,0.9989340050718342,0.985477582465496
2008-12-01 10:00:00,0.9989439704920852,0.9950886004378738,0.9989340050718342,0.9850151153100898
2008-12-01 11:00:00,0.9989439704920852,0.9950886004378738,0.9985877436215275,0.9857289388427211
2008-12-01 12:00:00,0.9989439704920852,0.9950886004378738,0.9986779914775202,0.9850151153100898
2008-12-01 13:00:00,0.9989439704920852,0.994456629466848,0.9988035114048609,0.9844347859944306
2008-12-01 14:00:00,0.999472318905575,0.9927206738987664,0.9988035114048609,0.9839723188390244
2008-12-02 07:00:00,0.999472318905575,0.994456629466848,0.9987132635488679,0.9833552340367627
2008-12-02 08:00:00,0.9992884246458864,0.9952787538076182,0.9987132635488679,0.9833552340367627
2008-12-02 09:00:00,0.9996482126037167,0.9960259221586797,0.9983593522883049,0.9836844697815931
2008-12-02 10:00:00,0.9994796521480568,0.994122448069231,0.9984848722156455,0.9831041404659339
2008-12-02 11:00:00,0.998789489371847,0.9909242323164211,0.9981647924128438,0.9805738849401588
2008-12-02 12:00:00,0.9989733836315353,0.994122448069231,0.9984421542650084,0.9801892971523587
2008-12-02 13:00:00,0.9989733836315353,0.9967730905097416,0.9985267000788159,0.9784694326352643
2008-12-02 14:00:00,0.998789489371847,0.9960259221586797,0.9981647924128437,0.9767128126315681
2008-12-03 07:00:00,0.9977510813887882,0.9933752797181695,0.9981647924128437,0.9767128126315681
2008-12-03 08:00:00,0.9975751876906467,0.9918059870263375,0.9976321940031538,0.9770974004193684
2008-12-03 09:00:00,0.9972153997328164,0.9933752797181695,0.9976321940031538,0.9779702099932559
2008-12-03 10:00:00,0.9958248710059701,0.9909242323164211,0.9976321940031538,0.9761469742842714
2008-12-03 11:00:00,0.9940769177721399,0.9872127127504181,0.9976321940031538,0.9739879619210122
2008-12-03 12:00:00,0.9935485693586501,0.9863905884096479,0.9976321940031538,0.9731409069778054
2008-12-03 13:00:00,0.9939638229118584,0.9863905884096479,0.9974088890504055,0.9717801384242272
2008-12-03 14:00:00,0.993355911751934,0.9839074644905046,0.9974088890504053,0.9697356693630994
2008-12-04 07:00:00,0.9920763840998789,0.9788907471097087,0.9969453039857136,0.9688886144198929
2008-12-04 08:00:00,0.9920763840998789,0.9769482886760426,0.9967443704908168,0.9703159986787587
2008-12-04 09:00:00,0.992436172057709,0.9797109604373524,0.9963904592302538,0.9681081751819739
2008-12-04 10:00:00,0.992436172057709,0.9834224800033555,0.9968540442949455,0.9667474066283956
2008-12-04 11:00:00,0.9930440832176335,0.9818531873115237,0.9970549777898423,0.9689552301251807
2008-12-04 12:00:00,0.9943236108696887,0.9805364634128434,0.9970549777898423,0.9680824205512932
2008-12-04 13:00:00,0.99264912727559,0.9788888360965822,0.9965913927251503,0.968699505353555
2008-12-04 14:00:00,0.9913510533394557,0.9797109604373524,0.9963904592302538,0.9704193698706491
2008-12-05 07:00:00,0.9913510533394557,0.9776470681876105,0.9963904592302538,0.9697055463380182
2008-12-05 08:00:00,0.9913510533394557,0.9797109604373524,0.9970131499266719,0.9697055463380182
2008-12-05 09:00:00,0.9921428587590686,0.9797109604373524,0.9966930701238701,0.9682414065925496
2008-12-05 10:00:00,0.9932384921514352,0.9824755432117886,0.9965913927251503,0.9687038737479561
2008-12-05 11:00:00,0.9917848306151682,0.9839074644905046,0.9964732612069571,0.9682180872833086
2008-12-05 12:00:00,0.9917848306151682,0.9830853401497346,0.9966323668386835,0.9677556201279024
2008-12-05 13:00:00,0.9917848306151682,0.9816534188710183,0.9966323668386835,0.9679856818209239
2008-12-05 14:00:00,0.9913510533394556,0.9788907471097087,0.9960749701877584,0.9679856818209241
2008-12-08 07:00:00,0.9906891972228015,0.9823381717986729,0.9959158645560322,0.967271858288293
2008-12-08 08:00:00,0.9896725938661841,0.9848212957178162,0.9962288017030623,0.9664248033450864
2008-12-08 09:00:00,0.9884421261679398,0.9788907471097087,0.9963067787004007,0.9664248033450864
2008-12-08 10:00:00,0.9906891972228015,0.9788907471097087,0.9965102640907625,0.9664248033450864
2008-12-08 11:00:00,0.9896725938661842,0.9788907471097085,0.9969043298721804,0.9676010940331236
2008-12-08 12:00:00,0.9880691099214568,0.9788907471097085,0.9967861983539872,0.963088616757108
2008-12-08 13:00:00,0.9870525065648397,0.9788907471097085,0.9969453039857133,0.9605515575154926
2008-12-08 14:00:00,0.9880691099214568,0.9788907471097085,0.9973670611872348,0.9600890903600864
2008-12-09 07:00:00,0.9870525065648397,0.9788907471097085,0.9973670611872348,0.9614498589136646
2008-12-09 08:00:00,0.9860963587506222,0.9764076231905652,0.9967443704908168,0.9633997851237802
2008-12-09 09:00:00,0.9870525065648397,0.9773214544178767,0.9967443704908168,0.9633997851237802
2008-12-09 10:00:00,0.9880691099214567,0.9798045783370201,0.9967443704908168,0.9647605536773582
2008-12-09 11:00:00,0.9887048947484298,0.9848212957178162,0.9969249574929282,0.9659368443653956
2008-12-09 12:00:00,0.9880691099214567,0.9871008940051033,0.9965997779553052,0.9634065888396206
2008-12-09 13:00:00,0.9891647433138235,0.9877856469327575,0.9965997779553052,0.9634065888396206
2008-12-09 14:00:00,0.9891647433138235,0.9855316013132712,0.9963656112197937,0.9642536437828274
2008-12-10 07:00:00,0.9901813466704408,0.9846177700859599,0.9967279705156272,0.9653565150497362
2008-12-10 08:00:00,0.9909930251955553,0.9861870627777916,0.9969464109319421,0.9665328057377733
2008-12-10 09:00:00,0.9901813466704408,0.9861870627777916,0.9961958216590387,0.9657591702156951
2008-12-10 10:00:00,0.991137494484658,0.9846177700859599,0.9960676290987167,0.9667418918909173
2008-12-10 11:00:00,0.9911374944846579,0.9846177700859599,0.9958948197062079,0.9655656012028799
2008-12-10 12:00:00,0.9911374944846579,0.9857520935890275,0.9956241492832855,0.9664126561460866
2008-12-10 13:00:00,0.991137494484658,0.9878159858387696,0.9952262702826102,0.9655656012028799
2008-12-10 14:00:00,0.9909616007865163,0.9863840645600533,0.9952262702826102,0.9655656012028799
2008-12-11 07:00:00,0.9908171314974138,0.9814498932391621,0.9954559665919995,0.9652777521454486
2008-12-11 08:00:00,0.9901813466704408,0.9825842167422297,0.9949668557527622,0.9642349556743831
2008-12-11 09:00:00,0.9899565487334365,0.9852348591827402,0.9944685862965791,0.963058664986346
2008-12-11 10:00:00,0.9895967607756062,0.9852348591827402,0.9944685862965791,0.9613621197784928
2008-12-11 11:00:00,0.9895967607756062,0.9852348591827402,0.9937036280624614,0.9604893102046056
2008-12-11 12:00:00,0.9893128059083539,0.980406384158562,0.9933179995367829,0.9587927649967526
2008-12-11 13:00:00,0.9881245755168352,0.9777557417180519,0.9933179995367829,0.9579457100535458
2008-12-11 14:00:00,0.9897990591109337,0.9798196339677937,0.9933607174874199,0.9586405826713366
2008-12-12 07:00:00,0.9904107527713494,0.9804063841585622,0.9936732157735129,0.9582398765769927
2008-12-12 08:00:00,0.9902662834822468,0.9749911589436155,0.9930896082035605,0.9582398765769927
2008-12-12 09:00:00,0.9915989831628683,0.9798196339677938,0.9935230410603498,0.9570635858889553
2008-12-12 10:00:00,0.9902662834822465,0.9726803131081169,0.9935230410603498,0.9570635858889553
2008-12-12 11:00:00,0.9907161627799423,0.9700296706676064,0.99321010391332,0.9573514349463866
2008-12-12 12:00:00,0.991153915934828,0.9731486514337033,0.9941646039359722,0.9539418289372801
2008-12-12 13:00:00,0.9920367363177539,0.9775352494422954,0.9941646039359722,0.9525810603837019
2008-12-12 14:00:00,0.9920367363177539,0.9817317534954476,0.9948721945868653,0.953161389699361
2008-12-15 07:00:00,0.991153915934828,0.9798282794059989,0.9950653872088435,0.9554615835321145
2008-12-15 08:00:00,0.9911539159348278,0.9763165282805011,0.9948997127606483,0.9529313280063395
2008-12-15 09:00:00,0.9897633872079815,0.9708690531464162,0.9947065201386697,0.9518885315352741
2008-12-15 10:00:00,0.9911539159348278,0.9743418199276968,0.9951005859200878,0.9541887253680272
2008-12-15 11:00:00,0.9926075774710951,0.9778535710531949,0.9959054410487832,0.9541887253680272
2008-12-15 12:00:00,0.991153915934828,0.9789144481786873,0.9959054410487832,0.955035780311234
2008-12-15 13:00:00,0.9894059627009978,0.9743808042719141,0.9951005859200878,0.953608396052368
2008-12-15 14:00:00,0.9894059627009978,0.9752029286126841,0.9952375261756848,0.9550725357978365
2008-12-16 07:00:00,0.9894059627009978,0.9701862112318882,0.9947940463602534,0.9547846867404054
2008-12-16 08:00:00,0.9894059627009977,0.9711825885191044,0.9947940463602534,0.9544554509955748
2008-12-16 09:00:00,0.9911539159348278,0.9701539613127499,0.9956354051763598,0.9544554509955748
2008-12-16 10:00:00,0.9897633872079815,0.9701539613127499,0.9953292982469077,0.9554571235856368
2008-12-16 11:00:00,0.9911539159348278,0.9692401300854383,0.9958866948978328,0.9576649470824219
2008-12-16 12:00:00,0.9911539159348278,0.9757162324258776,0.9960595042903418,0.9579941828272525
2008-12-16 13:00:00,0.9923946222532138,0.9806504037467693,0.9964218635861752,0.9610192010485588
2008-12-16 14:00:00,0.9904218710823796,0.9766300636531888,0.9962125423914653,0.9622209835608804
2008-12-17 07:00:00,0.9904218710823796,0.9766300636531892,0.9962936710258531,0.9615261109430896
2008-12-17 08:00:00,0.9913046914653053,0.9806504037467689,0.9962936710258533,0.9619885780984958
2008-12-17 09:00:00,0.9921875118482314,0.9806504037467692,0.9961089264391452,0.9637451981021924
2008-12-17 10:00:00,0.9921875118482314,0.9846707438403491,0.9961934722529526,0.9674565989602301
2008-12-17 11:00:00,0.9941602630190659,0.9873213862808594,0.9967033963772837,0.9692132189639264
2008-12-17 12:00:00,0.9932774426361399,0.988235217508171,0.9966188505634762,0.9699936582018455
2008-12-17 13:00:00,0.9922390346530814,0.988235217508171,0.9966188505634761,0.965966967390477
2008-12-17 14:00:00,0.9925444446616742,0.9850370017553611,0.9964628376997081,0.9634299081488614
2008-12-18 07:00:00,0.9927573998795552,0.988235217508171,0.9969249574929283,0.963814495936662
2008-12-18 08:00:00,0.9915166935611693,0.9833010461872795,0.9965997779553052,0.9647972176118841
2008-12-18 09:00:00,0.9927573998795552,0.9846177700859599,0.9965997779553052,0.9651818053996846
2008-12-18 10:00:00,0.991153915934828,0.9846177700859599,0.9965997779553052,0.9644013661617657
2008-12-18 11:00:00,0.9894059627009978,0.9878159858387696,0.9965997779553052,0.9646314278547873
2008-12-18 12:00:00,0.9907040366371322,0.9893852785306015,0.9970633630199973,0.9663279730626404
2008-12-18 13:00:00,0.9911539159348278,0.9873213862808596,0.9972193758837652,0.966657208807471
2008-12-18 14:00:00,0.9911539159348278,0.9833010461872795,0.9968495795139554,0.9662726210196705
2008-12-19 07:00:00,0.9911539159348278,0.9833010461872795,0.9971089940438033,0.9654255660764637
2008-12-19 08:00:00,0.9895504319901004,0.9833010461872795,0.9968329994451212,0.9633810970153359
2008-12-19 09:00:00,0.9883097256717145,0.9833010461872795,0.9970261920670996,0.9633810970153361
2008-12-19 10:00:00,0.9899132096164419,0.9833010461872795,0.997219854350715,0.9639981818175979
2008-12-19 11:00:00,0.9913668711527089,0.9871008940051031,0.997219854350715,0.9662060053143827
2008-12-19 12:00:00,0.9899132096164419,0.9882352175081709,0.997219854350715,0.9651031340474737
2008-12-19 13:00:00,0.9896189179188788,0.9882352175081709,0.9968495795139554,0.9634065888396206
2008-12-19 14:00:00,0.987790636037147,0.9833010461872795,0.9966563868919769,0.9626927653069894
2008-12-22 07:00:00,0.9875776808192661,0.9833010461872795,0.9970633630199973,0.9641802243616989
2008-12-22 08:00:00,0.9871278015215703,0.9833010461872795,0.9965640634685667,0.9648750969794897
2008-12-22 09:00:00,0.9875776808192659,0.9833010461872795,0.9965640634685667,0.9651308217511154
2008-12-22 10:00:00,0.9872937259520137,0.9833010461872795,0.9965640634685667,0.9639545310630783
2008-12-22 11:00:00,0.988765911210785,0.9815650906191978,0.9965640634685667,0.9639545310630783
2008-12-22 12:00:00,0.9875776808192659,0.980817922268136,0.9965640634685667,0.9639545310630783
2008-12-22 13:00:00,0.9852274078656909,0.980817922268136,0.9958298079809523,0.9644169982184844
2008-12-22 14:00:00,0.9861102282486169,0.982881814517878,0.9956450633942444,0.964746233963315
2008-12-23 07:00:00,0.988460501202192,0.9853649384370214,0.9959804558986144,0.9661736182221808
2008-12-23 08:00:00,0.9875776808192659,0.9864992619400892,0.9962101522080037,0.9651308217511154
2008-12-23 09:00:00,0.9875776808192659,0.9829875108145913,0.9962511263215368,0.9644359491333246
2008-12-23 10:00:00,0.9872937259520138,0.9818531873115237,0.9955168708339225,0.9644359491333246
2008-12-23 11:00:00,0.9891811647639933,0.9853649384370214,0.9955168708339225,0.9644359491333246
2008-12-23 12:00:00,0.9877275032277262,0.9864992619400892,0.995113989054417,0.9619056936075496
2008-12-23 13:00:00,0.9881652563826118,0.9845568035064233,0.9954047647266003,0.9600824578985653
2008-12-23 14:00:00,0.9894059627009978,0.9858735274051036,0.9958482445420314,0.9618390779022619
2008-12-24 07:00:00,0.9894059627009978,0.9858735274051036,0.9953951677285681,0.9640469013990468
2008-12-24 08:00:00,0.9888165978251525,0.9826753116522937,0.9951654714191788,0.9640469013990468
2008-12-24 09:00:00,0.9895376038453586,0.9844416061263874,0.9953346380930337,0.9636623136112461
2008-12-24 10:00:00,0.9881765463349398,0.9805005010195204,0.9948300789148088,0.9642426429269055
2008-12-24 11:00:00,0.9881765463349398,0.9819324222982365,0.9952936639795008,0.9657301019816149
2008-12-26 07:00:00,0.9898550058082113,0.988524169845614,0.9959764371023535,0.9665771569248218
2008-12-26 08:00:00,0.9902887830839238,0.988524169845614,0.9958482445420314,0.9699867629339283
2008-12-26 09:00:00,0.9907040366371322,0.9898408937442943,0.9963013213554948,0.9707672021718472
2008-12-26 10:00:00,0.9902368122658189,0.9898408937442943,0.9964945139774732,0.9703826143840467
2008-12-26 11:00:00,0.9883493734538394,0.988524169845614,0.9960875378494528,0.9695355594408399
2008-12-26 12:00:00,0.9883493734538394,0.9920359209711118,0.9964494455154251,0.9669985001992247
2008-12-26 13:00:00,0.9877093219636265,0.9912887526200502,0.9968564216434455,0.9692986940319779
2008-12-26 14:00:00,0.9881765463349398,0.9919735055477046,0.996494513977473,0.9720380357108964
2008-12-29 07:00:00,0.9881765463349398,0.9919735055477046,0.996494513977473,0.9720380357108964
2008-12-29 08:00:00,0.9881765463349398,0.9926054765187304,0.9966103723203864,0.9715755685554903
2008-12-29 09:00:00,0.9859294752800781,0.9912887526200501,0.9962405759505765,0.9701481842966243
2008-12-29 10:00:00,0.9848587299785581,0.9897194599282182,0.9960012826431552,0.9707652690988862
2008-12-29 11:00:00,0.9841596351196793,0.9878159858387696,0.9953550132077135,0.9709953307919078
2008-12-29 12:00:00,0.9845040892734808,0.989034707000564,0.9950196207033435,0.9706660950470771
2008-12-29 13:00:00,0.9845040892734808,0.9878159858387696,0.9942325277430291,0.9698924595249986
2008-12-29 14:00:00,0.9845040892734805,0.9890347070005638,0.9937463851636523,0.9681358395213021
2008-12-30 07:00:00,0.9856965863282396,0.989856831341334,0.9941584878635826,0.9685983066767085
2008-12-30 08:00:00,0.986951225889448,0.9907706625686457,0.9943170735568365,0.969641103147774
2008-12-30 09:00:00,0.9893287802215984,0.9907706625686457,0.9943170735568365,0.9721781623893891
2008-12-30 10:00:00,0.9876503207483269,0.989856831341334,0.9937463851636523,0.9747152216310048
2008-12-30 11:00:00,0.9883121768649812,0.986970814750822,0.9936258894538931,0.9747152216310045
2008-12-30 12:00:00,0.986951225889448,0.98258421674223,0.9928557822003596,0.9747152216310048
2008-12-30 13:00:00,0.9893287802215985,0.9834980479695414,0.9928557822003596,0.975003070688436
2008-12-30 14:00:00,0.9893287802215985,0.9863840645600536,0.9928557822003596,0.9724660114468204
2008-12-31 07:00:00,0.9893287802215984,0.9863840645600536,0.9936258894538929,0.9710386271879546
2008-12-31 08:00:00,0.9881362831668394,0.9825842167422296,0.9936258894538929,0.9722149178759917
2008-12-31 09:00:00,0.9886425516833609,0.9777557417180517,0.9930031987574748,0.974515111708745
2008-12-31 10:00:00,0.9886425516833609,0.9771689915272832,0.9927643839170032,0.9752289352413761
2008-12-31 11:00:00,0.9896971256834637,0.9771689915272832,0.9927643839170032,0.9755581709862067
2008-12-31 12:00:00,0.9888111121390206,0.9766214182149839,0.9919414391907699,0.975942758774007
2008-12-31 13:00:00,0.987450054628602,0.9798196339677937,0.9913568050374352,0.9734056995323919
2008-12-31 14:00:00,0.9858509609135924,0.9786009128059994,0.9910808104387531,0.9711055056996385
2009-01-02 07:00:00,0.9846659036362005,0.9786009128059994,0.9901683771342775,0.971879141221717
2009-01-02 08:00:00,0.9872814941729421,0.9821126639314971,0.9907102933369755,0.9718791412217168
2009-01-02 09:00:00,0.9858509609135923,0.9840161380209459,0.9910290058862942,0.9733065254805828
2009-01-02 10:00:00,0.9872120184240109,0.9878159858387696,0.9910290058862942,0.9745639228422708
2009-01-02 11:00:00,0.9888111121390206,0.9878159858387696,0.9910290058862945,0.9756067193133362
2009-01-02 12:00:00,0.9896971256834637,0.9863840645600536,0.9910290058862944,0.9767830100013734
2009-01-02 13:00:00,0.9896971256834637,0.986970814750822,0.9911365840620744,0.9767830100013734
2009-01-02 14:00:00,0.9896971256834637,0.9857520935890275,0.9907813678253444,0.975026389997677
2009-01-05 07:00:00,0.9881742538103248,0.9846177700859596,0.9898483836199977,0.9735622502522083
2009-01-05 08:00:00,0.9871196798102222,0.9817317534954475,0.9894220928948987,0.9748196476138963
2009-01-05 09:00:00,0.9881742538103248,0.9775352494422952,0.9898131608975477,0.9748196476138963
2009-01-05 10:00:00,0.9893667508650839,0.9785638766486499,0.9898131608975477,0.9744350598260959
2009-01-05 11:00:00,0.9893667508650839,0.9785638766486499,0.9898131608975477,0.9752821147693025
2009-01-05 12:00:00,0.9893667508650839,0.9834980479695414,0.9892712446948498,0.9767094990281683
2009-01-05 13:00:00,0.9914789876140678,0.9872978957873649,0.9898131608975477,0.9792465582697839
2009-01-05 14:00:00,0.9914789876140678,0.9872978957873649,0.9892285267442128,0.9800936132129906
2009-01-06 07:00:00,0.9893667508650839,0.9872978957873649,0.9888103385963334,0.9783737486958967
2009-01-06 08:00:00,0.9893667508650839,0.9872978957873649,0.9892712446948498,0.9789173225249532
2009-01-06 09:00:00,0.9914789876140677,0.9895519414068513,0.9898131608975477,0.9806739425286499
2009-01-06 10:00:00,0.9924466867318223,0.9918059870263375,0.9907813678253444,0.9806739425286499
2009-01-06 11:00:00,0.9932269408478981,0.9952787538076182,0.9907813678253444,0.9810031782734803
2009-01-06 12:00:00,0.9914789876140678,0.9952787538076182,0.9907102933369755,0.9805407111180742
2009-01-06 13:00:00,0.9911345334602664,0.9960259221586797,0.9910938661114375,0.9808285601755052
2009-01-06 14:00:00,0.9928824866940966,0.9960259221586797,0.9915363619442995,0.9815423837081364
2009-01-07 07:00:00,0.9928824866940966,0.9960259221586797,0.9918428841331408,0.9821594685103981
2009-01-07 08:00:00,0.9939676054123499,0.9980898144084218,0.992359306670533,0.9824887042552288
2009-01-07 09:00:00,0.9955710893570773,0.9988369827594833,0.9931641617992286,0.9846965277520136
2009-01-07 10:00:00,0.9942730154209428,0.9980898144084218,0.9933611487765294,0.9846965277520136
2009-01-07 11:00:00,0.9951558358038688,0.9980898144084218,0.9940954042641438,0.9846965277520136
2009-01-07 12:00:00,0.9962920953772834,0.9988369827594833,0.9940954042641438,0.9846965277520136
2009-01-07 13:00:00,0.9975328016956692,0.9980898144084218,0.994439017409027,0.9857393242230791
2009-01-07 14:00:00,0.9969539514939376,0.999521735687138,0.9948459935370474,0.9865863791662858
2009-01-08 07:00:00,0.9969539514939373,0.9980898144084218,0.9946490065597462,0.9874334341094926
2009-01-08 08:00:00,0.9966365495310848,0.9980898144084218,0.9939512547595428,0.9880505189117541
2009-01-08 09:00:00,0.9966365495310846,0.999521735687138,0.9939512547595428,0.9873366953791233
2009-01-08 10:00:00,0.9974822999074273,0.999521735687138,0.9946118268015359,0.9864896404359165
2009-01-08 11:00:00,0.9963460403340129,0.999521735687138,0.9949741860973693,0.9869521075913227
2009-01-08 12:00:00,0.9958600779155006,0.9987745673360763,0.9946118268015359,0.9859504350012603
2009-01-08 13:00:00,0.9960156655156331,0.99734264605736,0.994899124993584,0.9859504350012603
2009-01-08 14:00:00,0.9963460403340129,0.9950886004378738,0.994899124993584,0.9869521075913227
2009-01-09 07:00:00,0.996507854696733,0.9937718765391936,0.994899124993584,0.9863350227890607
2009-01-09 08:00:00,0.9960015861802115,0.9930247081881317,0.994899124993584,0.987048846321692
2009-01-09 09:00:00,0.9966094973401359,0.9944566294668479,0.995234517497954,0.987048846321692
2009-01-09 10:00:00,0.9969539514939374,0.99734264605736,0.9954686842334652,0.9874334341094924
2009-01-09 11:00:00,0.9960711311110113,0.99734264605736,0.9948459935370472,0.9874334341094926
2009-01-09 12:00:00,0.9954092749943573,0.99734264605736,0.9946118268015359,0.9871041983646619
2009-01-09 13:00:00,0.9959155435108787,0.9987745673360763,0.9941482417368438,0.9874334341094924
2009-01-09 14:00:00,0.9969539514939374,0.999521735687138,0.9944390174090267,0.9886097247975297
2009-01-12 07:00:00,0.9969539514939374,0.999521735687138,0.9948459935370474,0.9890721919529359
2009-01-12 08:00:00,0.9969539514939374,0.999521735687138,0.9950852868444686,0.9890721919529357
2009-01-12 09:00:00,0.9969539514939373,0.9987745673360762,0.9952034183626617,0.9886097247975295
2009-01-12 10:00:00,0.9969539514939373,0.9987745673360762,0.9950897473369097,0.9894567797407363
2009-01-12 11:00:00,0.9969539514939374,0.9995217356871378,0.9948504540294884,0.9897860154855669
2009-01-12 12:00:00,0.9969539514939374,0.9980898144084217,0.994213535782337,0.9897860154855669
2009-01-12 13:00:00,0.9964476829774159,0.9965205217165898,0.9937700559669057,0.9894567797407363
2009-01-12 14:00:00,0.9957266769572101,0.99652052171659,0.994213535782337,0.9887429562081055
2009-01-13 07:00:00,0.9948809265808672,0.99652052171659,0.9939838394729477,0.9875666655200681
2009-01-13 08:00:00,0.993795807862614,0.99652052171659,0.994382702456192,0.9850296062784527
2009-01-13 09:00:00,0.9935828526447328,0.9940373977974467,0.9946666125958001,0.9836022220195868
2009-01-13 10:00:00,0.992750143547804,0.9940373977974465,0.9948598052177787,0.9825594255485213
2009-01-13 11:00:00,0.9919043931714615,0.993352644869792,0.9945278901935436,0.982559425548521
2009-01-13 12:00:00,0.9917545707630011,0.993352644869792,0.9945278901935435,0.9797345172494745
2009-01-13 13:00:00,0.9905138644446152,0.993352644869792,0.9945278901935436,0.9791174324472126
2009-01-13 14:00:00,0.9885973687667525,0.993352644869792,0.9945278901935436,0.9777566638936347
2009-01-14 07:00:00,0.9862781183666826,0.993352644869792,0.9945278901935436,0.9760367993765405
2009-01-14 08:00:00,0.9875188246850685,0.9940373977974465,0.9950867848368167,0.9782446228733254
2009-01-14 09:00:00,0.9898380750851385,0.9957733533655283,0.9950867848368167,0.9813252559439976
2009-01-14 10:00:00,0.9898380750851385,0.994456629466848,0.9953005683428587,0.9817877230994038
2009-01-14 11:00:00,0.989987897493599,0.994456629466848,0.9947416736995854,0.9827893956894662
2009-01-14 12:00:00,0.9898380750851385,0.9919735055477044,0.9939739983291003,0.9822458218604093
2009-01-14 13:00:00,0.989987897493599,0.9919735055477047,0.9941021908894224,0.9822458218604093
2009-01-14 14:00:00,0.9910263054766576,0.9919735055477047,0.9941021908894224,0.9815319983277783
2009-01-15 07:00:00,0.9918720558530002,0.9892089227732684,0.993475728872917,0.98214908313004
2009-01-15 08:00:00,0.9918720558530002,0.9898408937442943,0.9932415621374058,0.9799412596332552
2009-01-15 09:00:00,0.9906838254614811,0.9898408937442943,0.992595292701964,0.9788383883663462
2009-01-15 10:00:00,0.9898380750851385,0.988524169845614,0.9919960089160418,0.9773742486208777
2009-01-15 11:00:00,0.9898380750851385,0.9864602775958721,0.9916835106299488,0.977662097678309
2009-01-15 12:00:00,0.9898380750851385,0.9858735274051036,0.9919595052286305,0.9773742486208777
2009-01-15 13:00:00,0.989987897493599,0.988524169845614,0.9919960089160416,0.9773742486208777
2009-01-15 14:00:00,0.989987897493599,0.988524169845614,0.9923662837528013,0.9791974843298622
2009-01-16 07:00:00,0.9908659851884027,0.988524169845614,0.9926380106526009,0.9791974843298622
2009-01-16 08:00:00,0.989987897493599,0.988524169845614,0.992595292701964,0.9802402808009276
2009-01-16 09:00:00,0.9887996671020798,0.9885241698456142,0.9925587890145529,0.9802402808009276
2009-01-16 10:00:00,0.98879966710208,0.988524169845614,0.992282794415871,0.9802402808009276
2009-01-16 11:00:00,0.9908659851884027,0.993352644869792,0.9924456713676845,0.9809541043335588
2009-01-16 12:00:00,0.9925444446616742,0.9950886004378738,0.992931813947061,0.9831619278303436
2009-01-16 13:00:00,0.993582852644733,0.9950886004378737,0.9924999372234765,0.9826994606749374
2009-01-16 14:00:00,0.993582852644733,0.993352644869792,0.9924456713676845,0.982119131359278
2009-01-20 07:00:00,0.9944656730276589,0.993352644869792,0.9924456713676845,0.982119131359278
2009-01-20 08:00:00,0.9951558358038689,0.9940373977974465,0.9931799268552989,0.982119131359278
2009-01-20 09:00:00,0.9953114234040016,0.9919735055477046,0.9934986394046178,0.9836065904139875
2009-01-20 10:00:00,0.9949940214411488,0.9912887526200501,0.9934986394046178,0.9842236752162492
2009-01-20 11:00:00,0.9946886114325559,0.988402736029538,0.9931434231678878,0.9839358261588181
2009-01-20 12:00:00,0.9935485693586501,0.9857520935890275,0.9923733159143544,0.9830630165849307
2009-01-20 13:00:00,0.9920763840998791,0.9797892950617817,0.9919470251892554,0.9819601453180218
2009-01-20 14:00:00,0.992827563338444,0.9766214182149838,0.9919470251892554,0.980010219107906
2009-01-21 07:00:00,0.9939638229118585,0.9785638766486499,0.9923895210221174,0.9800102191079062
2009-01-21 08:00:00,0.9935485693586501,0.9775352494422954,0.9928158117472164,0.9804726862633124
2009-01-21 09:00:00,0.993355911751934,0.9744162686761983,0.99358591900075,0.9804726862633124
2009-01-21 10:00:00,0.9926657489757241,0.9744162686761983,0.9939110985383728,0.9804726862633124
2009-01-21 11:00:00,0.993355911751934,0.9776144844290082,0.9937525128451191,0.9801434505184817
2009-01-21 12:00:00,0.9951038649857642,0.9829875108145916,0.9941950086779809,0.9826737060442565
2009-01-21 13:00:00,0.9958586088856377,0.9878159858387696,0.9949821016382955,0.9844303260479532
2009-01-21 14:00:00,0.9965796149058436,0.9886381101795398,0.9952580962369774,0.9844303260479532
2009-01-22 07:00:00,0.9965796149058436,0.9868718157054461,0.9952580962369774,0.9822225025511684
2009-01-22 08:00:00,0.9965796149058436,0.9876189840565076,0.9958169908802508,0.9830029417890874
2009-01-22 09:00:00,0.9956563105503103,0.9876189840565078,0.9955832757746005,0.9826183540012868
2009-01-22 10:00:00,0.9951038649857642,0.9900700314582558,0.9948698662599076,0.9822337662134862
2009-01-22 11:00:00,0.9954988209278074,0.9944566294668479,0.995344460934129,0.9818491784256856
2009-01-22 12:00:00,0.9954988209278076,0.9952037978179097,0.9955832757746005,0.9800259427167014
2009-01-22 13:00:00,0.994718566811732,0.9908171998093176,0.9952580962369774,0.9796967069718708
2009-01-22 14:00:00,0.9943236108696887,0.990070031458256,0.9958169908802506,0.9802770362875303
2009-01-23 07:00:00,0.9950446168898945,0.9927206738987664,0.9954550832142784,0.9798145691321241
2009-01-23 08:00:00,0.9958248710059701,0.9927206738987664,0.9947416736995855,0.9831252638958177
2009-01-23 09:00:00,0.9972153997328164,0.994456629466848,0.9947416736995855,0.983998073469705
2009-01-23 10:00:00,0.9982538077158751,0.9960259221586797,0.9952580962369774,0.9857179379867992
2009-01-23 11:00:00,0.9986135956737053,0.9967730905097416,0.9958807869333955,0.9857179379867991
2009-01-23 12:00:00,0.9989733836315355,0.9967730905097414,0.9960012826431552,0.9861025257745996
2009-01-23 13:00:00,0.9989733836315355,0.9967730905097414,0.996001282643155,0.9864871135623999
2009-01-23 14:00:00,0.9989733836315355,0.9960259221586797,0.9956658901387851,0.9857732900297692
2009-01-26 07:00:00,0.9989733836315355,0.9967730905097416,0.9954317234032737,0.9853108228743628
2009-01-26 08:00:00,0.9989733836315355,0.9980898144084217,0.9955973978514691,0.9856400586191935
2009-01-26 09:00:00,0.9983115275148814,0.9960259221586797,0.9957504359525926,0.9861025257745998
2009-01-26 10:00:00,0.9981276332551928,0.9960259221586797,0.9960277978047575,0.986564992930006
2009-01-26 11:00:00,0.9977510813887884,0.9952037978179096,0.9961089264391452,0.9861804051422054
2009-01-26 12:00:00,0.9977510813887884,0.9960259221586797,0.9959157338171666,0.9879370251459016
2009-01-26 13:00:00,0.9982370438073008,0.9967730905097414,0.9962344463664857,0.9873566958302424
2009-01-26 14:00:00,0.9975751876906467,0.994122448069231,0.9956770497155606,0.9877412836180429
2009-01-27 07:00:00,0.9969963374889149,0.9967730905097416,0.9954428829800493,0.9864838862563552
2009-01-27 08:00:00,0.9969963374889147,0.9967730905097416,0.9954838570935823,0.9864838862563552
2009-01-27 09:00:00,0.9969963374889149,0.9960259221586797,0.9960309609761239,0.9876601769443926
2009-01-27 10:00:00,0.9977510813887884,0.99734264605736,0.9965473835135158,0.9876601769443926
2009-01-27 11:00:00,0.9984129375054425,0.9980273989850146,0.9962344463664857,0.9886618495344547
2009-01-27 12:00:00,0.9987433123238223,0.9980273989850145,0.9960309609761236,0.9889910852792854
2009-01-27 13:00:00,0.998911872779482,0.9987745673360762,0.9960727888392943,0.9895346591083419
2009-01-27 14:00:00,0.9985674186256805,0.99734264605736,0.9963379216552134,0.9883583684203049
2009-01-28 07:00:00,0.9989439704920852,0.99734264605736,0.9970513311699062,0.9897857526791707
2009-01-28 08:00:00,0.9987754100364254,0.99652052171659,0.9970095033067358,0.9884249841255927
2009-01-28 09:00:00,0.9984156220785952,0.9957733533655283,0.9967443704908168,0.9884249841255927
2009-01-28 10:00:00,0.9975328016956692,0.9957733533655282,0.9964930807693437,0.9879625169701864
2009-01-28 11:00:00,0.9982538077158751,0.9950886004378737,0.9970095033067358,0.9882917527150169
2009-01-28 12:00:00,0.9984156220785952,0.9958357687889353,0.9971686089384618,0.9891388076582237
2009-01-28 13:00:00,0.9976946160583894,0.993352644869792,0.9966112122875368,0.9882917527150171
2009-01-28 14:00:00,0.9975328016956692,0.9912887526200501,0.9967451068900443,0.9882917527150171
2009-01-29 07:00:00,0.9978772558494706,0.9877770014945523,0.9968706268173848,0.9879625169701864
2009-01-29 08:00:00,0.9982370438073008,0.9897194599282182,0.9968706268173848,0.9884249841255927
2009-01-29 09:00:00,0.9978925896534995,0.9912887526200501,0.9968706268173848,0.9894266567156548
2009-01-29 10:00:00,0.9977086953938109,0.9926054765187304,0.9968706268173849,0.989426656715655
2009-01-29 11:00:00,0.9982370438073008,0.9957733533655283,0.9964930807693437,0.9916344802124397
2009-01-29 12:00:00,0.9991198641902268,0.9950886004378737,0.9970095033067358,0.9916344802124397
2009-01-29 13:00:00,0.9985674186256807,0.9950886004378737,0.9972104368016326,0.9916344802124397
2009-01-29 14:00:00,0.9982370438073008,0.9912887526200501,0.9973870493547767,0.9920190680002403
2009-01-30 07:00:00,0.9983988581700209,0.9927206738987664,0.9971686089384618,0.9920190680002402
2009-01-30 08:00:00,0.9985674186256807,0.9927206738987662,0.9970430890111213,0.9916344802124397
2009-01-30 09:00:00,0.9985674186256807,0.9952037978179096,0.9970430890111213,0.9916344802124397
2009-01-30 10:00:00,0.9989439704920852,0.9965205217165898,0.9975066740758134,0.9912498924246392
2009-01-30 11:00:00,0.9992884246458866,0.99652052171659,0.997326087073702,0.9904028374814324
2009-01-30 12:00:00,0.9985674186256807,0.99652052171659,0.9975493920264504,0.9904028374814324
2009-01-30 13:00:00,0.9982229644718792,0.9965205217165898,0.9977117155993803,0.9889386977359641
2009-01-30 14:00:00,0.9982229644718792,0.9980898144084217,0.9975066740758134,0.9871154620269798
2009-02-02 07:00:00,0.9982229644718792,0.99734264605736,0.9977117155993803,0.9893232855237647
2009-02-02 08:00:00,0.9985674186256807,0.9965205217165898,0.9971276348249287,0.9904995762118017
2009-02-02 09:00:00,0.9978772558494706,0.9940373977974467,0.9971276348249289,0.9897857526791707
2009-02-02 10:00:00,0.9978772558494706,0.9940373977974465,0.9971276348249289,0.9883583684203049
2009-02-02 11:00:00,0.9974822999074273,0.993352644869792,0.9971276348249289,0.9894011648913703
2009-02-02 12:00:00,0.9971225119495971,0.9927206738987662,0.9973870493547768,0.9889386977359641
2009-02-02 13:00:00,0.9978772558494706,0.9940373977974465,0.9979711301292282,0.9889386977359641
2009-02-02 14:00:00,0.9966365495310848,0.9940373977974465,0.9975075450645362,0.9889386977359641
2009-02-03 07:00:00,0.9955002899576703,0.9972052746442442,0.9973820251371959,0.9880916427927574
2009-02-03 08:00:00,0.995817691920523,0.9972052746442445,0.9973025035409693,0.9889386977359641
2009-02-03 09:00:00,0.9955002899576703,0.9957733533655283,0.9973820251371956,0.9886508486785328
2009-02-03 10:00:00,0.9955002899576703,0.99734264605736,0.9968246284862707,0.9878037937353261
2009-02-03 11:00:00,0.995817691920523,0.9950886004378738,0.9965759402161892,0.9878037937353263
2009-02-03 12:00:00,0.9966094973401362,0.9958357687889353,0.9971333368671144,0.9880916427927574
2009-02-03 13:00:00,0.997299660116346,0.99652052171659,0.9972615294274362,0.988476230580558
2009-02-03 14:00:00,0.9971378457536259,0.9987745673360763,0.9973820251371959,0.9890933153828195
2009-02-04 07:00:00,0.9971378457536259,0.99734264605736,0.9967451068900443,0.9887640796379893
2009-02-04 08:00:00,0.997299660116346,0.9966578931297058,0.9965357856953345,0.9872999398925207
2009-02-04 09:00:00,0.9972996601163459,0.9966578931297058,0.996615307291561,0.9869153521047203
2009-02-04 10:00:00,0.9976441142701473,0.9966578931297058,0.9968692453184577,0.98691535210472
2009-02-04 11:00:00,0.9968523088505344,0.9966578931297058,0.9970785665131674,0.9862015285720892
2009-02-04 12:00:00,0.996507854696733,0.9966578931297058,0.9968692453184577,0.9865861163598896
2009-02-04 13:00:00,0.9963460403340129,0.9937718765391934,0.996615307291561,0.9877624070479267
2009-02-04 14:00:00,0.9965146007896727,0.9912887526200501,0.9968692453184577,0.9867196105768613
2009-02-05 07:00:00,0.9965146007896727,0.9877770014945525,0.9968246284862707,0.9857179379867992
2009-02-05 08:00:00,0.9963460403340129,0.9864602775958721,0.9965759402161892,0.9860471737316299
2009-02-05 09:00:00,0.9963460403340129,0.9845568035064233,0.9965357856953345,0.9847897763699419
2009-02-05 10:00:00,0.9960015861802115,0.9872074459469337,0.996615307291561,0.985077625427373
2009-02-05 11:00:00,0.9953114234040016,0.988524169845614,0.996615307291561,0.9859246803705797
2009-02-05 12:00:00,0.995655877557803,0.9898408937442943,0.996615307291561,0.9861804051422054
2009-02-05 13:00:00,0.9969539514939374,0.9933526448697922,0.9969589204364441,0.9876077894010714
2009-02-05 14:00:00,0.9976441142701473,0.9933526448697922,0.9972128584633406,0.9879923771888718
2009-02-06 07:00:00,0.9976441142701473,0.9920359209711119,0.997172703942486,0.9886094619911335
2009-02-06 08:00:00,0.9976441142701473,0.9920359209711119,0.9972128584633406,0.9886094619911335
2009-02-06 09:00:00,0.9976441142701474,0.993352644869792,0.9972128584633406,0.9886094619911335
2009-02-06 10:00:00,0.9976441142701473,0.9912887526200501,0.996958920436444,0.9878956384585025
2009-02-06 11:00:00,0.9976441142701473,0.9912887526200501,0.9966593513857414,0.9886094619911335
2009-02-06 12:00:00,0.9976441142701473,0.9912887526200502,0.9966593513857414,0.989652258462199
2009-02-06 13:00:00,0.9978126747258071,0.9912887526200501,0.9963613692646642,0.9901147256176052
2009-02-06 14:00:00,0.9974822999074273,0.9858735274051037,0.9956701851617206,0.989826876560174
2009-02-09 07:00:00,0.9976441142701474,0.9858735274051037,0.9953312490356462,0.989826876560174
2009-02-09 08:00:00,0.997812674725807,0.9845568035064233,0.9953312490356462,0.9893644094047679
2009-02-09 09:00:00,0.9979885684239488,0.9872074459469339,0.9953312490356464,0.9908285491502363
2009-02-09 10:00:00,0.9979885684239488,0.9872074459469339,0.9949232274354559,0.9897857526791709
2009-02-09 11:00:00,0.9966904944878143,0.9806156983995562,0.9940802922039998,0.9874855588464175
2009-02-09 12:00:00,0.9970208693061943,0.982519172489005,0.9941189021259667,0.9874855588464175
2009-02-09 13:00:00,0.9968523088505344,0.9806156983995562,0.9940802922039998,0.9874855588464176
2009-02-09 14:00:00,0.9966904944878142,0.9779650559590456,0.9940023152066615,0.9863092681583803
2009-02-10 07:00:00,0.9970208693061943,0.9719024599124186,0.9940802922039998,0.9854622132151736
2009-02-10 08:00:00,0.9970208693061942,0.9745531023529291,0.994412207228235,0.9848451284129118
2009-02-10 09:00:00,0.9970208693061943,0.9745531023529291,0.9947055123305034,0.983998073469705
2009-02-10 10:00:00,0.9968523088505344,0.9713548866001195,0.9947055123305034,0.9832842499370741
2009-02-10 11:00:00,0.9966904944878143,0.9694514125106707,0.9946661452551318,0.9844605406251115
2009-02-10 12:00:00,0.9968523088505344,0.9726496282634803,0.9948353119289868,0.9849230077805177
2009-02-10 13:00:00,0.9978200079682891,0.9806156983995562,0.9953909489683946,0.9857700627237241
2009-02-10 14:00:00,0.9987433123238223,0.9845568035064233,0.9958446015923909,0.9869463534117614
2009-02-11 07:00:00,0.9991198641902268,0.9899720287213698,0.9965357856953345,0.9879480260018236
2009-02-11 08:00:00,0.9992884246458864,0.9864602775958721,0.996829090797603,0.9874855588464175
2009-02-11 09:00:00,0.9985674186256805,0.9864602775958721,0.9970384119923127,0.9874855588464175
2009-02-11 10:00:00,0.9985674186256807,0.9864602775958721,0.9970384119923127,0.9857289388427208
2009-02-11 11:00:00,0.9985674186256807,0.988524169845614,0.9968692453184576,0.9863092681583803
2009-02-11 12:00:00,0.9985674186256807,0.9858735274051036,0.9962174282908857,0.9866938559461809
2009-02-11 13:00:00,0.9976441142701473,0.9864602775958721,0.9959241231886174,0.9863092681583803
2009-02-11 14:00:00,0.9968523088505344,0.9825191724890048,0.9959241231886173,0.9855954446257491
2009-02-12 07:00:00,0.9968523088505344,0.982519172489005,0.9959241231886173,0.9860579117811553
2009-02-12 08:00:00,0.9970208693061942,0.9798685300484945,0.995963490263989,0.9863871475259859
2009-02-12 09:00:00,0.9965146007896728,0.9798685300484945,0.9959241231886173,0.9852108568379487
2009-02-12 10:00:00,0.9965146007896727,0.982519172489005,0.9958338753326244,0.9864682541996365
2009-02-12 11:00:00,0.9970208693061942,0.982519172489005,0.9960932898624724,0.9864682541996367
2009-02-12 12:00:00,0.9970208693061942,0.9831511434600309,0.9960932898624725,0.9864682541996367
2009-02-12 13:00:00,0.9968523088505344,0.9831511434600309,0.996172811458699,0.9847116341959401
2009-02-12 14:00:00,0.9963460403340129,0.9831511434600309,0.9960932898624724,0.9818867258968933
2009-02-13 07:00:00,0.995817691920523,0.9824039751089692,0.9962983313860394,0.982215961641724
2009-02-13 08:00:00,0.9969539514939374,0.9870922485668979,0.9967844739654159,0.9826784287971302
2009-02-13 09:00:00,0.9959862523761828,0.9831511434600306,0.9967844739654159,0.9826784287971302
2009-02-13 10:00:00,0.995655877557803,0.984467867358711,0.9969501484136112,0.9831408959525365
2009-02-13 11:00:00,0.9969539514939374,0.9898408937442943,0.9974665709510033,0.985185365013664
2009-02-13 12:00:00,0.9972843263123171,0.9905256466719486,0.9971229578061201,0.9855699528014646
2009-02-13 13:00:00,0.997812674725807,0.9905256466719486,0.9968690197792234,0.984527156330399
2009-02-13 14:00:00,0.9966764151523928,0.9905256466719486,0.9967844739654159,0.984527156330399
2009-02-17 07:00:00,0.995315357641974,0.9905256466719486,0.9970384119923125,0.9840646891749928
2009-02-17 08:00:00,0.995153543279254,0.9851526202863655,0.9970785665131673,0.9830630165849306
2009-02-17 09:00:00,0.9944633805030437,0.9851526202863655,0.9970384119923125,0.9837768401175617
2009-02-17 10:00:00,0.994463380503044,0.9844678673587111,0.997204086440508,0.9841060758623922
2009-02-17 11:00:00,0.994463380503044,0.9838358963876852,0.9971639319196531,0.982929785174355
2009-02-17 12:00:00,0.9946251948657642,0.9838358963876852,0.9971639319196531,0.9817534944863178
2009-02-17 13:00:00,0.9930261011507544,0.9824039751089692,0.996721436086791,0.9807518218962555
2009-02-17 14:00:00,0.9928642867880342,0.983035946079995,0.9965522694129362,0.9790319573791615
2009-02-18 07:00:00,0.9918258788049756,0.9824039751089692,0.996347227889369,0.9790319573791615
2009-02-18 08:00:00,0.9925468848251814,0.9838358963876852,0.9961334443833273,0.9793198064365928
2009-02-18 09:00:00,0.992060922406669,0.9844678673587111,0.9961334443833271,0.9798633802656495
2009-02-18 10:00:00,0.9919110999982086,0.9838358963876852,0.9953478767350955,0.9775631864328962
2009-02-18 11:00:00,0.9905874223829414,0.9838358963876851,0.9954258537324341,0.9758065664291995
2009-02-18 12:00:00,0.9881481756577347,0.9838358963876851,0.9954258537324341,0.9739833307202154
2009-02-18 13:00:00,0.9851255139525573,0.9838358963876852,0.9953077222142409,0.9722267107165189
2009-02-18 14:00:00,0.984781059798756,0.9831511434600306,0.9953922680280484,0.9707625709710502
2009-02-19 07:00:00,0.9871920278435175,0.987092248566898,0.9960998586789416,0.9725191909747468
2009-02-19 08:00:00,0.9881481756577347,0.9877770014945523,0.9964317737031765,0.9725191909747468
2009-02-19 09:00:00,0.9884655776205874,0.9824039751089692,0.9965145756798801,0.9742390554918408
2009-02-19 10:00:00,0.9910546467542545,0.9870922485668979,0.9972057597828238,0.974952879024472
2009-02-19 11:00:00,0.9923783243695217,0.9912887526200502,0.9977221823202159,0.9767761147334563
2009-02-19 12:00:00,0.9925468848251814,0.9926054765187305,0.9979315035149254,0.9774899382660872
2009-02-19 13:00:00,0.9929066727830115,0.9940373977974465,0.997889675651755,0.9789540780115558
2009-02-19 14:00:00,0.9929066727830115,0.9940373977974465,0.997373253114363,0.9792833137563863
2009-02-20 07:00:00,0.9933926352015242,0.9940373977974467,0.9968871105349864,0.979612549501217
2009-02-20 08:00:00,0.9928642867880342,0.9940373977974467,0.9968443925843494,0.980326373033848
2009-02-20 09:00:00,0.9927086991879015,0.9940373977974467,0.9967632639499616,0.9799971372890174
2009-02-20 10:00:00,0.9930684871457317,0.9947221507251011,0.9967632639499617,0.9792833137563861
2009-02-20 11:00:00,0.9929066727830117,0.9940373977974465,0.9961368019334564,0.9785694902237554
2009-02-20 12:00:00,0.9929066727830117,0.9972052746442445,0.9966350713896396,0.9785694902237554
2009-02-20 13:00:00,0.9929066727830117,0.9972052746442445,0.9967214360867912,0.9777224352805486
2009-02-20 14:00:00,0.9929066727830117,0.9972052746442445,0.9968443925843494,0.978898725968586
2009-02-23 07:00:00,0.9948231684608743,0.9987745673360762,0.9974150809775336,0.9799003985586481
2009-02-23 08:00:00,0.994823168460874,0.99734264605736,0.9974577989281705,0.9799003985586481
2009-02-23 09:00:00,0.9933926352015242,0.9966578931297058,0.997373253114363,0.9780771628496637
2009-02-23 10:00:00,0.9933926352015242,0.9966578931297058,0.9972921244799752,0.9777479271048333
2009-02-23 11:00:00,0.9925468848251814,0.9950886004378738,0.9972075786661677,0.9783282564204923
2009-02-23 12:00:00,0.9920609224066688,0.9957733533655282,0.9969588903960863,0.9776144328878614
2009-02-23 13:00:00,0.9903774568335717,0.9957733533655283,0.9969179162825532,0.9735877420764929
2009-02-24 07:00:00,0.9925468848251815,0.9965205217165898,0.9969179162825532,0.9746305385475585
2009-02-24 08:00:00,0.9915084768421228,0.99652052171659,0.9969179162825532,0.976612760297799
2009-02-24 09:00:00,0.992060922406669,0.9987745673360762,0.9970870829564082,0.9769973480855996
2009-02-24 10:00:00,0.9914251375796962,0.9980273989850145,0.996516394563224,0.9769973480855996
2009-02-24 11:00:00,0.9934914556660192,0.9980273989850145,0.9972075786661675,0.9781736387736369
2009-02-24 12:00:00,0.9939774180845315,0.9957733533655283,0.9971639319196531,0.9781736387736367
2009-02-24 13:00:00,0.9939774180845313,0.9972052746442445,0.9971639319196531,0.978887462306268
2009-02-24 14:00:00,0.9948231684608743,0.9972052746442445,0.9971639319196531,0.980248230859846
2009-02-25 07:00:00,0.9935685288996656,0.99652052171659,0.9972921244799752,0.9820048508635426
2009-02-25 08:00:00,0.9935685288996657,0.9972052746442445,0.9973322790008299,0.9825851801792019
2009-02-25 09:00:00,0.9949990621590158,0.9987745673360762,0.997889675651755,0.9837614708672393
2009-02-25 10:00:00,0.9949990621590158,0.9987745673360762,0.9972921244799752,0.9855847065762234
2009-02-25 11:00:00,0.9943372060423616,0.9987745673360762,0.9972075786661677,0.9864317615194302
2009-02-25 12:00:00,0.9943372060423616,0.99734264605736,0.9970870829564082,0.9846751415157337
2009-02-25 13:00:00,0.9930825664811532,0.9980898144084218,0.9972921244799752,0.985059729303534
2009-02-26 07:00:00,0.9924207103644991,0.9987745673360762,0.9972921244799752,0.9836323450446681
2009-02-26 08:00:00,0.9916090318393845,0.9980898144084218,0.9970434362098937,0.9827595354707808
2009-02-26 09:00:00,0.9922448166663573,0.99734264605736,0.9970434362098937,0.981912480527574
2009-02-26 10:00:00,0.9929066727830117,0.99734264605736,0.9965145756798801,0.9823749476829802
2009-02-26 11:00:00,0.9939774180845315,0.9980898144084217,0.9969124546805554,0.9827595354707808
2009-02-26 12:00:00,0.9946675808607415,0.999521735687138,0.9970852640730643,0.9844793999878747
2009-02-26 13:00:00,0.995153543279254,0.999521735687138,0.9969124546805554,0.9830520157290089
2009-02-27 07:00:00,0.9954979974330554,0.9987745673360763,0.9970852640730643,0.9822049607858021
2009-02-27 08:00:00,0.995153543279254,0.9987745673360763,0.9969124546805554,0.9822049607858021
2009-02-27 09:00:00,0.9946675808607416,0.9980898144084217,0.9967115211856586,0.980485096268708
2009-02-27 10:00:00,0.9930684871457318,0.99652052171659,0.9961408327924748,0.9779480370270928
2009-02-27 11:00:00,0.9935544495642442,0.9957733533655283,0.9959642202393302,0.9786618605597236
2009-02-27 12:00:00,0.9938989037180457,0.99652052171659,0.9961408327924745,0.9783326248148931
2009-02-27 13:00:00,0.9938989037180457,0.99652052171659,0.9954733966624362,0.9792054343887806
2009-02-27 14:00:00,0.9940607180807657,0.9957733533655283,0.9947485929491733,0.9792054343887806
2009-03-02 07:00:00,0.9942292785364256,0.99652052171659,0.9950805079734083,0.9800524893319873
2009-03-02 08:00:00,0.9942292785364254,0.99652052171659,0.9951633099501119,0.9792720500940684
2009-03-02 09:00:00,0.9922154381449482,0.99652052171659,0.9950451784319188,0.978887462306268
2009-03-02 10:00:00,0.9920468776892887,0.9972052746442445,0.9951633099501119,0.9803148465651338
2009-03-02 11:00:00,0.9937303432623857,0.9987745673360762,0.9958053116866713,0.9828519058067492
2009-03-02 12:00:00,0.9938989037180455,0.9987745673360762,0.9960539999567527,0.9838535783968115
2009-03-02 13:00:00,0.9942292785364254,0.9980898144084218,0.9960539999567527,0.9834689906090109
2009-03-03 07:00:00,0.9940607180807657,0.9980898144084218,0.9960941544776075,0.9827551670763801
2009-03-03 08:00:00,0.9940607180807657,0.9987745673360762,0.996219674404948,0.9834689906090112
2009-03-03 09:00:00,0.9942292785364254,0.9980898144084218,0.996219674404948,0.9831397548641805
2009-03-03 10:00:00,0.9942292785364254,0.99734264605736,0.996219674404948,0.9834689906090109
2009-03-03 11:00:00,0.9942292785364254,0.9987745673360763,0.9954547161708304,0.9834689906090109
2009-03-03 12:00:00,0.9938989037180455,0.9987745673360762,0.9952890417226351,0.9843160455522176
2009-03-03 13:00:00,0.9938989037180455,0.99734264605736,0.9953735875364428,0.9839314577644172
2009-03-03 14:00:00,0.9942292785364254,0.99734264605736,0.995496544034001,0.984548542566679
2009-03-04 07:00:00,0.9958283722514352,0.99734264605736,0.9960958278199232,0.9853955975098858
2009-03-04 08:00:00,0.9956598117957755,0.9987745673360762,0.9959335042469932,0.9861760367478045
2009-03-04 09:00:00,0.995315357641974,0.9987745673360762,0.9960958278199232,0.9847118970023361
2009-03-04 10:00:00,0.995315357641974,0.9965205217165898,0.9961385457705602,0.9843273092145357
2009-03-04 11:00:00,0.9937162639269642,0.9940373977974465,0.9960958278199232,0.9836134856819047
2009-03-04 12:00:00,0.995315357641974,0.9972052746442445,0.9967632639499617,0.9831510185264986
2009-03-04 13:00:00,0.995315357641974,0.99652052171659,0.996928938398157,0.9835356063142989
2009-03-05 07:00:00,0.9956598117957755,0.99652052171659,0.996928938398157,0.9835356063142989
2009-03-05 08:00:00,0.9956598117957755,0.99652052171659,0.996928938398157,0.9843826612575054
2009-03-05 09:00:00,0.9968523088505344,0.9987745673360763,0.9975406009048741,0.9835356063142989
2009-03-05 10:00:00,0.9978200079682891,0.9987745673360762,0.9980151955790956,0.9849629905731649
2009-03-05 11:00:00,0.9987433123238221,0.9987745673360762,0.9984787806437876,0.9843826612575056
2009-03-05 12:00:00,0.9987433123238223,0.99734264605736,0.998520608506958,0.9843826612575056
2009-03-05 13:00:00,0.9983988581700208,0.9966578931297055,0.9984787806437875,0.9854254577285713
2009-03-06 07:00:00,0.9987754100364252,0.99734264605736,0.9988490554805474,0.985425457728571
2009-03-06 08:00:00,0.9982691415199039,0.99734264605736,0.9988063375299103,0.9850408699407704
2009-03-06 09:00:00,0.9982691415199039,0.9966578931297055,0.9987235355532067,0.9850408699407707
2009-03-06 10:00:00,0.9987754100364252,0.9980898144084218,0.9986808176025698,0.9850408699407704
2009-03-06 11:00:00,0.9987754100364252,0.9987745673360763,0.9986808176025698,0.9850408699407704
2009-03-06 12:00:00,0.9987754100364252,0.99734264605736,0.9988063375299103,0.9864682541996365
2009-03-06 13:00:00,0.9987754100364252,0.99734264605736,0.9984787806437876,0.9867974899444671
2009-03-06 14:00:00,0.9987754100364252,0.99734264605736,0.9984787806437876,0.98562119925643
2009-03-09 07:00:00,0.9982691415199039,0.9973426460573602,0.9983532607164469,0.9841570595109614
2009-03-09 08:00:00,0.9987754100364254,0.9973426460573602,0.9982687149026395,0.9845416472987618
2009-03-09 09:00:00,0.9986135956737052,0.995910724778644,0.9981875862682517,0.9822414534660084
2009-03-09 10:00:00,0.9980852472602155,0.995910724778644,0.9982687149026395,0.9818568656782081
2009-03-09 11:00:00,0.9980852472602153,0.9936566791591578,0.9983532607164469,0.9818568656782081
2009-03-09 12:00:00,0.9987754100364254,0.9936566791591576,0.9983532607164469,0.9806805749901708
2009-03-09 13:00:00,0.9978925896534994,0.9936566791591578,0.9982687149026397,0.9802181078347647
2009-03-10 07:00:00,0.9973137394517676,0.9950886004378738,0.9983114328532763,0.9802181078347645
2009-03-10 08:00:00,0.9965219340321546,0.9958357687889355,0.9982687149026395,0.979601023032503
2009-03-10 09:00:00,0.9965219340321546,0.9937718765391936,0.9981457584050812,0.979057449203446
2009-03-10 10:00:00,0.9965219340321546,0.9937718765391934,0.9979765917312262,0.979057449203446
2009-03-10 11:00:00,0.9965219340321546,0.9899720287213698,0.9979765917312261,0.979601023032503
2009-03-10 12:00:00,0.9973137394517676,0.9917079842894516,0.9979765917312261,0.9804480779757095
2009-03-10 13:00:00,0.9978925896534994,0.9925301086302215,0.9984296685446894,0.9824925470368372
2009-03-10 14:00:00,0.9973863211369779,0.989057341848941,0.9982158850386474,0.9816454920936307
2009-03-11 07:00:00,0.9972024268772894,0.9882352175081709,0.9982158850386474,0.9810651627779712
2009-03-11 08:00:00,0.9961640188942308,0.985037001755361,0.9977226537043293,0.9806805749901707
2009-03-11 09:00:00,0.9955021627775766,0.9806504037467692,0.997138572929878,0.9803927259327395
2009-03-11 10:00:00,0.9945065899927735,0.9752029286126843,0.997138572929878,0.9809362997617963
2009-03-11 11:00:00,0.9951684461094277,0.9778535710531947,0.9973436144534451,0.9816501232944276
2009-03-11 12:00:00,0.9961640188942308,0.9787674022805063,0.9974665709510033,0.9819379723518589
2009-03-11 13:00:00,0.9949233125758447,0.9798282794059989,0.9974665709510033,0.9802181078347647
2009-03-12 07:00:00,0.9949233125758447,0.9833010461872793,0.9974665709510033,0.9805473435795952
2009-03-12 08:00:00,0.9949233125758449,0.9857520935890275,0.9972899583978588,0.9822672080966891
2009-03-12 09:00:00,0.9955851686924989,0.9864992619400892,0.9970248255819398,0.9818047409412829
2009-03-12 10:00:00,0.9943444623741129,0.9838486194995789,0.9965913927251503,0.9805473435795952
2009-03-12 11:00:00,0.9948304247926255,0.9810840367251428,0.9961885109456451,0.9808351926370265
2009-03-12 12:00:00,0.9948304247926251,0.9810840367251428,0.9959875774507483,0.980061557114948
2009-03-12 13:00:00,0.993694165219211,0.9829875108145916,0.9953900262789686,0.9794444723126862
2009-03-13 07:00:00,0.9933887552106181,0.9758481899549145,0.9952340134152007,0.9784617506374642
2009-03-13 08:00:00,0.9920906812744836,0.973197547514404,0.9953900262789686,0.9784617506374642
2009-03-13 09:00:00,0.9928824866940966,0.9797892950617816,0.9958330625793287,0.9781325148926336
2009-03-13 10:00:00,0.9933887552106181,0.9829875108145916,0.9960339960742253,0.9774186913600026
2009-03-13 11:00:00,0.994180560630231,0.9845568035064233,0.9960339960742253,0.978461487831068
2009-03-13 12:00:00,0.994018746267511,0.981906161065913,0.9953821790466535,0.9797734452511208
2009-03-13 13:00:00,0.994018746267511,0.977885820972333,0.9953042020493149,0.9797734452511208
2009-03-13 14:00:00,0.9935327838489983,0.977885820972333,0.994861165748955,0.980259231715768
2009-03-16 07:00:00,0.9943444623741128,0.9739447158654659,0.995020271380681,0.9812609043058304
2009-03-16 08:00:00,0.9943444623741128,0.9707465001126561,0.9949407497844548,0.9808763165180298
2009-03-16 09:00:00,0.9935327838489982,0.9702331962994627,0.9947816441527284,0.9808763165180298
2009-03-16 10:00:00,0.9941116340507302,0.9657398929446676,0.9947816441527284,0.9802959872023704
2009-03-16 11:00:00,0.9925081501060028,0.9617195528510875,0.9947816441527284,0.9792531907313049
2009-03-16 12:00:00,0.9931160612659272,0.967034980546653,0.9947816441527284,0.9786361059290432
2009-03-16 13:00:00,0.9935110172079706,0.9692401300854385,0.9953026574504271,0.9786361059290432
2009-03-17 07:00:00,0.9931160612659272,0.97417430140633,0.9954231531601866,0.9803927259327395
2009-03-17 08:00:00,0.9933087188726435,0.977885820972333,0.9959938415533708,0.9798123966170803
2009-03-17 09:00:00,0.9919760191920214,0.9746876052195231,0.9953026574504271,0.9803559704461371
2009-03-17 10:00:00,0.9929715919768245,0.9746876052195231,0.9946761954339217,0.9807405582339375
2009-03-17 11:00:00,0.9914994067180533,0.97417430140633,0.9938332602024658,0.9800267347013064
2009-03-17 12:00:00,0.9917833615853056,0.9746876052195231,0.9938332602024658,0.9810284072913688
2009-03-17 13:00:00,0.9929715919768245,0.977885820972333,0.9946761954339217,0.9801813523481622
2009-03-17 14:00:00,0.9914994067180531,0.97417430140633,0.9945170898021953,0.9781368832870344
2009-03-18 07:00:00,0.9914994067180533,0.9806504037467689,0.9948300269492257,0.977881158515409
2009-03-18 08:00:00,0.9917833615853056,0.9746876052195231,0.9946290934543289,0.9796010230325027
2009-03-18 09:00:00,0.9917833615853056,0.977885820972333,0.9949426183238043,0.9792717872876723
2009-03-18 10:00:00,0.9919760191920216,0.977885820972333,0.9956724123487145,0.9810284072913688
2009-03-18 11:00:00,0.9919760191920214,0.97417430140633,0.9956724123487145,0.9800267347013064
2009-03-18 12:00:00,0.9929715919768245,0.9733521770655598,0.9956724123487145,0.9803559704461371
2009-03-18 13:00:00,0.991297108382726,0.9733521770655598,0.9953908795576059,0.9778189112045217
2009-03-19 07:00:00,0.9896936244379986,0.9733521770655598,0.9948698662599076,0.9757744421433939
2009-03-19 08:00:00,0.9896936244379986,0.9733521770655598,0.995344460934129,0.9757744421433939
2009-03-19 09:00:00,0.9882792624800657,0.9733521770655598,0.9953444609341289,0.9757744421433939
2009-03-19 10:00:00,0.9885535823640927,0.9733521770655598,0.995344460934129,0.9767761147334563
2009-03-19 11:00:00,0.9896936244379986,0.9724383458382482,0.995344460934129,0.9753119749879877
2009-03-19 12:00:00,0.9882792624800657,0.964302647691355,0.9953444609341289,0.9735921104708938
2009-03-19 13:00:00,0.9885535823640929,0.9557890042429797,0.9953444609341289,0.9739213462157245
2009-03-20 07:00:00,0.9882792624800657,0.9511382036249155,0.9949821016382955,0.9733042614134625
2009-03-20 08:00:00,0.9876713513201414,0.9483736208504793,0.9951830351331922,0.9721279707254251
2009-03-20 09:00:00,0.9882792624800657,0.9543364193777254,0.9947948051561223,0.9721279707254253
2009-03-20 10:00:00,0.9882792624800657,0.9568872642988545,0.9950285202617726,0.974952879024472
2009-03-20 11:00:00,0.989669791206912,0.9634790118462322,0.9950285202617725,0.9764170187699402
2009-03-20 12:00:00,0.989477133600196,0.9673826441132348,0.9951490159715319,0.9756365795320213
2009-03-20 13:00:00,0.989477133600196,0.9662061217808038,0.9947065201386697,0.9734287560352367
2009-03-20 14:00:00,0.9880866048733496,0.9643026476913552,0.9944578318685885,0.9724270834451743
2009-03-23 07:00:00,0.9882792624800656,0.9684972407313811,0.9946666125958004,0.9703826143840467
2009-03-23 08:00:00,0.9886945160332742,0.9702331962994629,0.9949153008658818,0.9734632474547189
2009-03-23 09:00:00,0.9905038339332506,0.9724383458382482,0.9955113752673653,0.9755077165158467
2009-03-23 10:00:00,0.9905038339332506,0.9778535710531947,0.9958243124143955,0.9755077165158467
2009-03-23 11:00:00,0.9905038339332506,0.9833010461872795,0.9959612526699925,0.9755077165158464
2009-03-23 12:00:00,0.9901088779912071,0.9853649384370214,0.9956961198540735,0.9755077165158464
2009-03-23 13:00:00,0.9912971083827258,0.9853649384370214,0.9962125423914655,0.9775521855769743
2009-03-24 07:00:00,0.9896900888180771,0.9816534188710183,0.9954619531185621,0.9761914170233962
2009-03-24 08:00:00,0.9880866048733496,0.9833010461872795,0.995575624144314,0.9744347970196997
2009-03-24 09:00:00,0.9882792624800657,0.9833010461872793,0.9962125423914655,0.9730740284661215
2009-03-24 10:00:00,0.9874465533831369,0.9857520935890275,0.9965033180636484,0.9705114774002216
2009-03-24 11:00:00,0.9852937969879908,0.9846177700859599,0.995956214181107,0.9687916128831277
2009-03-24 12:00:00,0.9857090505411991,0.9886381101795397,0.9962273234649666,0.9681745280808657
2009-03-24 13:00:00,0.9850332611817225,0.9878159858387695,0.9960288712161935,0.961965505596997
2009-03-24 14:00:00,0.9848309628463954,0.9858735274051036,0.9963048658148754,0.9609227091259316
2009-03-25 07:00:00,0.9856426413715099,0.9858735274051036,0.9968495795139554,0.9609227091259316
2009-03-25 08:00:00,0.9868972809327182,0.9858735274051036,0.9968495795139554,0.9622834776795096
2009-03-25 09:00:00,0.9888370821099833,0.9843042347132719,0.9970261920670997,0.963459768367547
2009-03-25 10:00:00,0.9898754900930419,0.9789312083276885,0.9973959884369095,0.9640768531698087
2009-03-25 11:00:00,0.9912898520509749,0.9776144844290082,0.997439635183424,0.9640768531698087
2009-03-25 12:00:00,0.9909133001845704,0.9696484142929324,0.9973057405809166,0.9630751805797466
2009-03-25 13:00:00,0.9900352124897664,0.9704705386337028,0.9973057405809167,0.9622281256365397
2009-03-26 07:00:00,0.9912898520509748,0.9704705386337026,0.9976832866289577,0.9604048899275555
2009-03-26 08:00:00,0.9917961205674962,0.9664501985401225,0.9977660886056613,0.9615811806155926
2009-03-26 09:00:00,0.9927158602617212,0.96538932141463,0.9973025035409693,0.9613254558439671
2009-03-26 10:00:00,0.9927158602617212,0.96538932141463,0.9970430890111215,0.9587952003181921
2009-03-26 11:00:00,0.9927158602617212,0.96538932141463,0.9971686089384618,0.9587952003181921
2009-03-26 12:00:00,0.9927158602617212,0.9641706002528356,0.9969249574929283,0.9584659645733615
2009-03-26 13:00:00,0.9932442086752111,0.9668212426933461,0.9967443704908168,0.9577521410407305
2009-03-27 07:00:00,0.9908939357216361,0.962434644684754,0.9965473835135159,0.954927232741684
2009-03-27 08:00:00,0.9903655873081462,0.9668212426933461,0.9964218635861752,0.9540801777984772
2009-03-27 09:00:00,0.9914363326096659,0.9721366703889115,0.9961705738647022,0.9553375751601653
2009-03-27 10:00:00,0.9921875118482314,0.9700059695986275,0.9963675608420032,0.9560513986927962
2009-03-27 11:00:00,0.9920256974855112,0.9700059695986275,0.9962864322076154,0.9585884579344116
2009-03-27 12:00:00,0.9918330398787953,0.9700059695986275,0.9966746621846854,0.9585884579344116
2009-03-27 13:00:00,0.9918330398787953,0.9700059695986275,0.9962125423914655,0.9577156483605243
2009-03-27 14:00:00,0.9913470774602827,0.9750226869794236,0.9960502188185356,0.9551785891189088
2009-03-30 07:00:00,0.9896725938661842,0.9766703142956847,0.9959365477927834,0.9544647655862778
2009-03-30 08:00:00,0.9876062757798613,0.9758481899549146,0.9960502188185356,0.9507259238323406
2009-03-30 09:00:00,0.9868144703602485,0.9758481899549146,0.9963409944907186,0.9519022145203777
2009-03-30 10:00:00,0.9891647433138235,0.9818531873115237,0.9963409944907186,0.9536588345240744
2009-03-30 11:00:00,0.9898005281407963,0.9764057121774389,0.9965033180636484,0.9542759193263362
2009-03-30 12:00:00,0.9889888496156819,0.9770904651050933,0.9965798093311902,0.9542759193263362
2009-03-30 13:00:00,0.9877342100544736,0.9764057121774389,0.9967734716148055,0.9542759193263362
2009-03-31 07:00:00,0.9898005281407963,0.9806022162305911,0.9967734716148055,0.9560325393300327
2009-03-31 08:00:00,0.9904122218012122,0.9771547915416269,0.9967734716148055,0.9557033035852021
2009-03-31 09:00:00,0.990567809401345,0.9771547915416269,0.9967734716148055,0.9550084309674113
2009-03-31 10:00:00,0.9899059532846907,0.9725039909235623,0.9968939673245647,0.9520774693472925
2009-03-31 11:00:00,0.9915094372294181,0.9749871148427058,0.9967003050409494,0.9513636458146615
2009-03-31 12:00:00,0.9931878967026896,0.9767230704107874,0.9971245434885947,0.9503208493435958
2009-03-31 13:00:00,0.9930323091025568,0.9716400959681999,0.9968651289587467,0.9572436953600956
2009-03-31 14:00:00,0.992342146326347,0.9699041404001182,0.9964795004330684,0.9578240246757548
2009-04-01 07:00:00,0.9927573998795552,0.9699041404001182,0.9968651289587467,0.9563966404168888
2009-04-01 08:00:00,0.9927573998795552,0.9716400959681999,0.9968184365591426,0.9606790559998828
2009-04-01 09:00:00,0.9939981061979412,0.9708179716274298,0.9968651289587467,0.9610082917447135
2009-04-01 10:00:00,0.9936926961893483,0.9635884949950666,0.9969044960341183,0.9603912069424515
2009-04-01 11:00:00,0.9932774426361399,0.9635884949950666,0.9972040650848211,0.9603912069424517
2009-04-01 12:00:00,0.9941602630190659,0.9611053710759232,0.997204065084821,0.9625990304392366
2009-04-01 13:00:00,0.9935485693586502,0.9524562856235762,0.9972040650848211,0.9617262208653491
2009-04-02 07:00:00,0.993355911751934,0.9507203300554944,0.9972040650848211,0.9619819456369748
2009-04-02 08:00:00,0.9946886114325557,0.9453473036699113,0.9975036341355238,0.9631562872533972
2009-04-02 09:00:00,0.9951558358038688,0.9470832592379929,0.9975036341355238,0.963156287253397
2009-04-02 10:00:00,0.9944656730276589,0.9524562856235761,0.9972040650848211,0.9631562872533972
2009-04-02 11:00:00,0.9932774426361399,0.9524562856235761,0.9972040650848211,0.9641579598434593
2009-04-02 12:00:00,0.9938057910496298,0.9583407883014871,0.9972040650848211,0.9652007563145247
2009-04-02 13:00:00,0.9925650847312437,0.9611053710759232,0.9968184365591427,0.9652007563145247
2009-04-03 07:00:00,0.9925650847312437,0.9626746637677552,0.9968184365591426,0.9655299920593554
2009-04-03 08:00:00,0.9938057910496298,0.9611053710759232,0.9971646980094493,0.9655299920593554
2009-04-03 09:00:00,0.9946174695747443,0.9583407883014872,0.9974580031117178,0.9663104312972741
2009-04-03 10:00:00,0.9949940214411488,0.9583407883014871,0.9975036341355238,0.9663104312972741
2009-04-03 11:00:00,0.9951558358038688,0.9646564337065386,0.997204065084821,0.9663104312972743
2009-04-03 12:00:00,0.9951558358038689,0.96830748687041,0.9975036341355238,0.9666396670421046
2009-04-03 13:00:00,0.9944656730276589,0.9729582874884746,0.996958920436444,0.9666396670421046
2009-04-03 14:00:00,0.9944656730276589,0.9746942430565564,0.9963220021892926,0.9666396670421048
2009-04-06 07:00:00,0.9941602630190659,0.9661023373316248,0.9956701851617208,0.9666396670421048
2009-04-06 08:00:00,0.9941602630190659,0.9636192134124815,0.9956701851617208,0.9666396670421048
2009-04-06 09:00:00,0.993327553922137,0.962302489513801,0.9959634902639891,0.9641026078004894
2009-04-06 10:00:00,0.9922568086206172,0.9569870618182357,0.9962174282908857,0.966147076861617
2009-04-06 11:00:00,0.9926012627744184,0.947368367552203,0.9964267494855955,0.9658178411167867
2009-04-06 12:00:00,0.9914612207005128,0.9395208103351795,0.996172811458699,0.964945031542899
2009-04-06 13:00:00,0.9918210086583429,0.9438566164267054,0.9962174282908857,0.9634808917974308
2009-04-07 07:00:00,0.9919895691140026,0.9512719998192058,0.9962174282908859,0.9634808917974308
2009-04-07 08:00:00,0.9918210086583429,0.9512719998192058,0.9961379066946594,0.9627670682647997
2009-04-07 09:00:00,0.9914612207005128,0.9390319282546482,0.9960932898624724,0.9624792192073685
2009-04-07 10:00:00,0.9911308458821331,0.9407982227287419,0.9958059916704242,0.9624792192073685
2009-04-07 11:00:00,0.9914612207005128,0.9467287713368496,0.9958446015923911,0.9630963040096302
2009-04-07 12:00:00,0.9909549521839913,0.9483763986531107,0.9958059916704244,0.9610518349485027
2009-04-07 13:00:00,0.9905784003175868,0.9483763986531107,0.9959341842307463,0.958226926649456
2009-04-07 14:00:00,0.9899165442009328,0.9483763986531107,0.9955187568371302,0.958226926649456
2009-04-08 07:00:00,0.9918330398787951,0.9574182544648585,0.9959612526699922,0.9588440114517177
2009-04-08 08:00:00,0.9913046914653053,0.9614385945584385,0.9960377439375337,0.9613810706933331
2009-04-08 09:00:00,0.9913046914653053,0.9603042710553708,0.9952700685670488,0.9608374968642763
2009-04-08 10:00:00,0.991944742955518,0.9687042441596089,0.9959612526699922,0.961684551807483
2009-04-08 11:00:00,0.991944742955518,0.9694514125106705,0.996037743937534,0.9610674670052213
2009-04-08 12:00:00,0.991355378079673,0.9678821198188388,0.99546705554435,0.9610674670052212
2009-04-08 13:00:00,0.9928275633384441,0.9687042441596089,0.9958059916704242,0.957986833934549
2009-04-09 07:00:00,0.9932428168916525,0.973197547514404,0.9963766800636084,0.957986833934549
2009-04-09 08:00:00,0.991944742955518,0.9731975475144042,0.996037743937534,0.957986833934549
2009-04-09 09:00:00,0.991944742955518,0.9731975475144042,0.9959612526699925,0.957986833934549
2009-04-09 10:00:00,0.9932428168916525,0.9797892950617816,0.9962125423914655,0.957986833934549
2009-04-09 11:00:00,0.9941661212471857,0.9833010461872795,0.9965033180636484,0.9593476024881271
2009-04-09 12:00:00,0.9939638229118584,0.9838486194995789,0.9968731144334584,0.9601946574313339
2009-04-09 13:00:00,0.9947185668117322,0.981906161065913,0.9969654378568685,0.9624948512640872
2009-04-13 07:00:00,0.9948871272673917,0.981906161065913,0.9970040477788352,0.9621102634762866
2009-04-13 08:00:00,0.9939638229118584,0.981906161065913,0.9969654378568686,0.9590296304056145
2009-04-13 09:00:00,0.9943236108696887,0.977885820972333,0.9968731144334584,0.9583158068729836
2009-04-13 10:00:00,0.9956563105503106,0.9805364634128434,0.9969654378568686,0.9604748192362428
2009-04-13 11:00:00,0.9970468392771568,0.9805364634128434,0.9973357126936282,0.9621946837533368
2009-04-13 12:00:00,0.9964943937126105,0.9845568035064233,0.9969500841679497,0.963555452306915
2009-04-13 13:00:00,0.9954092749943573,0.981906161065913,0.9965346567743338,0.9650195920523833
2009-04-14 07:00:00,0.9954092749943573,0.9845568035064233,0.9962910053288002,0.9639767955813179
2009-04-14 08:00:00,0.9954092749943573,0.9798685300484945,0.9962910053288002,0.9654041798401839
2009-04-14 09:00:00,0.9955851686924989,0.9798685300484945,0.9962910053288002,0.9684848129108561
2009-04-14 10:00:00,0.995279758683906,0.9798685300484945,0.9965725381199086,0.9718944189199625
2009-04-14 11:00:00,0.9948645051306976,0.9776144844290082,0.9964255682358973,0.9744314781615779
2009-04-14 12:00:00,0.9956563105503103,0.9798196339677937,0.9969967765675538,0.9744314781615782
2009-04-14 13:00:00,0.9964679890754249,0.980504386895448,0.9969967765675538,0.9732551874735408
2009-04-14 14:00:00,0.9964679890754249,0.980504386895448,0.9964255682358973,0.9732551874735408
2009-04-15 07:00:00,0.9964679890754249,0.980504386895448,0.9964255682358975,0.9714319517645565
2009-04-15 08:00:00,0.9955002899576703,0.9817231080572424,0.9964255682358975,0.9714319517645565
2009-04-15 09:00:00,0.9958600779155004,0.9823550790282682,0.9965594628384048,0.9714319517645565
2009-04-15 10:00:00,0.9955002899576703,0.9817231080572424,0.9965594628384048,0.9707181282319255
2009-04-15 11:00:00,0.9946886114325557,0.9865515830814204,0.9968031142839386,0.97254136394091
2009-04-15 12:00:00,0.9940769177721399,0.9865515830814204,0.9970040477788352,0.9708448187330568
2009-04-15 13:00:00,0.9932442086752111,0.9865515830814204,0.9970040477788352,0.9703012449039998
2009-04-16 07:00:00,0.9927158602617212,0.9865515830814204,0.9971806603319797,0.9703012449039998
2009-04-16 08:00:00,0.9917961205674962,0.9865515830814204,0.9970040477788352,0.9708815742196591
2009-04-16 09:00:00,0.9905414810062877,0.9865515830814204,0.996758903130458,0.9723089584785252
2009-04-16 10:00:00,0.9896586606233618,0.9865515830814204,0.9970522082327264,0.9717653846494684
2009-04-16 11:00:00,0.9884281929251175,0.9903514308992443,0.9971727039424857,0.970277925594759
2009-04-16 12:00:00,0.9876734490252439,0.9903514308992443,0.9968290907976027,0.967747670068984
2009-04-16 13:00:00,0.9884281929251174,0.9871835540524463,0.996829090797603,0.9659244343599996
2009-04-17 07:00:00,0.9889344614416389,0.9865515830814204,0.996829090797603,0.9666980698820782
2009-04-17 08:00:00,0.9905414810062877,0.9865515830814204,0.9965357856953344,0.9683946150899312
2009-04-17 09:00:00,0.9914612207005128,0.9871835540524463,0.9965357856953344,0.970924870615706
2009-04-17 10:00:00,0.9911308458821331,0.9871835540524463,0.9965357856953344,0.970924870615706
2009-04-17 11:00:00,0.9914612207005128,0.9871835540524463,0.9967451068900441,0.970924870615706
2009-04-17 12:00:00,0.9916451149602015,0.9865515830814204,0.9960153128651339,0.96949748635684
2009-04-17 13:00:00,0.9901375430852457,0.9865515830814204,0.9957157438144312,0.9690350192014339
2009-04-20 07:00:00,0.9904819972390471,0.9846481089919717,0.9955187568371302,0.9699078287753212
2009-04-20 08:00:00,0.9912622513551226,0.9846481089919717,0.9952700685670488,0.9710107000422304
2009-04-20 09:00:00,0.9935815017551929,0.989034707000564,0.9952700685670488,0.9722680974039182
2009-04-20 10:00:00,0.9954979974330554,0.987092248566898,0.996037743937534,0.9753487304745904
2009-04-20 11:00:00,0.9954979974330554,0.9858735274051036,0.9957989290970626,0.9745016755313837
2009-04-20 12:00:00,0.9935815017551929,0.9886381101795398,0.9957989290970626,0.9731409069778054
2009-04-20 13:00:00,0.9935815017551929,0.9886381101795398,0.995842575843577,0.9739879619210122
2009-04-21 07:00:00,0.9950120350145428,0.9878159858387695,0.9964794940907282,0.9744504290764183
2009-04-21 08:00:00,0.9950120350145428,0.9843042347132719,0.9964794940907282,0.9744504290764183
2009-04-21 09:00:00,0.9950120350145428,0.9843042347132719,0.9966779463395012,0.9758778133352843
2009-04-21 10:00:00,0.995012035014543,0.9843042347132719,0.9963155870436678,0.9750307583920776
2009-04-21 11:00:00,0.995012035014543,0.9878159858387696,0.9960871957104455,0.9764948981375459
2009-04-21 12:00:00,0.9954979974330554,0.9853328619196262,0.9958821541868783,0.9779590378830145
2009-04-21 13:00:00,0.9966904944878143,0.9840161380209459,0.9961214474942998,0.9785393671986738
2009-04-21 14:00:00,0.9953294369773957,0.988402736029538,0.9961214474943,0.9785393671986738
2009-04-22 07:00:00,0.9950120350145428,0.9901386915976196,0.9961214474943,0.9800035069441422
2009-04-22 08:00:00,0.9954979974330552,0.9869708147508218,0.9964147525965682,0.979715657886711
2009-04-22 09:00:00,0.9956598117957755,0.9878846459781334,0.9963155870436681,0.978612786619802
2009-04-22 10:00:00,0.9956598117957755,0.9907706625686457,0.996634299592987,0.9786127866198022
2009-04-22 11:00:00,0.9956598117957755,0.9936566791591578,0.996634299592987,0.9796144592098643
2009-04-22 12:00:00,0.9968523088505344,0.9907706625686457,0.997243389270218,0.9815643854199799
2009-04-22 13:00:00,0.9970208693061942,0.9907706625686457,0.9968735929004082,0.9841014446615953
2009-04-23 07:00:00,0.9966904944878143,0.9936566791591578,0.9964401600436189,0.9832543897183887
2009-04-23 08:00:00,0.9963460403340129,0.9936566791591578,0.9966685513768413,0.981209920657261
2009-04-23 09:00:00,0.9955002899576704,0.9950886004378738,0.9966685513768413,0.981923744189892
2009-04-23 10:00:00,0.9962920953772831,0.9950886004378738,0.9972274460201145,0.9823083319776924
2009-04-23 11:00:00,0.9959617205589034,0.99652052171659,0.9973643862757114,0.9817280026620332
2009-04-23 12:00:00,0.9959617205589035,0.99734264605736,0.9972741384197187,0.9810141791294021
2009-04-23 13:00:00,0.996145614818592,0.99734264605736,0.9976516844677596,0.9810141791294021
2009-04-24 07:00:00,0.9973863211369779,0.99734264605736,0.9980851173245493,0.9824783188748706
2009-04-24 08:00:00,0.9978925896534995,0.995910724778644,0.997660878876904,0.9824783188748706
2009-04-24 09:00:00,0.9970468392771568,0.99734264605736,0.9973219427508296,0.9817644953422396
2009-04-24 10:00:00,0.9972024268772894,0.9987745673360762,0.9972741384197187,0.9807628227521773
2009-04-24 11:00:00,0.996807470935246,0.9987745673360762,0.9975177898652525,0.9810920584970078
2009-04-24 12:00:00,0.996807470935246,0.99734264605736,0.9976516844677596,0.980474973694746
2009-04-24 13:00:00,0.9973137394517676,0.99734264605736,0.9972741384197187,0.9808595614825466
2009-04-27 07:00:00,0.9973137394517676,0.99734264605736,0.9975177898652525,0.9815733850151775
2009-04-27 08:00:00,0.9974822999074273,0.99734264605736,0.9976516844677596,0.9798535204980834
2009-04-27 09:00:00,0.9960286383711603,0.99652052171659,0.9976516844677596,0.9779035942879681
2009-04-27 10:00:00,0.9965146007896728,0.9958357687889355,0.9975177898652523,0.9779035942879681
2009-04-27 11:00:00,0.9965146007896728,0.9952037978179097,0.9972944849125038,0.9784839236036273
2009-04-27 12:00:00,0.9963460403340129,0.9937718765391934,0.9976801134381822,0.9765339973935117
2009-04-27 13:00:00,0.9946675808607415,0.9958357687889355,0.9980190495642566,0.9737946557145931
2009-04-28 07:00:00,0.9949849828235943,0.9952037978179096,0.9976571418982841,0.9737946557145931
2009-04-28 08:00:00,0.994823168460874,0.9937718765391934,0.9976571418982845,0.9710553140356746
2009-04-28 09:00:00,0.9943372060423616,0.9930247081881319,0.997956710948987,0.9710553140356746
2009-04-28 10:00:00,0.9941613123442201,0.9930247081881317,0.997956710948987,0.9723672714557271
2009-04-28 11:00:00,0.993855902335627,0.9907706625686457,0.9982106489758837,0.9728064193018924
2009-04-28 12:00:00,0.9941613123442201,0.9878846459781334,0.9979713556684623,0.9728064193018924
2009-04-28 13:00:00,0.9939774180845313,0.9907706625686457,0.9979713556684623,0.9713790350430264
2009-04-28 14:00:00,0.9939774180845313,0.9930247081881317,0.9978902270340747,0.9722518446169136
2009-04-29 07:00:00,0.995655877557803,0.995910724778644,0.9983834583683927,0.9730988995601203
2009-04-29 08:00:00,0.9955002899576704,0.995910724778644,0.9980995482287843,0.9756291550858953
2009-04-29 09:00:00,0.9963460403340129,0.995910724778644,0.9976359631640924,0.9756291550858953
2009-04-29 10:00:00,0.995817691920523,0.99734264605736,0.9970384119923125,0.9762094844015546
2009-04-29 11:00:00,0.9969539514939374,0.9987745673360762,0.9975958086432375,0.9748487158479764
2009-04-29 12:00:00,0.9969539514939374,0.9980898144084217,0.9977614830914329,0.9753111830033825
2009-04-29 13:00:00,0.9969539514939374,0.9980898144084218,0.997204086440508,0.976084818525461
2009-04-30 07:00:00,0.9969539514939374,0.9987745673360762,0.9973322790008299,0.9758547568324395
2009-04-30 08:00:00,0.9969539514939374,0.9980898144084218,0.9974150809775336,0.9749819472585521
2009-04-30 09:00:00,0.9974822999074273,0.9958357687889355,0.9972921244799753,0.9739802746684898
2009-04-30 10:00:00,0.9974822999074273,0.9937718765391934,0.9972921244799753,0.9758035103774743
2009-04-30 11:00:00,0.9971378457536259,0.9912887526200501,0.9974577989281705,0.9758035103774743
2009-04-30 12:00:00,0.9980611501091591,0.9912887526200501,0.997889675651755,0.9761880981652746
2009-04-30 13:00:00,0.9980611501091591,0.994456629466848,0.9978051298379474,0.9758588624204442
2009-05-01 07:00:00,0.9980611501091591,0.994456629466848,0.9978051298379474,0.9761467114778755
2009-05-01 08:00:00,0.9980611501091591,0.9912887526200501,0.9978051298379474,0.9751450388878129
2009-05-01 09:00:00,0.9980611501091591,0.9912887526200501,0.997889675651755,0.9764024362495007
2009-05-01 10:00:00,0.9989439704920852,0.9870922485668979,0.9983532607164469,0.9760178484617004
2009-05-01 11:00:00,0.9993037584499153,0.9842062319763857,0.9988063375299103,0.9774819882071688
2009-05-01 12:00:00,0.9996482126037167,0.9890347070005638,0.9987217917161029,0.9780623175228281
2009-05-01 13:00:00,0.9996482126037167,0.9912887526200501,0.9987217917161029,0.9765981777773598
2009-05-04 07:00:00,0.9996482126037167,0.9870922485668979,0.9989555068217528,0.9761357106219536
2009-05-04 08:00:00,0.9991198641902268,0.987092248566898,0.9989555068217532,0.975092914150888
2009-05-04 09:00:00,0.9993037584499154,0.9850283563171559,0.9989145327082202,0.9745493403218313
2009-05-04 10:00:00,0.9996482126037167,0.9838096351553618,0.9987915762106617,0.9755921367928967
2009-05-04 11:00:00,0.9996482126037167,0.9845568035064233,0.9988779409078132,0.9770562765383651
2009-05-04 12:00:00,0.9996482126037167,0.9819061610659129,0.9986005790556484,0.9784170450919432
2009-05-04 13:00:00,0.9993037584499153,0.9772178876079841,0.9982730221695257,0.9799045041466528
2009-05-05 07:00:00,0.9996482126037167,0.9838096351553616,0.9982730221695257,0.9799045041466528
2009-05-05 08:00:00,0.9996482126037165,0.980336868374081,0.9980679806459586,0.9803669713020589
2009-05-05 09:00:00,0.9991198641902267,0.9780828227545948,0.9980679806459586,0.9807515590898594
2009-05-05 10:00:00,0.9991198641902267,0.9780828227545948,0.9980252626953215,0.9787070900287316
2009-05-05 11:00:00,0.9991198641902267,0.9815555895358753,0.9979816159488073,0.9787070900287316
2009-05-05 12:00:00,0.9991198641902268,0.9857520935890275,0.9980252626953215,0.9792874193443908
2009-05-05 13:00:00,0.9982370438073008,0.9869708147508218,0.9980679806459586,0.9803302158154564
2009-05-05 14:00:00,0.9982370438073008,0.9863840645600533,0.9980252626953215,0.9780300219827031
2009-05-06 07:00:00,0.9969963374889147,0.9834980479695412,0.9980252626953215,0.9776454341949026
2009-05-06 08:00:00,0.9969963374889147,0.9834980479695412,0.9980679806459588,0.9762180499360367
2009-05-06 09:00:00,0.9975751876906467,0.9825842167422297,0.9980679806459588,0.9762180499360368
2009-05-06 10:00:00,0.9966518833351132,0.9785638766486497,0.9980679806459588,0.9757555827806307
2009-05-06 11:00:00,0.9956563105503103,0.9791114499609493,0.9980252626953218,0.9757555827806305
2009-05-06 12:00:00,0.9949661477741005,0.9741772786400577,0.9979816159488073,0.9738056565705149
2009-05-06 13:00:00,0.9949661477741005,0.9693488036158796,0.9977379645032736,0.9755255210876089
2009-05-07 07:00:00,0.9949661477741005,0.9693488036158797,0.9975651551107645,0.9755255210876089
2009-05-07 08:00:00,0.9947734901673845,0.9731486514337032,0.9975651551107645,0.9751962853427782
2009-05-07 09:00:00,0.9951684461094278,0.9780828227545947,0.9978970701349996,0.9751962853427782
2009-05-07 10:00:00,0.9949661477741005,0.9780828227545948,0.9983091728349299,0.9751962853427785
2009-05-07 11:00:00,0.9947734901673845,0.9780828227545948,0.9979388979981703,0.9757766146584375
2009-05-07 12:00:00,0.9947734901673845,0.9780828227545948,0.9980252626953215,0.9745192172967497
2009-05-07 13:00:00,0.9958586088856377,0.9834980479695414,0.9983091728349299,0.9752330408293809
2009-05-08 07:00:00,0.9970468392771568,0.9866659248163391,0.9985865346870947,0.9764093315174179
2009-05-08 08:00:00,0.9970468392771568,0.9901386915976196,0.9986292526377318,0.9758290022017586
2009-05-08 09:00:00,0.9970468392771568,0.9901386915976196,0.9986728993842462,0.9768717986728243
2009-05-08 10:00:00,0.9970468392771568,0.988235217508171,0.9986292526377316,0.9772563864606246
2009-05-08 11:00:00,0.9975328016956692,0.9895519414068513,0.9981082393400331,0.9772563864606246
2009-05-08 12:00:00,0.9964943937126105,0.9901386915976196,0.9980218746428818,0.9760800957725875
2009-05-08 13:00:00,0.9958042309364006,0.988235217508171,0.9982228081377786,0.9783802896053408
2009-05-11 07:00:00,0.9948809265808674,0.988235217508171,0.9982228081377786,0.9758500340795659
2009-05-11 08:00:00,0.9936926961893483,0.988235217508171,0.9982228081377784,0.9738055650184382
2009-05-11 09:00:00,0.9938425185978087,0.988235217508171,0.9978107054378481,0.9738055650184382
2009-05-11 10:00:00,0.9950832249161947,0.9882352175081709,0.9977660886056613,0.976335820544213
2009-05-11 11:00:00,0.9958042309364006,0.9911212340986831,0.9981363634424212,0.9777999602896814
2009-05-11 12:00:00,0.9958042309364006,0.9911212340986831,0.9978769489125731,0.9773374931342753
2009-05-11 13:00:00,0.9950832249161947,0.9911212340986831,0.997589650720525,0.9758500340795659
2009-05-12 07:00:00,0.9948809265808672,0.9937718765391934,0.9973057405809167,0.9778945031406936
2009-05-12 08:00:00,0.9936926961893484,0.9925531553773993,0.9969594791306099,0.9770474481974869
2009-05-12 09:00:00,0.9926075774710951,0.990070031458256,0.9969594791306099,0.9762003932542803
2009-05-12 10:00:00,0.991153915934828,0.9886381101795398,0.9966342995929868,0.9748396247007021
2009-05-12 11:00:00,0.991153915934828,0.9863840645600536,0.9962125423914655,0.9750696863937237
2009-05-12 12:00:00,0.9925444446616742,0.989856831341334,0.9962125423914655,0.9770196126038392
2009-05-12 13:00:00,0.9939981061979413,0.9930247081881317,0.9962125423914655,0.9770196126038396
2009-05-12 14:00:00,0.9939981061979413,0.9907706625686457,0.9959365477927834,0.9787394771209333
2009-05-13 07:00:00,0.9938425185978087,0.9878846459781334,0.995352940222831,0.9804593416380275
2009-05-13 08:00:00,0.9948809265808672,0.9907706625686457,0.995352940222831,0.9821792061551216
2009-05-13 09:00:00,0.9959193345639258,0.9936566791591576,0.995352940222831,0.9825084418999519
2009-05-13 10:00:00,0.9968426389194591,0.995910724778644,0.995352940222831,0.9835101144900142
2009-05-13 11:00:00,0.9970044532821793,0.995910724778644,0.9952219586934927,0.9857179379867992
2009-05-13 12:00:00,0.9970044532821793,0.9959107247786441,0.9945850404463413,0.9857179379867992
2009-05-13 13:00:00,0.9968426389194591,0.995910724778644,0.9939166105915275,0.9848451284129116
2009-05-14 07:00:00,0.9959193345639261,0.995910724778644,0.9936981701752126,0.9830885084092154
2009-05-14 08:00:00,0.9957266769572101,0.995910724778644,0.9938024900126743,0.981265272700231
2009-05-14 09:00:00,0.994273015420943,0.9930247081881317,0.9936433843809481,0.979057449203446
2009-05-14 10:00:00,0.99395561345809,0.9907706625686457,0.9934607451013829,0.9796745340057079
2009-05-14 11:00:00,0.9938057910496298,0.9907706625686457,0.9934607451013829,0.9796745340057079
2009-05-14 12:00:00,0.9938057910496298,0.9907706625686457,0.9938024900126743,0.9786728614156456
2009-05-14 13:00:00,0.9938057910496298,0.9907706625686457,0.9942145927126045,0.9793866849482766
2009-05-15 07:00:00,0.9938057910496298,0.9898568313413342,0.9945535288386789,0.977404463198036
2009-05-15 08:00:00,0.9927891876930126,0.9907706625686457,0.9947986734870561,0.9782515181412426
2009-05-15 09:00:00,0.9932269408478981,0.9907706625686454,0.9946969960883363,0.9782515181412426
2009-05-15 10:00:00,0.9938057910496298,0.9898568313413342,0.994996565139039,0.977404463198036
2009-05-15 11:00:00,0.9938057910496298,0.9930247081881317,0.9957666723925724,0.9778669303534422
2009-05-15 12:00:00,0.9938057910496298,0.9950886004378738,0.9963502799625248,0.977404463198036
2009-05-15 13:00:00,0.994273015420943,0.9944566294668479,0.9965844466980363,0.9799415224396514
2009-05-18 07:00:00,0.9946174695747443,0.99734264605736,0.9969965493979666,0.9799415224396514
2009-05-18 08:00:00,0.99395561345809,0.99734264605736,0.9965033180636487,0.9781849024359548
2009-05-18 09:00:00,0.9929600406732871,0.99734264605736,0.9959562141811071,0.974874207672261
2009-05-18 10:00:00,0.9929600406732871,0.99734264605736,0.9959562141811071,0.974874207672261
2009-05-18 11:00:00,0.9929600406732871,0.9987745673360762,0.9958055662634451,0.9768564294225018
2009-05-18 12:00:00,0.9939556134580902,0.9987745673360762,0.995461953118562,0.9773188965779078
2009-05-18 13:00:00,0.9929600406732874,0.9987745673360762,0.9950285202617725,0.9769896608330774
2009-05-19 07:00:00,0.9915695119464408,0.9980898144084218,0.9950285202617725,0.9760069391578553
2009-05-19 08:00:00,0.9920367363177539,0.99734264605736,0.9952626869972839,0.9764460870040206
2009-05-19 09:00:00,0.9920367363177539,0.9966578931297058,0.9951035813655575,0.9781659515211145
2009-05-19 10:00:00,0.9915695119464408,0.9960259221586797,0.9942987262368622,0.9781659515211145
2009-05-19 11:00:00,0.9920367363177539,0.9960259221586797,0.9944578318685885,0.978939587043193
2009-05-19 12:00:00,0.9920367363177539,0.9937718765391934,0.9945328929723737,0.9777632963551555
2009-05-19 13:00:00,0.990848505926235,0.9911212340986831,0.9945328929723737,0.9762758373004463
2009-05-19 14:00:00,0.9904332523730265,0.9925531553773993,0.9948580725099967,0.9762758373004462
2009-05-20 07:00:00,0.9902084544360222,0.9925531553773991,0.995587866534907,0.9766604250882469
2009-05-20 08:00:00,0.9908485059262347,0.994122448069231,0.995900803681937,0.9773742486208777
2009-05-20 09:00:00,0.9907040366371322,0.994122448069231,0.9959008036819369,0.9773742486208777
2009-05-20 10:00:00,0.990704036637132,0.9925531553773993,0.9961444551274707,0.9773742486208777
2009-05-20 11:00:00,0.9907040366371322,0.9909838626855674,0.996781373374622,0.9777588364086783
2009-05-20 12:00:00,0.990704036637132,0.9909838626855674,0.9967033963772837,0.9780880721535088
2009-05-20 13:00:00,0.990704036637132,0.9885328152838192,0.9965804398797254,0.9773931995357179
2009-05-21 07:00:00,0.9899528573985669,0.9830853401497346,0.9961470070229359,0.9770086117479175
2009-05-21 08:00:00,0.9888165978251525,0.9839074644905046,0.9961470070229359,0.9760069391578553
2009-05-21 09:00:00,0.9885917998881483,0.9839074644905046,0.9962486844216557,0.9760069391578553
2009-05-21 10:00:00,0.9872012711613017,0.9824755432117885,0.9959671516305472,0.9756777034130246
2009-05-21 11:00:00,0.986782481988172,0.9755163673973265,0.9960050329761219,0.9766604250882467
2009-05-21 12:00:00,0.986782481988172,0.9700434424384918,0.9960050329761219,0.9766604250882467
2009-05-21 13:00:00,0.986782481988172,0.971475363717208,0.9959186682789704,0.9759466015556157
2009-05-22 07:00:00,0.984716163901849,0.9746942430565564,0.9952580962369775,0.9739021324944878
2009-05-22 08:00:00,0.9854403630835719,0.9746942430565564,0.9948459935370474,0.974615956027119
2009-05-22 09:00:00,0.9849904837858762,0.9746942430565564,0.9944390174090267,0.9756176286171813
2009-05-22 10:00:00,0.9865254818018253,0.9797109604373524,0.9941482417368438,0.9773742486208777
2009-05-22 11:00:00,0.9866649673799748,0.9776470681876105,0.9937047619214125,0.9777034843657084
2009-05-22 12:00:00,0.9871148466776706,0.9797109604373524,0.9931473652704875,0.9777034843657084
2009-05-22 13:00:00,0.9888757547554005,0.9816534188710185,0.9938816207581018,0.9784173078983394
2009-05-26 07:00:00,0.9893256340530963,0.9800841261791866,0.9939595977554402,0.9798446921572052
2009-05-26 08:00:00,0.9907161627799423,0.9823381717986728,0.9942575798765172,0.979460104369405
2009-05-26 09:00:00,0.9922390346530813,0.9877856469327575,0.9941532600390557,0.9794601043694048
2009-05-26 10:00:00,0.9934272650446002,0.9877856469327575,0.994605867190882,0.9784173078983394
2009-05-26 11:00:00,0.9938425185978085,0.9893549396245892,0.9950882705666138,0.9806251313951242
2009-05-26 12:00:00,0.9936926961893483,0.9893549396245892,0.9950882705666138,0.9820525156539902
2009-05-26 13:00:00,0.9936926961893483,0.991121234098683,0.9950489034912421,0.9807951182923024
2009-05-26 14:00:00,0.9922390346530814,0.9918059870263376,0.9949352324654901,0.9807951182923024
2009-05-27 07:00:00,0.9922390346530813,0.9918059870263376,0.9953422085935103,0.9818379147633678
2009-05-27 08:00:00,0.990848505926235,0.9895519414068513,0.9951490159715319,0.9821671505081985
2009-05-27 09:00:00,0.990704036637132,0.9895519414068513,0.9949352324654901,0.9832700217751075
2009-05-27 10:00:00,0.9907040366371322,0.9895519414068511,0.9950882705666138,0.9825561982424764
2009-05-27 11:00:00,0.9890295530430335,0.9855316013132712,0.9950489034912421,0.981092058497008
2009-05-27 12:00:00,0.9877314791068993,0.9823637244664735,0.9951647618341551,0.979989187230099
2009-05-27 13:00:00,0.9891851406431663,0.9823637244664735,0.9955981946909446,0.9812465845917867
2009-05-28 07:00:00,0.9896189179188788,0.9823637244664735,0.9955981946909446,0.9812465845917867
2009-05-28 08:00:00,0.9896189179188788,0.9823637244664735,0.9955981946909448,0.9812465845917867
2009-05-28 09:00:00,0.9896189179188789,0.9834980479695412,0.9955588276155729,0.9818636693940487
2009-05-28 10:00:00,0.991153915934828,0.9863840645600533,0.9959444561412515,0.9824807541963102
2009-05-28 11:00:00,0.991153915934828,0.9815555895358753,0.9959830660632182,0.9839682132510198
2009-05-28 12:00:00,0.9913037383432882,0.9815555895358755,0.9956055200151771,0.9836389775061891
2009-05-28 13:00:00,0.9894754564615563,0.9815555895358755,0.9952592585648702,0.9829251539735582
2009-05-29 07:00:00,0.9894754564615563,0.9850283563171559,0.9955588276155731,0.982462686818152
2009-05-29 08:00:00,0.98808492773471,0.9850283563171559,0.9954823363480314,0.9824626868181517
2009-05-29 09:00:00,0.9879404584456073,0.9815555895358755,0.9950882705666136,0.9818456020158902
2009-05-29 10:00:00,0.9879404584456073,0.9786695729453632,0.9947493344405394,0.9803581429611806
2009-05-29 11:00:00,0.9879404584456073,0.9786695729453632,0.9954627439552323,0.9773331247398747
2009-05-29 12:00:00,0.9872646690861308,0.9786695729453632,0.9958961768120218,0.976290328268809
2009-05-29 13:00:00,0.9858741403592844,0.9742829749367713,0.9959347867339885,0.974862944009943
2009-06-01 07:00:00,0.984270656414557,0.9676912273893936,0.9955105482863432,0.9740158890667364
2009-06-01 08:00:00,0.9816674511472347,0.9627570560685021,0.99554915820831,0.9730142164766741
2009-06-01 09:00:00,0.981248661974105,0.9616961789430094,0.9950771154295538,0.9730142164766741
2009-06-01 10:00:00,0.981248661974105,0.952186158207418,0.9945671913052228,0.9730142164766741
2009-06-01 11:00:00,0.9815229818581319,0.952186158207418,0.9946050726507976,0.9730142164766741
2009-06-01 12:00:00,0.9830579798740811,0.9581167068155256,0.9945561021318553,0.9730142164766741
2009-06-01 13:00:00,0.9845116414103482,0.9581167068155256,0.995038505507587,0.9730142164766741
2009-06-02 07:00:00,0.9868308918104183,0.9616961789430094,0.9956611962040053,0.9741905071647115
2009-06-02 08:00:00,0.9868308918104183,0.9606675517366551,0.996007457654312,0.9727631229058453
2009-06-02 09:00:00,0.9868308918104182,0.9585368509463711,0.996007457654312,0.9752933784316205
2009-06-02 10:00:00,0.9868308918104183,0.9595332282335871,0.996007457654312,0.9741905071647115
2009-06-02 11:00:00,0.988591799888148,0.9666725490932643,0.9961544275383233,0.9727631229058455
2009-06-02 12:00:00,0.9881765463349398,0.9689265947127503,0.9960576526882701,0.97022606366423
2009-06-02 13:00:00,0.9865695267702909,0.9689265947127503,0.995901639824502,0.9710731186074366
2009-06-02 14:00:00,0.9858704319114118,0.9673826441132348,0.9952553703890603,0.9698157212457489
2009-06-03 07:00:00,0.9847275307644148,0.9634790118462322,0.9947195671502189,0.9678657950356331
2009-06-03 08:00:00,0.9847275307644148,0.9654791700237861,0.994096876453801,0.96871284997884
2009-06-03 09:00:00,0.9838042264088813,0.9607908965658573,0.9940968764538006,0.9679990264462088
2009-06-03 10:00:00,0.9811776950517905,0.9521989908409256,0.9932739317275674,0.9671262168723215
2009-06-03 11:00:00,0.9808602930889377,0.9481786507473458,0.9926648420503362,0.9643868751934029
2009-06-03 12:00:00,0.982538752562209,0.9567705564722774,0.9927640076032365,0.9632105845053657
2009-06-03 13:00:00,0.9835064516799636,0.954219711551148,0.9925552268760246,0.9674930000883596
2009-06-04 07:00:00,0.9856952298821692,0.9522772531174819,0.9925062563570823,0.9681878727061506
2009-06-04 08:00:00,0.9872181017553081,0.9583398491641092,0.9927640076032365,0.9681878727061506
2009-06-04 09:00:00,0.9872181017553081,0.9625344422041351,0.9933834669391077,0.9681878727061506
2009-06-04 10:00:00,0.9872181017553081,0.9701870668770054,0.994096876453801,0.9673408177629438
2009-06-04 11:00:00,0.9872181017553081,0.9761498654042512,0.9940968764538006,0.9659800492093655
2009-06-04 12:00:00,0.9872181017553081,0.9726381142787536,0.994096876453801,0.9616976336263715
2009-06-04 13:00:00,0.9872181017553081,0.9754026970531895,0.9940968764538006,0.9636798553766124
2009-06-05 07:00:00,0.9862504026375535,0.9786009128059994,0.9936437996403374,0.9602702493675057
2009-06-05 08:00:00,0.9847275307644148,0.9780533394936999,0.9929832275983446,0.9582880276172651
2009-06-05 09:00:00,0.9847275307644145,0.9798196339677937,0.9932893345277964,0.9586726154050654
2009-06-05 10:00:00,0.9847275307644145,0.9815555895358755,0.9939499065697897,0.9586726154050654
2009-06-05 11:00:00,0.9852799763289607,0.982142339726644,0.9939499065697897,0.9607170844661932
2009-06-05 12:00:00,0.9875591370493723,0.982142339726644,0.9939499065697897,0.964027779229887
2009-06-05 13:00:00,0.9890820089225112,0.9840847981603097,0.9944134916344818,0.9657843992335836
2009-06-08 07:00:00,0.9892659031821998,0.9796982001517178,0.9947910376825226,0.9695232409875209
2009-06-08 08:00:00,0.9901205856412113,0.9796982001517178,0.9941683469861046,0.9703960505614081
2009-06-08 09:00:00,0.990626854157733,0.9840847981603099,0.9939499065697897,0.9703960505614081
2009-06-08 10:00:00,0.9912057043594648,0.9869708147508218,0.9939499065697895,0.9703960505614081
2009-06-08 11:00:00,0.9914186595773457,0.9869708147508218,0.9941483588185626,0.9703960505614083
2009-06-08 12:00:00,0.9906268541577328,0.9898568313413342,0.9942664903367557,0.9703960505614081
2009-06-08 13:00:00,0.9901205856412113,0.9869708147508218,0.9941483588185627,0.9712431055046148
2009-06-09 07:00:00,0.9913510533394557,0.9884027360295381,0.9943780551279519,0.9705292819719838
2009-06-09 08:00:00,0.9893287802215984,0.9884027360295381,0.9942664903367558,0.9701446941841833
2009-06-09 09:00:00,0.9901205856412114,0.9912887526200502,0.9942150079719941,0.9708585177168144
2009-06-09 10:00:00,0.9921428587590686,0.9930247081881319,0.9943656558896562,0.9723459767715238
2009-06-09 11:00:00,0.9932384921514352,0.9922025838473617,0.9938724245553379,0.9718835096161177
2009-06-09 12:00:00,0.9926491272755901,0.9895519414068513,0.9931023173018045,0.9718835096161177
2009-06-09 13:00:00,0.9906268541577328,0.9895519414068513,0.9923986647245407,0.9716534479230958
2009-06-09 14:00:00,0.9910218100997763,0.9930247081881317,0.9929312631342303,0.9708063929798895
2009-06-10 07:00:00,0.9930440832176335,0.995910724778644,0.9934759768333102,0.9719092642467984
2009-06-10 08:00:00,0.9943236108696887,0.995910724778644,0.9941796294105739,0.9741170877435831
2009-06-10 09:00:00,0.9943236108696885,0.99734264605736,0.9948480592653878,0.9755444720024491
2009-06-10 10:00:00,0.9943236108696887,0.9980898144084217,0.9953412905997057,0.9770086117479174
2009-06-10 11:00:00,0.9943236108696887,0.9958357687889353,0.9956952018602686,0.9784359960067834
2009-06-10 12:00:00,0.9943236108696887,0.9958357687889353,0.9958847436488033,0.9770086117479175
2009-06-10 13:00:00,0.9949024610714206,0.99652052171659,0.9963277799491634,0.976679376003087
2009-06-11 07:00:00,0.9962351607520421,0.9950886004378737,0.9966407170961935,0.9807060668144553
2009-06-11 08:00:00,0.9965796149058436,0.991920723591076,0.997140016647624,0.9818823575024926
2009-06-11 09:00:00,0.9965796149058436,0.9926054765187304,0.9974939279081869,0.9823448246578989
2009-06-11 10:00:00,0.9967722725125596,0.9912887526200501,0.9974939279081869,0.9830586481905299
2009-06-11 11:00:00,0.9974080573395324,0.9864602775958721,0.997446123577076,0.9833143729621554
2009-06-11 12:00:00,0.9974080573395324,0.9864602775958721,0.9969468240256454,0.9827340436464963
2009-06-11 13:00:00,0.9967722725125596,0.9842062319763857,0.9966761536027232,0.9814766462848085
2009-06-12 07:00:00,0.9971320604703897,0.9855229558750662,0.9969472628865829,0.9814766462848084
2009-06-12 08:00:00,0.9971320604703897,0.985522955875066,0.9971238754397269,0.981092058497008
2009-06-12 09:00:00,0.9971320604703897,0.9865515830814204,0.9968527661558675,0.9806295913416018
2009-06-12 10:00:00,0.9973159547300782,0.9823550790282682,0.9968527661558675,0.981209920657261
2009-06-12 11:00:00,0.9971320604703899,0.9865515830814207,0.9964908584898954,0.9807474535018547
2009-06-12 12:00:00,0.9965796149058436,0.989034707000564,0.9962197492060358,0.981749126091917
2009-06-12 13:00:00,0.9962198269480136,0.9907706625686454,0.9959603346761877,0.9831765103507829
2009-06-15 07:00:00,0.995439572831938,0.9890347070005638,0.9953886796714274,0.9831765103507829
2009-06-15 08:00:00,0.9950446168898945,0.988402736029538,0.9952895141185272,0.982462686818152
2009-06-15 09:00:00,0.995799360789768,0.9878159858387696,0.9958611691232876,0.9833097417613585
2009-06-15 10:00:00,0.9971320604703899,0.9878159858387695,0.996037781676432,0.9858468010029742
2009-06-15 11:00:00,0.9971320604703899,0.9878159858387695,0.9962314439600473,0.9838023319418462
2009-06-15 12:00:00,0.9971320604703899,0.9857520935890275,0.9962314439600475,0.9838023319418462
2009-06-15 13:00:00,0.9971320604703899,0.9797892950617817,0.9962314439600473,0.9830885084092154
2009-06-16 07:00:00,0.9971320604703899,0.9838096351553615,0.9957382126257293,0.9830885084092151
2009-06-16 08:00:00,0.9971320604703899,0.9845568035064233,0.9957382126257293,0.9805514491675997
2009-06-16 09:00:00,0.9961759126561724,0.9845568035064233,0.9951665576209688,0.9797778136455214
2009-06-16 10:00:00,0.9950802792638059,0.9845568035064233,0.9945118755626473,0.9787950919702996
2009-06-16 11:00:00,0.9961759126561724,0.9873213862808596,0.9946348320602058,0.9787950919702993
2009-06-16 12:00:00,0.9961759126561724,0.9813585877536134,0.9952895141185272,0.9773677077114336
2009-06-16 13:00:00,0.9961759126561724,0.9797892950617816,0.9956597889552868,0.9756478431943394
2009-06-16 14:00:00,0.9973159547300783,0.9763165282805011,0.9959658958847389,0.9756478431943395
2009-06-17 07:00:00,0.9971320604703899,0.970943501894918,0.9966343257395526,0.9774044631980358
2009-06-17 08:00:00,0.9973159547300783,0.970943501894918,0.9966343257395526,0.9779480370270928
2009-06-17 09:00:00,0.9973159547300783,0.970943501894918,0.9966343257395526,0.9767717463390556
2009-06-17 10:00:00,0.9983115275148812,0.973197547514404,0.9962314439600473,0.9763871585512552
2009-06-17 11:00:00,0.9983115275148814,0.973197547514404,0.9962314439600473,0.9775634492392922
2009-06-17 12:00:00,0.9983115275148814,0.973197547514404,0.9966343257395528,0.978410504182499
2009-06-17 13:00:00,0.9973159547300783,0.9772178876079841,0.996062670734792,0.9778301748668397
2009-06-18 07:00:00,0.9981276332551928,0.9838096351553618,0.9957915614509327,0.9813499557836772
2009-06-18 08:00:00,0.9989733836315355,0.9845568035064233,0.9957915614509326,0.9831065757873735
2009-06-18 09:00:00,0.9989733836315355,0.9845568035064233,0.9963632164556931,0.983491163575174
2009-06-18 10:00:00,0.998789489371847,0.9845568035064233,0.9962804144789895,0.983491163575174
2009-06-18 11:00:00,0.9981276332551926,0.980615698399556,0.9956119846241759,0.983491163575174
2009-06-18 12:00:00,0.9986135956737053,0.9774174826467462,0.9954685173745185,0.9849786226298836
2009-06-18 13:00:00,0.9989439704920852,0.980615698399556,0.9956119846241759,0.9831553869208992
2009-06-19 07:00:00,0.9989439704920852,0.9845568035064233,0.9956947866008793,0.9817280026620332
2009-06-19 08:00:00,0.9989439704920852,0.9864602775958721,0.9959603346761877,0.9810141791294021
2009-06-19 09:00:00,0.9982538077158751,0.9877770014945523,0.9956119846241757,0.9810141791294021
2009-06-19 10:00:00,0.9974080573395325,0.9855229558750662,0.9949083320469122,0.9795267200746928
2009-06-19 11:00:00,0.9977678452973625,0.985522955875066,0.9952919048213742,0.9813499557836772
2009-06-19 12:00:00,0.9977678452973627,0.985522955875066,0.9951689483238157,0.9819302850993364
2009-06-19 13:00:00,0.9977678452973627,0.9903514308992443,0.9952919048213742,0.9819302850993364
2009-06-22 07:00:00,0.9977678452973627,0.9926054765187304,0.9959603346761877,0.982777340042543
2009-06-22 08:00:00,0.9974080573395324,0.9912887526200501,0.9964494455154251,0.9832398071979492
2009-06-22 09:00:00,0.9972153997328164,0.9877770014945523,0.9963264890178669,0.9842414797880115
2009-06-22 10:00:00,0.9975751876906467,0.9912887526200502,0.9964494455154251,0.9849553033206427
2009-06-22 11:00:00,0.9977510813887882,0.9919735055477046,0.9966024836165488,0.9854177704760488
2009-06-22 12:00:00,0.9975751876906465,0.9919735055477046,0.9967334651458871,0.9849553033206425
2009-06-22 13:00:00,0.9982370438073008,0.9927206738987664,0.9971275309273049,0.9853398911084429
2009-06-23 07:00:00,0.9982370438073008,0.9952037978179096,0.9969965493979666,0.9853398911084429
2009-06-23 08:00:00,0.9980611501091591,0.9952037978179096,0.9973026563274185,0.9853398911084429
2009-06-23 09:00:00,0.9980611501091591,0.9925531553773993,0.997433637856757,0.9846260675758118
2009-06-23 10:00:00,0.9980611501091591,0.994456629466848,0.9971275309273049,0.9853398911084431
2009-06-23 11:00:00,0.9980611501091591,0.9944566294668479,0.9967205547992847,0.9861135266305214
2009-06-23 12:00:00,0.9985674186256805,0.9960259221586797,0.996350279962525,0.9869863362044088
2009-06-23 13:00:00,0.998911872779482,0.9966578931297058,0.9963502799625248,0.9869863362044088
2009-06-23 14:00:00,0.9985674186256805,0.9950886004378738,0.9963502799625248,0.9859846636143463
2009-06-24 07:00:00,0.9987433123238223,0.9950886004378738,0.9961318395462099,0.9874120478732126
2009-06-24 08:00:00,0.9985674186256805,0.9930247081881319,0.9955871258471302,0.987796635661013
2009-06-24 09:00:00,0.9982370438073008,0.989856831341334,0.9953975840585955,0.9888394321320784
2009-06-24 10:00:00,0.9973912934309581,0.9850283563171559,0.9953975840585955,0.9871195676149844
2009-06-24 11:00:00,0.9975751876906467,0.9842062319763857,0.9953975840585955,0.9867349798271838
2009-06-24 12:00:00,0.9973912934309582,0.9864602775958721,0.9957036909880476,0.9871974469825902
2009-06-24 13:00:00,0.9970468392771568,0.9810872512102888,0.996192801827285,0.9871974469825902
2009-06-25 07:00:00,0.9980852472602153,0.9842062319763857,0.9968905536274882,0.9864836234499592
2009-06-25 08:00:00,0.9984297014140168,0.9836194817856174,0.9968495795139554,0.9864836234499592
2009-06-25 09:00:00,0.9986135956737052,0.9843042347132719,0.9963859944492632,0.9854408269788936
2009-06-25 10:00:00,0.9989439704920852,0.9865582803327582,0.9963859944492632,0.9858254147666942
2009-06-25 11:00:00,0.9984156220785952,0.9811852539471747,0.9963859944492632,0.9841055502496
2009-06-25 12:00:00,0.9976946160583892,0.9838358963876851,0.9966454089791114,0.9844347859944306
2009-06-25 13:00:00,0.9982229644718791,0.9838358963876851,0.9966454089791114,0.9844347859944306
2009-06-26 07:00:00,0.9976946160583892,0.9851526202863655,0.9963017958342281,0.98405019820663
2009-06-26 08:00:00,0.9970044532821793,0.9851526202863655,0.995903916833553,0.9832765626845517
2009-06-26 09:00:00,0.9977254593023852,0.9905256466719486,0.9963017958342282,0.9845339600462395
2009-06-26 10:00:00,0.9980852472602155,0.9940373977974465,0.9966454089791112,0.9865784291073674
2009-06-26 11:00:00,0.9975789787436938,0.9940373977974465,0.9963017958342282,0.9870408962627736
2009-06-26 12:00:00,0.9975789787436938,0.9898408937442943,0.9962608217206952,0.9874254840505742
2009-06-26 13:00:00,0.9975789787436938,0.9838358963876851,0.9965860012583181,0.988528355317483
2009-06-29 07:00:00,0.9975789787436938,0.9844678673587111,0.9969179162825532,0.9870408962627736
2009-06-29 08:00:00,0.9975789787436938,0.9898408937442943,0.9974753129334781,0.9864238114605116
2009-06-29 09:00:00,0.9982691415199039,0.9844678673587111,0.9974753129334781,0.9849964272016456
2009-06-29 10:00:00,0.9982691415199039,0.9851526202863655,0.997316207301752,0.9855767565173049
2009-06-29 11:00:00,0.9972307335368452,0.9844678673587111,0.997316207301752,0.9845339600462396
2009-06-29 12:00:00,0.9970468392771566,0.983035946079995,0.9974753129334781,0.9845339600462395
2009-06-29 13:00:00,0.9977678452973625,0.9801499294894829,0.9974753129334781,0.9823261365494549
2009-06-30 07:00:00,0.9977678452973625,0.986154926846092,0.9979388979981703,0.9840827565531512
2009-06-30 08:00:00,0.9970468392771566,0.9801499294894829,0.9979388979981703,0.9844673443409517
2009-06-30 09:00:00,0.9956563105503103,0.9801499294894829,0.9979388979981703,0.9834245478698862
2009-06-30 10:00:00,0.995279758683906,0.986154926846092,0.9983091728349299,0.9817046833527923
2009-06-30 11:00:00,0.995279758683906,0.985522955875066,0.9983091728349299,0.9813754476079617
2009-06-30 12:00:00,0.9948645051306975,0.98489098490404,0.9983091728349299,0.9796188276042652
2009-06-30 13:00:00,0.9943120595661513,0.9848909849040401,0.9984982711083932,0.979618827604265
2009-06-30 14:00:00,0.9939816847477716,0.985522955875066,0.9985428879405803,0.9785760311331996
2009-07-01 07:00:00,0.994358236614176,0.9836194817856172,0.9985428879405803,0.9781914433453992
2009-07-01 08:00:00,0.9946886114325557,0.9829875108145916,0.9985428879405803,0.9801413695555147
2009-07-01 09:00:00,0.9962920953772831,0.9829875108145916,0.9983419544456835,0.9801413695555147
2009-07-01 10:00:00,0.9972153997328166,0.9864602775958721,0.9983419544456835,0.9810141791294024
2009-07-01 11:00:00,0.9980611501091591,0.9858735274051037,0.9983419544456835,0.9815945084450616
2009-07-01 12:00:00,0.997532801695669,0.9844416061263876,0.9983419544456835,0.9804182177570242
2009-07-01 13:00:00,0.9982538077158751,0.9858735274051037,0.9979721580758736,0.9822414534660087
2009-07-02 07:00:00,0.9989439704920852,0.9858735274051036,0.99737608367439,0.9815276299333774
2009-07-02 08:00:00,0.9991198641902268,0.9818531873115237,0.9972451021450516,0.9832842499370741
2009-07-02 09:00:00,0.9989439704920852,0.9818531873115237,0.9970684895919072,0.983998073469705
2009-07-02 10:00:00,0.9986135956737053,0.9858735274051037,0.9968748273082918,0.9849997460597674
2009-07-02 11:00:00,0.9993037584499153,0.9900700314582558,0.9968748273082918,0.9835122870050578
2009-07-02 12:00:00,0.9993037584499153,0.9918059870263376,0.9970684895919071,0.9840926163207173
2009-07-02 13:00:00,0.9996482126037167,0.9895519414068513,0.9970684895919072,0.9851954875876261
2009-07-06 07:00:00,0.9993037584499153,0.9922025838473617,0.9972451021450517,0.9860425425308328
2009-07-06 08:00:00,0.9993037584499153,0.9908858599486814,0.9976520782730719,0.9864271303186334
2009-07-06 09:00:00,0.9993037584499154,0.9908858599486814,0.9976520782730719,0.9855800753754266
2009-07-06 10:00:00,0.9993037584499153,0.9922025838473617,0.9976520782730719,0.9851954875876261
2009-07-06 11:00:00,0.9996482126037167,0.9895519414068513,0.9978490652503729,0.985739061416683
2009-07-06 12:00:00,0.9992884246458864,0.988235217508171,0.9979772578106949,0.985739061416683
2009-07-06 13:00:00,0.9992884246458864,0.988235217508171,0.9978927119968874,0.985739061416683
2009-07-07 07:00:00,0.9991198641902268,0.9855845750676606,0.99775881739438,0.9836945923555551
2009-07-07 08:00:00,0.9991198641902268,0.9855845750676606,0.9971497277171488,0.9836945923555551
2009-07-07 09:00:00,0.9989439704920852,0.9850370017553611,0.9969805610432937,0.9841570595109614
2009-07-07 10:00:00,0.9991198641902268,0.988235217508171,0.9973057405809167,0.9844449085683925
2009-07-07 11:00:00,0.9983988581700208,0.9871008940051031,0.9969594791306099,0.9841156728235619
2009-07-07 12:00:00,0.9978925896534995,0.9833010461872795,0.9968731144334584,0.9832428632496747
2009-07-07 13:00:00,0.9978925896534995,0.9833010461872795,0.9968731144334584,0.984419153937712
2009-07-07 14:00:00,0.9972024268772894,0.9795895266212764,0.9969117243554251,0.9839566867823057
2009-07-08 07:00:00,0.9975789787436938,0.9841231705280498,0.9974443227651149,0.9851329774703429
2009-07-08 08:00:00,0.9965405707606352,0.9806504037467689,0.9970322200651845,0.9855954446257491
2009-07-08 09:00:00,0.997386321136978,0.9806504037467689,0.9968731144334584,0.9851329774703429
2009-07-08 10:00:00,0.997386321136978,0.9855845750676606,0.9972973528811037,0.9845526481546837
2009-07-08 11:00:00,0.997386321136978,0.9838486194995789,0.9978299512907932,0.9833763574666464
2009-07-08 12:00:00,0.9978925896534995,0.9847624507268904,0.9976930110351964,0.9837055932114771
2009-07-08 13:00:00,0.9978925896534995,0.9798282794059989,0.9971604126255065,0.9822414534660087
2009-07-09 07:00:00,0.9971378457536259,0.9838486194995789,0.9972031305761435,0.9822414534660087
2009-07-09 08:00:00,0.9963460403340129,0.988235217508171,0.9972031305761435,0.9808140692071426
2009-07-09 09:00:00,0.9965146007896727,0.9873213862808596,0.9969594791306097,0.979057449203446
2009-07-09 10:00:00,0.99566885041333,0.9841231705280498,0.9969980890525766,0.9776966806498677
2009-07-09 11:00:00,0.9943077929029113,0.9841231705280498,0.9972031305761435,0.9776966806498679
2009-07-09 12:00:00,0.9941392324472516,0.9873213862808594,0.9965804398797254,0.9787394771209333
2009-07-09 13:00:00,0.9941392324472516,0.9886381101795397,0.9962989070886169,0.9787394771209336
2009-07-10 07:00:00,0.9946675808607415,0.9886381101795397,0.9967610268818369,0.9787394771209333
2009-07-10 08:00:00,0.9955002899576704,0.9900700314582558,0.997383717578255,0.9787394771209333
2009-07-10 09:00:00,0.9943077929029113,0.9912887526200501,0.9975066740758134,0.9801668613797991
2009-07-10 10:00:00,0.9938405685315984,0.9900700314582558,0.997383717578255,0.9789905706917622
2009-07-10 11:00:00,0.9931195625113926,0.9873054486838196,0.9972031305761435,0.9775264309462935
2009-07-10 12:00:00,0.9931195625113922,0.9858735274051036,0.9965804398797254,0.9778142800037248
2009-07-10 13:00:00,0.9931195625113922,0.9818531873115237,0.9963753983561583,0.9784313648059867
2009-07-13 07:00:00,0.9931195625113923,0.9818531873115237,0.9961042890722988,0.9773885683349213
2009-07-13 08:00:00,0.9925078688509763,0.9818531873115235,0.9954287609031807,0.9759244285894526
2009-07-13 09:00:00,0.9915845644954431,0.9804212660328078,0.9953005683428587,0.9718977377780843
2009-07-13 10:00:00,0.9899854707804334,0.9744162686761986,0.9952626869972839,0.9711172985401655
2009-07-13 11:00:00,0.9890567491072094,0.9766214182149838,0.9950049357511299,0.970536969224506
2009-07-13 12:00:00,0.9887263742888298,0.9766214182149838,0.9950049357511299,0.9717132599125434
2009-07-13 13:00:00,0.9870518906947313,0.9749737908987228,0.9950428170967047,0.9711696860834864
2009-07-14 07:00:00,0.9850986063880369,0.9710326857918558,0.9948580725099967,0.9696822270287773
2009-07-14 08:00:00,0.9861837251062903,0.9764057121774389,0.9950428170967045,0.9714388470324735
2009-07-14 09:00:00,0.9883055698686443,0.9818531873115237,0.9953005683428587,0.9714388470324735
2009-07-14 10:00:00,0.9881370094129845,0.9793700633923804,0.9954287609031807,0.9722859019756803
2009-07-14 11:00:00,0.9885135612793889,0.982881814517878,0.9959008036819369,0.9719566662308496
2009-07-14 12:00:00,0.9911167665467114,0.9818531873115237,0.9965763318510551,0.9739388879810904
2009-07-14 13:00:00,0.9891029261552342,0.9786853104647257,0.9965763318510551,0.9721156522721061
2009-07-14 14:00:00,0.9894473803090357,0.9780533394936999,0.9965763318510551,0.9732919429601434
2009-07-15 07:00:00,0.9879751950502643,0.9780533394936999,0.9965763318510551,0.9732919429601434
2009-07-15 08:00:00,0.9874892326317519,0.9738568354405478,0.9965763318510551,0.9732919429601434
2009-07-15 09:00:00,0.9874892326317519,0.9766214182149838,0.9969619603767335,0.9744682336481806
2009-07-15 10:00:00,0.9855359483250579,0.9798196339677937,0.996781373374622,0.9744682336481806
2009-07-15 11:00:00,0.9865743563081164,0.9829875108145913,0.996530083653149,0.9736211787049741
2009-07-15 12:00:00,0.9879751950502645,0.9878159858387696,0.9969619603767335,0.9729073551723428
2009-07-15 13:00:00,0.9879751950502645,0.988500738766424,0.9971276348249289,0.9724448880169366
2009-07-16 07:00:00,0.9883517469166692,0.9919735055477046,0.9971276348249289,0.9729073551723428
2009-07-16 08:00:00,0.9891029261552342,0.9919735055477046,0.9966530401507074,0.9739090277624052
2009-07-16 09:00:00,0.9885135612793892,0.9900700314582558,0.9964521066558106,0.9718645587012772
2009-07-16 10:00:00,0.9876307408964631,0.9886381101795398,0.9965349086325143,0.97068826801324
2009-07-16 11:00:00,0.9869065417147402,0.9886381101795398,0.9963379216552134,0.969585396746331
2009-07-16 12:00:00,0.9882302193300073,0.9918059870263375,0.9970513311699062,0.9701657260619905
2009-07-16 13:00:00,0.9871451006117541,0.9895519414068511,0.9965349086325143,0.9719889617709747
2009-07-17 07:00:00,0.9878352633879641,0.9878159858387695,0.9964930807693438,0.9734531015164434
2009-07-17 08:00:00,0.9896445812879401,0.9858735274051036,0.9967115211856588,0.9746293922044804
2009-07-17 09:00:00,0.9896445812879401,0.9858735274051036,0.9967115211856586,0.9750918593598867
2009-07-17 10:00:00,0.9882302193300074,0.9818531873115237,0.9967115211856586,0.9733953141520336
2009-07-17 11:00:00,0.9891083070248111,0.9853649384370214,0.99718611585988,0.9733953141520336
2009-07-17 12:00:00,0.989832506206534,0.9878159858387696,0.9973042473780732,0.9751519341557303
2009-07-17 13:00:00,0.9905535122267402,0.990070031458256,0.9973925109567747,0.9768484793635832
2009-07-20 07:00:00,0.9926657489757241,0.994456629466848,0.9976832866289577,0.9773342658282305
2009-07-20 08:00:00,0.9926657489757241,0.994456629466848,0.9974739654342479,0.9769496780404301
2009-07-20 09:00:00,0.9926657489757241,0.9965205217165898,0.9977672705365163,0.9757733873523927
2009-07-20 10:00:00,0.9936334480934786,0.9980898144084218,0.9982605018708343,0.9790840821160867
2009-07-20 11:00:00,0.9939277397910418,0.99734264605736,0.9982605018708345,0.979931137059293
2009-07-20 12:00:00,0.9941116340507302,0.9980273989850146,0.9979765917312261,0.9781079013503088
2009-07-20 13:00:00,0.9945065899927735,0.9987745673360763,0.998469823065544,0.9763880368332148
2009-07-21 07:00:00,0.9951684461094277,0.9987745673360763,0.998469823065544,0.9771018603658459
2009-07-21 08:00:00,0.9963566765009467,0.999521735687138,0.9985526250422477,0.9783592577275336
2009-07-21 09:00:00,0.9970468392771566,0.999521735687138,0.9985526250422477,0.9790730812601647
2009-07-21 10:00:00,0.9958586088856377,0.9995217356871378,0.9985526250422477,0.9776456970012989
2009-07-21 11:00:00,0.9962351607520421,0.999521735687138,0.998786340147898,0.9776456970012989
2009-07-21 12:00:00,0.9962351607520423,0.9987745673360762,0.9989264679024191,0.9798535204980834
2009-07-21 13:00:00,0.9970468392771568,0.99734264605736,0.9990187913258293,0.9812809047569494
2009-07-21 14:00:00,0.9963566765009467,0.9980898144084217,0.9989359893491256,0.9801046140689122
2009-07-22 07:00:00,0.996356676500947,0.9987745673360762,0.999024252927827,0.9786772298100465
2009-07-22 08:00:00,0.9972024268772897,0.9987745673360762,0.9990688697600139,0.9797200262811119
2009-07-22 09:00:00,0.9973950844840055,0.9987745673360762,0.9992380364338689,0.9797200262811119
2009-07-22 10:00:00,0.9963566765009467,0.9995217356871378,0.9992380364338689,0.9807628227521773
2009-07-22 11:00:00,0.9951159701825607,0.9987745673360763,0.9992380364338689,0.9795054253904896
2009-07-22 12:00:00,0.9959617205589034,0.99652052171659,0.9991934196016821,0.9800489992195462
2009-07-22 13:00:00,0.9959617205589034,0.9950886004378737,0.9991122909672943,0.9812252899075835
2009-07-23 07:00:00,0.9951159701825607,0.9950886004378737,0.9991934196016821,0.9817688637366403
2009-07-23 08:00:00,0.9952998644422493,0.993352644869792,0.999366228994191,0.9817688637366403
2009-07-23 09:00:00,0.9956948203842927,0.9933526448697922,0.9992779654154895,0.9834887282537345
2009-07-23 10:00:00,0.9967332283673512,0.99652052171659,0.9992779654154895,0.9844904008437966
2009-07-23 11:00:00,0.9975789787436938,0.9980898144084217,0.9991916007183381,0.9844904008437966
2009-07-23 12:00:00,0.9975789787436938,0.9980898144084217,0.9991013528623452,0.9840279336883904
2009-07-23 13:00:00,0.9975789787436938,0.9966578931297055,0.9989783963647868,0.9852042243764277
2009-07-24 07:00:00,0.9980852472602153,0.9966578931297055,0.998978396364787,0.9859180479090586
2009-07-24 08:00:00,0.9980852472602153,0.9966578931297055,0.9987550914120386,0.9859180479090586
2009-07-24 09:00:00,0.9977086953938109,0.995910724778644,0.9991013528623452,0.983710224412274
2009-07-24 10:00:00,0.9978925896534995,0.995910724778644,0.9992779654154895,0.9826674279412083
2009-07-24 11:00:00,0.9980852472602153,0.9930247081881317,0.9991440708129821,0.9852044871828237
2009-07-24 12:00:00,0.9984297014140168,0.9930247081881317,0.9993206833661266,0.9860515421260305
2009-07-24 13:00:00,0.9991198641902267,0.9895519414068513,0.9992779654154895,0.9874789263848965
2009-07-27 09:00:00,0.9991198641902268,0.9901386915976198,0.9990686442207799,0.9870164592294903
2009-07-27 10:00:00,0.9991198641902267,0.9866659248163391,0.9989840984069723,0.9884805989749587
2009-07-27 11:00:00,0.9991198641902268,0.9834980479695414,0.999283667457675,0.990303834683943
2009-07-27 12:00:00,0.9993037584499153,0.9834980479695414,0.9994564768501839,0.9908841639996023
2009-07-27 13:00:00,0.9993037584499153,0.9869708147508218,0.9994564768501839,0.9908841639996023
2009-07-28 07:00:00,0.9991198641902268,0.9898568313413342,0.9996256435240389,0.9908841639996023
2009-07-28 08:00:00,0.9989439704920852,0.9912887526200501,0.9996256435240389,0.9911720130570336
2009-07-28 09:00:00,0.999472318905575,0.9912887526200501,0.999497450963717,0.991556600844834
2009-07-28 10:00:00,0.999472318905575,0.9912887526200502,0.999497450963717,0.9909395160425722
2009-07-28 11:00:00,0.9996482126037167,0.9884027360295381,0.9996702603562261,0.9917865709857789
2009-07-28 12:00:00,0.9992884246458866,0.986970814750822,0.9995420677959038,0.9927882435758411
2009-07-28 13:00:00,0.999472318905575,0.9815555895358755,0.9993282842898618,0.9927882435758411
2009-07-28 14:00:00,0.9989439704920852,0.9777557417180516,0.9990688697600141,0.9931174793206717
2009-07-29 07:00:00,0.9987754100364254,0.980406384158562,0.99911450078382,0.9927328915328711
2009-07-29 08:00:00,0.9985915157767369,0.9798196339677937,0.9988605627569233,0.9923483037450708
2009-07-29 09:00:00,0.9991198641902267,0.9842062319763857,0.9988149317331171,0.992810770900477
2009-07-29 10:00:00,0.9991198641902267,0.9890347070005638,0.9988149317331171,0.9920969473678459
2009-07-29 11:00:00,0.9985915157767369,0.9890347070005638,0.9985609937062204,0.9912498924246392
2009-07-29 12:00:00,0.9987600762323967,0.9890347070005638,0.9982220575801461,0.9915791281694698
2009-07-29 13:00:00,0.9991198641902267,0.9884027360295378,0.9985216266308489,0.9905774555794076
2009-07-30 07:00:00,0.9991198641902267,0.9829875108145916,0.9988149317331173,0.990962043367208
2009-07-30 08:00:00,0.9991198641902268,0.9798196339677938,0.9988149317331171,0.9913466311550084
2009-07-30 09:00:00,0.9991198641902268,0.9751313605098649,0.99911450078382,0.9913466311550084
2009-07-30 10:00:00,0.9987754100364252,0.9751313605098647,0.9988605627569233,0.9895900111513118
2009-07-30 11:00:00,0.9984156220785952,0.9739126393480706,0.9990743462629652,0.9906328076223775
2009-07-30 12:00:00,0.9975328016956694,0.973227886420416,0.99911450078382,0.9892054233635117
2009-07-30 13:00:00,0.9978772558494706,0.9751313605098647,0.9991145007838198,0.9894932724209428
2009-07-31 07:00:00,0.9982370438073008,0.9763078828422959,0.9991145007838198,0.9905360688920084
2009-07-31 08:00:00,0.9986135956737052,0.9751313605098649,0.9993282842898618,0.9905360688920084
2009-07-31 09:00:00,0.9989439704920852,0.9763500816716593,0.999497450963717,0.991383123835215
2009-07-31 10:00:00,0.9987754100364254,0.9757181107006332,0.9995819967775245,0.991383123835215
2009-07-31 11:00:00,0.9991198641902268,0.9817231080572423,0.9997548061700335,0.991383123835215
2009-07-31 12:00:00,0.9993037584499153,0.9855229558750662,0.9997101893378464,0.9913831238352148
2009-07-31 13:00:00,0.9986135956737052,0.9836194817856174,0.9997101893378466,0.9920969473678459
2009-08-03 07:00:00,0.9986135956737052,0.9878159858387696,0.9997101893378466,0.9920969473678459
2009-08-03 08:00:00,0.9989733836315355,0.9900700314582558,0.9997101893378466,0.9910541508967805
2009-08-03 09:00:00,0.9981276332551928,0.9868718157054461,0.999668361474676,0.9905916837413743
2009-08-03 10:00:00,0.9973159547300785,0.9839074644905046,0.999408946944828,0.9905916837413743
2009-08-03 11:00:00,0.9979517395570511,0.9839074644905046,0.9993225822476764,0.9891275439959059
2009-08-03 12:00:00,0.9975751876906467,0.9830853401497346,0.9991916007183381,0.9887429562081055
2009-08-03 13:00:00,0.9977678452973627,0.9885328152838194,0.9991916007183381,0.9901703404669713
2009-08-04 07:00:00,0.9972153997328164,0.9909838626855673,0.9992325748318712,0.9901703404669713
2009-08-04 08:00:00,0.9970468392771564,0.9878159858387696,0.9992325748318712,0.9901703404669713
2009-08-04 09:00:00,0.9977086953938108,0.9878159858387696,0.9992325748318712,0.9881258714058435
2009-08-04 10:00:00,0.9969539514939374,0.9878159858387696,0.999232574831871,0.9876634042504374
2009-08-04 11:00:00,0.9969539514939374,0.9863840645600536,0.999191600718338,0.9880479920382378
2009-08-04 12:00:00,0.9966235766755575,0.9857520935890275,0.9991497728551676,0.9876634042504374
2009-08-04 13:00:00,0.9969539514939374,0.9878159858387695,0.9993225822476764,0.9874076794788117
2009-08-04 14:00:00,0.9976441142701473,0.9878159858387695,0.9993682132714825,0.9886650768404996
2009-08-05 07:00:00,0.9973137394517676,0.9878159858387696,0.9994510152481861,0.988280489052699
2009-08-05 08:00:00,0.9966235766755577,0.9829875108145913,0.9994510152481861,0.9872788164626368
2009-08-05 09:00:00,0.995655877557803,0.9829875108145916,0.9994510152481861,0.9877412836180429
2009-08-05 10:00:00,0.9949348715375972,0.9836194817856174,0.9996238246406951,0.9873566958302424
2009-08-05 11:00:00,0.9949348715375972,0.9815555895358755,0.9995792078085081,0.9873566958302425
2009-08-05 12:00:00,0.9946174695747443,0.9749638419884978,0.9995792078085081,0.9863550232401803
2009-08-05 13:00:00,0.9934249725199854,0.9732278864204161,0.9994510152481861,0.9855079682969735
2009-08-06 07:00:00,0.9921842662015994,0.9738146366111846,0.9994510152481861,0.9851787325521429
2009-08-06 08:00:00,0.9915484813746266,0.9726803131081169,0.9995792078085081,0.9855633203399434
2009-08-06 09:00:00,0.9905923335604093,0.9704007148208299,0.9995792078085081,0.9853075955683178
2009-08-06 10:00:00,0.9909097355232621,0.9717174387195101,0.9995792078085081,0.9855954446257491
2009-08-06 11:00:00,0.9912040272208249,0.9704007148208299,0.9995373799453374,0.9855954446257491
2009-08-06 12:00:00,0.9921273315763584,0.972883838739973,0.9996256435240389,0.9845526481546837
2009-08-06 13:00:00,0.9921273315763584,0.9728838387399732,0.9997984529165479,0.9840901809992775
2009-08-07 07:00:00,0.9905923335604091,0.9728838387399732,0.9997984529165479,0.9840901809992775
2009-08-07 08:00:00,0.9893128059083539,0.9669532901318655,0.9997101893378464,0.9807794862355838
2009-08-07 09:00:00,0.9877137121933444,0.9682700140305457,0.999668361474676,0.9790228662318873
2009-08-07 10:00:00,0.9861102282486169,0.9634415390063676,0.9994917489215315,0.9780211936418247
2009-08-07 11:00:00,0.9833721886754169,0.9608546306380452,0.9993607673921932,0.9765938093829589
2009-08-07 12:00:00,0.981849316802278,0.9608546306380453,0.9990546604627413,0.9755921367928967
2009-08-07 13:00:00,0.9818493168022779,0.9615393835656997,0.9990546604627413,0.9763059603255279
2009-08-10 07:00:00,0.9818493168022779,0.9647582629050481,0.9990546604627413,0.9755921367928967
2009-08-10 08:00:00,0.9792337262655364,0.9647582629050481,0.9990546604627413,0.9741279970474281
2009-08-10 09:00:00,0.9787109752181923,0.9647582629050481,0.9992779654154897,0.9730852005763627
2009-08-10 10:00:00,0.9794011379944023,0.9647582629050481,0.9994034853428302,0.9745493403218313
2009-08-10 11:00:00,0.9794011379944023,0.9634415390063678,0.9994034853428302,0.9745493403218313
2009-08-10 12:00:00,0.9794011379944023,0.9608546306380453,0.9994034853428302,0.9745493403218313
2009-08-10 13:00:00,0.9782582368474052,0.9608546306380453,0.9991801803900817,0.9735666186466091
2009-08-11 07:00:00,0.9787254612187183,0.9640735099773935,0.999054660462741,0.9729495338443473
2009-08-11 08:00:00,0.9794011379944022,0.9634415390063678,0.9989264679024191,0.9719478612542851
2009-08-11 09:00:00,0.9766591431323952,0.9608546306380452,0.9987536585099102,0.9711008063110785
2009-08-11 10:00:00,0.9748653208722331,0.9565188245465193,0.9984942439800623,0.968750174006619
2009-08-11 11:00:00,0.9710699124163954,0.9510253034822381,0.998494243980062,0.9648619236085243
2009-08-11 12:00:00,0.967717879395863,0.9465727220830432,0.9984540894592075,0.9608094781664753
2009-08-11 13:00:00,0.968023289404456,0.9418844486251143,0.9984131153456745,0.959936668592588
2009-08-11 14:00:00,0.967717879395863,0.9351370996508328,0.9984540894592075,0.9590638590187007
2009-08-12 07:00:00,0.9665727412153767,0.9296265681499097,0.9983335937494481,0.9590638590187005
2009-08-12 08:00:00,0.9700371297959332,0.9349995945354929,0.9987192222751266,0.9603212563803883
2009-08-12 09:00:00,0.970565478209423,0.9412572943874776,0.9986268988517166,0.9615786537420763
2009-08-12 10:00:00,0.9712273343260772,0.9463946287143269,0.9987132635488679,0.9611940659542759
2009-08-12 11:00:00,0.9707413719075645,0.9449627074356108,0.9987550914120386,0.9581134328836037
2009-08-12 12:00:00,0.9664066353252809,0.9398253731087615,0.9985064031419569,0.9538310173006097
2009-08-12 13:00:00,0.9647231697521839,0.9412572943874777,0.9982412703260379,0.9515308234678562
2009-08-13 07:00:00,0.9611961568642956,0.9457098757866724,0.9979283331790079,0.9498109589507621
2009-08-13 08:00:00,0.9611961568642956,0.9398253731087617,0.9977692275472818,0.9483234998960529
2009-08-13 09:00:00,0.9628796224373931,0.9425899558831976,0.9977692275472817,0.9479389121082523
2009-08-13 10:00:00,0.9619234746231757,0.9335580118079335,0.9975964181547727,0.9510195451789245
2009-08-13 11:00:00,0.9627037287392514,0.9307934290334976,0.9975554440412399,0.9505570780235184
2009-08-13 12:00:00,0.9611961568642957,0.9307934290334976,0.9977692275472818,0.948733842314534
2009-08-13 13:00:00,0.9611961568642956,0.9369393565182493,0.9977692275472818,0.9481535129988747
2009-08-14 07:00:00,0.9628085194160945,0.9292241363416655,0.9973663457677765,0.948733842314534
2009-08-14 08:00:00,0.9621968257556787,0.922632388794288,0.9971935363752674,0.948733842314534
2009-08-14 09:00:00,0.9611961568642956,0.9146387333742216,0.9967781089816518,0.9495074778366123
2009-08-14 10:00:00,0.9611961568642956,0.8989822169701428,0.9962310050991102,0.9483824336035405
2009-08-14 11:00:00,0.9628796224373929,0.898982216970143,0.99623100509911,0.9476686100709094
2009-08-14 12:00:00,0.9628796224373931,0.893019418442897,0.9958281233196049,0.9494252300746059
2009-08-14 13:00:00,0.9628796224373929,0.8821215741719187,0.9955984270102157,0.9468949745488309
2009-08-17 07:00:00,0.9628796224373931,0.8838878686460123,0.9955984270102154,0.9468949745488309
2009-08-17 08:00:00,0.9628796224373929,0.8821215741719187,0.9951453501967522,0.9471250362418524
2009-08-17 09:00:00,0.9628796224373929,0.8630056954047651,0.9944267253079805,0.9471250362418524
2009-08-17 10:00:00,0.9628796224373929,0.8676939688626939,0.9944267253079805,0.9464112127092216
2009-08-17 11:00:00,0.9619234746231756,0.8676939688626939,0.9944267253079805,0.9472582676524282
2009-08-17 12:00:00,0.9615636866653455,0.8742319276471457,0.9944267253079805,0.9438486616433216
2009-08-17 13:00:00,0.9586640766501431,0.885129771918124,0.9941815806596035,0.9416408381465365
2009-08-18 07:00:00,0.9637043976306344,0.8977076919008256,0.9946861398378286,0.9440232797412964
2009-08-18 08:00:00,0.9668034983374193,0.9036704904280716,0.9951392166512918,0.9472952859454267
2009-08-18 09:00:00,0.9712477272650709,0.9193270068321505,0.9951392166512918,0.9503759190160989
2009-08-18 10:00:00,0.9712477272650708,0.9158152557066528,0.9948798021214439,0.9520957835331928
2009-08-18 11:00:00,0.9722038750792881,0.9158152557066526,0.9946861398378286,0.9503391635294964
2009-08-18 12:00:00,0.9699930877038625,0.9158152557066526,0.9941815806596035,0.948038969696743
2009-08-18 13:00:00,0.9712477272650708,0.9248375383330735,0.9944267253079806,0.9490817661678084
2009-08-18 14:00:00,0.9712477272650708,0.9376900928365066,0.9944267253079806,0.9496620954834678
2009-08-19 07:00:00,0.9712477272650708,0.9417516926220719,0.9938820116089008,0.9496620954834678
2009-08-19 08:00:00,0.974581794955971,0.9521500947602248,0.9940289814929121,0.9518699189802526
2009-08-19 09:00:00,0.973028794089235,0.9484990415963535,0.9933742994345904,0.9518699189802526
2009-08-19 10:00:00,0.9716674775691693,0.9528856396049455,0.9934257817993521,0.9498254499191249
2009-08-19 11:00:00,0.9706508742125519,0.9607331968219692,0.99381984758077,0.9504057792347842
2009-08-19 12:00:00,0.9706508742125519,0.9671199530081152,0.9941259545102219,0.9504057792347842
2009-08-19 13:00:00,0.9696947263983349,0.9652164789186666,0.9944267253079805,0.9489183201800748
2009-08-20 07:00:00,0.9676663709930698,0.9632163207411125,0.993621395331997,0.9489183201800748
2009-08-20 08:00:00,0.9696391221639041,0.9632163207411125,0.993621395331997,0.947660922818387
2009-08-20 09:00:00,0.9698230164235927,0.9587230173863173,0.9938808098618449,0.9488372135064242
2009-08-20 10:00:00,0.9720170420405875,0.9686892456999473,0.99438536904007,0.9488372135064242
2009-08-20 11:00:00,0.9704309275835173,0.9737059630807434,0.9947974717400002,0.9500389960187462
2009-08-20 12:00:00,0.9724592829887824,0.9737059630807434,0.994506696067817,0.9517588605358402
2009-08-20 13:00:00,0.9740453974458524,0.9797109604373524,0.9949284532693385,0.9512963933804338
2009-08-21 07:00:00,0.9730126148253904,0.9797109604373524,0.9945520929846299,0.9520768326183526
2009-08-21 08:00:00,0.9730126148253904,0.9788888360965822,0.995290360935311,0.9497766387855994
2009-08-21 09:00:00,0.9736744709420445,0.9788888360965824,0.9957602984069245,0.9493141716301933
2009-08-21 10:00:00,0.9733146829842143,0.9795735890242366,0.9957602984069245,0.9482713751591276
2009-08-21 11:00:00,0.9734764973469343,0.9818531873115237,0.9953385412054031,0.9486006109039584
2009-08-21 12:00:00,0.9773874723834713,0.9846177700859599,0.995673933709773,0.9502810378052678
2009-08-21 13:00:00,0.9773874723834713,0.9823381717986729,0.995290360935311,0.9525812316380212
2009-08-24 07:00:00,0.9745264078812773,0.9788907471097087,0.9952903609353109,0.9505162169489111
2009-08-24 08:00:00,0.9758874653916962,0.9830853401497346,0.9952903609353109,0.9496434073750238
2009-08-24 09:00:00,0.975887465391696,0.9853649384370214,0.9952903609353109,0.9509008047367117
2009-08-24 10:00:00,0.975887465391696,0.982881814517878,0.995290360935311,0.9511308664297334
2009-08-24 11:00:00,0.9779158207969612,0.9853649384370214,0.9950566458296607,0.9536583482742496
2009-08-24 12:00:00,0.9814221059703911,0.9902991097579129,0.9950566458296607,0.9536583482742494
2009-08-24 13:00:00,0.9795093171458251,0.9902991097579129,0.9950566458296607,0.9522975797206713
2009-08-25 07:00:00,0.97800931015405,0.9902991097579129,0.9945520929846299,0.949770097876155
2009-08-25 08:00:00,0.97800931015405,0.9937718765391936,0.9945957397311443,0.9488972883022676
2009-08-25 09:00:00,0.9778407496983903,0.9922025838473617,0.9950566458296607,0.9519779213729398
2009-08-25 10:00:00,0.9789770092718046,0.9922025838473617,0.9950566458296607,0.9519779213729399
2009-08-25 11:00:00,0.97800931015405,0.9922025838473617,0.9945930607649686,0.950550537114074
2009-08-25 12:00:00,0.97800931015405,0.9937718765391934,0.995398390740952,0.9531130881799739
2009-08-25 13:00:00,0.9784245637072585,0.9950886004378737,0.9956321058466024,0.9551575572411017
2009-08-25 14:00:00,0.9784245637072585,0.9957733533655283,0.9952103486450811,0.957457751073855
2009-08-26 07:00:00,0.9806455767192395,0.99734264605736,0.9949766335394308,0.9599852329183711
2009-08-26 08:00:00,0.9838820431590729,0.9987745673360762,0.9954402186041227,0.9580030111681306
2009-08-26 09:00:00,0.9838820431590729,0.9987745673360762,0.9954829365547597,0.9584654783235369
2009-08-26 10:00:00,0.9837134827034132,0.9987745673360762,0.9950193514900678,0.9605099473846644
2009-08-26 11:00:00,0.9823290422923369,0.9987745673360762,0.9945930607649686,0.9605099473846644
2009-08-26 12:00:00,0.984241831116903,0.999521735687138,0.9945930607649686,0.9605099473846647
2009-08-26 13:00:00,0.9837134827034132,0.999521735687138,0.9944238940911136,0.9605099473846644
2009-08-27 07:00:00,0.9838973769631015,0.999521735687138,0.9939492994168921,0.960894535172465
2009-08-27 08:00:00,0.9818835365716243,0.9995217356871378,0.993456068082574,0.9598517387013996
2009-08-27 09:00:00,0.9793628365871337,0.9980898144084218,0.9931608364322532,0.9581318741843057
2009-08-27 10:00:00,0.9799707477470583,0.99734264605736,0.9939492994168921,0.9566444151295961
2009-08-27 11:00:00,0.9789323397639995,0.99734264605736,0.9942099156937959,0.9571068822850023
2009-08-27 12:00:00,0.9753104880098705,0.99734264605736,0.9938263429193339,0.953368040531065
2009-08-27 13:00:00,0.9745186825902575,0.9987745673360762,0.9939492994168921,0.9522651692641563
2009-08-28 07:00:00,0.9731281538634111,0.9980898144084218,0.9938263429193339,0.9508010295186875
2009-08-28 08:00:00,0.971853445392064,0.9987745673360762,0.993617562192122,0.9500205902807688
2009-08-28 09:00:00,0.9716404901741829,0.9987745673360762,0.9933838470864719,0.948593206021903
2009-08-28 10:00:00,0.9716404901741829,0.99734264605736,0.9928419308837741,0.9485932060219028
2009-08-28 11:00:00,0.9731281538634111,0.9980898144084217,0.9933838470864719,0.9497694967099399
2009-08-28 12:00:00,0.9747316378081385,0.9966578931297058,0.9931192927359388,0.9515927324189245
2009-08-28 13:00:00,0.9753104880098705,0.9960259221586797,0.9930329280387873,0.9515927324189244
2009-08-31 07:00:00,0.9736205259853149,0.9933752797181695,0.9930329280387873,0.9511302652635182
2009-08-31 08:00:00,0.9755031456165865,0.9918059870263375,0.9930329280387873,0.9511302652635182
2009-08-31 09:00:00,0.9767438519349724,0.9930247081881319,0.9930329280387874,0.9554126808465122
2009-08-31 10:00:00,0.977926456963895,0.9937718765391934,0.9922286027292978,0.9573008459955656
2009-08-31 11:00:00,0.977926456963895,0.9952037978179097,0.9916794330520804,0.9577866324602127
2009-08-31 12:00:00,0.9757054439519138,0.994456629466848,0.9912272162887041,0.9569001399012216
2009-08-31 13:00:00,0.9744104833629675,0.9912887526200501,0.9900404810249109,0.9558367978021739
2009-09-01 07:00:00,0.9744104833629675,0.9912887526200502,0.9900404810249109,0.9550950471238187
2009-09-01 08:00:00,0.9742081850276402,0.9930247081881319,0.990040481024911,0.9539921758569097
2009-09-01 09:00:00,0.9742081850276402,0.9917079842894516,0.990040481024911,0.9548392308001162
2009-09-01 10:00:00,0.9764918441527144,0.9917079842894516,0.9909038616793204,0.9576641390991627
2009-09-01 11:00:00,0.9764918441527144,0.9873213862808594,0.9909038616793203,0.9598933488322275
2009-09-01 12:00:00,0.978632555118003,0.988235217508171,0.990714763405857,0.964983381742644
2009-09-01 13:00:00,0.9806609105232682,0.988235217508171,0.9900137063243777,0.9668715468916972
2009-09-01 14:00:00,0.9838973769631015,0.9890573418489412,0.9903444885690972,0.9694018024174722
2009-09-02 07:00:00,0.9819845881385354,0.9890573418489412,0.9898258975652554,0.9697310381623028
2009-09-02 08:00:00,0.9804845811467602,0.9879230183458734,0.9892322066876263,0.9685566965458804
2009-09-02 09:00:00,0.9825129365520252,0.9879230183458734,0.9886175143032985,0.9689574026402242
2009-09-02 10:00:00,0.9838973769631015,0.9919433584394534,0.9880334335288471,0.9704448616949338
2009-09-02 11:00:00,0.984292332905145,0.9919433584394534,0.9883688260332171,0.9709073288503399
2009-09-02 12:00:00,0.984292332905145,0.9933752797181695,0.9880369110089819,0.9700602739071332
2009-09-02 13:00:00,0.9838973769631015,0.9925531553773991,0.9882805624545156,0.9682370381981488
2009-09-03 07:00:00,0.9838973769631015,0.9925531553773991,0.989532592462987,0.9696644224570148
2009-09-03 08:00:00,0.9855073049635754,0.9925531553773993,0.989532592462987,0.9718234348202741
2009-09-03 09:00:00,0.9864883917478524,0.9909838626855674,0.9886306018866109,0.9730808321819618
2009-09-03 10:00:00,0.9870672419495842,0.994456629466848,0.9886306018866109,0.9739278871251686
2009-09-03 11:00:00,0.9870672419495842,0.9922025838473617,0.9882151744929952,0.9735986513803382
2009-09-03 12:00:00,0.9884281929251174,0.9907706625686457,0.9874532719706698,0.9742157361825999
2009-09-03 13:00:00,0.989682832486326,0.9907706625686457,0.9877934172914736,0.9746782033380061
2009-09-04 07:00:00,0.9898754900930418,0.989856831341334,0.9874532719706698,0.9765014390469905
2009-09-04 08:00:00,0.9898754900930421,0.9869708147508218,0.9867555201704663,0.9762135899895592
2009-09-04 09:00:00,0.9912898520509745,0.9890347070005638,0.9869539724192393,0.977470987351247
2009-09-04 10:00:00,0.9904441016746323,0.9878159858387695,0.9869539724192393,0.9751707935184938
2009-09-04 11:00:00,0.9900675498082274,0.9857520935890275,0.9864903873545472,0.9739945028304566
2009-09-04 12:00:00,0.9900675498082274,0.9797892950617816,0.9853532390753138,0.9739945028304564
2009-09-04 13:00:00,0.9913470774602827,0.9829875108145913,0.9858168241400059,0.9750973740973654
2009-09-08 07:00:00,0.9933198286311172,0.9858735274051036,0.9869539724192393,0.9776344333389808
2009-09-08 08:00:00,0.9933198286311172,0.9843042347132719,0.987842838259841,0.9786772298100462
2009-09-08 09:00:00,0.994358236614176,0.9878159858387696,0.9880661432125895,0.9782926420222459
2009-09-08 10:00:00,0.9945080590226364,0.9846177700859599,0.9880661432125895,0.9800125065393398
2009-09-08 11:00:00,0.9949940214411488,0.9846177700859599,0.988871901197705,0.9803003555967711
2009-09-08 12:00:00,0.9962920953772831,0.9886381101795398,0.9893137239172285,0.9820569756004676
2009-09-08 13:00:00,0.9962920953772831,0.9886381101795398,0.9894104987672817,0.9834843598593336
2009-09-08 14:00:00,0.9962920953772831,0.9886381101795397,0.9888719011977047,0.9823080691712964
2009-09-09 07:00:00,0.9975328016956694,0.9886381101795397,0.9893137239172285,0.9819234813834958
2009-09-09 08:00:00,0.9972024268772893,0.9886381101795397,0.9899097983187121,0.9833876211289643
2009-09-09 09:00:00,0.9970468392771566,0.9886381101795397,0.9895910857693931,0.9800769263652706
2009-09-09 10:00:00,0.9963566765009467,0.9873213862808594,0.9901381896519347,0.9790752537752082
2009-09-09 11:00:00,0.9963566765009466,0.988235217508171,0.9907670189684551,0.97761111402974
2009-09-09 12:00:00,0.9972024268772894,0.9890573418489412,0.9908116358006421,0.9771486468743338
2009-09-09 13:00:00,0.9975789787436938,0.9925301086302218,0.9917515077225929,0.9764348233417025
2009-09-10 07:00:00,0.9965405707606352,0.989057341848941,0.991843831146003,0.9758544940260433
2009-09-10 08:00:00,0.9972307335368452,0.9882352175081709,0.991843831146003,0.9752741647103841
2009-09-10 09:00:00,0.9962351607520424,0.9871008940051031,0.9918438311460029,0.975987988243015
2009-09-10 10:00:00,0.9965405707606353,0.9833010461872795,0.9909039592240522,0.975987988243015
2009-09-10 11:00:00,0.9972307335368452,0.9861870627777916,0.9909039592240522,0.9767018117756461
2009-09-10 12:00:00,0.9972307335368452,0.9871008940051031,0.9909039592240522,0.9780625803292241
2009-09-10 13:00:00,0.9965405707606352,0.9882352175081709,0.9904969830960318,0.9798192003329207
2009-09-11 07:00:00,0.9963566765009467,0.9911212340986831,0.9903207609313377,0.978972145389714
2009-09-11 08:00:00,0.9963566765009467,0.9911212340986831,0.9902284375079276,0.9779293489186486
2009-09-11 09:00:00,0.9970468392771568,0.9902991097579129,0.9895975165149407,0.9787764038618553
2009-09-11 10:00:00,0.9970468392771568,0.9909838626855674,0.9901360979754684,0.9787764038618553
2009-09-11 11:00:00,0.9970468392771568,0.9928873367750162,0.9907670189684551,0.9796234588050621
2009-09-11 12:00:00,0.9978925896534995,0.9944566294668479,0.9905536170455504,0.9807263300719709
2009-09-11 13:00:00,0.9975751876906467,0.9918059870263376,0.9912291387616752,0.978518506575186
2009-09-14 07:00:00,0.9972153997328166,0.9925531553773993,0.9910952441591677,0.9772611092134983
2009-09-14 08:00:00,0.9966365495310848,0.9944566294668479,0.9919972347355439,0.9747240499718829
2009-09-14 09:00:00,0.9960007647041118,0.9918059870263376,0.9925920354365675,0.9743394621840825
2009-09-14 10:00:00,0.9954483191395657,0.9895519414068513,0.9921677969889222,0.9732365909171735
2009-09-14 11:00:00,0.9966365495310844,0.9902991097579129,0.9919505423359396,0.9747240499718829
2009-09-14 12:00:00,0.9969963374889147,0.9922025838473617,0.9919505423359398,0.974724049971883
2009-09-14 13:00:00,0.9953928535441875,0.9909838626855676,0.9919505423359396,0.9738769950286763
2009-09-15 07:00:00,0.9953928535441875,0.9925531553773993,0.9919505423359396,0.9731033595065978
2009-09-15 08:00:00,0.9952169598460457,0.9911212340986831,0.991706890890406,0.9731033595065978
2009-09-15 09:00:00,0.9952169598460457,0.9871008940051031,0.991136815338265,0.9713834949895038
2009-09-15 10:00:00,0.9952169598460457,0.9846177700859599,0.9922560605676239,0.9708031656738443
2009-09-15 11:00:00,0.9942003564894284,0.9846177700859599,0.9922560605676239,0.9690465456701479
2009-09-15 12:00:00,0.9953928535441875,0.9855316013132714,0.9928629382948342,0.9685840785147417
2009-09-15 13:00:00,0.9953928535441873,0.9842148774145911,0.9924008185016143,0.9716647115854141
2009-09-15 14:00:00,0.9953928535441875,0.9787674022805063,0.9927259980392372,0.9699448470683197
2009-09-16 07:00:00,0.9953928535441875,0.976284278361363,0.9932816350786451,0.9685840785147417
2009-09-16 08:00:00,0.9942003564894282,0.9762842783613629,0.9928116976070316,0.9671199387692733
2009-09-16 09:00:00,0.9930603144155227,0.9728368536723986,0.9922560605676237,0.9674077878267046
2009-09-16 10:00:00,0.9930603144155227,0.9728368536723986,0.9920713159809157,0.9664250661514824
2009-09-16 11:00:00,0.9936720080759387,0.967421628457452,0.9920713159809157,0.9685840785147417
2009-09-16 12:00:00,0.9948645051306975,0.967421628457452,0.9920713159809157,0.9685840785147417
2009-09-16 13:00:00,0.994358236614176,0.967421628457452,0.991131444058965,0.9674077878267046
2009-09-17 07:00:00,0.9946886114325557,0.9743808042719141,0.990626891213934,0.9674077878267046
2009-09-17 08:00:00,0.9956563105503103,0.9787674022805063,0.9908116358006421,0.9674077878267046
2009-09-17 09:00:00,0.9964679890754249,0.9778535710531947,0.9908116358006421,0.9699380433524795
2009-09-17 10:00:00,0.9964679890754249,0.9778535710531947,0.9908116358006421,0.9690909884092728
2009-09-17 11:00:00,0.9964679890754249,0.9750889882787586,0.9917515077225929,0.9687617526644421
2009-09-17 12:00:00,0.9964679890754249,0.9729582874884746,0.9915667631358849,0.966199201598542
2009-09-17 13:00:00,0.9964679890754249,0.9764057121774391,0.9915667631358849,0.9699380433524795
2009-09-18 07:00:00,0.9959155435108787,0.9764057121774389,0.9909520707515569,0.9699380433524794
2009-09-18 08:00:00,0.9962920953772834,0.9717174387195101,0.9920713159809157,0.9704005105078857
2009-09-18 09:00:00,0.9962920953772831,0.9682700140305457,0.9920713159809157,0.9712733200817729
2009-09-18 10:00:00,0.9966518833351135,0.9717174387195101,0.9929142512123716,0.9719871436144039
2009-09-18 11:00:00,0.9958402048099988,0.9682700140305459,0.9929142512123716,0.9723717314022045
2009-09-18 12:00:00,0.9958402048099989,0.9704007148208297,0.9931192927359386,0.9745795548989893
2009-09-18 13:00:00,0.9956563105503102,0.9677500723803194,0.9927992129331371,0.9745795548989893
2009-09-21 07:00:00,0.9952965225924802,0.9592364289319442,0.9928803415675249,0.9742503191541586
2009-09-21 08:00:00,0.9951038649857642,0.9569823833124579,0.9938485484953217,0.973403264210952
2009-09-21 09:00:00,0.9962920953772831,0.9624298584465426,0.9938485484953214,0.9740203490132138
2009-09-21 10:00:00,0.9970468392771568,0.9691772074208241,0.9940822636009718,0.9740203490132138
2009-09-21 11:00:00,0.9970468392771568,0.973197547514404,0.9940011349665842,0.9754477332720798
2009-09-21 12:00:00,0.9956563105503103,0.973197547514404,0.9940874996637356,0.972917477746305
2009-09-21 13:00:00,0.9949661477741005,0.973197547514404,0.9940874996637356,0.9718146064793959
2009-09-22 07:00:00,0.9949661477741005,0.9772178876079841,0.9940874996637356,0.9736378421883802
2009-09-22 08:00:00,0.9951684461094278,0.9819061610659129,0.9947069589996071,0.9737506686455792
2009-09-22 09:00:00,0.9939277397910418,0.9845568035064235,0.9942735261428176,0.9737506686455792
2009-09-22 10:00:00,0.9936334480934786,0.9845568035064235,0.9944785676663845,0.9737506686455792
2009-09-22 11:00:00,0.9944137022095543,0.9819061610659129,0.9941584878635826,0.9737506686455792
2009-09-22 12:00:00,0.9947734901673845,0.9845568035064235,0.9946873483935964,0.9737506686455792
2009-09-22 13:00:00,0.9951684461094278,0.9873213862808594,0.9951303846939563,0.9755873104994827
2009-09-22 14:00:00,0.9953182685178881,0.9893852785306015,0.9949647102457609,0.9760766689234286
2009-09-23 07:00:00,0.9951684461094278,0.98997202872137,0.9944785676663845,0.9743676491184591
2009-09-23 08:00:00,0.9944137022095542,0.9899720287213698,0.9941584878635826,0.973581471356732
2009-09-23 09:00:00,0.9944137022095542,0.9899720287213698,0.9948103048911546,0.9710257572677516
2009-09-23 10:00:00,0.9939984486563459,0.9920359209711119,0.9948103048911546,0.9716473794582653
2009-09-23 11:00:00,0.9952965225924802,0.9937718765391934,0.9954428829800493,0.9721132471074613
2009-09-23 12:00:00,0.9945755165722744,0.9925531553773993,0.995080975314077,0.9721132471074614
2009-09-23 13:00:00,0.9932774426361399,0.9893549396245894,0.995080975314077,0.971823281512843
2009-09-24 07:00:00,0.9938057910496298,0.9893549396245894,0.9956383719650022,0.9703483760339521
2009-09-24 08:00:00,0.9918330398787953,0.9861870627777917,0.995914366563684,0.9700167194380567
2009-09-24 09:00:00,0.9918330398787953,0.9861870627777916,0.9954612897502205,0.966681681330512
2009-09-24 10:00:00,0.9901585562846966,0.9833010461872795,0.9954612897502205,0.9637291685220101
2009-09-24 11:00:00,0.9912541896770634,0.9797892950617816,0.9954612897502205,0.9648401491364699
2009-09-24 12:00:00,0.9920089335769371,0.9838096351553616,0.9952271230147092,0.9636552092521972
2009-09-24 13:00:00,0.9924466867318225,0.9892248603703082,0.995597397851469,0.9641210769013931
2009-09-25 07:00:00,0.9912541896770632,0.9899720287213698,0.9954317234032737,0.9626831971700353
2009-09-25 08:00:00,0.9924466867318223,0.9908858599486814,0.9952772085318539,0.9650511135355572
2009-09-25 09:00:00,0.9927409784293855,0.9902991097579129,0.9953199264824909,0.9657701857706339
2009-09-25 10:00:00,0.9927409784293855,0.9902991097579129,0.9953199264824909,0.9657701857706339
2009-09-25 11:00:00,0.9932269408478979,0.9902991097579129,0.9953199264824909,0.9657701857706339
2009-09-25 12:00:00,0.9924466867318223,0.9902991097579129,0.9953199264824909,0.9657701857706339
2009-09-25 13:00:00,0.9927409784293855,0.9871008940051031,0.9953199264824909,0.9640006494433808
2009-09-28 07:00:00,0.9932269408478979,0.9846177700859599,0.9957518032060754,0.963743044342552
2009-09-28 08:00:00,0.9927770615502023,0.9797892950617817,0.9958747597036337,0.9650096872730759
2009-09-28 09:00:00,0.9924466867318225,0.9781416677455207,0.995597397851469,0.966779223600329
2009-09-28 10:00:00,0.9927409784293855,0.9781416677455205,0.9951228031772477,0.9670368287011577
2009-09-28 11:00:00,0.9927409784293854,0.9781416677455205,0.9946295718429294,0.9670368287011578
2009-09-28 12:00:00,0.9927409784293854,0.980395713365007,0.9951228031772477,0.9665709610519617
2009-09-28 13:00:00,0.9915484813746264,0.9803957133650069,0.9958733924501509,0.9673571388136888
2009-09-29 07:00:00,0.9915484813746264,0.9803957133650069,0.9958733924501509,0.9645114591300904
2009-09-29 08:00:00,0.99087269201515,0.9803957133650069,0.9958733924501509,0.9645114591300904
2009-09-29 09:00:00,0.9901179481152763,0.9803957133650069,0.9958733924501509,0.9655619232222667
2009-09-29 10:00:00,0.992034443793139,0.9839074644905046,0.9958733924501509,0.9661465196652469
2009-09-29 11:00:00,0.9912541896770632,0.9839074644905046,0.9958733924501509,0.9682060215871183
2009-09-29 12:00:00,0.9893376939992008,0.9769482886760426,0.9958733924501509,0.9667311161082274
2009-09-29 13:00:00,0.9877342100544734,0.9730446564090397,0.995914366563684,0.9649986055285076
2009-09-29 14:00:00,0.9883699948814462,0.9769482886760426,0.9965749386056769,0.9649986055285076
2009-09-30 07:00:00,0.9893376939992008,0.9761261643352723,0.9970959519033755,0.967554319617488
2009-09-30 08:00:00,0.9876542284261035,0.9746942430565563,0.9976285503130651,0.965557522707319
2009-09-30 09:00:00,0.9876542284261035,0.9757228702629107,0.9976285503130651,0.9643725828230459
2009-09-30 10:00:00,0.9883699948814462,0.9757228702629107,0.9971461469373333,0.9678072594645726
2009-09-30 11:00:00,0.9893376939992008,0.9757228702629109,0.9975080546033056,0.9699821469187382
2009-09-30 12:00:00,0.9894821632883035,0.9757228702629109,0.9975875761995322,0.9714570523976293
2009-09-30 13:00:00,0.9894821632883035,0.9816534188710185,0.9976687048339198,0.971922920046825
2009-10-01 07:00:00,0.9894821632883035,0.9830853401497344,0.99766870483392,0.970872455954649
2009-10-01 08:00:00,0.988701909172228,0.9788907471097085,0.9975875761995322,0.9690358141007456
2009-10-01 09:00:00,0.9877342100544734,0.9816534188710183,0.9979076560023339,0.9695016817499416
2009-10-01 10:00:00,0.9889888496156819,0.9871008940051031,0.9974646197019738,0.9699910401738876
2009-10-01 11:00:00,0.9889888496156819,0.9885328152838192,0.997587576199532,0.9711759800581604
2009-10-01 12:00:00,0.9889888496156819,0.9893549396245894,0.9976285503130651,0.9704569078230835
2009-10-01 13:00:00,0.9889888496156819,0.9893549396245894,0.9976285503130651,0.96862026596918
2009-10-02 07:00:00,0.9891647433138234,0.9885328152838192,0.9976285503130652,0.9694735492575577
2009-10-02 08:00:00,0.9909930251955553,0.9925531553773993,0.9976285503130652,0.9720292633465376
2009-10-02 09:00:00,0.9901813466704408,0.9960259221586797,0.9972666426470929,0.9732959062770616
2009-10-02 10:00:00,0.9908171314974136,0.9973426460573602,0.9977096789474529,0.972964249681166
2009-10-02 11:00:00,0.9898215587126107,0.9980898144084217,0.99766870483392,0.9725768340419847
2009-10-02 12:00:00,0.9877093219636269,0.9952037978179096,0.9975875761995322,0.9725768340419847
2009-10-02 13:00:00,0.9861023023989777,0.9933003237284608,0.9975080546033059,0.9720874756180387
2009-10-05 07:00:00,0.9865695267702909,0.9925531553773993,0.9979414874600953,0.9715399049225917
2009-10-05 08:00:00,0.986102302398978,0.9925531553773993,0.9978586854833916,0.9715399049225917
2009-10-05 09:00:00,0.9855530299485593,0.9885328152838192,0.9976963619104615,0.9725489427522866
2009-10-05 10:00:00,0.9872905327904968,0.9876189840565078,0.9976536439598247,0.9725489427522866
2009-10-05 11:00:00,0.9861023023989777,0.9868718157054459,0.9971604126255065,0.9725489427522866
2009-10-05 12:00:00,0.9865695267702909,0.9846177700859599,0.997383717578255,0.9725489427522866
2009-10-05 13:00:00,0.9879305842807097,0.9853649384370214,0.9976676277178631,0.9747730002453716
2009-10-06 07:00:00,0.9882479862435624,0.9864992619400894,0.9977132587416693,0.9773287143343518
2009-10-06 08:00:00,0.9888165978251527,0.9878159858387696,0.9973743226155949,0.9782079416256942
2009-10-06 09:00:00,0.9879305842807097,0.9846177700859599,0.9969500841679498,0.9778205259865127
2009-10-06 10:00:00,0.9872314894218306,0.9791702949518751,0.9963409944907186,0.976111506181543
2009-10-06 11:00:00,0.9851652839193001,0.9757228702629107,0.9960222819413996,0.9749285297002941
2009-10-06 12:00:00,0.9853270982820203,0.9778535710531947,0.9958821541868783,0.9753159453394756
2009-10-06 13:00:00,0.9876062590024317,0.9816534188710185,0.9963155870436678,0.9759513511252776
2009-10-06 14:00:00,0.9884609414614434,0.979170294951875,0.9964292580694198,0.9765729733157913
2009-10-07 07:00:00,0.9874444446397116,0.9741535775710789,0.9964292580694198,0.9762413167198957
2009-10-07 08:00:00,0.9876062590024317,0.9762842783613629,0.9964292580694198,0.9762413167198957
2009-10-07 09:00:00,0.9887425185758459,0.9808179222681362,0.9965284236223202,0.977291780812072
2009-10-07 10:00:00,0.9887425185758459,0.9808179222681362,0.9962008667361975,0.9778763772550523
2009-10-07 11:00:00,0.9876062590024317,0.9808179222681362,0.9958689517119623,0.9768259131628761
2009-10-07 12:00:00,0.9876062590024317,0.9808179222681359,0.995679853438499,0.9768259131628761
2009-10-07 13:00:00,0.9876062590024317,0.9833010461872795,0.9962008667361975,0.9774105096058564
2009-10-08 07:00:00,0.9873933037845506,0.9861870627777916,0.9963409944907186,0.9781966873675833
2009-10-08 08:00:00,0.9876062590024317,0.9853649384370214,0.9963409944907186,0.9776120909246032
2009-10-08 09:00:00,0.9876062590024317,0.9871008940051031,0.9967107908605285,0.9780779585737991
2009-10-08 10:00:00,0.9897590153975779,0.9853649384370214,0.9970383477466511,0.9797869783787688
2009-10-08 11:00:00,0.9897590153975779,0.9816534188710185,0.9964292580694198,0.9801743940179501
2009-10-08 12:00:00,0.9906823197531112,0.9871008940051033,0.9964292580694198,0.981441036948474
2009-10-08 13:00:00,0.9906823197531112,0.9911212340986831,0.9964292580694198,0.9828789166798314
2009-10-09 07:00:00,0.9916056241086444,0.9925531553773993,0.9964292580694198,0.9839293807720078
2009-10-09 08:00:00,0.9924916376530871,0.9925531553773993,0.9964292580694198,0.9842610373679034
2009-10-09 09:00:00,0.9914370636529847,0.9925531553773993,0.9960222819413996,0.9832519995382082
2009-10-09 10:00:00,0.9916056241086444,0.9925531553773993,0.995793890608177,0.9823987162498308
2009-10-09 11:00:00,0.991403325773317,0.9918059870263375,0.9956432426905152,0.9800816092271308
2009-10-09 12:00:00,0.991403325773317,0.9930247081881319,0.9956899350901192,0.9800816092271308
2009-10-09 13:00:00,0.991403325773317,0.9930247081881317,0.9956899350901192,0.9809348925155082
2009-10-12 07:00:00,0.9917631137311471,0.9886381101795397,0.9960288712161935,0.9804690248663122
2009-10-12 08:00:00,0.9935724316311232,0.9886381101795397,0.9962273234649666,0.9815194889584885
2009-10-12 09:00:00,0.991550158513266,0.9873213862808594,0.9954930679773522,0.9815194889584885
2009-10-12 10:00:00,0.9912057043594648,0.9892248603703082,0.9958055662634451,0.9808004167234116
2009-10-12 11:00:00,0.991550158513266,0.988402736029538,0.9956432426905152,0.9820670596539354
2009-10-12 12:00:00,0.9900053132780444,0.9829875108145913,0.9954930679773522,0.9814824632109551
2009-10-12 13:00:00,0.9890820089225112,0.9836194817856174,0.9954930679773522,0.979712926883702
2009-10-13 07:00:00,0.9886442557676257,0.9844416061263874,0.9954930679773522,0.9801787945328979
2009-10-13 08:00:00,0.989660859124243,0.989856831341334,0.9960288712161935,0.979712926883702
2009-10-13 09:00:00,0.990189207537733,0.989856831341334,0.9959365477927834,0.9817724288055731
2009-10-13 10:00:00,0.9903818651444489,0.9912887526200501,0.9964812614918633,0.9817724288055734
2009-10-13 11:00:00,0.9909897763043733,0.9930247081881319,0.9966618484939748,0.9823570252485536
2009-10-13 12:00:00,0.9925346215395952,0.9937718765391934,0.9961171347948948,0.9818911575993577
2009-10-13 13:00:00,0.9913983619661808,0.9950886004378738,0.996117134794895,0.9823570252485536
2009-10-13 14:00:00,0.9910218100997763,0.9957733533655283,0.9958238296926266,0.9823570252485536
2009-10-14 07:00:00,0.9894989382266376,0.993519307746042,0.9960288712161935,0.9813065611563773
2009-10-14 08:00:00,0.9889464926620913,0.993519307746042,0.9961425422419455,0.9790825036632927
2009-10-14 09:00:00,0.9893842458169767,0.993519307746042,0.9965579696355614,0.9799357869516699
2009-10-14 10:00:00,0.9902702593614195,0.9897194599282182,0.9961804235875203,0.9810467675661299
2009-10-14 11:00:00,0.9921576981733992,0.9912887526200501,0.9961804235875203,0.9817658398012066
2009-10-14 12:00:00,0.9932428168916526,0.9944566294668479,0.9968031142839386,0.9817658398012066
2009-10-14 13:00:00,0.9930810025289324,0.9937718765391934,0.9970040477788352,0.9832407452800974
2009-10-15 07:00:00,0.9944137022095543,0.9966578931297055,0.9973743226155949,0.9845073882106212
2009-10-15 08:00:00,0.9944137022095543,0.9950886004378738,0.9973357126936282,0.9848390448065169
2009-10-15 09:00:00,0.9944137022095543,0.9922025838473617,0.9975366461885249,0.9845073882106212
2009-10-15 10:00:00,0.9944137022095543,0.988402736029538,0.9973743226155949,0.9845073882106212
2009-10-15 11:00:00,0.9944137022095543,0.9857520935890275,0.9971510176628465,0.9845073882106212
2009-10-15 12:00:00,0.9949661477741005,0.9878159858387695,0.997536646188525,0.9842174226160032
2009-10-15 13:00:00,0.9959617205589034,0.9912887526200501,0.9980190495642568,0.9848390448065169
2009-10-16 07:00:00,0.9959617205589034,0.9912887526200501,0.9980190495642568,0.9848390448065169
2009-10-16 08:00:00,0.9972024268772894,0.9944566294668479,0.9982729875911533,0.9856923280948943
2009-10-16 09:00:00,0.9978925896534994,0.994456629466848,0.9984496001442978,0.9877518300167654
2009-10-16 10:00:00,0.9975328016956692,0.9950886004378737,0.9981106640182235,0.9881392456559468
2009-10-16 11:00:00,0.9968426389194593,0.994456629466848,0.997887359065475,0.9867013659245891
2009-10-16 12:00:00,0.9964476829774159,0.994456629466848,0.9983207919222645,0.9867013659245891
2009-10-16 13:00:00,0.9972024268772894,0.994456629466848,0.9984899585961196,0.9877518300167654
2009-10-19 07:00:00,0.9966235766755575,0.994456629466848,0.9986268988517166,0.9863139502854079
2009-10-19 08:00:00,0.9955851686924988,0.994456629466848,0.9983617660357975,0.9864940088303171
2009-10-19 09:00:00,0.995409274994357,0.9944566294668479,0.998241270326038,0.986031541674911
2009-10-19 10:00:00,0.99395561345809,0.99652052171659,0.997887359065475,0.9853177181422798
2009-10-19 11:00:00,0.9949233125758447,0.9980898144084218,0.9976536439598247,0.9842749216712146
2009-10-19 12:00:00,0.9959617205589032,0.9966578931297058,0.9977026144787667,0.986031541674911
2009-10-19 13:00:00,0.9966235766755575,0.9950886004378737,0.9978873590654748,0.9882393651716957
2009-10-20 07:00:00,0.9972024268772894,0.993352644869792,0.9981360473355563,0.9876590358560365
2009-10-20 08:00:00,0.996807470935246,0.9927206738987662,0.9984899585961196,0.9876590358560365
2009-10-20 09:00:00,0.9968074709352459,0.993352644869792,0.9987132635488681,0.989415655859733
2009-10-20 10:00:00,0.9978925896534994,0.9926054765187305,0.9988789379970634,0.9904584523307985
2009-10-20 11:00:00,0.9983988581700208,0.9877770014945523,0.9990595249991746,0.9922150723344952
2009-10-20 12:00:00,0.9983988581700208,0.9858735274051037,0.9990128325995705,0.9918304845466946
2009-10-20 13:00:00,0.9983988581700209,0.9873054486838199,0.9988471581513753,0.9921597202915251
2009-10-20 14:00:00,0.9991198641902268,0.9858735274051036,0.9986187668181526,0.9925443080793257
2009-10-21 07:00:00,0.9991198641902268,0.9826753116522937,0.9987070303968543,0.9925443080793257
2009-10-21 08:00:00,0.9992884246458866,0.9841072329310098,0.9984137252945857,0.9918304845466946
2009-10-21 09:00:00,0.9992884246458866,0.9900700314582557,0.9980108435150805,0.9928732810177603
2009-10-21 10:00:00,0.9992884246458864,0.9912887526200501,0.9980108435150805,0.991445896758894
2009-10-21 11:00:00,0.9992884246458866,0.9912887526200501,0.997439635183424,0.9928732810177601
2009-10-21 12:00:00,0.9991198641902268,0.994456629466848,0.9972303139887143,0.9925440452729296
2009-10-21 13:00:00,0.998789489371847,0.9952787538076182,0.9968913778626399,0.9916969903297229
2009-10-22 07:00:00,0.998789489371847,0.9930247081881319,0.997178676054688,0.9899403703260264
2009-10-22 08:00:00,0.9984297014140168,0.9918059870263375,0.997268923910681,0.9903249581138268
2009-10-22 09:00:00,0.9978772558494706,0.9930247081881319,0.9968913778626399,0.9897078733115651
2009-10-22 10:00:00,0.9985674186256805,0.9936566791591578,0.99655598535827,0.9900924610993654
2009-10-22 11:00:00,0.9985674186256805,0.9936566791591578,0.996230805820647,0.9895121317837062
2009-10-22 12:00:00,0.9985674186256805,0.9919207235910761,0.9965123386117555,0.9891275439959056
2009-10-22 13:00:00,0.9985674186256805,0.989856831341334,0.996435847344214,0.9880847475248402
2009-10-23 07:00:00,0.9985674186256805,0.9930247081881317,0.996435847344214,0.9852598392257937
2009-10-23 08:00:00,0.9982229644718792,0.9945940008799637,0.996230805820647,0.9844127842825869
2009-10-23 09:00:00,0.9985674186256807,0.9925301086302215,0.99655598535827,0.9844127842825869
2009-10-23 10:00:00,0.9985674186256807,0.9925301086302218,0.9968949214843443,0.9847973720703875
2009-10-23 11:00:00,0.9991198641902268,0.9925301086302218,0.997439635183424,0.986261511815856
2009-10-23 12:00:00,0.9991198641902267,0.989057341848941,0.9973959884369095,0.9873043082869213
2009-10-23 13:00:00,0.9982370438073008,0.9882352175081709,0.9977279034611446,0.9869197204991209
2009-10-26 07:00:00,0.9973912934309582,0.9895519414068513,0.9977715502076592,0.9862058969664899
2009-10-26 08:00:00,0.998429701414017,0.9878159858387696,0.9980554603472673,0.9851631004954244
2009-10-26 09:00:00,0.9978772558494706,0.9878159858387696,0.9978015223203708,0.9843160455522176
2009-10-26 10:00:00,0.9980611501091591,0.9895519414068513,0.9977112744643777,0.9836022220195867
2009-10-26 11:00:00,0.9982229644718792,0.9901386915976196,0.9972870360167326,0.9842193068218484
2009-10-26 12:00:00,0.9982229644718792,0.9917079842894515,0.996754437607043,0.9813943985228019
2009-10-26 13:00:00,0.9985674186256807,0.9917079842894515,0.9969594791306099,0.9803927259327395
2009-10-27 07:00:00,0.9982370438073008,0.9930247081881319,0.9971400661327213,0.9813943985228019
2009-10-27 08:00:00,0.9975751876906467,0.9936566791591578,0.9971400661327214,0.9803927259327395
2009-10-27 09:00:00,0.9975751876906465,0.9936566791591578,0.9971400661327214,0.979545670989533
2009-10-27 10:00:00,0.9972153997328166,0.9950886004378738,0.9971400661327213,0.9788318474569018
2009-10-27 11:00:00,0.9978772558494706,0.9912887526200501,0.997096419386207,0.9788318474569018
2009-10-27 12:00:00,0.9978772558494706,0.9899720287213698,0.997096419386207,0.9785026117120712
2009-10-27 13:00:00,0.9978772558494706,0.9920359209711116,0.997243389270218,0.9802592317157678
2009-10-27 14:00:00,0.9978772558494706,0.9899720287213698,0.9968731144334584,0.9817233714612363
2009-10-28 07:00:00,0.9977086953938109,0.9920359209711118,0.996634299592987,0.9812609043058301
2009-10-28 08:00:00,0.9969539514939374,0.9912887526200502,0.9967107908605285,0.9834687278026149
2009-10-28 09:00:00,0.9973137394517676,0.9912887526200501,0.9967544376070427,0.9834687278026149
2009-10-28 10:00:00,0.9966235766755577,0.9897194599282182,0.99609386556505,0.9822924371145777
2009-10-28 11:00:00,0.9973137394517676,0.9922025838473617,0.99609386556505,0.9822924371145777
2009-10-28 12:00:00,0.9983988581700209,0.9912887526200501,0.99609386556505,0.9822924371145775
2009-10-28 13:00:00,0.9982229644718792,0.9912887526200501,0.9958065673730018,0.9808650528557117
2009-10-29 07:00:00,0.9976441142701473,0.9912887526200501,0.9960881001641102,0.9816454920936307
2009-10-29 08:00:00,0.9969539514939374,0.9926054765187305,0.9957183037943003,0.9828217827816679
2009-10-29 09:00:00,0.9969539514939374,0.990351430899244,0.9950048942796075,0.9819489732077804
2009-10-29 10:00:00,0.9972843263123171,0.993519307746042,0.9950048942796075,0.9816611241503493
2009-10-29 11:00:00,0.9969539514939374,0.993519307746042,0.9950048942796075,0.9816611241503493
2009-10-29 12:00:00,0.9976441142701473,0.993519307746042,0.9950048942796075,0.982918521512037
2009-10-29 13:00:00,0.9985674186256805,0.9957733533655283,0.9957183037943003,0.9834988508276964
2009-10-30 07:00:00,0.9985674186256805,0.9926054765187304,0.9952656966424739,0.980961791586081
2009-10-30 08:00:00,0.9985674186256807,0.9935193077460418,0.9947911019682526,0.9792419270689868
2009-10-30 09:00:00,0.9992884246458864,0.9957733533655283,0.9950423916897255,0.9798590118712488
2009-10-30 10:00:00,0.9992884246458864,0.9928873367750162,0.9949308268985293,0.9795711628138175
2009-10-30 11:00:00,0.9989286366880563,0.992887336775016,0.9949308268985293,0.9780837037591079
2009-10-30 12:00:00,0.9987600762323967,0.9922025838473617,0.9953164554242077,0.9789307587023146
2009-10-30 13:00:00,0.9991198641902267,0.9950886004378738,0.9960507109118221,0.9789307587023146
2009-11-02 07:00:00,0.9987600762323967,0.9966578931297058,0.9957377737647921,0.9789307587023146
2009-11-02 08:00:00,0.9987600762323967,0.99734264605736,0.9957377737647921,0.9801070493903521
2009-11-02 09:00:00,0.9985915157767369,0.994456629466848,0.9954671033418697,0.9801070493903521
2009-11-02 10:00:00,0.9985915157767369,0.9918059870263375,0.9952417097874161,0.9801070493903521
2009-11-02 11:00:00,0.9991198641902267,0.9925531553773993,0.9958611691232876,0.9783504293866554
2009-11-02 12:00:00,0.998789489371847,0.9900700314582558,0.996037781676432,0.9791240649087339
2009-11-02 13:00:00,0.9986135956737053,0.9886381101795397,0.996037781676432,0.9782770099655271
2009-11-03 07:00:00,0.9989439704920852,0.9861870627777917,0.9954183223405604,0.9797043942243931
2009-11-03 08:00:00,0.9991198641902267,0.9861870627777917,0.9957722336011235,0.9794165451669621
2009-11-03 09:00:00,0.9994796521480568,0.9893549396245894,0.9964908584898953,0.981136409684056
2009-11-03 10:00:00,0.9994796521480568,0.9893549396245894,0.9968033567759882,0.9815988768394622
2009-11-03 11:00:00,0.9991198641902268,0.9871008940051031,0.9967205547992846,0.981136409684056
2009-11-03 12:00:00,0.9987600762323967,0.9848212957178162,0.9964908584898954,0.9819834646272628
2009-11-03 13:00:00,0.9991198641902268,0.9877856469327575,0.9964908584898954,0.9838067003362471
2009-11-03 14:00:00,0.9989439704920852,0.9855316013132714,0.9964908584898954,0.9829596453930405
2009-11-04 07:00:00,0.9992884246458866,0.9855316013132712,0.9962197492060358,0.9832888811378709
2009-11-04 08:00:00,0.9991198641902268,0.9872978957873649,0.9959603346761878,0.9832888811378709
2009-11-04 09:00:00,0.9983988581700209,0.9872978957873649,0.9952417097874161,0.9828264139824647
2009-11-04 10:00:00,0.9983988581700209,0.9872978957873649,0.9952417097874161,0.9811065494653706
2009-11-04 11:00:00,0.9976441142701473,0.9872978957873649,0.9952417097874161,0.9825706892108392
2009-11-04 12:00:00,0.9976441142701474,0.9895519414068513,0.994996565139039,0.9831142630398958
2009-11-04 13:00:00,0.9980390702121908,0.9886381101795398,0.9957666723925724,0.9831142630398958
2009-11-05 07:00:00,0.9982076306678505,0.9873213862808596,0.9960373428154949,0.9842905537279331
2009-11-05 08:00:00,0.9978772558494706,0.9886381101795397,0.9959562141811071,0.983576730195302
2009-11-05 09:00:00,0.9980390702121908,0.9861870627777916,0.9954671033418697,0.983576730195302
2009-11-05 10:00:00,0.9985674186256807,0.991121234098683,0.9958611691232876,0.9833210054236765
2009-11-05 11:00:00,0.9982370438073008,0.9930247081881317,0.9960507109118223,0.9822782089526111
2009-11-05 12:00:00,0.9982370438073008,0.9930247081881317,0.9962740158645708,0.9826627967404115
2009-11-05 13:00:00,0.9973912934309581,0.9907706625686457,0.9962740158645708,0.9822782089526109
2009-11-06 07:00:00,0.9968388478664121,0.9878846459781334,0.9960507109118221,0.9811019182645739
2009-11-06 08:00:00,0.9966365495310848,0.9869708147508218,0.9961976807958334,0.9806394511091675
2009-11-06 09:00:00,0.9960841039665385,0.9869708147508218,0.9961498764647224,0.982396071112864
2009-11-06 10:00:00,0.996838847866412,0.9869708147508218,0.9965439422461403,0.9835723618009014
2009-11-06 11:00:00,0.9973912934309581,0.9869708147508218,0.997140016647624,0.983901597545732
2009-11-06 12:00:00,0.9978772558494706,0.9869708147508218,0.9966407170961935,0.9831877740131008
2009-11-06 13:00:00,0.9978772558494708,0.9869708147508218,0.9966816912097264,0.9831877740131008
2009-11-09 07:00:00,0.998429701414017,0.9901386915976196,0.9969468240256456,0.9842305704841664
2009-11-09 08:00:00,0.9973912934309582,0.9907706625686457,0.9966407170961935,0.9831877740131008
2009-11-09 09:00:00,0.9973912934309582,0.9907706625686457,0.9960081390072988,0.983901597545732
2009-11-09 10:00:00,0.996838847866412,0.989856831341334,0.9960081390072988,0.982798726278823
2009-11-09 11:00:00,0.9954483191395657,0.9850283563171559,0.9960081390072988,0.9810421062751263
2009-11-09 12:00:00,0.9952797586839057,0.9815555895358753,0.9956597889552868,0.9810421062751263
2009-11-09 13:00:00,0.9959155435108787,0.9821423397266436,0.9953886796714274,0.982798726278823
2009-11-10 07:00:00,0.9966702874107523,0.9821423397266436,0.9957915614509326,0.9831833140666236
2009-11-10 08:00:00,0.9968258750108848,0.9755505921792663,0.9957915614509326,0.9825662292643617
2009-11-10 09:00:00,0.9966499813127433,0.9755505921792663,0.9957915614509326,0.9808696840565085
2009-11-10 10:00:00,0.9975328016956692,0.9786695729453632,0.9957425909319904,0.9808696840565085
2009-11-10 11:00:00,0.9972024268772894,0.9786695729453632,0.9953886796714274,0.9808696840565085
2009-11-10 12:00:00,0.9977086953938108,0.9786695729453632,0.9950757425243973,0.9800226291133018
2009-11-10 13:00:00,0.9980852472602155,0.9821423397266438,0.9950757425243973,0.978595244854436
2009-11-10 14:00:00,0.9970468392771568,0.9815555895358753,0.9950757425243973,0.9768753803373419
2009-11-11 07:00:00,0.9970468392771568,0.9815555895358753,0.9953412905997057,0.9777224352805486
2009-11-11 08:00:00,0.9970468392771568,0.9815555895358753,0.9957441723792109,0.9785952448544358
2009-11-11 09:00:00,0.9977086953938109,0.9850283563171559,0.9960980836397739,0.9800226291133018
2009-11-11 10:00:00,0.9978925896534995,0.9898568313413342,0.9966816912097265,0.9800226291133018
2009-11-11 11:00:00,0.9978925896534995,0.9898568313413342,0.9968748838317048,0.9796933933684714
2009-11-11 12:00:00,0.9978925896534995,0.989856831341334,0.9968748838317048,0.9782660091096054
2009-11-11 13:00:00,0.9972024268772894,0.989856831341334,0.9968748838317048,0.9782660091096054
2009-11-12 07:00:00,0.9964476829774159,0.9919207235910761,0.9971400166476239,0.9797301488550738
2009-11-12 08:00:00,0.9975328016956692,0.9919207235910761,0.9974939279081869,0.9824694905339924
2009-11-12 09:00:00,0.9972024268772894,0.989856831341334,0.9974939279081869,0.9818524057317306
2009-11-12 10:00:00,0.9968258750108848,0.989856831341334,0.9976909148854881,0.9821816414765613
2009-11-12 11:00:00,0.9968258750108848,0.989856831341334,0.9978090464036811,0.9821816414765611
2009-11-12 12:00:00,0.9961640188942308,0.986970814750822,0.9976499407719548,0.9815645566742993
2009-11-12 13:00:00,0.995409274994357,0.9890347070005638,0.9975554440412397,0.9788252149953808
2009-11-13 07:00:00,0.9959617205589032,0.9922025838473615,0.9975554440412397,0.9770685949916844
2009-11-13 08:00:00,0.9953538093989789,0.9922025838473617,0.9976021364408438,0.976488265676025
2009-11-13 09:00:00,0.9945080590226362,0.9878159858387696,0.9976021364408438,0.9761590299311945
2009-11-13 10:00:00,0.9949940214411489,0.9878159858387695,0.9976021364408438,0.9771607025212566
2009-11-13 11:00:00,0.9964476829774159,0.9922025838473615,0.997649940771955,0.9799000442001753
2009-11-13 12:00:00,0.9959617205589032,0.9922025838473615,0.9971400166476239,0.9793564703711185
2009-11-13 13:00:00,0.9959617205589034,0.992887336775016,0.996874883831705,0.9775998503674219
2009-11-16 07:00:00,0.9953538093989789,0.9944566294668479,0.9971809907611568,0.9768194111295031
2009-11-16 08:00:00,0.9961456148185918,0.994456629466848,0.9976909148854879,0.9772039989173035
2009-11-16 09:00:00,0.9951500420337889,0.9950886004378738,0.9974939279081871,0.9738933041536098
2009-11-16 10:00:00,0.994358236614176,0.9957733533655283,0.997446123577076,0.9703735232367724
2009-11-16 11:00:00,0.9945421308738643,0.99734264605736,0.997399431177472,0.9699889354489718
2009-11-16 12:00:00,0.9951500420337889,0.99734264605736,0.9977123683245019,0.9691418805057651
2009-11-16 13:00:00,0.9938173423531672,0.9966578931297058,0.9977123683245019,0.9681591588305432
2009-11-17 07:00:00,0.9943236108696887,0.99734264605736,0.9979356732772504,0.9662709936814898
2009-11-17 08:00:00,0.9947001627360933,0.9987745673360762,0.9979356732772504,0.9650947029934526
2009-11-17 09:00:00,0.9947001627360931,0.9980273989850146,0.9977955455227291,0.9659417579366592
2009-11-17 10:00:00,0.9952285111495831,0.99734264605736,0.9981207250603522,0.9659417579366592
2009-11-17 11:00:00,0.9958402048099989,0.9957733533655283,0.9982798306920785,0.967445335297912
2009-11-17 12:00:00,0.9947001627360933,0.9950886004378737,0.9980361792465448,0.9674453352979122
2009-11-17 13:00:00,0.9950446168898948,0.99734264605736,0.9981207250603522,0.9681591588305432
2009-11-17 14:00:00,0.9956563105503106,0.99734264605736,0.9978555922444332,0.9659513353337582
2009-11-18 07:00:00,0.9956563105503103,0.99734264605736,0.9976586052671322,0.9672632927538107
2009-11-18 08:00:00,0.9951038649857642,0.9980898144084217,0.9976586052671322,0.9658359084949449
2009-11-18 09:00:00,0.9944137022095543,0.9958357687889353,0.9975304127068101,0.9658359084949449
2009-11-18 10:00:00,0.9939638229118585,0.9937718765391934,0.9969343383053266,0.9646596178069078
2009-11-18 11:00:00,0.9930405185563251,0.9952037978179096,0.9966632290214671,0.963195478061439
2009-11-18 12:00:00,0.9930405185563251,0.9958357687889355,0.9962101522080037,0.9624816545288083
2009-11-18 13:00:00,0.9930405185563251,0.9950886004378738,0.996444318943515,0.9628662423166087
2009-11-19 07:00:00,0.9939638229118585,0.99734264605736,0.9970534086207463,0.9631954780614392
2009-11-19 08:00:00,0.9954988209278076,0.9973426460573602,0.9973663457677764,0.9619936955491174
2009-11-19 09:00:00,0.9964943937126106,0.99734264605736,0.9975355124416315,0.9624794820137647
2009-11-19 10:00:00,0.9955710893570774,0.99734264605736,0.9976536439598247,0.9630965668160264
2009-11-19 11:00:00,0.9959660452991206,0.99652052171659,0.9978769489125731,0.963943621759233
2009-11-19 12:00:00,0.9955710893570774,0.9950886004378737,0.9980024688399137,0.9599169309478646
2009-11-19 13:00:00,0.9949922391553455,0.9950886004378737,0.9981647924128437,0.9577091074510796
2009-11-20 07:00:00,0.9955710893570773,0.9950886004378738,0.9986078287132037,0.9599169309478646
2009-11-20 08:00:00,0.9959660452991206,0.99652052171659,0.9986078287132037,0.9609597274189302
2009-11-20 09:00:00,0.9955710893570773,0.9944566294668479,0.9982459210472315,0.9613988752650954
2009-11-20 10:00:00,0.9957266769572098,0.9950886004378738,0.9981204011198908,0.9616867243225267
2009-11-20 11:00:00,0.9957266769572098,0.99652052171659,0.9982049469336984,0.9613021365347261
2009-11-20 12:00:00,0.9957266769572098,0.9958357687889355,0.9977117155993803,0.9616867243225267
2009-11-20 13:00:00,0.9966094973401359,0.9958357687889355,0.9977117155993803,0.9624005478551576
2009-11-23 07:00:00,0.9969539514939374,0.9952037978179096,0.9977117155993803,0.9631809870930764
2009-11-23 08:00:00,0.9975328016956692,0.9960259221586797,0.9982049469336982,0.9642237835641421
2009-11-23 09:00:00,0.9968426389194593,0.9960259221586797,0.9982049469336982,0.9620647712008827
2009-11-23 10:00:00,0.9959193345639261,0.9952037978179096,0.998287748910402,0.9630474928761047
2009-11-23 11:00:00,0.9957637469637934,0.9937718765391934,0.9981647924128437,0.9633032176477302
2009-11-23 12:00:00,0.9948809265808674,0.9930247081881319,0.997794517576084,0.9607661584061149
2009-11-23 13:00:00,0.9948809265808674,0.9930247081881319,0.9977526897129133,0.9607661584061149
2009-11-24 07:00:00,0.9948809265808674,0.9952787538076181,0.9981647924128437,0.9555999323933121
2009-11-24 08:00:00,0.9936402202624816,0.9952787538076181,0.9981647924128437,0.9555999323933116
2009-11-24 09:00:00,0.9936402202624816,0.9930247081881317,0.9976321940031538,0.9555999323933119
2009-11-24 10:00:00,0.9936402202624811,0.9930247081881319,0.9976321940031538,0.9559291681381425
2009-11-24 11:00:00,0.9936402202624811,0.9930247081881319,0.9973670611872348,0.9555999323933119
2009-11-24 12:00:00,0.994485970638824,0.9886381101795398,0.9969453039857136,0.956776223081349
2009-11-24 13:00:00,0.9957266769572101,0.9895519414068511,0.9974088890504055,0.9576232780245556
2009-11-24 14:00:00,0.9957266769572101,0.9930247081881319,0.9976740218663245,0.9595732042346712
2009-11-25 07:00:00,0.9960711311110115,0.9918059870263375,0.9976740218663245,0.9584703329677624
2009-11-25 08:00:00,0.9964015059293913,0.9893549396245894,0.997794517576084,0.9594720055578245
2009-11-25 09:00:00,0.9965633202921113,0.9863905884096481,0.9974884106466319,0.9594720055578245
2009-11-25 10:00:00,0.9973180641919848,0.9863905884096481,0.9974884106466319,0.9606482962458619
2009-11-25 11:00:00,0.9980390702121906,0.9863905884096481,0.9974884106466319,0.9606482962458617
2009-11-25 12:00:00,0.9978772558494706,0.9813738710288518,0.9974884106466319,0.9589517510380086
2009-11-25 13:00:00,0.9978772558494706,0.9821959953696222,0.99798164198095,0.9579089545669431
2009-11-27 07:00:00,0.9973248102849245,0.9830181197103924,0.9979398141177794,0.9579089545669431
2009-11-27 08:00:00,0.9971562498292648,0.982195995369622,0.9980226160944828,0.9579089545669431
2009-11-27 09:00:00,0.9971562498292648,0.9813738710288518,0.99798164198095,0.9579089545669431
2009-11-27 10:00:00,0.9964015059293911,0.9863905884096479,0.99798164198095,0.9587817641408305
2009-11-27 11:00:00,0.9969539514939373,0.9909242323164211,0.9982049469336984,0.9575243667791428
2009-11-27 12:00:00,0.9964679890754249,0.9872127127504181,0.9981647924128437,0.958885135332721
2009-11-27 13:00:00,0.9964679890754247,0.9821959953696222,0.9980024688399136,0.9581713118000897
2009-11-30 07:00:00,0.9951699151392905,0.9813738710288518,0.9976963619104615,0.9561268427389621
2009-11-30 08:00:00,0.9951699151392907,0.97980457833702,0.9977791638871651,0.9561268427389622
2009-11-30 09:00:00,0.9964679890754249,0.9813738710288518,0.9980992436899668,0.9565114305267626
2009-11-30 10:00:00,0.9966518833351135,0.9863905884096479,0.9980024688399136,0.9499178202550933
2009-11-30 11:00:00,0.9956563105503103,0.9813738710288518,0.99775881739438,0.9522180140878468
2009-11-30 12:00:00,0.9960512664923539,0.9804600398015402,0.9981207250603522,0.9511752176167814
2009-11-30 13:00:00,0.9966870513193266,0.9788907471097085,0.9981207250603522,0.953219686677909
2009-12-01 07:00:00,0.9962198269480135,0.9788907471097085,0.9977955455227291,0.9536821538333152
2009-12-01 08:00:00,0.9962198269480135,0.9788907471097087,0.9979356732772504,0.954299238635577
2009-12-01 09:00:00,0.9962198269480135,0.9769482886760426,0.9980695678797579,0.9517621793939618
2009-12-01 10:00:00,0.9954988209278076,0.9753789959842107,0.9982665548570587,0.9517621793939618
2009-12-01 11:00:00,0.9958586088856377,0.9803957133650069,0.9984393642495676,0.9521467671817622
2009-12-01 12:00:00,0.9965796149058436,0.9841072329310098,0.9984860566491718,0.9535075357353403
2009-12-01 13:00:00,0.9965796149058436,0.990070031458256,0.9985763045051647,0.952634726161453
2009-12-01 14:00:00,0.9965796149058436,0.9893852785306013,0.9984393642495678,0.952634726161453
2009-12-02 07:00:00,0.995799360789768,0.9834224800033555,0.9981141847119447,0.953348549694084
2009-12-02 08:00:00,0.9947037273974014,0.9811428817160687,0.9978381901132628,0.9523468771040217
2009-12-02 09:00:00,0.9948876216570899,0.9803957133650069,0.9979305135366727,0.951304080632956
2009-12-02 10:00:00,0.9943087714553581,0.9764546082581396,0.9983374896646933,0.951016231575525
2009-12-02 11:00:00,0.9930783037571136,0.9730071835691755,0.9983374896646932,0.951016231575525
2009-12-02 12:00:00,0.9943087714553579,0.9730071835691755,0.9981141847119447,0.9510162315755247
2009-12-02 13:00:00,0.9954044048477246,0.9669445875225484,0.9980695678797579,0.9503024080428939
2009-12-03 07:00:00,0.9941248771956696,0.9630409552555457,0.9975224639972163,0.9480945845461092
2009-12-03 08:00:00,0.9943087714553579,0.9607869096360592,0.9976169607279315,0.947632117390703
2009-12-03 09:00:00,0.9943087714553579,0.9600397412849976,0.9976169607279315,0.946374720029015
2009-12-03 10:00:00,0.9922864983375007,0.9563886881211263,0.9976169607279315,0.9448711426677622
2009-12-03 11:00:00,0.9922864983375007,0.957957980812958,0.997851127463443,0.9425709488350089
2009-12-03 12:00:00,0.9930783037571136,0.9683563829511109,0.9980695678797579,0.9436137453060743
2009-12-03 13:00:00,0.9934732596991568,0.971475363717208,0.9980695678797579,0.9479995320809587
2009-12-04 07:00:00,0.9932893654394687,0.971475363717208,0.9980695678797579,0.9483287678257892
2009-12-04 08:00:00,0.993473259699157,0.9769482886760426,0.9982665548570587,0.9483287678257892
2009-12-04 09:00:00,0.9936659173058731,0.9839074644905046,0.9985984698812937,0.9500486323428833
2009-12-04 10:00:00,0.9932893654394684,0.9839074644905046,0.9988035114048609,0.951552209704136
2009-12-04 11:00:00,0.9945198331377129,0.9830853401497346,0.9988436659257155,0.9523992646473428
2009-12-04 12:00:00,0.9945198331377129,0.9876189840565078,0.9987035381711944,0.9536566620090307
2009-12-04 13:00:00,0.992912813573064,0.9839074644905046,0.9984496001442978,0.9521530846477778
2009-12-07 07:00:00,0.9915518625975308,0.9804600398015404,0.9982445586207307,0.9515359998455161
2009-12-07 08:00:00,0.9932893654394684,0.9788907471097085,0.9985984698812937,0.9524088094194034
2009-12-07 09:00:00,0.9934732596991572,0.9788907471097084,0.9985082220253009,0.9506889449023093
2009-12-07 10:00:00,0.9915334585218918,0.9788907471097087,0.9982209238332527,0.9486239302131991
2009-12-07 11:00:00,0.9915334585218918,0.9788907471097087,0.9982209238332527,0.9452143242040925
2009-12-07 12:00:00,0.9919284144639352,0.9788907471097087,0.9983111716892457,0.9434944596869985
2009-12-07 13:00:00,0.9913495642622032,0.9788907471097087,0.9985984698812937,0.9427806361543672
2009-12-08 07:00:00,0.9913495642622037,0.9757228702629107,0.9985984698812937,0.9427806361543672
2009-12-08 08:00:00,0.991533458521892,0.9757228702629107,0.9985984698812937,0.950247055999924
2009-12-08 09:00:00,0.9892542978014804,0.9757228702629107,0.9984393642495676,0.9508273853155832
2009-12-08 10:00:00,0.9890704035417921,0.9757228702629106,0.9985763045051647,0.9521785764720624
2009-12-08 11:00:00,0.9913495642622034,0.9766367014902222,0.9987072860345032,0.9519228517004368
2009-12-08 12:00:00,0.9915518625975309,0.9746942430565563,0.9986626692023162,0.9553324577095436
2009-12-08 13:00:00,0.9915518625975309,0.9746942430565563,0.9987509327810177,0.9548699905541373
2009-12-08 14:00:00,0.9919284144639352,0.9766367014902223,0.9986626692023162,0.9561273879158252
2009-12-09 07:00:00,0.9919284144639354,0.9816534188710183,0.9986626692023162,0.9565898550712314
2009-12-09 08:00:00,0.9919284144639352,0.9839074644905048,0.9985724213463231,0.9555470586001659
2009-12-09 09:00:00,0.9919284144639354,0.9856434200585863,0.9983918343442116,0.9564198681740531
2009-12-09 10:00:00,0.9919284144639352,0.9893549396245894,0.9983054696470601,0.9587705004785128
2009-12-09 11:00:00,0.993473259699157,0.9918059870263376,0.9979925325000303,0.9613075597201282
2009-12-09 12:00:00,0.9932893654394684,0.9944566294668479,0.9981207250603522,0.9609229719323276
2009-12-09 13:00:00,0.993473259699157,0.9960259221586797,0.9980343603632007,0.9602091483996965
2009-12-10 07:00:00,0.9932893654394684,0.9944566294668479,0.9981207250603522,0.9602091483996965
2009-12-10 08:00:00,0.992894409497425,0.9957733533655283,0.9983054696470604,0.9594287091617776
2009-12-10 09:00:00,0.9927105152377367,0.9950886004378737,0.9984645752787863,0.9594287091617778
2009-12-10 10:00:00,0.9925346215395952,0.9950886004378737,0.9982798306920786,0.9594287091617776
2009-12-10 11:00:00,0.9928944094974252,0.99652052171659,0.998321658555249,0.9601425326944087
2009-12-10 12:00:00,0.9932893654394687,0.99734264605736,0.9983216585552489,0.9596800655390026
2009-12-10 13:00:00,0.9932893654394688,0.99734264605736,0.9987550914120386,0.9604605047769214
2009-12-11 07:00:00,0.9925346215395949,0.9950886004378737,0.9987978093626756,0.9639802856937589
2009-12-11 08:00:00,0.9939489834975278,0.9965205217165898,0.9987550914120386,0.96426813475119
2009-12-11 09:00:00,0.9952285111495829,0.99652052171659,0.9984421542650085,0.9646527225389906
2009-12-11 10:00:00,0.9947001627360931,0.994456629466848,0.9982615672628969,0.9636510499489283
2009-12-11 11:00:00,0.9940922515761688,0.99652052171659,0.9978996595969246,0.9614432264521434
2009-12-11 12:00:00,0.9947001627360931,0.9980898144084218,0.998080246599036,0.9624448990422058
2009-12-11 13:00:00,0.9934206350840379,0.99652052171659,0.9979597508892768,0.961750026424415
2009-12-14 07:00:00,0.9925346215395952,0.99652052171659,0.9978006452575505,0.9607483538343526
2009-12-14 08:00:00,0.9939489834975278,0.99652052171659,0.9978974201076038,0.9607483538343525
2009-12-14 09:00:00,0.9943439394395711,0.9987745673360763,0.998321658555249,0.9602047800052959
2009-12-14 10:00:00,0.9939673875731667,0.9987745673360762,0.9979597508892768,0.9614065625176177
2009-12-14 11:00:00,0.9937650892378393,0.99734264605736,0.9976946180733577,0.9627185199376702
2009-12-14 12:00:00,0.995439572831938,0.99734264605736,0.998080246599036,0.9652555791792855
2009-12-14 13:00:00,0.9939673875731666,0.99734264605736,0.9975476481893464,0.963943621759233
2009-12-15 07:00:00,0.9939673875731667,0.9965205217165898,0.9976946180733577,0.9614065625176177
2009-12-15 08:00:00,0.9930440832176335,0.9950886004378737,0.9978996595969246,0.9641459041965362
2009-12-15 09:00:00,0.9939638229118585,0.9957733533655283,0.9979398141177794,0.9644337532539675
2009-12-15 10:00:00,0.9952965225924804,0.9957733533655283,0.9979398141177794,0.9656100439420048
2009-12-15 11:00:00,0.9956019326010731,0.9950886004378738,0.9976687048339198,0.9646083713519424
2009-12-15 12:00:00,0.9956019326010731,0.9936566791591578,0.99766870483392,0.9639912865496807
2009-12-15 13:00:00,0.9956019326010731,0.9907706625686457,0.9976285503130652,0.9639912865496807
2009-12-15 14:00:00,0.9956019326010731,0.986970814750822,0.9977096789474529,0.9643205222945114
2009-12-16 07:00:00,0.9949661477741003,0.986970814750822,0.9973067971679477,0.9647051100823117
2009-12-16 08:00:00,0.9944137022095542,0.986970814750822,0.9973067971679477,0.9650896978701123
2009-12-16 09:00:00,0.9952965225924802,0.9863840645600533,0.9973067971679477,0.9657067826723739
2009-12-16 10:00:00,0.9956563105503103,0.9823637244664735,0.9973067971679477,0.9662871119880331
2009-12-16 11:00:00,0.9949661477741005,0.9785638766486497,0.9968537203544843,0.9662871119880331
2009-12-16 12:00:00,0.9956563105503102,0.9775352494422954,0.9972566021339896,0.9674634026760704
2009-12-16 13:00:00,0.9962351607520421,0.9785638766486499,0.99766870483392,0.965975943621361
2009-12-17 07:00:00,0.9965796149058436,0.9808179222681362,0.9975695392810197,0.9673367121749391
2009-12-17 08:00:00,0.9962351607520421,0.9813654955804355,0.9974465827834612,0.9692866383850549
2009-12-17 09:00:00,0.9956563105503106,0.98258421674223,0.9975695392810197,0.9700602739071332
2009-12-17 10:00:00,0.9970468392771568,0.986970814750822,0.9979398141177794,0.9696756861193329
2009-12-17 11:00:00,0.9962351607520421,0.9901386915976196,0.9979398141177794,0.9685728148524239
2009-12-17 12:00:00,0.9956563105503102,0.9907706625686457,0.99798164198095,0.9700602739071332
2009-12-17 13:00:00,0.9966518833351132,0.9907706625686454,0.9975695392810197,0.9697310381623025
2009-12-18 07:00:00,0.9978925896534995,0.9930247081881317,0.9980226160944831,0.9722680974039182
2009-12-18 08:00:00,0.9978925896534994,0.9922025838473615,0.9980226160944831,0.9745682912366714
2009-12-18 09:00:00,0.9978925896534995,0.9912887526200501,0.9980226160944828,0.9788507068196655
2009-12-18 10:00:00,0.9978925896534995,0.9912887526200501,0.9980226160944828,0.9793131739750717
2009-12-18 11:00:00,0.9978925896534995,0.989856831341334,0.9980226160944828,0.9788507068196652
2009-12-18 12:00:00,0.9982370438073009,0.9863840645600536,0.99766870483392,0.9800269975077026
2009-12-18 13:00:00,0.9978925896534995,0.9815555895358755,0.9976285503130651,0.9787696001460149
2009-12-21 07:00:00,0.9966518833351132,0.9834980479695414,0.9977096789474529,0.9779225452028083
2009-12-21 08:00:00,0.9973137394517676,0.9869708147508218,0.9980226160944828,0.9775933094579775
2009-12-21 09:00:00,0.997137845753626,0.9863840645600533,0.9980226160944828,0.9775933094579777
2009-12-21 10:00:00,0.9971378457536259,0.9823637244664735,0.9980226160944828,0.9793131739750717
2009-12-21 11:00:00,0.9971378457536259,0.9769162493323887,0.997941487460095,0.9796977617628723
2009-12-21 12:00:00,0.997532801695669,0.9758876221260344,0.9982615672628969,0.9796977617628723
2009-12-21 13:00:00,0.9978925896534994,0.9720877743082106,0.9979486301158669,0.9819055852596569
2009-12-22 07:00:00,0.9982229644718791,0.9737354016244717,0.9979887846367217,0.9829483817307224
2009-12-22 08:00:00,0.9980390702121906,0.9742829749367711,0.9975859028572163,0.9817720910426853
2009-12-22 09:00:00,0.9985915157767369,0.9771689915272832,0.9978632647093809,0.9824859145753161
2009-12-22 10:00:00,0.9980852472602153,0.9825842167422297,0.9975859028572163,0.9807660500582221
2009-12-22 11:00:00,0.9984297014140168,0.9825842167422297,0.9971428665568562,0.981383134860484
2009-12-22 12:00:00,0.9980852472602155,0.9813654955804356,0.9971428665568562,0.9803814622704218
2009-12-22 13:00:00,0.9987754100364254,0.9840161380209459,0.9975859028572163,0.9815577529584589
2009-12-22 14:00:00,0.9982229644718792,0.9840161380209459,0.9975457483363616,0.9836022220195867
2009-12-23 07:00:00,0.9980390702121908,0.9846481089919717,0.9975859028572163,0.9853220865366809
2009-12-23 08:00:00,0.9987600762323967,0.9878159858387696,0.9979887846367215,0.985784553692087
2009-12-23 09:00:00,0.9991198641902268,0.9897194599282184,0.9979398141177794,0.9871453222456651
2009-12-23 10:00:00,0.9987754100364254,0.9878159858387696,0.9978996595969246,0.9871453222456652
2009-12-23 11:00:00,0.9978925896534995,0.9840161380209459,0.9978586854833916,0.9883216129337022
2009-12-23 12:00:00,0.9970468392771568,0.9840161380209459,0.9978586854833916,0.9889386977359641
2009-12-23 13:00:00,0.9960512664923538,0.9813654955804355,0.9978586854833917,0.9886094619911335
2009-12-24 07:00:00,0.9952965225924802,0.9840161380209459,0.9978586854833916,0.9882248742033329
2009-12-24 08:00:00,0.9956019326010733,0.9821126639314971,0.9978586854833916,0.9882248742033329
2009-12-24 09:00:00,0.9949661477741005,0.9761498654042513,0.9974252526266022,0.9886094619911335
2009-12-24 10:00:00,0.9952965225924802,0.9761498654042513,0.9970131499266719,0.9876077894010714
2009-12-28 07:00:00,0.9962920953772831,0.9805364634128434,0.9971754734996018,0.9871453222456652
2009-12-28 08:00:00,0.9964943937126105,0.9864992619400894,0.9975875761995322,0.986564992930006
2009-12-28 09:00:00,0.9966870513193267,0.9857520935890275,0.9974884106466319,0.9848083729263093
2009-12-28 10:00:00,0.9958042309364006,0.9857520935890275,0.9974884106466319,0.9851929607141097
2009-12-28 11:00:00,0.9954988209278076,0.9833010461872795,0.9973654541490736,0.9847304935587033
2009-12-28 12:00:00,0.994718566811732,0.9778535710531947,0.9972031305761437,0.983266353813235
2009-12-28 13:00:00,0.9939638229118585,0.9750889882787586,0.996781373374622,0.9835955895580657
2009-12-29 07:00:00,0.9930810025289324,0.969673763063812,0.9966190498016921,0.9810585303164503
2009-12-29 08:00:00,0.9914065189348338,0.9654791700237861,0.9965804398797254,0.9806739425286497
2009-12-29 09:00:00,0.9893842458169767,0.9634790118462322,0.9965804398797254,0.9783737486958967
2009-12-29 10:00:00,0.989936691381523,0.9681298124642965,0.9970046783273705,0.9788362158513026
2009-12-29 11:00:00,0.989936691381523,0.9708943952387327,0.996781373374622,0.9801969844048809
2009-12-29 12:00:00,0.989936691381523,0.9708943952387327,0.9972031305761435,0.9810440393480875
2009-12-29 13:00:00,0.9881991885395852,0.9634790118462322,0.9971251535788052,0.9810440393480875
2009-12-29 14:00:00,0.9885295633579649,0.9634790118462322,0.9973260870737017,0.9797866419863996
2009-12-30 07:00:00,0.9874444446397117,0.9634790118462322,0.9969320212922841,0.9777421729252719
2009-12-30 08:00:00,0.9849404859822957,0.9634790118462322,0.996309330595866,0.9764847755635839
2009-12-30 09:00:00,0.9860833871292929,0.9634790118462322,0.9963093305958658,0.9770283493926409
2009-12-30 10:00:00,0.9857659851664401,0.9634790118462322,0.996309330595866,0.9761812944494341
2009-12-30 11:00:00,0.9855530299485591,0.9681298124642965,0.996781373374622,0.9743580587404498
2009-12-30 12:00:00,0.9855530299485591,0.9708943952387327,0.996781373374622,0.9728939189949815
2009-12-30 13:00:00,0.9834867118622364,0.9654791700237861,0.996781373374622,0.9725093312071809
2009-12-31 07:00:00,0.9834867118622364,0.9673826441132347,0.9969619603767335,0.9731264160094426
2009-12-31 08:00:00,0.9837247480668274,0.9743418199276968,0.9975066740758134,0.9745538002683086
2009-12-31 09:00:00,0.9849129784583464,0.9766214182149838,0.9978456102018878,0.9735110037972432
2009-12-31 10:00:00,0.9861054755131055,0.9785638766486499,0.9976271697855726,0.9714665347361154
2009-12-31 11:00:00,0.9842771936313736,0.9731486514337033,0.9975460411511851,0.9700391504772494
2009-12-31 12:00:00,0.9832064483298535,0.9731486514337033,0.9977226537043296,0.9693253269446184
2009-12-31 13:00:00,0.9842771936313733,0.9731486514337032,0.9977226537043296,0.9707894666900869
2010-01-04 07:00:00,0.9828466603720234,0.9731486514337033,0.9977226537043293,0.9722168509489529
2010-01-04 08:00:00,0.9828466603720234,0.9731486514337033,0.9977226537043293,0.9722168509489529
2010-01-04 09:00:00,0.9828466603720234,0.9708690531464162,0.9977226537043293,0.9727604247780095
2010-01-04 10:00:00,0.9828466603720234,0.9639098773319542,0.997383717578255,0.9722168509489529
2010-01-04 11:00:00,0.9815351987693665,0.9619097191544003,0.9973057405809167,0.9711139796820439
2010-01-04 12:00:00,0.9821709835963393,0.9673826441132348,0.9971251535788052,0.9708582549104182
2010-01-04 13:00:00,0.9828466603720235,0.9654791700237861,0.9971251535788052,0.9706281932173969
2010-01-05 07:00:00,0.9815351987693666,0.9568872642988545,0.9968436207876967,0.9711139796820439
2010-01-05 08:00:00,0.9821709835963394,0.9568872642988545,0.9964645815368123,0.9711139796820439
2010-01-05 09:00:00,0.9809827532048203,0.9497479434391776,0.9960705157553944,0.9714432154268746
2010-01-05 10:00:00,0.9798517331962691,0.9529461591919874,0.9962989070886169,0.9677043736729373
2010-01-05 11:00:00,0.9771181947734994,0.9543987440572421,0.9956619888414655,0.9658811379639527
2010-01-05 12:00:00,0.9755191010584896,0.954398744057242,0.995900803681937,0.9664614672796121
2010-01-05 13:00:00,0.9769199398006376,0.954398744057242,0.9959435216325739,0.9678888515384781
2010-01-05 14:00:00,0.9763971887532934,0.9543987440572421,0.9963753983561583,0.9678888515384781
2010-01-06 07:00:00,0.9735326211916113,0.9543987440572421,0.9962989070886169,0.9678888515384781
2010-01-06 08:00:00,0.9746362806755635,0.9578461687462064,0.9965377219290884,0.9678888515384779
2010-01-06 09:00:00,0.9740469157997186,0.9578461687462064,0.9961042890722989,0.9661322315347816
2010-01-06 10:00:00,0.9729158957911672,0.9578461687462064,0.9965377219290884,0.9633073232357348
2010-01-06 11:00:00,0.9740469157997184,0.9654987934190766,0.9971604126255067,0.9614840875267507
2010-01-06 12:00:00,0.9714741333922368,0.9654987934190766,0.9971604126255065,0.9614840875267506
2010-01-06 13:00:00,0.9714741333922368,0.9714615919463224,0.9971604126255065,0.9620644168424101
2010-01-07 07:00:00,0.9714741333922368,0.9677500723803194,0.9971604126255065,0.9640143430525255
2010-01-07 08:00:00,0.9722996325763813,0.9610027234060379,0.9968474754784766,0.9640143430525255
2010-01-07 09:00:00,0.9717310209947911,0.9610027234060379,0.996598787208395,0.9640143430525255
2010-01-07 10:00:00,0.9733380405594398,0.9647142429720409,0.9970322200651845,0.9634707692234687
2010-01-07 11:00:00,0.9734685238367288,0.961516027219231,0.9969117243554251,0.9638000049682994
2010-01-07 12:00:00,0.9734685238367288,0.962650350722299,0.9964481392907331,0.9655198694853934
2010-01-07 13:00:00,0.9759536310961813,0.9664501985401225,0.9970322200651845,0.9669840092308617
2010-01-08 07:00:00,0.9759536310961813,0.9610027234060379,0.9969117243554251,0.9682414065925494
2010-01-08 08:00:00,0.9765222426777714,0.9581167068155257,0.9964481392907331,0.9673685970186623
2010-01-08 09:00:00,0.9759536310961813,0.9581167068155257,0.9959760965119768,0.9673685970186623
2010-01-08 10:00:00,0.9759536310961813,0.9581167068155257,0.9956441814877418,0.9661923063306249
2010-01-08 11:00:00,0.9759536310961813,0.9591775839410185,0.995762313005935,0.9642423801205093
2010-01-08 12:00:00,0.9767655054259332,0.9676912273893936,0.9959760965119768,0.9647048472759157
2010-01-08 13:00:00,0.9797733637327302,0.9742829749367711,0.9962247847820583,0.9692173245519313
2010-01-11 07:00:00,0.9790491645510072,0.9742829749367711,0.9957423814063266,0.9698344093541931
2010-01-11 08:00:00,0.9790491645510072,0.9742829749367711,0.9950289718916338,0.9700901341258187
2010-01-11 09:00:00,0.9773116617090696,0.9731486514337033,0.9950289718916338,0.968832736764131
2010-01-11 10:00:00,0.9743167345333154,0.9654960267608331,0.9947948051561223,0.9668828105540151
2010-01-11 11:00:00,0.9743167345333154,0.9606675517366551,0.9949153008658815,0.9672120462988458
2010-01-11 12:00:00,0.9743167345333154,0.9557333804157636,0.9950289718916339,0.9674998953562768
2010-01-11 13:00:00,0.9752978213175924,0.956280953728063,0.9945758950781703,0.9692197598733711
2010-01-12 07:00:00,0.9773116617090696,0.9627570560685021,0.9949641250552405,0.9703960505614081
2010-01-12 08:00:00,0.9787838469678407,0.9676912273893936,0.9952034183626617,0.9718601903068764
2010-01-12 09:00:00,0.9773116617090696,0.9671436540770941,0.9952034183626616,0.9711463667742456
2010-01-12 10:00:00,0.9740469157997184,0.9671436540770941,0.9945571489272199,0.9671196759628772
2010-01-12 11:00:00,0.9714741333922369,0.9676912273893934,0.9939595977554402,0.9653630559591806
2010-01-12 12:00:00,0.9687360938190367,0.9671436540770941,0.9940346588592255,0.963898916213712
2010-01-12 13:00:00,0.9665473156168312,0.9627570560685021,0.9938816207581018,0.9633553423846555
2010-01-12 14:00:00,0.9660488887501976,0.9542434126201268,0.9933925099188645,0.9623726207094332
2010-01-13 07:00:00,0.9671159271984211,0.9482806140928809,0.9927406928912927,0.9609084809639648
2010-01-13 08:00:00,0.9678316936537641,0.9542434126201268,0.9935820517073993,0.9604460138085585
2010-01-13 09:00:00,0.9646420952519665,0.9542434126201268,0.9929979709329476,0.9578834627426587
2010-01-13 10:00:00,0.9619040556787665,0.9542434126201268,0.9925358511397275,0.9561635982255645
2010-01-13 11:00:00,0.9609868396390031,0.9542434126201268,0.9916944923236212,0.9550607269586557
2010-01-13 12:00:00,0.9614056288121331,0.9542434126201268,0.9918060571148175,0.9552907886516773
2010-01-13 13:00:00,0.9619040556787665,0.9542434126201268,0.9910554678419141,0.9559078734539392
2010-01-14 07:00:00,0.9635075396234939,0.954243412620127,0.9912589532322761,0.9561635982255645
2010-01-14 08:00:00,0.9662455791966938,0.9490113163626864,0.991467733959488,0.9565481860133651
2010-01-14 09:00:00,0.9670438286720532,0.9484980125494932,0.9908586442822566,0.958268050530459
2010-01-14 10:00:00,0.9702334270738509,0.9527014816005792,0.9915049137176982,0.958268050530459
2010-01-14 11:00:00,0.9666250394989234,0.9477673102796879,0.9915049137176982,0.9582680505304593
2010-01-14 12:00:00,0.9662455791966938,0.9406279894200109,0.9914677339594877,0.9567805914757496
2010-01-14 13:00:00,0.9662455791966938,0.9299484180284856,0.9914312302720768,0.9567805914757497
2010-01-15 07:00:00,0.9662455791966938,0.9289520407412694,0.9914312302720768,0.9556062498593273
2010-01-15 08:00:00,0.9674862855150798,0.9289520407412694,0.992053920968495,0.9560687170147335
2010-01-15 09:00:00,0.9683566335168073,0.9331555097923554,0.9926128156117684,0.9554883876990743
2010-01-15 10:00:00,0.9698442972060356,0.9421824570539239,0.9931964231817206,0.9585134059203805
2010-01-15 11:00:00,0.9698442972060356,0.9487742046013014,0.9935820517073991,0.9598741744739587
2010-01-15 12:00:00,0.9691200980243128,0.950318155200817,0.9935820517073991,0.959544938729128
2010-01-15 13:00:00,0.9698442972060356,0.950318155200817,0.9935820517073991,0.9605466113191904
2010-01-19 07:00:00,0.9705600636613785,0.956280953728063,0.99322980373053,0.9600841441637841
2010-01-19 08:00:00,0.9678220240881784,0.9567942575412561,0.992569231688537,0.9600841441637841
2010-01-19 09:00:00,0.9673235972215448,0.9567942575412561,0.9920801208492999,0.9600841441637841
2010-01-19 10:00:00,0.9698442972060356,0.9639335784009332,0.9927406928912927,0.9600841441637841
2010-01-19 11:00:00,0.9678220240881782,0.9639335784009332,0.9920801208492995,0.958907853475747
2010-01-19 12:00:00,0.9640266156323404,0.9639335784009332,0.9915084658445393,0.9541862900465877
2010-01-19 13:00:00,0.9623481561590689,0.9567942575412562,0.9910750329877498,0.9504474482926503
2010-01-19 14:00:00,0.9626372794414764,0.9622094827562027,0.9910750329877498,0.9511612718252814
2010-01-20 07:00:00,0.9620232859941442,0.9616961789430094,0.9902168655390663,0.9528578170331345
2010-01-20 08:00:00,0.964884350496338,0.9628727012754404,0.9903713804104861,0.9535716405657656
2010-01-20 09:00:00,0.9673235972215448,0.9628727012754404,0.9909302750537592,0.9540341077211719
2010-01-20 10:00:00,0.967323597221545,0.9683201764095251,0.9913637079105488,0.953253668483253
2010-01-20 11:00:00,0.9667646552055404,0.9717929431908058,0.9917879463581939,0.9537161356386591
2010-01-20 12:00:00,0.9697481893316267,0.9738568354405477,0.9914899642371168,0.9556043007877125
2010-01-20 13:00:00,0.9734246312230607,0.9726803131081168,0.991842212213986,0.9591240817045499
2010-01-21 07:00:00,0.9734246312230606,0.9662042107676775,0.9908951635360932,0.95912408170455
2010-01-21 08:00:00,0.9707980998659695,0.9640735099773935,0.990895163536093,0.9581413600293277
2010-01-21 09:00:00,0.9729103366149535,0.9640735099773935,0.991492714707873,0.9581413600293277
2010-01-21 10:00:00,0.9744332084880923,0.9675209346663579,0.9918316508339474,0.9581413600293277
2010-01-21 11:00:00,0.9761811617219224,0.9675209346663579,0.992045434339989,0.9584705957741584
2010-01-21 12:00:00,0.9742084105510879,0.9675209346663579,0.9917521292377208,0.9577567722415273
2010-01-21 13:00:00,0.9716877105665971,0.9593852365194647,0.9907152783210099,0.9584705957741584
2010-01-22 07:00:00,0.9736604617374318,0.964758262905048,0.9911788633857019,0.958086007986358
2010-01-22 08:00:00,0.9761811617219224,0.9634415390063676,0.9914721684879704,0.9584705957741584
2010-01-22 09:00:00,0.9742084105510879,0.9566941900320862,0.9917620616784165,0.9581413600293279
2010-01-22 10:00:00,0.9761811617219224,0.9636533658465484,0.9921323365151761,0.9569650693412908
2010-01-22 11:00:00,0.9783030064842764,0.9689687935421137,0.9925859891391726,0.9574275364966968
2010-01-22 12:00:00,0.9747967213108462,0.9662061217808038,0.9915491382224615,0.9508339262250276
2010-01-22 13:00:00,0.9719356568086523,0.9662061217808038,0.9906931852033882,0.9489457610759743
2010-01-25 07:00:00,0.9724028811799652,0.9662061217808038,0.990516572650244,0.9491758227689958
2010-01-25 08:00:00,0.9734356638004275,0.9668380927518296,0.9900923342025987,0.9498065905563614
2010-01-25 09:00:00,0.9761811617219225,0.9700059695986275,0.9901914997554989,0.9505014631741522
2010-01-25 10:00:00,0.9783699399241281,0.9700059695986275,0.9898206073027992,0.9513742727480397
2010-01-25 11:00:00,0.9777582462637123,0.9727686413599373,0.9892115176255678,0.9516299975196651
2010-01-25 12:00:00,0.9783699399241281,0.9764801609259405,0.9888985804785376,0.9533498620367591
2010-01-25 13:00:00,0.9816346858334791,0.9836194817856174,0.9888985804785378,0.9537344498245597
2010-01-26 07:00:00,0.9827709454068936,0.9844416061263876,0.9897545334976113,0.9543147791402189
2010-01-26 08:00:00,0.9827709454068935,0.9838096351553615,0.9900674706446412,0.9511307748776563
2010-01-26 09:00:00,0.9813701066647453,0.980336868374081,0.9905295904378614,0.9493741548739598
2010-01-26 10:00:00,0.9823556918536851,0.980336868374081,0.9916238089377967,0.949954484189619
2010-01-26 11:00:00,0.981680015078001,0.976316528280501,0.9908013173376609,0.9502423332470502
2010-01-26 12:00:00,0.981680015078001,0.9733521770655598,0.9900923342025985,0.9502423332470502
2010-01-26 13:00:00,0.981680015078001,0.9733521770655598,0.9893026339148973,0.9495474606292594
2010-01-26 14:00:00,0.981680015078001,0.9733521770655598,0.9894617395466234,0.9501645454315213
2010-01-27 07:00:00,0.9816800150780008,0.9733521770655598,0.9893026339148973,0.94987669637409
2010-01-27 08:00:00,0.9828229162249981,0.977885820972333,0.9886188043151672,0.9515732415819433
2010-01-27 09:00:00,0.9856914390754871,0.9838486194995788,0.9888390488502052,0.9511886537941427
2010-01-27 10:00:00,0.9833138847433366,0.9798282794059987,0.9879679961204115,0.9471619629827742
2010-01-27 11:00:00,0.9824310643604105,0.977885820972333,0.9872431924071486,0.9454053429790777
2010-01-27 12:00:00,0.9813000443518594,0.9738654808787529,0.987646074186654,0.9468694827245462
2010-01-27 13:00:00,0.981849316802278,0.9738654808787529,0.9870871795433805,0.9463259088954894
2010-01-28 07:00:00,0.9809946343432663,0.9738654808787529,0.9858032816540625,0.9473275814855517
2010-01-28 08:00:00,0.9803189575675824,0.9684180057446681,0.9847144762676433,0.9456310362776986
2010-01-28 09:00:00,0.9828229162249982,0.9692401300854383,0.9854278857823363,0.9463448598103297
2010-01-28 10:00:00,0.9833512646384879,0.9647064861786653,0.9852733709109166,0.9489074108762295
2010-01-28 11:00:00,0.984013120755142,0.9565707880317721,0.9847825776724508,0.9489074108762295
2010-01-28 12:00:00,0.9845040892734805,0.9577473103642031,0.9861586909069737,0.9503347951350956
2010-01-28 13:00:00,0.9830167339726819,0.9577473103642031,0.9855863080579468,0.950590519906721
2010-01-29 07:00:00,0.9831785483354021,0.959689768797869,0.9852733709109167,0.950590519906721
2010-01-29 08:00:00,0.9814176402576722,0.9647064861786652,0.9847144762676433,0.950590519906721
2010-01-29 09:00:00,0.9783001403822428,0.9647064861786652,0.9833074757810544,0.9487672841977368
2010-01-29 10:00:00,0.9762862999907653,0.9701539613127499,0.9826958132743374,0.9480534606651058
2010-01-29 11:00:00,0.9754405496144228,0.9684180057446683,0.9820495438388955,0.9490551332551681
2010-01-29 12:00:00,0.9776099776060329,0.9738654808787529,0.9828543989675911,0.9490551332551681
2010-01-29 13:00:00,0.9776099776060329,0.9798282794059989,0.9836991034666199,0.9490551332551681
2010-02-01 07:00:00,0.9754405496144231,0.9833010461872795,0.983194544288395,0.9490551332551681
2010-02-01 08:00:00,0.9754405496144231,0.9833010461872795,0.9821566471673878,0.9490551332551681
2010-02-01 09:00:00,0.9776099776060329,0.9833010461872795,0.9821566471673877,0.9487258975103374
2010-02-01 10:00:00,0.9794037998661951,0.9833010461872795,0.9821566471673877,0.9504224427181905
2010-02-01 11:00:00,0.9823987270419493,0.985037001755361,0.983194544288395,0.9523723689283063
2010-02-01 12:00:00,0.9823987270419493,0.985037001755361,0.983194544288395,0.9518287950992493
2010-02-01 13:00:00,0.9823987270419493,0.985037001755361,0.9837166857551002,0.9518287950992493
2010-02-02 07:00:00,0.9823987270419493,0.9850370017553614,0.9835636476539765,0.9511149715666183
2010-02-02 08:00:00,0.9830978219008283,0.9882352175081712,0.9837166857551002,0.9514442073114487
2010-02-02 09:00:00,0.9850143175786908,0.989057341848941,0.9850319535487772,0.9507303837788177
2010-02-02 10:00:00,0.9867752256564206,0.989057341848941,0.9856295047205569,0.9576532297953174
2010-02-02 11:00:00,0.9850143175786908,0.9917079842894516,0.9856295047205571,0.9576532297953174
2010-02-02 12:00:00,0.9841596351196791,0.9882352175081709,0.9845406993341379,0.958037817583118
2010-02-02 13:00:00,0.9859205431974091,0.9911212340986831,0.9845406993341379,0.9571907626399114
2010-02-02 14:00:00,0.985230380421199,0.9918059870263375,0.9837358442054422,0.9571907626399114
2010-02-03 07:00:00,0.9849923442166081,0.9925531553773993,0.9834565443254845,0.9577343364689682
2010-02-03 08:00:00,0.9876079347533496,0.9933752797181695,0.9837358442054422,0.9589106271570055
2010-02-03 09:00:00,0.9887441943267637,0.9918059870263375,0.983572967253629,0.9602713957105836
2010-02-03 10:00:00,0.9894343571029738,0.994456629466848,0.9834565443254845,0.9628084549521991
2010-02-03 11:00:00,0.9881362831668394,0.9950886004378737,0.983758256751589,0.9613443152067306
2010-02-03 12:00:00,0.9855206926300979,0.9937718765391934,0.9832268480160952,0.9599169309478646
2010-02-03 13:00:00,0.9864883917478525,0.9930247081881319,0.9828352203305296,0.9599169309478646
2010-02-04 07:00:00,0.9864883917478524,0.9930247081881319,0.9832268480160952,0.9613810706933331
2010-02-04 08:00:00,0.9884281929251175,0.9930247081881319,0.9830124886995201,0.9628084549521991
2010-02-04 09:00:00,0.9884281929251177,0.995910724778644,0.9828352203305296,0.9631376906970297
2010-02-04 10:00:00,0.9884281929251177,0.995910724778644,0.9831010809907151,0.9622648811231423
2010-02-04 11:00:00,0.9864883917478525,0.9930247081881317,0.9831010809907151,0.9610885904351051
2010-02-04 12:00:00,0.986994660264374,0.994456629466848,0.9831010809907151,0.9607040026473046
2010-02-04 13:00:00,0.9882492998255823,0.9952037978179097,0.9842113335650525,0.9607040026473046
2010-02-05 07:00:00,0.9875735104661058,0.994456629466848,0.9851142541756932,0.961880293335342
2010-02-05 08:00:00,0.9887585677434974,0.99734264605736,0.9856849425688774,0.963307677594208
2010-02-05 09:00:00,0.9898293130450172,0.9987745673360762,0.9866984979364495,0.9627273482785484
2010-02-05 10:00:00,0.9905503190652233,0.99734264605736,0.987520580147301,0.9664661900324858
2010-02-05 11:00:00,0.9927973901200849,0.9973426460573602,0.9886811728877024,0.9664661900324858
2010-02-05 12:00:00,0.9927973901200846,0.9987745673360763,0.9886811728877024,0.9664661900324858
2010-02-05 13:00:00,0.9927973901200846,0.9987745673360762,0.9894317621606058,0.9685106590936134
2010-02-08 07:00:00,0.9937650892378393,0.99734264605736,0.9900163963139406,0.9697680564553013
2010-02-08 08:00:00,0.9941248771956696,0.995910724778644,0.9896550671133543,0.9697680564553013
2010-02-08 09:00:00,0.9950446168898948,0.99734264605736,0.989864750696986,0.9714879209723952
2010-02-08 10:00:00,0.9950446168898948,0.99734264605736,0.9893363545640351,0.9717757700298265
2010-02-08 11:00:00,0.9950446168898945,0.9944566294668479,0.9890937581588752,0.9711586852275648
2010-02-08 12:00:00,0.9946680650234901,0.9912887526200501,0.9890937581588752,0.9705416004253031
2010-02-08 13:00:00,0.9954228089233637,0.9912887526200501,0.9890937581588755,0.9696945454820963
2010-02-09 07:00:00,0.9954228089233637,0.993352644869792,0.9890937581588755,0.9705416004253029
2010-02-09 08:00:00,0.9946680650234901,0.9940373977974465,0.9890937581588755,0.9715843968963683
2010-02-09 09:00:00,0.9946680650234901,0.9927206738987662,0.9897889617158615,0.9707373419531617
2010-02-09 10:00:00,0.9946680650234901,0.9912887526200501,0.9894266024200281,0.9719136326411989
2010-02-09 11:00:00,0.9946680650234901,0.9919735055477044,0.989184006014868,0.971199809108568
2010-02-09 12:00:00,0.9929935814293915,0.9897194599282184,0.9884564205347319,0.96994241174688
2010-02-09 13:00:00,0.993748325329265,0.9912887526200501,0.9880681905576618,0.9706562352795112
2010-02-09 14:00:00,0.9946680650234901,0.9912887526200501,0.9872633354289663,0.9723760997966053
2010-02-10 07:00:00,0.9954483191395657,0.9878159858387695,0.9867979462455514,0.971199809108568
2010-02-10 08:00:00,0.9954483191395657,0.9843042347132719,0.9872633354289662,0.9704859855759369
2010-02-10 09:00:00,0.9954483191395657,0.986558280332758,0.9875820479782851,0.9704859855759369
2010-02-10 10:00:00,0.9946935752396922,0.990070031458256,0.9886618814352908,0.9704859855759369
2010-02-10 11:00:00,0.9946935752396922,0.9886381101795397,0.9881625818838604,0.9696131760020495
2010-02-10 12:00:00,0.9946935752396919,0.9912887526200501,0.987082748426855,0.9685703795309841
2010-02-10 13:00:00,0.9935573156662778,0.9858735274051036,0.9866640516430439,0.9668505150138901
2010-02-11 07:00:00,0.9943120595661513,0.9805005010195204,0.9872633354289662,0.9665626659564588
2010-02-11 08:00:00,0.9954483191395657,0.9819324222982365,0.9875820479782851,0.9675643385465211
2010-02-11 09:00:00,0.9945250147840324,0.9858735274051037,0.9886618814352908,0.9675643385465211
2010-02-11 10:00:00,0.9935573156662778,0.9838096351553616,0.9883431688859718,0.9660768794918115
2010-02-11 11:00:00,0.9935573156662778,0.9826753116522939,0.9887957760377982,0.96685051501389
2010-02-11 12:00:00,0.9935573156662778,0.9797892950617817,0.9890383724429581,0.96685051501389
2010-02-11 13:00:00,0.9935573156662778,0.9797892950617817,0.9884334167419648,0.9678521876039522
2010-02-12 07:00:00,0.9935573156662778,0.9818531873115237,0.9873535832849593,0.9678521876039522
2010-02-12 08:00:00,0.9938627256748709,0.9818531873115237,0.9877605594129797,0.9678521876039522
2010-02-12 09:00:00,0.994024540037591,0.9853649384370213,0.9888403928699852,0.968699242547159
2010-02-12 10:00:00,0.994024540037591,0.9853649384370214,0.9898335785480484,0.968699242547159
2010-02-12 11:00:00,0.9949478443931241,0.9860496913646759,0.9902872311720448,0.9756220885636587
2010-02-12 12:00:00,0.9946174695747443,0.9860496913646759,0.9897889617158615,0.9787027216343309
2010-02-12 13:00:00,0.9946174695747443,0.9860496913646757,0.9901243542202315,0.9772753373754649
2010-02-16 07:00:00,0.9932564120643257,0.9876189840565076,0.9898526273204319,0.9760990466874275
2010-02-16 08:00:00,0.9939774180845315,0.9868718157054461,0.9903180165038469,0.9767161314896894
2010-02-16 09:00:00,0.9933155619678773,0.9803957133650069,0.9906431960414698,0.9767161314896894
2010-02-16 10:00:00,0.9941613123442199,0.9797109604373526,0.9911414654976531,0.9769718562613151
2010-02-16 11:00:00,0.9941613123442199,0.9715752622904594,0.9908575553580449,0.9765872684735145
2010-02-16 12:00:00,0.9939774180845313,0.9715752622904594,0.9915873493829552,0.9753298711118268
2010-02-16 13:00:00,0.9955002899576703,0.9797109604373524,0.9922496401184133,0.9753298711118268
2010-02-16 14:00:00,0.9943077929029115,0.9776470681876105,0.9926378700954832,0.9753298711118268
2010-02-17 07:00:00,0.9955002899576704,0.9795895266212764,0.9922942569506003,0.9753298711118268
2010-02-17 08:00:00,0.9960286383711603,0.9833010461872795,0.9919623419263651,0.9767940108572952
2010-02-17 09:00:00,0.9963460403340129,0.9841231705280495,0.9910549065425298,0.9771785986450956
2010-02-17 10:00:00,0.9973137394517676,0.9890573418489412,0.991342204734578,0.9778924221777267
2010-02-17 11:00:00,0.9973137394517676,0.9911212340986831,0.991626949421995,0.9782770099655271
2010-02-17 12:00:00,0.9964679890754249,0.9911212340986831,0.991671566254182,0.9772753373754649
2010-02-17 13:00:00,0.9959155435108787,0.9895519414068513,0.9909581567394891,0.9776599251632655
2010-02-18 07:00:00,0.9964943937126106,0.9911212340986831,0.9905156609066269,0.9787027216343309
2010-02-18 08:00:00,0.996838847866412,0.9882352175081709,0.9914967382000166,0.9794165451669619
2010-02-18 09:00:00,0.996838847866412,0.9917079842894516,0.9914967382000166,0.9801303686995929
2010-02-18 10:00:00,0.9971562498292648,0.9937718765391936,0.9914967382000168,0.9794165451669619
2010-02-18 11:00:00,0.9969539514939373,0.9958357687889355,0.9914084746213153,0.9799968744826214
2010-02-18 12:00:00,0.9969539514939376,0.9958357687889355,0.9921218841360084,0.9811731651706583
2010-02-18 13:00:00,0.9969539514939373,0.9937718765391934,0.9925537608595927,0.980788577382858
2010-02-19 07:00:00,0.9969539514939373,0.9937718765391934,0.9923024775911132,0.980788577382858
2010-02-19 08:00:00,0.9976441142701473,0.9937718765391934,0.992168582988606,0.9799415224396514
2010-02-19 09:00:00,0.9976441142701473,0.9966578931297058,0.9921685829886059,0.9803261102274518
2010-02-19 10:00:00,0.997299660116346,0.9960259221586797,0.9927526637630574,0.9806139592848829
2010-02-19 11:00:00,0.9971378457536259,0.994456629466848,0.9927526637630574,0.9811575331139398
2010-02-19 12:00:00,0.9971378457536259,0.9950886004378737,0.9927526637630574,0.9814867688587705
2010-02-19 13:00:00,0.9976441142701473,0.9965205217165898,0.9927526637630574,0.981816004603601
2010-02-22 07:00:00,0.9979885684239488,0.9972052746442442,0.9927526637630572,0.9812356752879416
2010-02-22 08:00:00,0.9976441142701473,0.99652052171659,0.9927526637630572,0.9798082910290755
2010-02-22 09:00:00,0.9971378457536259,0.993352644869792,0.9927526637630572,0.9798082910290756
2010-02-22 10:00:00,0.9982229644718792,0.99652052171659,0.9932973774621371,0.9787654945580101
2010-02-22 11:00:00,0.9976441142701473,0.9972052746442445,0.9936266377279549,0.9787654945580101
2010-02-22 12:00:00,0.9976441142701473,0.9972052746442445,0.9940448258758343,0.9787654945580101
2010-02-22 13:00:00,0.9971378457536259,0.99652052171659,0.9947986734870561,0.9787654945580102
2010-02-23 07:00:00,0.9971378457536259,0.9950886004378738,0.9949752860402005,0.9787654945580101
2010-02-23 08:00:00,0.9971378457536259,0.9944566294668479,0.9954183223405604,0.9775080971963223
2010-02-23 09:00:00,0.9963460403340129,0.9950886004378738,0.9957666723925725,0.9757514771926258
2010-02-23 10:00:00,0.9953294369773955,0.9957733533655283,0.995643715895014,0.9760807129374562
2010-02-23 11:00:00,0.9953294369773957,0.9950886004378738,0.995352940222831,0.9757514771926258
2010-02-23 12:00:00,0.9965219340321546,0.99734264605736,0.9954546176215509,0.9761360649804264
2010-02-23 13:00:00,0.9960156655156331,0.9952787538076182,0.995643715895014,0.9754222414477953
2010-02-23 14:00:00,0.9951699151392903,0.9930247081881319,0.9958976539219109,0.9768496257066612
2010-02-24 07:00:00,0.9959617205589032,0.9912887526200501,0.9965804270447635,0.9746418022098764
2010-02-24 08:00:00,0.9959617205589034,0.9920359209711119,0.9967334651458871,0.9737947472666696
2010-02-24 09:00:00,0.9959617205589034,0.9937718765391936,0.9964147525965682,0.9741793350544702
2010-02-24 10:00:00,0.9956563105503103,0.9937718765391936,0.996624073791278,0.9734655115218392
2010-02-24 11:00:00,0.9960512664923538,0.9950886004378738,0.9972201481927617,0.9745083079929047
2010-02-24 12:00:00,0.9951684461094278,0.9930247081881319,0.9977300723170927,0.9775333262142106
2010-02-24 13:00:00,0.9949661477741005,0.9937718765391934,0.9976864255705782,0.9769162414119491
2010-02-25 07:00:00,0.9943042916574464,0.9902991097579129,0.9975896507205247,0.9765316536241486
2010-02-25 08:00:00,0.9929715919768245,0.9864992619400894,0.9974527104649279,0.9765316536241486
2010-02-25 09:00:00,0.9923927417750925,0.9893852785306015,0.9975306874622663,0.9765316536241486
2010-02-25 10:00:00,0.9935327838489983,0.9912887526200501,0.9975306874622663,0.9773787085673551
2010-02-25 11:00:00,0.9935327838489983,0.9912887526200501,0.9979737237626264,0.975555472858371
2010-02-25 12:00:00,0.991929299904271,0.9893852785306013,0.9983593522883049,0.975555472858371
2010-02-25 13:00:00,0.9917848306151682,0.9864992619400892,0.9983593522883049,0.9750930057029648
2010-02-26 07:00:00,0.9901813466704408,0.9853649384370213,0.9986187668181528,0.9717823109392709
2010-02-26 08:00:00,0.9889018190183857,0.9815650906191977,0.9986187668181528,0.9717823109392708
2010-02-26 09:00:00,0.9889018190183857,0.9805364634128434,0.9982158850386474,0.9703181711938025
2010-02-26 10:00:00,0.9889018190183857,0.9805364634128434,0.9981363634424211,0.9698557040383963
2010-02-26 11:00:00,0.9889018190183857,0.9818531873115237,0.9981363634424211,0.9716789397473805
2010-02-26 12:00:00,0.9889018190183857,0.9826753116522939,0.9978769489125731,0.9742159989889959
2010-02-26 13:00:00,0.9907892578303653,0.9846177700859599,0.9975896507205251,0.9761659251991117
2010-03-01 07:00:00,0.9917848306151682,0.9863840645600533,0.9972193758837652,0.9782103942602394
2010-03-01 08:00:00,0.9914250426573381,0.9878159858387696,0.9972193758837652,0.9782103942602394
2010-03-01 09:00:00,0.9921797865572117,0.9878159858387696,0.9968495795139554,0.9782103942602393
2010-03-01 10:00:00,0.9935124862378333,0.9858735274051037,0.996350279962525,0.9776300649445802
2010-03-01 11:00:00,0.9915397350669988,0.9870922485668979,0.9964812614918633,0.9776300649445802
2010-03-01 12:00:00,0.9915397350669988,0.9858735274051037,0.9967873684213154,0.9750998094188051
2010-03-01 13:00:00,0.9900675498082274,0.9870922485668979,0.9971497277171486,0.9733431894151088
2010-03-02 07:00:00,0.9907076012984404,0.9912887526200502,0.99775881739438,0.9711353659183237
2010-03-02 08:00:00,0.9898959227733259,0.9912887526200502,0.9981363634424211,0.9699590752302866
2010-03-02 09:00:00,0.9880866048733496,0.9912887526200501,0.9981363634424211,0.9693419904280248
2010-03-02 10:00:00,0.9880866048733496,0.9912887526200502,0.9983091728349299,0.9686471178102338
2010-03-02 11:00:00,0.9898959227733259,0.9912887526200502,0.9985142143584969,0.968647117810234
2010-03-02 12:00:00,0.9887558806994202,0.9886381101795397,0.9985578611050114,0.9678000628670272
2010-03-02 13:00:00,0.986946562799444,0.9857520935890275,0.9985578611050114,0.967512213809596
2010-03-02 14:00:00,0.9889688359173012,0.988235217508171,0.9988779409078131,0.9692688338132927
2010-03-03 07:00:00,0.9891711342526285,0.9882352175081709,0.9991063322410356,0.9710920695222769
2010-03-03 08:00:00,0.9906433195113997,0.9911212340986831,0.9990626854945214,0.9724040269423295
2010-03-03 09:00:00,0.9921783175273488,0.9911212340986831,0.9986292526377318,0.9735803176303668
2010-03-03 10:00:00,0.9935110172079706,0.9911212340986831,0.9983419544456835,0.9739649054181673
2010-03-03 11:00:00,0.9933087188726435,0.9937718765391934,0.9986292526377318,0.9753922896770333
2010-03-03 12:00:00,0.9919760191920216,0.9911212340986831,0.9986292526377318,0.9750630539322027
2010-03-03 13:00:00,0.9906433195113997,0.988235217508171,0.9985865346870948,0.9741902443583155
2010-03-04 07:00:00,0.9921783175273488,0.988235217508171,0.9988576439709542,0.975293115625224
2010-03-04 08:00:00,0.992178317527349,0.9850370017553611,0.9988576439709542,0.9746760308229625
2010-03-04 09:00:00,0.992178317527349,0.9855845750676606,0.9987266624416159,0.9721457752971876
2010-03-04 10:00:00,0.9919760191920216,0.984670743840349,0.9986830156951012,0.9714319517645563
2010-03-04 11:00:00,0.9919760191920216,0.9855845750676606,0.9986830156951014,0.9714319517645563
2010-03-04 12:00:00,0.9917833615853053,0.9855845750676606,0.9986830156951014,0.9708516224488971
2010-03-04 13:00:00,0.9919760191920214,0.988235217508171,0.9986830156951014,0.9733886816905127
2010-03-05 07:00:00,0.9931160612659272,0.9864992619400894,0.9988139972244399,0.9738511488459188
2010-03-05 08:00:00,0.9941116340507302,0.988402736029538,0.9988139972244398,0.9752785331047849
2010-03-05 09:00:00,0.9936963804975218,0.9908858599486814,0.9984820822002046,0.976280205694847
2010-03-05 10:00:00,0.9936963804975218,0.988235217508171,0.9983511006708663,0.977383076961756
2010-03-05 11:00:00,0.9945080590226362,0.9895519414068513,0.9985520341657629,0.9776388017333817
2010-03-05 12:00:00,0.9951699151392905,0.9922025838473617,0.9985520341657629,0.9786404743234438
2010-03-05 13:00:00,0.9949940214411489,0.9890347070005638,0.9985520341657629,0.9786404743234438
2010-03-08 07:00:00,0.9941613123442201,0.9912887526200501,0.9985520341657629,0.9789697100682744
2010-03-08 08:00:00,0.9946675808607415,0.9912887526200501,0.9985520341657629,0.9785072429128682
2010-03-08 09:00:00,0.994823168460874,0.9912887526200501,0.9984119064112418,0.9787950919702996
2010-03-08 10:00:00,0.994823168460874,0.9926054765187304,0.9982228081377786,0.9777934193802372
2010-03-08 11:00:00,0.9944633805030441,0.9926054765187304,0.9982228081377786,0.9774088315924366
2010-03-08 12:00:00,0.9944633805030441,0.993352644869792,0.9982228081377786,0.9777934193802372
2010-03-08 13:00:00,0.9944633805030441,0.9927206738987662,0.9983433038475379,0.978410504182499
2010-03-09 07:00:00,0.9946251948657643,0.993352644869792,0.9984244324819257,0.978410504182499
2010-03-09 08:00:00,0.994625194865764,0.9898408937442943,0.9984244324819257,0.978410504182499
2010-03-09 09:00:00,0.994625194865764,0.988524169845614,0.9984244324819257,0.978410504182499
2010-03-09 10:00:00,0.994625194865764,0.988524169845614,0.9982106489758837,0.9798746439279672
2010-03-09 11:00:00,0.9944633805030441,0.9838358963876852,0.9982106489758837,0.9788729713379051
2010-03-09 12:00:00,0.9944633805030441,0.9851526202863655,0.998170494455029,0.9794533006535644
2010-03-09 13:00:00,0.9934249725199852,0.9838358963876851,0.9981295203414959,0.9787394771209333
2010-03-09 14:00:00,0.9946174695747443,0.9898408937442943,0.9985725566418561,0.9783548893331327
2010-03-10 07:00:00,0.9955851686924988,0.9898408937442943,0.9986670533725712,0.9789352186487923
2010-03-10 08:00:00,0.996825875010885,0.993352644869792,0.9988903583253196,0.9803993583942607
2010-03-10 09:00:00,0.996825875010885,0.993352644869792,0.9990595249991746,0.9829364176358761
2010-03-10 10:00:00,0.9972024268772894,0.993352644869792,0.9990595249991746,0.9829364176358761
2010-03-10 11:00:00,0.9966235766755577,0.9940373977974467,0.9990595249991746,0.9824739504804698
2010-03-10 12:00:00,0.9972024268772894,0.9972052746442445,0.9991497728551676,0.9833210054236765
2010-03-10 13:00:00,0.9968258750108848,0.99652052171659,0.9989264679024191,0.9844972961117138
2010-03-11 07:00:00,0.9977086953938108,0.9933526448697922,0.9988436659257155,0.9848265318565443
2010-03-11 08:00:00,0.9980390702121906,0.9926054765187305,0.9991497728551676,0.9862539161154104
2010-03-11 09:00:00,0.9980390702121906,0.9912887526200502,0.998926467902419,0.985791448960004
2010-03-11 10:00:00,0.9969539514939374,0.9897194599282182,0.9988035114048607,0.9857914489600041
2010-03-11 11:00:00,0.9977086953938109,0.9922025838473617,0.9990574494317577,0.9863717782756635
2010-03-11 12:00:00,0.998591515776737,0.9950886004378737,0.9990128325995706,0.9870856018082944
2010-03-11 13:00:00,0.9987754100364254,0.9965205217165898,0.998784441266348,0.9862385468650879
2010-03-12 07:00:00,0.9983988581700209,0.9952037978179096,0.9987417233157111,0.9856582175494286
2010-03-12 08:00:00,0.9983988581700208,0.9958357687889353,0.9986589213390076,0.985328981804598
2010-03-12 09:00:00,0.9983988581700208,0.9965205217165898,0.9986187668181528,0.985328981804598
2010-03-12 10:00:00,0.9980390702121906,0.994456629466848,0.9986605946813234,0.9849997460597674
2010-03-12 11:00:00,0.9974866246476445,0.99652052171659,0.9989317039651828,0.982462686818152
2010-03-12 12:00:00,0.9974866246476445,0.9980898144084218,0.9991856419920796,0.9827184115897775
2010-03-12 13:00:00,0.9974866246476445,0.9966578931297058,0.9989763207973696,0.9804182177570242
2010-03-15 07:00:00,0.9964015059293911,0.9980898144084218,0.9989317039651828,0.9797043942243931
2010-03-15 08:00:00,0.9951034319932569,0.9966578931297058,0.9985927678391084,0.9786015229574843
2010-03-15 09:00:00,0.9951034319932569,0.9980898144084218,0.9986354857897455,0.9765570538963565
2010-03-15 10:00:00,0.9952652463559769,0.99734264605736,0.9986354857897455,0.9771741386986184
2010-03-15 11:00:00,0.9954270607186969,0.9952787538076182,0.9984121808369969,0.9753509029896338
2010-03-15 12:00:00,0.9961480667389028,0.9960259221586797,0.9984121808369969,0.9765271936776712
2010-03-15 13:00:00,0.9959862523761828,0.9937718765391934,0.9986354857897455,0.9773742486208777
2010-03-16 07:00:00,0.9959862523761828,0.9925531553773993,0.9987978093626754,0.9779913334231397
2010-03-16 08:00:00,0.995817691920523,0.990070031458256,0.9986354857897455,0.9784538005785458
2010-03-16 09:00:00,0.9959862523761828,0.9925531553773991,0.9985927678391084,0.9777399770459146
2010-03-16 10:00:00,0.9966764151523927,0.9909838626855673,0.9984121808369969,0.9784538005785457
2010-03-16 11:00:00,0.9959862523761828,0.9885007387664241,0.9982112473421002,0.9777399770459146
2010-03-16 12:00:00,0.9969539514939374,0.992887336775016,0.9983918343442116,0.9768929221027083
2010-03-16 13:00:00,0.9978772558494705,0.994456629466848,0.9987693803922529,0.9764304549473017
2010-03-16 14:00:00,0.9980390702121906,0.9952787538076182,0.9985927678391084,0.9767596906921323
2010-03-17 07:00:00,0.9980390702121908,0.9952787538076181,0.9985927678391084,0.9774735142247636
2010-03-17 08:00:00,0.9977086953938109,0.9952787538076181,0.9982798306920783,0.9774735142247636
2010-03-17 09:00:00,0.9977086953938109,0.9952787538076181,0.99775881739438,0.9757769690169105
2010-03-17 10:00:00,0.9971562498292648,0.9918059870263376,0.9978006452575504,0.9732399097752951
2010-03-17 11:00:00,0.9964015059293913,0.9895519414068513,0.9978908931135435,0.9720636190872578
2010-03-17 12:00:00,0.9960711311110113,0.9911212340986831,0.9977180837210345,0.9700191500261299
2010-03-17 13:00:00,0.9948304247926253,0.9930247081881317,0.9977180837210345,0.9685155726648771
2010-03-18 07:00:00,0.9949922391553453,0.9895519414068513,0.9973059810211042,0.9670514329194088
2010-03-18 08:00:00,0.9949922391553453,0.9918059870263376,0.9970152053489213,0.9665889657640024
2010-03-18 09:00:00,0.9955710893570774,0.9944566294668479,0.9971433979092432,0.9665889657640024
2010-03-18 10:00:00,0.9947792839374644,0.9944566294668479,0.99718801474143,0.9670514329194088
2010-03-18 11:00:00,0.9959155435108787,0.99734264605736,0.9978107054378481,0.9678318721573274
2010-03-18 12:00:00,0.9948304247926253,0.9952787538076182,0.9973471203731562,0.9685456956899586
2010-03-18 13:00:00,0.9948304247926255,0.9952787538076182,0.9971880147414302,0.9700098354354271
2010-03-19 07:00:00,0.9949922391553455,0.99734264605736,0.9973061462596232,0.9697219863779956
2010-03-19 08:00:00,0.9955710893570773,0.9980898144084218,0.9974753129334784,0.9717664554391235
2010-03-19 09:00:00,0.9959155435108785,0.9987745673360762,0.9974753129334784,0.9687414372178172
2010-03-19 10:00:00,0.9971562498292648,0.9987745673360762,0.9977660886056613,0.9701688214766833
2010-03-19 11:00:00,0.9971562498292645,0.9987745673360763,0.9980499987452697,0.9697842336888827
2010-03-19 12:00:00,0.9971562498292645,0.9987745673360762,0.997967196768566,0.9701688214766835
2010-03-19 13:00:00,0.9971562498292648,0.9987745673360762,0.9982158850386474,0.9704980572215139
2010-03-22 07:00:00,0.9971562498292645,0.9987745673360762,0.9978456102018878,0.9647515018930514
2010-03-22 08:00:00,0.9974866246476445,0.9972052746442445,0.9978883281525248,0.9653685866953131
2010-03-22 09:00:00,0.9971562498292648,0.99652052171659,0.9978456102018878,0.9657531744831137
2010-03-22 10:00:00,0.996825875010885,0.9972052746442445,0.9977660886056613,0.9657531744831137
2010-03-22 11:00:00,0.9977086953938109,0.9965205217165898,0.9982986870153511,0.9667959709541791
2010-03-22 12:00:00,0.9983988581700209,0.9952037978179096,0.9982986870153511,0.9660821474215481
2010-03-22 13:00:00,0.9980390702121908,0.9952037978179096,0.9978456102018878,0.9679053831305325
2010-03-23 07:00:00,0.9977086953938109,0.9952037978179096,0.9977660886056612,0.9760025707634546
2010-03-23 08:00:00,0.9977086953938109,0.9927206738987662,0.9975476481893463,0.974538431017986
2010-03-23 09:00:00,0.9971562498292648,0.9927206738987662,0.9973670611872348,0.9733621403299489
2010-03-23 10:00:00,0.9971562498292648,0.993352644869792,0.9970131499266718,0.9737467281177491
2010-03-23 11:00:00,0.9971562498292648,0.9965205217165898,0.9972415412598943,0.9737467281177493
2010-03-23 12:00:00,0.9971562498292648,0.9958357687889353,0.9973670611872348,0.9731663988020901
2010-03-23 13:00:00,0.9971562498292645,0.9950886004378737,0.9976946180733576,0.9718056302485119
2010-03-23 14:00:00,0.9971562498292645,0.993352644869792,0.9976946180733577,0.9718056302485119
2010-03-24 07:00:00,0.9978772558494706,0.9965205217165898,0.9976946180733577,0.9726526851917185
2010-03-24 08:00:00,0.9975328016956692,0.9958357687889353,0.9976946180733577,0.9739646426117711
2010-03-24 09:00:00,0.9970468392771568,0.9958357687889353,0.9972415412598943,0.974581727414033
2010-03-24 10:00:00,0.9972024268772894,0.9920359209711118,0.9973670611872348,0.9745817274140328
2010-03-24 11:00:00,0.9977086953938108,0.993352644869792,0.9970131499266719,0.9737346724708261
2010-03-24 12:00:00,0.9969539514939374,0.9940373977974465,0.9964921366289733,0.9720381272629732
2010-03-24 13:00:00,0.997532801695669,0.9940373977974465,0.9970633449606298,0.9747774689418918
2010-03-25 07:00:00,0.9980852472602152,0.9940373977974465,0.9970633449606298,0.9744896198844605
2010-03-25 08:00:00,0.9972394968838728,0.993352644869792,0.9966102681471666,0.976439546094576
2010-03-25 09:00:00,0.9972394968838728,0.9926054765187304,0.9964921366289734,0.9771533696272072
2010-03-25 10:00:00,0.9980852472602152,0.9926054765187304,0.99603905981551,0.9764395460945762
2010-03-25 11:00:00,0.9980852472602152,0.9926054765187304,0.996366616701633,0.97597707893917
2010-03-25 12:00:00,0.9982538077158751,0.9926054765187304,0.996210603837865,0.9759770789391697
2010-03-25 13:00:00,0.9987600762323967,0.9912887526200501,0.9957173725035469,0.9753599941369082
2010-03-26 07:00:00,0.9980390702121908,0.9912887526200501,0.9957173725035469,0.9743171976658428
2010-03-26 08:00:00,0.9978772558494706,0.9926054765187304,0.9957173725035469,0.9743171976658426
2010-03-26 09:00:00,0.9987600762323966,0.9950886004378737,0.996326462180778,0.9743171976658426
2010-03-26 10:00:00,0.9987600762323966,0.99734264605736,0.996769498481138,0.9743171976658426
2010-03-26 11:00:00,0.9980390702121906,0.99734264605736,0.996444318943515,0.9743171976658426
2010-03-26 12:00:00,0.9985674186256805,0.9980898144084217,0.9968564216434455,0.9757813374113111
2010-03-26 13:00:00,0.9980611501091591,0.9980898144084217,0.9970534086207464,0.9770387347729989
2010-03-29 07:00:00,0.9978925896534994,0.9980898144084217,0.996769498481138,0.9755745950275304
2010-03-29 08:00:00,0.9970468392771566,0.9958357687889353,0.996769498481138,0.9747275400843238
2010-03-29 09:00:00,0.9972394968838728,0.9980898144084217,0.9967694984811383,0.9753446248865856
2010-03-29 10:00:00,0.9974233911435613,0.999521735687138,0.9969542430678462,0.9771012448902823
2010-03-29 11:00:00,0.9970468392771568,0.999521735687138,0.9967982302040782,0.9763874213576512
2010-03-29 12:00:00,0.9975751876906467,0.9987745673360763,0.9970375235114997,0.9772344763008578
2010-03-29 13:00:00,0.9975751876906467,0.9987745673360762,0.9970375235114997,0.978410766988895
2010-03-30 07:00:00,0.9972307335368452,0.99734264605736,0.9974073198813094,0.9773679705178295
2010-03-30 08:00:00,0.9974233911435613,0.99734264605736,0.9973663457677764,0.9779850553200915
2010-03-30 09:00:00,0.9970468392771566,0.99734264605736,0.9973663457677764,0.9776004675322909
2010-03-30 10:00:00,0.9972024268772894,0.9960259221586797,0.9976536439598247,0.9772712317874602
2010-03-30 11:00:00,0.9965405707606352,0.9966578931297058,0.9976536439598247,0.9755146117837636
2010-03-30 12:00:00,0.9956948203842925,0.9945940008799636,0.9978586854833916,0.9749710379547071
2010-03-30 13:00:00,0.9955449979758324,0.9917079842894516,0.9978996595969246,0.9746418022098764
2010-03-30 14:00:00,0.9951684461094278,0.9945940008799636,0.9978996595969246,0.9746418022098764
2010-03-31 07:00:00,0.9955449979758324,0.9966578931297058,0.9974465827834612,0.9734655115218392
2010-03-31 08:00:00,0.9943042916574462,0.9945940008799636,0.9974884106466319,0.9726184565786327
2010-03-31 09:00:00,0.9929715919768245,0.9917079842894516,0.9971754734996018,0.9716167839885701
2010-03-31 10:00:00,0.9929715919768245,0.9930247081881319,0.9975695392810197,0.9720013717763707
2010-03-31 11:00:00,0.9941116340507302,0.9945940008799636,0.9975293847601647,0.9709996991863085
2010-03-31 12:00:00,0.9943042916574464,0.9945940008799636,0.9975695392810197,0.9703826143840467
2010-03-31 13:00:00,0.9949661477741003,0.9966578931297058,0.9970248255819398,0.9744093051954152
2010-04-01 07:00:00,0.9963566765009466,0.9966578931297058,0.9974884106466319,0.976129169712509
2010-04-01 08:00:00,0.9970468392771566,0.99734264605736,0.997094344865214,0.9773054604005464
2010-04-01 09:00:00,0.9975328016956692,0.99734264605736,0.9969320212922841,0.9773054604005464
2010-04-01 10:00:00,0.9964943937126105,0.9966578931297055,0.9970131499266719,0.9779225452028081
2010-04-01 11:00:00,0.9970468392771568,0.9966578931297058,0.9974465827834612,0.9783071329906085
2010-04-01 12:00:00,0.9975328016956692,0.99734264605736,0.9968625020090098,0.9783071329906087
2010-04-01 13:00:00,0.9982538077158751,0.99734264605736,0.997367061187235,0.9790209565232397
2010-04-05 07:00:00,0.9989439704920852,0.99734264605736,0.9978996595969248,0.9780192839331774
2010-04-05 08:00:00,0.9985674186256807,0.99734264605736,0.9978996595969248,0.9780192839331776
2010-04-05 09:00:00,0.9991198641902267,0.9980898144084217,0.998080246599036,0.9773054604005464
2010-04-05 10:00:00,0.9993037584499153,0.9987745673360762,0.9978865843154208,0.9787328446594123
2010-04-05 11:00:00,0.9993037584499153,0.9973426460573602,0.9980593937079297,0.9795798996026192
2010-04-05 12:00:00,0.9996482126037167,0.9980898144084218,0.998225068156125,0.9801602289182784
2010-04-05 13:00:00,0.9996482126037167,0.9988369827594835,0.9986371708560553,0.9816243686637467
2010-04-06 07:00:00,0.9998241063018583,0.9980898144084218,0.9984643614635463,0.9834476043727312
2010-04-06 08:00:00,0.9998241063018583,0.99652052171659,0.998287748910402,0.9837768401175617
2010-04-06 09:00:00,0.9998241063018585,0.9965205217165898,0.9983287230239349,0.9837768401175617
2010-04-06 10:00:00,1.0,0.994456629466848,0.9985471634402499,0.9846238950607683
2010-04-06 11:00:00,0.9998241063018583,0.9925531553773993,0.9986781449695884,0.9856255676508306
2010-04-06 12:00:00,0.9996482126037167,0.9925531553773993,0.9987199728327588,0.986801858338868
2010-04-06 13:00:00,0.9998241063018583,0.9918059870263375,0.9987199728327588,0.9875156818714989
2010-04-06 14:00:00,0.9998241063018585,0.9944566294668479,0.9986781449695884,0.9893389175804832
2010-04-07 07:00:00,0.9996482126037167,0.9937718765391934,0.9984643614635463,0.9893389175804832
2010-04-07 08:00:00,0.9992884246458866,0.9893852785306015,0.9984643614635463,0.9893389175804832
2010-04-07 09:00:00,0.9985674186256807,0.9900700314582558,0.9984643614635463,0.9875156818714989
2010-04-07 10:00:00,0.9985674186256807,0.9927206738987662,0.9984643614635463,0.9878449176163294
2010-04-07 11:00:00,0.9987433123238223,0.9927206738987662,0.9984643614635463,0.9869978626731227
2010-04-07 12:00:00,0.998911872779482,0.9912887526200501,0.9984643614635463,0.9852779981560287
2010-04-07 13:00:00,0.9981571288796085,0.989856831341334,0.9983815594868427,0.9858583274716881
2010-04-08 07:00:00,0.9979885684239488,0.989856831341334,0.9978883281525248,0.9839084012615724
2010-04-08 08:00:00,0.9976441142701473,0.9912887526200501,0.9978456102018878,0.9831945777289415
2010-04-08 09:00:00,0.9985674186256807,0.9912887526200501,0.998039272485503,0.9840416326721482
2010-04-08 10:00:00,0.9985674186256805,0.988524169845614,0.9981647924128437,0.9848886876153548
2010-04-08 11:00:00,0.9987433123238223,0.9858735274051037,0.9984643614635463,0.9835279190617767
2010-04-08 12:00:00,0.9979885684239488,0.9858735274051037,0.9983815594868429,0.983198683316946
2010-04-08 13:00:00,0.9966904944878143,0.9858735274051037,0.9978883281525248,0.9815021381090929
2010-04-09 07:00:00,0.9953294369773957,0.9877770014945523,0.9978456102018878,0.9800379983636245
2010-04-09 08:00:00,0.9946675808607415,0.9864602775958721,0.9977660886056613,0.9791909434204177
2010-04-09 09:00:00,0.99432312670694,0.9877770014945523,0.9975969219318063,0.9795201791652484
2010-04-09 10:00:00,0.9946675808607415,0.988524169845614,0.9975066740758134,0.9795201791652481
2010-04-09 11:00:00,0.9946675808607415,0.9858735274051036,0.9975066740758134,0.979904766953049
2010-04-09 12:00:00,0.9946675808607415,0.9877770014945523,0.9975476481893464,0.9807518218962555
2010-04-09 13:00:00,0.9963460403340129,0.9926054765187304,0.9975476481893464,0.981136409684056
2010-04-12 07:00:00,0.9958600779155006,0.9912887526200501,0.9969249574929282,0.9824483671041085
2010-04-12 08:00:00,0.9963460403340129,0.9877770014945523,0.9970430890111213,0.9824483671041085
2010-04-12 09:00:00,0.9958600779155004,0.9843042347132719,0.9969249574929282,0.9824483671041085
2010-04-12 10:00:00,0.9963460403340129,0.9836194817856172,0.9963675608420032,0.9830654519063703
2010-04-12 11:00:00,0.9960286383711603,0.978685310464726,0.995599885471518,0.9817534944863178
2010-04-12 12:00:00,0.9955002899576703,0.9793700633923804,0.995755898335286,0.9807518218962555
2010-04-12 13:00:00,0.9946886114325559,0.9764057121774389,0.995599885471518,0.979904766953049
2010-04-13 07:00:00,0.9950330655863572,0.9770904651050933,0.9960153128651339,0.9791909434204177
2010-04-13 08:00:00,0.994480620021811,0.9717174387195101,0.996188122257643,0.9788063556326173
2010-04-13 09:00:00,0.9943120595661513,0.9739970370067971,0.9962660992549814,0.9809653679958766
2010-04-13 10:00:00,0.9959155435108787,0.9793700633923802,0.9969179162825532,0.9812946037407072
2010-04-13 11:00:00,0.996467989075425,0.9843042347132717,0.9971229578061201,0.982141658683914
2010-04-13 12:00:00,0.9962920953772831,0.9843042347132717,0.9972921244799752,0.982141658683914
2010-04-13 13:00:00,0.9955002899576704,0.9836194817856172,0.9972075786661677,0.9812946037407072
2010-04-13 14:00:00,0.9946675808607415,0.9836194817856172,0.9971639319196531,0.9816791915285078
2010-04-14 07:00:00,0.994823168460874,0.9836194817856172,0.9971639319196531,0.9822962763307693
2010-04-14 08:00:00,0.9953294369773957,0.9836194817856174,0.9971639319196531,0.9822962763307693
2010-04-14 09:00:00,0.9954912513401155,0.9829875108145916,0.9972921244799752,0.9826808641185699
2010-04-14 10:00:00,0.9949849828235943,0.9848909849040401,0.9971666045526346,0.9826808641185699
2010-04-14 11:00:00,0.9944787143070726,0.9829875108145913,0.9970870829564082,0.9826808641185699
2010-04-14 12:00:00,0.9944787143070726,0.980504386895448,0.9971666045526346,0.9820637793163081
2010-04-14 13:00:00,0.9949849828235943,0.9843042347132717,0.9971229578061201,0.9820637793163081
2010-04-15 07:00:00,0.9942948200473842,0.9829875108145916,0.9971229578061204,0.9816013121609019
2010-04-15 08:00:00,0.99363296393073,0.9842062319763859,0.9971229578061201,0.9816013121609019
2010-04-15 09:00:00,0.9936329639307303,0.9815555895358753,0.9964317737031767,0.9816013121609019
2010-04-15 10:00:00,0.9941613123442201,0.9776144844290082,0.9965522694129362,0.9816013121609021
2010-04-15 11:00:00,0.9958397718174914,0.9842062319763859,0.9969501484136112,0.9838091356576868
2010-04-15 12:00:00,0.994823168460874,0.9850283563171559,0.9970329503903149,0.9838091356576868
2010-04-15 13:00:00,0.9944787143070726,0.9815555895358753,0.9966350713896396,0.9829620807144801
2010-04-16 07:00:00,0.9937885515308625,0.9815555895358753,0.9968443925843494,0.9840649519813891
2010-04-16 08:00:00,0.9944787143070728,0.9815555895358755,0.9966752259104944,0.9837357162365584
2010-04-16 09:00:00,0.9944787143070728,0.9749638419884978,0.9966350713896395,0.9817857900264427
2010-04-16 10:00:00,0.9944787143070728,0.9675845220431906,0.996552269412936,0.9805283926647549
2010-04-16 11:00:00,0.9944787143070728,0.9755505921792663,0.9971639319196531,0.9794855961936895
2010-04-16 12:00:00,0.9944787143070726,0.9821423397266436,0.9977614830914329,0.9805283926647551
2010-04-16 13:00:00,0.9944787143070726,0.9815555895358755,0.9976803544570451,0.9836090257354271
2010-04-19 07:00:00,0.9944787143070726,0.980336868374081,0.9971229578061201,0.9827362161615398
2010-04-19 08:00:00,0.9936329639307301,0.9797892950617817,0.996917916282553,0.9820223926289089
2010-04-19 09:00:00,0.9936329639307303,0.9744162686761986,0.9970870829564082,0.9816378048411085
2010-04-19 10:00:00,0.9927501435478042,0.9749638419884978,0.9971666045526346,0.9802104205822423
2010-04-19 11:00:00,0.9929428011545203,0.9784366087697784,0.9972093225032717,0.978387184873258
2010-04-19 12:00:00,0.9910263054766576,0.9749638419884978,0.9972093225032717,0.9773443884021924
2010-04-19 13:00:00,0.9897026278613904,0.9772178876079841,0.9973322790008299,0.9751365649054077
2010-04-20 07:00:00,0.9905483782377331,0.9779650559590459,0.9973322790008299,0.9751365649054077
2010-04-20 08:00:00,0.9897026278613904,0.9774174826467463,0.9972093225032717,0.9723972232264891
2010-04-20 09:00:00,0.9897026278613904,0.9798685300484945,0.9966804619732581,0.9734400196975546
2010-04-20 10:00:00,0.9905483782377329,0.9806156983995562,0.9968034184708163,0.97448281616862
2010-04-20 11:00:00,0.9897026278613904,0.982519172489005,0.9968461364214534,0.9748674039564206
2010-04-20 12:00:00,0.9897026278613904,0.9806156983995562,0.9961385457705604,0.9757144588996272
2010-04-20 13:00:00,0.9905483782377331,0.9825191724890048,0.9961385457705602,0.9757144588996273
2010-04-20 14:00:00,0.9887709876291806,0.9825191724890048,0.9960958278199232,0.9757144588996273
2010-04-21 07:00:00,0.9912102343543873,0.9872074459469337,0.9966804619732581,0.9765615138428339
2010-04-21 08:00:00,0.9910546467542545,0.9872074459469337,0.9959728713223649,0.9779222823964119
2010-04-21 09:00:00,0.9913850215726343,0.9872074459469337,0.9960958278199232,0.9783847495518183
2010-04-21 10:00:00,0.9927086991879015,0.9920359209711118,0.9968034184708163,0.9797455181053963
2010-04-21 11:00:00,0.9932370476013914,0.9933526448697922,0.9968443925843492,0.9804593416380275
2010-04-21 12:00:00,0.9933926352015242,0.9898408937442943,0.9968871105349862,0.9800747538502269
2010-04-21 13:00:00,0.9932240747458643,0.988524169845614,0.9968059819005987,0.9778669303534422
2010-04-22 07:00:00,0.9910546467542545,0.9872074459469337,0.9968461364214534,0.9753298711118268
2010-04-22 08:00:00,0.9891013624475604,0.9872074459469337,0.9962615022681188,0.9753298711118268
2010-04-22 09:00:00,0.9891013624475604,0.988524169845614,0.9963024763816517,0.9753298711118268
2010-04-22 10:00:00,0.9891013624475604,0.9898408937442943,0.9963024763816517,0.977488883475086
2010-04-22 11:00:00,0.991540609172767,0.9940373977974465,0.996928938398157,0.977488883475086
2010-04-22 12:00:00,0.9913850215726343,0.993352644869792,0.9968871105349864,0.9786651741631234
2010-04-22 13:00:00,0.9913850215726343,0.993352644869792,0.996928938398157,0.9797680454300322
2010-04-23 07:00:00,0.9913850215726343,0.9912887526200501,0.9968034184708165,0.9795379837370106
2010-04-23 08:00:00,0.9913850215726342,0.9912887526200501,0.9968443925843495,0.9792087479921799
2010-04-23 09:00:00,0.9903894487878313,0.9858735274051036,0.9967214360867912,0.9775122027843269
2010-04-23 10:00:00,0.9903894487878313,0.9870922485668979,0.9965522694129362,0.9766393932104397
2010-04-23 11:00:00,0.9907492367456614,0.9877770014945523,0.9966350713896398,0.9770239809982401
2010-04-23 12:00:00,0.9907492367456614,0.9884089724655781,0.9965522694129362,0.9770239809982403
2010-04-23 13:00:00,0.9889718461371089,0.9884089724655781,0.9964212878835979,0.9765615138428339
2010-04-26 07:00:00,0.9887959524389671,0.9898408937442943,0.9964212878835979,0.9748048938391374
2010-04-26 08:00:00,0.9886341380762471,0.9898408937442943,0.9964212878835979,0.9744203060513369
2010-04-26 09:00:00,0.9874940960023413,0.9898408937442943,0.9964212878835979,0.9732459644349146
2010-04-26 10:00:00,0.9870081335838289,0.9877770014945523,0.9964212878835976,0.9722442918448524
2010-04-26 11:00:00,0.9871920278435175,0.9848909849040404,0.9957948258670924,0.9722442918448522
2010-04-26 12:00:00,0.9871920278435175,0.9829875108145913,0.9957948258670924,0.9713972369016456
2010-04-26 13:00:00,0.9840298805601905,0.9776144844290082,0.9957948258670924,0.9688697550571292
2010-04-27 07:00:00,0.9851255139525573,0.9805005010195204,0.996048763893989,0.9701271524188172
2010-04-27 08:00:00,0.9851255139525573,0.9789312083276885,0.996048763893989,0.9701271524188172
2010-04-27 09:00:00,0.9851255139525573,0.979517958518457,0.996048763893989,0.9694133288861861
2010-04-27 10:00:00,0.9843138354274428,0.9782992373566627,0.996048763893989,0.9671131350534328
2010-04-27 11:00:00,0.9865562430165447,0.9829875108145913,0.996048763893989,0.9671131350534328
2010-04-27 12:00:00,0.9852767153644896,0.9810840367251428,0.9952838056598714,0.9657523664998545
2010-04-27 13:00:00,0.9852767153644896,0.9810840367251428,0.9954119982201933,0.9657523664998547
2010-04-27 14:00:00,0.9849001634980851,0.9810840367251428,0.9952428315463383,0.9671797507587205
2010-04-28 07:00:00,0.9874892326317519,0.9864992619400892,0.9957538517535595,0.9692447654478308
2010-04-28 08:00:00,0.9889614178905232,0.9857520935890277,0.9957948258670924,0.970708905193299
2010-04-28 09:00:00,0.9887855241923816,0.9873213862808594,0.996048763893989,0.9689522851896026
2010-04-28 10:00:00,0.988408972325977,0.9864992619400892,0.996048763893989,0.9689522851896027
2010-04-28 11:00:00,0.9889614178905233,0.9857520935890275,0.9953239601807261,0.9689522851896026
2010-04-28 12:00:00,0.9889614178905233,0.9846177700859599,0.9953239601807261,0.9704558625508556
2010-04-28 13:00:00,0.9889614178905233,0.9857520935890275,0.9953239601807261,0.968105230246396
2010-04-29 07:00:00,0.9894473803090357,0.9829875108145913,0.9952838056598714,0.9666410905009274
2010-04-29 08:00:00,0.9878538839601716,0.9829875108145916,0.9950700221538296,0.9672214198165868
2010-04-29 09:00:00,0.9886341380762471,0.9829875108145916,0.9953239601807261,0.9689412843336808
2010-04-29 10:00:00,0.9886341380762471,0.9780533394936999,0.9953239601807261,0.9693258721214814
2010-04-29 11:00:00,0.9902276344251113,0.984016138020946,0.996048763893989,0.9718629313630965
2010-04-29 12:00:00,0.9894473803090357,0.9840161380209457,0.9959676352596012,0.9729057278341622
2010-04-29 13:00:00,0.9894473803090357,0.9808179222681362,0.9957136972327046,0.972325398518503
2010-04-30 07:00:00,0.9865743563081164,0.9754026970531897,0.995674330157333,0.9672353656080867
2010-04-30 08:00:00,0.9838459863005021,0.9677500723803194,0.9955513736597748,0.9649351717753333
2010-04-30 09:00:00,0.9851255139525573,0.9689687935421137,0.9955932015229452,0.9645505839875329
2010-04-30 10:00:00,0.9851255139525573,0.9698826247694253,0.9957241830522835,0.9633742932994955
2010-04-30 11:00:00,0.9847810597987559,0.9727686413599373,0.9955513736597748,0.9613298242383678
2010-04-30 12:00:00,0.9845971655390673,0.9689687935421137,0.9955932015229452,0.9619469090406295
2010-04-30 13:00:00,0.9851255139525573,0.9698826247694252,0.9958865066252134,0.9619469090406295
2010-05-03 07:00:00,0.9824031399220728,0.9727686413599373,0.9958865066252134,0.9599024399795018
2010-05-03 08:00:00,0.9831833940381486,0.9698826247694252,0.9958865066252134,0.9613665797249703
2010-05-03 09:00:00,0.9827161696668354,0.9677519239791412,0.9955932015229452,0.9610373439801398
2010-05-03 10:00:00,0.98526998324166,0.9758876221260344,0.99634015924921,0.9620801404512055
2010-05-03 11:00:00,0.9841299411677543,0.9758876221260344,0.9961778356762799,0.9612997012132865
2010-05-03 12:00:00,0.9827972414871327,0.9758876221260344,0.99601551210335,0.9623013738033486
2010-05-03 13:00:00,0.9818775017929074,0.9752556511550086,0.9957718606578162,0.960785987602915
2010-05-04 07:00:00,0.9833496870516787,0.9752556511550083,0.9960651657600846,0.960785987602915
2010-05-04 08:00:00,0.9833496870516787,0.9693251025469009,0.9961037756820513,0.9630151973359797
2010-05-04 09:00:00,0.9863723487568561,0.9728368536723986,0.9965016546827266,0.964057993807045
2010-05-04 10:00:00,0.9858199031923099,0.9762842783613629,0.9967066962062935,0.964771817339676
2010-05-04 11:00:00,0.9847242697999434,0.9693251025469009,0.9960155121033498,0.9633076775942078
2010-05-04 12:00:00,0.9839440156838677,0.9693251025469006,0.9952299444551184,0.9620801404512053
2010-05-04 13:00:00,0.9850396490762344,0.9752556511550086,0.9945879427185591,0.9633076775942078
2010-05-04 14:00:00,0.9858199031923099,0.9698826247694252,0.9947888762134557,0.9633076775942078
2010-05-05 07:00:00,0.9871526028729317,0.9721366703889115,0.9947888762134557,0.9643710196932557
2010-05-05 08:00:00,0.9877883876999045,0.9721366703889115,0.9947888762134557,0.964658868750687
2010-05-05 09:00:00,0.9876198272442449,0.9698826247694252,0.9940459912688059,0.9641964015952805
2010-05-05 10:00:00,0.9857372076129731,0.9727686413599373,0.9942188006613147,0.9641964015952805
2010-05-05 11:00:00,0.9851255139525573,0.9727686413599373,0.9938868856370796,0.9648134863975423
2010-05-05 12:00:00,0.9841299411677543,0.9721366703889114,0.9936859521421832,0.9631330594962328
2010-05-05 13:00:00,0.98491019528383,0.9766703142956848,0.993685952142183,0.9641964015952807
2010-05-06 07:00:00,0.985377419655143,0.9699229653214032,0.9938868856370798,0.9648134863975425
2010-05-06 08:00:00,0.9857372076129732,0.9719868575711451,0.9932559646440929,0.9641964015952805
2010-05-06 09:00:00,0.9854429159154101,0.9719868575711451,0.9922303811560557,0.965069211169168
2010-05-06 10:00:00,0.9884655776205874,0.9787342065454266,0.9922303811560557,0.9659162661123747
2010-05-06 11:00:00,0.9881481756577347,0.9805005010195204,0.9919915663155842,0.9669590625834401
2010-05-06 12:00:00,0.9881481756577347,0.9811852539471748,0.9919915663155842,0.966496595428034
2010-05-06 13:00:00,0.9881481756577347,0.9811852539471748,0.9921506719473104,0.9644521263669062
2010-05-07 07:00:00,0.9857372076129731,0.9811852539471748,0.9921506719473104,0.96302474210804
2010-05-07 08:00:00,0.9863990637296272,0.9824039751089692,0.9922788645076325,0.9640264146981026
2010-05-07 09:00:00,0.9870348485566,0.9838358963876852,0.9924758514849332,0.964657182485468
2010-05-07 10:00:00,0.9870348485566002,0.9838358963876852,0.9926381750578631,0.9646571824854682
2010-05-07 11:00:00,0.9870348485566,0.9838358963876852,0.99267678497983,0.9653520551032587
2010-05-07 12:00:00,0.9870348485566,0.9838358963876852,0.9926381750578631,0.9643693334280369
2010-05-07 13:00:00,0.9863990637296272,0.9838358963876852,0.99267678497983,0.9636555098954058
2010-05-10 07:00:00,0.9888100317743889,0.9892089227732684,0.993543262836141,0.9636555098954056
2010-05-10 08:00:00,0.9884655776205874,0.9898408937442944,0.9933423293412442,0.9616732881451651
2010-05-10 09:00:00,0.9873255355466818,0.9892089227732684,0.9930550311491961,0.9619290129167906
2010-05-10 10:00:00,0.9868192670301602,0.988524169845614,0.9928162163087247,0.9582176120587531
2010-05-10 11:00:00,0.9849366473988886,0.9877770014945523,0.992859863055239,0.9577551449033466
2010-05-10 12:00:00,0.9854429159154099,0.9892089227732684,0.9930607965501358,0.959219284648815
2010-05-10 13:00:00,0.9847527531392001,0.9898408937442944,0.9933423293412442,0.9588900489039845
2010-05-11 07:00:00,0.9858927952131057,0.9844678673587111,0.9933423293412442,0.9585054611161842
2010-05-11 08:00:00,0.9854429159154099,0.9831511434600306,0.9933423293412442,0.9550958551070776
2010-05-11 09:00:00,0.9875094298063701,0.988524169845614,0.9933423293412442,0.9554250908519082
2010-05-11 10:00:00,0.9875094298063701,0.9864602775958721,0.992517679348104,0.956272145795115
2010-05-11 11:00:00,0.9875094298063701,0.9810872512102888,0.9927613307936375,0.9548080060496463
2010-05-11 12:00:00,0.9873255355466818,0.9810872512102888,0.9927613307936375,0.9573705571155463
2010-05-11 13:00:00,0.9867361706708364,0.9805005010195204,0.9927227208716709,0.9570413213707157
2010-05-11 14:00:00,0.9881370094129847,0.9836194817856174,0.9937483043597082,0.9582176120587529
2010-05-12 07:00:00,0.9899890354417418,0.9878159858387696,0.9945102068820332,0.9622443028701214
2010-05-12 08:00:00,0.9896445812879403,0.989034707000564,0.9944674889313962,0.9632459754601835
2010-05-12 09:00:00,0.9890657310862085,0.9869708147508217,0.9945486175657839,0.9612015063990559
2010-05-12 10:00:00,0.9899890354417415,0.9869708147508218,0.9947536590893511,0.9626656461445243
2010-05-12 11:00:00,0.990740214680307,0.9884027360295381,0.9946307025917929,0.9632459754601835
2010-05-12 12:00:00,0.9896091946717557,0.9912887526200501,0.9946725304549633,0.9628613876723832
2010-05-12 13:00:00,0.9896091946717557,0.9919207235910761,0.9946725304549633,0.9631492367298143
2010-05-13 07:00:00,0.9896091946717557,0.9870922485668979,0.9946725304549633,0.9591225459184459
2010-05-13 08:00:00,0.9897930889314441,0.9870922485668979,0.9939106279326381,0.959836369451077
2010-05-13 09:00:00,0.9902429682291399,0.988524169845614,0.993748304359708,0.9621870017555365
2010-05-13 10:00:00,0.9897930889314441,0.987092248566898,0.993748304359708,0.9615699169532748
2010-05-13 11:00:00,0.9911167665467114,0.9912887526200501,0.9946725304549633,0.9590073658873747
2010-05-13 12:00:00,0.9891029261552342,0.9927206738987662,0.9945102068820334,0.9564448148214747
2010-05-13 13:00:00,0.9873255355466818,0.9927206738987662,0.9945102068820334,0.9550174305626088
2010-05-14 07:00:00,0.9876559103650616,0.9900700314582558,0.9937064764965374,0.9580424487839149
2010-05-14 08:00:00,0.9876559103650616,0.9908171998093175,0.992881826503397,0.9565783090384467
2010-05-14 09:00:00,0.9874940960023415,0.9927206738987662,0.9930441500763268,0.956249073293616
2010-05-14 10:00:00,0.9878538839601717,0.9927206738987662,0.9930441500763268,0.9602757641049843
2010-05-14 11:00:00,0.9870081335838291,0.9927206738987662,0.9930441500763268,0.9602757641049843
2010-05-14 12:00:00,0.9865743563081166,0.9927206738987662,0.992881826503397,0.9559933485219902
2010-05-14 13:00:00,0.9879751950502645,0.9927206738987662,0.9937064764965374,0.9559933485219905
2010-05-17 07:00:00,0.9881370094129845,0.9927206738987662,0.9937064764965374,0.9572507458836781
2010-05-17 08:00:00,0.9881370094129845,0.9927206738987662,0.9927195029304671,0.9594097582469375
2010-05-17 09:00:00,0.9881370094129845,0.9927206738987661,0.991629147168092,0.9572507458836783
2010-05-17 10:00:00,0.9881370094129845,0.993352644869792,0.9916291471680921,0.9572507458836783
2010-05-17 11:00:00,0.9899890354417418,0.99652052171659,0.9927195029304668,0.956249073293616
2010-05-17 12:00:00,0.9912436750029501,0.99652052171659,0.9935014349729703,0.9592740915149223
2010-05-17 13:00:00,0.9903203706474168,0.99652052171659,0.9935014349729703,0.9599879150475532
2010-05-18 07:00:00,0.9912436750029501,0.99652052171659,0.9935014349729705,0.9640146058589216
2010-05-18 08:00:00,0.9918330398787951,0.99652052171659,0.9933423293412442,0.9654787456043901
2010-05-18 09:00:00,0.9894827669252201,0.99652052171659,0.9930986778957106,0.9636555098954056
2010-05-18 10:00:00,0.9912436750029501,0.9980898144084218,0.9930986778957106,0.9636555098954056
2010-05-18 11:00:00,0.9918330398787951,0.9987745673360762,0.9930986778957106,0.9654787456043901
2010-05-18 12:00:00,0.9894827669252203,0.99734264605736,0.992859863055239,0.9654787456043901
2010-05-18 13:00:00,0.9909133001845701,0.99734264605736,0.9935354008804129,0.9654787456043901
2010-05-18 14:00:00,0.9905535122267402,0.9980898144084217,0.993535400880413,0.9661925691370211
2010-05-19 07:00:00,0.9901585562846966,0.9987745673360762,0.9934044193510746,0.9657301019816151
2010-05-19 08:00:00,0.9906648248012183,0.9980898144084217,0.9935635249828008,0.9685550102806616
2010-05-19 09:00:00,0.9906648248012183,0.9958357687889355,0.9935635249828008,0.966798390276965
2010-05-19 10:00:00,0.9918573218559772,0.9950886004378737,0.9935635249828008,0.966254816447908
2010-05-19 11:00:00,0.9927770615502023,0.9965205217165898,0.9928443404111124,0.9671276260217956
2010-05-19 12:00:00,0.9915845644954433,0.99652052171659,0.9927188204837719,0.966743038233995
2010-05-19 13:00:00,0.9908333852568778,0.9958357687889353,0.9927188204837719,0.9664551891765639
2010-05-20 07:00:00,0.9915845644954433,0.9958357687889353,0.9927188204837719,0.9664551891765639
2010-05-20 08:00:00,0.9908333852568778,0.9952037978179096,0.9925256278617934,0.9664551891765639
2010-05-20 09:00:00,0.992945622005862,0.9927206738987662,0.9935635249828008,0.9668943370227291
2010-05-20 10:00:00,0.992945622005862,0.9919735055477046,0.9935635249828006,0.9664318698673229
2010-05-20 11:00:00,0.992945622005862,0.9944566294668479,0.9935635249828006,0.9672789248105296
2010-05-20 12:00:00,0.992945622005862,0.9927206738987662,0.9935635249828006,0.966949689065699
2010-05-20 13:00:00,0.9935573156662778,0.9919735055477044,0.9935635249828006,0.9641247807666524
2010-05-21 07:00:00,0.9927770615502023,0.9919735055477044,0.9933293582472893,0.9638690559950268
2010-05-21 08:00:00,0.992945622005862,0.9927206738987662,0.9936480707966082,0.966949689065699
2010-05-21 09:00:00,0.994480620021811,0.9965205217165898,0.9930171498036213,0.970260383829393
2010-05-21 10:00:00,0.994480620021811,0.9965205217165898,0.9927734983580877,0.9707228509847992
2010-05-21 11:00:00,0.994480620021811,0.9952037978179096,0.9923665222300673,0.9688996152758147
2010-05-21 12:00:00,0.9943120595661514,0.9965205217165898,0.9920413426924442,0.9674121562211052
2010-05-21 13:00:00,0.9955002899576704,0.9980898144084217,0.9921723242217827,0.9688996152758147
2010-05-24 07:00:00,0.9955002899576704,0.9980898144084218,0.9918536116724638,0.9688996152758147
2010-05-24 08:00:00,0.9948645051306976,0.9952037978179096,0.9918536116724638,0.9688996152758147
2010-05-24 09:00:00,0.9943120595661513,0.9952037978179097,0.9911153263764747,0.9707228509847992
2010-05-24 10:00:00,0.9937003659057355,0.9925531553773993,0.991078822689064,0.9711074387725995
2010-05-24 11:00:00,0.9943120595661513,0.9937718765391934,0.9906718465610435,0.970877377079578
2010-05-24 12:00:00,0.9923393083953166,0.9911212340986831,0.9905994911077136,0.9701635535469469
2010-05-24 13:00:00,0.9923393083953168,0.989057341848941,0.9902371318118799,0.9680045411836875
2010-05-25 07:00:00,0.9923393083953166,0.989057341848941,0.9901468839558869,0.9680045411836875
2010-05-25 08:00:00,0.9923393083953166,0.989057341848941,0.9902371318118799,0.9614109309120183
2010-05-25 09:00:00,0.9923393083953168,0.9917079842894516,0.9908851692518762,0.9680045411836875
2010-05-25 10:00:00,0.9920089335769371,0.989057341848941,0.990441689436445,0.9687183647163187
2010-05-25 11:00:00,0.9920089335769371,0.9890573418489412,0.9908327574390939,0.9676755682452532
2010-05-25 12:00:00,0.9920089335769371,0.988235217508171,0.9913218682783311,0.966961744712622
2010-05-25 13:00:00,0.9930255369335542,0.9882352175081712,0.991907158247512,0.9699867629339283
2010-05-25 14:00:00,0.9933198286311172,0.9850370017553614,0.9914180474082747,0.9712987203539808
2010-05-26 07:00:00,0.9943582366141761,0.9882352175081709,0.9915519420107821,0.9712987203539808
2010-05-26 08:00:00,0.9933198286311172,0.985037001755361,0.9915160902448631,0.972012543886612
2010-05-26 09:00:00,0.9929600406732871,0.9841231705280495,0.991907158247512,0.972012543886612
2010-05-26 10:00:00,0.9935124862378335,0.9833010461872795,0.9923141343755323,0.9740570129477395
2010-05-26 11:00:00,0.9945080590226365,0.9850370017553611,0.9917288444063515,0.9728807222597023
2010-05-26 12:00:00,0.9933155619678774,0.9890573418489412,0.9920413426924442,0.9703436630180869
2010-05-26 13:00:00,0.9936329639307303,0.9911212340986831,0.9922383296697451,0.9721002830217835
2010-05-27 07:00:00,0.9944787143070726,0.9902991097579129,0.9921480818137522,0.9725860694864308
2010-05-27 08:00:00,0.9949849828235943,0.9937718765391934,0.9923665222300673,0.9715843968963686
2010-05-27 09:00:00,0.9949849828235943,0.9937718765391934,0.9925256278617933,0.9693765733995835
2010-05-27 10:00:00,0.99432312670694,0.9937718765391934,0.9916181758919494,0.9705528640876209
2010-05-27 11:00:00,0.9944787143070726,0.9917079842894515,0.9905278201295746,0.9705528640876209
2010-05-27 12:00:00,0.9953114234040016,0.9917079842894515,0.9916932369957346,0.9688329995705269
2010-05-27 13:00:00,0.9959193345639261,0.9908858599486813,0.9926006889655786,0.9710408230673118
2010-05-28 07:00:00,0.9959193345639261,0.9864992619400892,0.9923665222300673,0.9735778823089272
2010-05-28 08:00:00,0.995036514181,0.9878159858387696,0.9923665222300673,0.9738657313663585
2010-05-28 09:00:00,0.995036514181,0.9886381101795398,0.9923665222300673,0.973865731366358
2010-05-28 10:00:00,0.9948809265808674,0.9886381101795398,0.9912293739508339,0.9724383471074922
2010-05-28 11:00:00,0.993582852644733,0.9886381101795398,0.9913030573964553,0.9728229348952926
2010-05-28 12:00:00,0.995036514181,0.9912887526200501,0.9920413426924446,0.9717200636283838
2010-05-28 13:00:00,0.9948809265808674,0.9900700314582558,0.9915522318532071,0.9725928732022713
2010-06-01 07:00:00,0.9948809265808674,0.9886381101795398,0.9915522318532071,0.9725928732022713
2010-06-01 08:00:00,0.9957266769572101,0.9878159858387695,0.9916385965503585,0.9728807222597026
2010-06-01 09:00:00,0.9964476829774159,0.9878159858387696,0.9917288444063515,0.9748306484698179
2010-06-01 10:00:00,0.9953114234040016,0.9863840645600536,0.9917653480937625,0.9752931156252242
2010-06-01 11:00:00,0.9957266769572101,0.989856831341334,0.9928032452147696,0.9758734449408834
2010-06-01 12:00:00,0.9954092749943573,0.9886381101795398,0.9928032452147696,0.9761612939983149
2010-06-01 13:00:00,0.9954092749943573,0.9857520935890275,0.9928032452147696,0.9751596214082525
2010-06-01 14:00:00,0.9954092749943573,0.988402736029538,0.9928032452147698,0.9758734449408837
2010-06-02 07:00:00,0.9954092749943573,0.9899720287213698,0.9933276897431046,0.9780812684376685
2010-06-02 08:00:00,0.9966499813127433,0.9908858599486814,0.9937431171367205,0.9787950919702996
2010-06-02 09:00:00,0.9966499813127433,0.9884027360295381,0.9941054764325539,0.9802224762291654
2010-06-02 10:00:00,0.9954092749943573,0.9878159858387696,0.9940304153287686,0.9795086526965343
2010-06-02 11:00:00,0.9954092749943573,0.9878159858387696,0.9943064099274505,0.9789650788674775
2010-06-02 12:00:00,0.9955851686924989,0.9863840645600533,0.9943064099274505,0.979294314612308
2010-06-02 13:00:00,0.9966235766755575,0.9863840645600533,0.9943064099274507,0.9798746439279674
2010-06-03 07:00:00,0.9972024268772894,0.9863840645600536,0.9943064099274507,0.9790275889847607
2010-06-03 08:00:00,0.9959617205589034,0.9863840645600536,0.9943064099274507,0.9790275889847607
2010-06-03 09:00:00,0.9964476829774159,0.9863840645600536,0.9943064099274507,0.9790275889847608
2010-06-03 10:00:00,0.9959617205589035,0.9863840645600536,0.9943064099274507,0.9795711628138175
2010-06-03 11:00:00,0.9955851686924988,0.9834980479695414,0.9943064099274507,0.9782103942602394
2010-06-03 12:00:00,0.9966235766755575,0.9834980479695414,0.9951872265044814,0.9799302587773334
2010-06-03 13:00:00,0.9964679890754249,0.9834980479695414,0.9951107352369399,0.9793131739750717
2010-06-04 07:00:00,0.9959617205589032,0.9834980479695414,0.9948922948206249,0.9780557766133838
2010-06-04 08:00:00,0.9949940214411489,0.9815555895358753,0.9947717991108656,0.9768794859253465
2010-06-04 09:00:00,0.9962920953772834,0.9863840645600533,0.9948620469668585,0.9787027216343309
2010-06-04 10:00:00,0.9962920953772834,0.9834980479695414,0.9943064099274507,0.9781223923186716
2010-06-04 11:00:00,0.9946886114325559,0.9775352494422954,0.9943064099274507,0.976077923257544
2010-06-04 12:00:00,0.994358236614176,0.9775352494422954,0.9944269056372101,0.9753042877354654
2010-06-04 13:00:00,0.9951699151392905,0.9786695729453633,0.9947084384283186,0.9753042877354654
2010-06-07 07:00:00,0.9953538093989791,0.9777557417180519,0.9954733966624362,0.9763059603255279
2010-06-07 08:00:00,0.9943582366141758,0.9777557417180519,0.9954733966624362,0.9791308686245743
2010-06-07 09:00:00,0.9949940214411489,0.9777557417180519,0.9954733966624362,0.978668401469168
2010-06-07 10:00:00,0.9956019326010733,0.9831709669329981,0.9958053116866713,0.980095785728034
2010-06-07 11:00:00,0.9956019326010733,0.9777557417180519,0.9958053116866713,0.9820457119381497
2010-06-07 12:00:00,0.9956019326010733,0.9717929431908058,0.9958053116866713,0.9824302997259501
2010-06-07 13:00:00,0.9949661477741005,0.9641403185179355,0.9956797917593306,0.9815832447827436
2010-06-08 07:00:00,0.9939984486563459,0.963553568327167,0.9950805079734084,0.980736189839537
2010-06-08 08:00:00,0.9949940214411488,0.9582381406316017,0.9955915281806293,0.9810654255843675
2010-06-08 09:00:00,0.9946174695747443,0.9589228935592562,0.9962589643106677,0.9828220455880639
2010-06-08 10:00:00,0.9954092749943573,0.9653989958996954,0.9964727478167097,0.9828220455880639
2010-06-08 11:00:00,0.9938057910496298,0.9643381187742026,0.9962589643106677,0.9828220455880639
2010-06-08 12:00:00,0.9942730154209428,0.962434644684754,0.9962589643106677,0.9828220455880639
2010-06-08 13:00:00,0.9949348715375972,0.962434644684754,0.996611212287537,0.9824928098432333
2010-06-08 14:00:00,0.993694165219211,0.9653989958996954,0.9964930807693438,0.9804483407821057
2010-06-09 07:00:00,0.9942730154209428,0.9733650660357712,0.9963675608420032,0.9798680114664464
2010-06-09 08:00:00,0.9948809265808674,0.9758481899549145,0.9967451068900443,0.9812953957253124
2010-06-09 09:00:00,0.9944656730276588,0.9805364634128434,0.9965357856953345,0.9823381921963779
2010-06-09 10:00:00,0.994160263019066,0.9818531873115237,0.9961582396472934,0.9823381921963779
2010-06-09 11:00:00,0.9946886114325559,0.9853649384370213,0.996037743937534,0.9829552769986394
2010-06-09 12:00:00,0.9946886114325559,0.9878159858387695,0.9956679475677243,0.9822414534660087
2010-06-09 13:00:00,0.9948645051306975,0.9909838626855674,0.9957058289132988,0.980484833462312
2010-06-10 07:00:00,0.9940317960337687,0.988500738766424,0.9963813570824172,0.9793085427742748
2010-06-10 08:00:00,0.9953928535441873,0.9928873367750162,0.9960833749613399,0.9789239549864744
2010-06-10 09:00:00,0.9952169598460457,0.9957733533655283,0.9957058289132988,0.9801002456745116
2010-06-10 10:00:00,0.9968204437907732,0.99734264605736,0.9958824414664433,0.9801002456745116
2010-06-10 11:00:00,0.9969963374889147,0.9957733533655283,0.9959707050451446,0.9782770099655271
2010-06-10 12:00:00,0.9969963374889149,0.9957733533655283,0.9966462332142627,0.9782770099655271
2010-06-10 13:00:00,0.9976581936055688,0.994456629466848,0.997268923910681,0.9805772037982806
2010-06-11 07:00:00,0.9971722311870563,0.9922025838473617,0.9969370088864459,0.981620000269346
2010-06-11 08:00:00,0.9969963374889147,0.9950886004378738,0.9963143181900276,0.9810029154670841
2010-06-11 09:00:00,0.9968204437907732,0.9950886004378738,0.9963143181900278,0.9817833547050031
2010-06-11 10:00:00,0.9952169598460457,0.9950886004378738,0.9963143181900278,0.9807816821149408
2010-06-11 11:00:00,0.9946886114325559,0.9950886004378738,0.9958988907964119,0.9777010490442686
2010-06-11 12:00:00,0.9933275539221372,0.9937718765391936,0.99652158149283,0.978281378359928
2010-06-11 13:00:00,0.993165739559417,0.9925531553773993,0.9968054916324384,0.9794576690479653
2010-06-14 07:00:00,0.9946886114325559,0.9933752797181695,0.9967131682090282,0.9797455181053966
2010-06-14 08:00:00,0.9955002899576704,0.9960259221586797,0.9966685513768413,0.9814653826224905
2010-06-14 09:00:00,0.9955002899576704,0.9960259221586797,0.9964401600436189,0.9821792061551216
2010-06-14 10:00:00,0.995817691920523,0.9960259221586797,0.9962635474904744,0.9827962909573834
2010-06-14 11:00:00,0.9953114234040016,0.9945940008799636,0.9964605344677752,0.9824670552125528
2010-06-14 12:00:00,0.9958397718174916,0.9937718765391936,0.9968939673245649,0.981620000269346
2010-06-14 13:00:00,0.9953538093989791,0.9922025838473617,0.9969325772465316,0.981620000269346
2010-06-15 07:00:00,0.9943372060423616,0.993519307746042,0.9969325772465316,0.9811575331139398
2010-06-15 08:00:00,0.9953538093989789,0.9950886004378738,0.9971977100624505,0.9829141531176365
2010-06-15 09:00:00,0.9953538093989789,0.9950886004378738,0.9969325772465316,0.9836279766502675
2010-06-15 10:00:00,0.9953538093989789,0.9966578931297058,0.9965083387988863,0.9822005923914015
2010-06-15 11:00:00,0.9953538093989789,0.9966578931297058,0.9970293520965848,0.9807732081325355
2010-06-15 12:00:00,0.9953538093989791,0.9950886004378737,0.9965083387988863,0.9801561233302738
2010-06-15 13:00:00,0.9951699151392905,0.9950886004378737,0.9969325772465314,0.9801561233302738
2010-06-15 14:00:00,0.9945080590226364,0.9950886004378737,0.9968939673245649,0.9798268875854431
2010-06-16 07:00:00,0.9926797771409046,0.9950886004378737,0.9964408905111015,0.9785694902237554
2010-06-16 08:00:00,0.9936753499257076,0.9950886004378737,0.9960074576543122,0.9785694902237554
2010-06-16 09:00:00,0.9943372060423616,0.9950886004378738,0.9964605344677752,0.9788987259685857
2010-06-16 10:00:00,0.9951699151392905,0.9950886004378738,0.9965083387988866,0.9788987259685857
2010-06-16 11:00:00,0.9949940214411488,0.99652052171659,0.9969325772465316,0.9797457809117923
2010-06-16 12:00:00,0.993165739559417,0.9950886004378738,0.9968939673245647,0.9782816411663241
2010-06-16 13:00:00,0.993165739559417,0.9950886004378738,0.9965400560640018,0.9771787698994151
2010-06-17 07:00:00,0.9924447335392111,0.9950886004378737,0.9968396251147045,0.9775633576872157
2010-06-17 08:00:00,0.9924447335392111,0.9950886004378737,0.9962305354374732,0.9763059603255276
2010-06-17 09:00:00,0.9913596148209577,0.9957733533655283,0.9966003318072831,0.9755921367928967
2010-06-17 10:00:00,0.9921923239178867,0.9980273989850145,0.9969542430678462,0.9784170450919432
2010-06-17 11:00:00,0.993582852644733,0.9980273989850146,0.9970723745860394,0.9795933357799805
2010-06-17 12:00:00,0.9932774426361399,0.9957733533655283,0.9969542430678462,0.9781659515211145
2010-06-17 13:00:00,0.9917545707630011,0.9957733533655283,0.9972415412598943,0.9764093315174182
2010-06-18 07:00:00,0.9913046914653053,0.9957733533655283,0.9969542430678462,0.9749218724627088
2010-06-18 08:00:00,0.9900639851469194,0.9950886004378737,0.996769498481138,0.9734577327172401
2010-06-18 09:00:00,0.9900639851469194,0.99734264605736,0.9970824356281683,0.9740380620328993
2010-06-18 10:00:00,0.9913046914653053,0.9980898144084217,0.996769498481138,0.9755255210876089
2010-06-18 11:00:00,0.9924447335392111,0.9987745673360762,0.9972225752946015,0.9755255210876089
2010-06-18 12:00:00,0.9918658833374794,0.9980898144084218,0.9975844829605736,0.9763725760308156
2010-06-18 13:00:00,0.9918658833374794,0.9958357687889353,0.9975844829605736,0.9763725760308156
2010-06-21 07:00:00,0.9918658833374792,0.9950886004378737,0.9976272009112106,0.9766283008024411
2010-06-21 08:00:00,0.9918658833374792,0.9922025838473617,0.9970683062679375,0.9735476677317689
2010-06-21 09:00:00,0.9918658833374792,0.9897194599282184,0.9970683062679375,0.9743281069696877
2010-06-21 10:00:00,0.9918658833374792,0.9912887526200501,0.9976272009112106,0.9753709034407533
2010-06-21 11:00:00,0.9918658833374792,0.9912887526200501,0.9976690287743814,0.9753709034407533
2010-06-21 12:00:00,0.9936941652192111,0.9920359209711118,0.9978974201076038,0.9753709034407533
2010-06-21 13:00:00,0.9923960912830766,0.9937718765391934,0.99805652573933,0.9759512327564128
2010-06-22 07:00:00,0.9923960912830766,0.9912887526200502,0.998099243689967,0.9767248682784911
2010-06-22 08:00:00,0.9936941652192111,0.9920359209711119,0.9980024688399136,0.9784814882821874
2010-06-22 09:00:00,0.9936941652192111,0.9912887526200502,0.9981647924128437,0.9799456280276561
2010-06-22 10:00:00,0.993032309102557,0.9912887526200502,0.9980442967030843,0.9794598415630088
2010-06-22 11:00:00,0.9931878967026896,0.994456629466848,0.9980024688399136,0.9794598415630088
2010-06-22 12:00:00,0.9931878967026896,0.9952787538076182,0.9975493920264504,0.9791306058181783
2010-06-22 13:00:00,0.9946415582389566,0.9952787538076182,0.9973260870737017,0.9798444293508092
2010-06-22 14:00:00,0.9946415582389566,0.99734264605736,0.9977791638871651,0.9805582528834403
2010-06-23 07:00:00,0.9957266769572101,0.9980898144084218,0.9979597508892768,0.981175337685702
2010-06-23 08:00:00,0.9955710893570774,0.9995217356871378,0.9976536439598247,0.9831252638958177
2010-06-23 09:00:00,0.9964943937126106,0.9995217356871378,0.9976536439598247,0.983998073469705
2010-06-23 10:00:00,0.9971562498292648,0.999521735687138,0.9981360473355564,0.9836134856819047
2010-06-23 11:00:00,0.9978772558494706,0.999521735687138,0.9982729875911533,0.9818568656782081
2010-06-23 12:00:00,0.9968388478664121,0.9987745673360762,0.9979267261408464,0.9818568656782081
2010-06-23 13:00:00,0.9978772558494706,0.9987745673360762,0.9980078547752342,0.9818568656782081
2010-06-24 07:00:00,0.9980390702121906,0.9980898144084217,0.9978873590654748,0.9823193328336143
2010-06-24 08:00:00,0.9983988581700209,0.99734264605736,0.9975254513995025,0.9815388935956955
2010-06-24 09:00:00,0.9983988581700208,0.99652052171659,0.997911079925181,0.981076426440289
2010-06-24 10:00:00,0.9985674186256805,0.9972052746442445,0.9980392724855032,0.9814610142280896
2010-06-24 11:00:00,0.9985674186256805,0.9987745673360763,0.9984823087858631,0.9814610142280896
2010-06-24 12:00:00,0.9978772558494705,0.99652052171659,0.9983593522883049,0.9828883984869556
2010-06-24 13:00:00,0.9982370438073008,0.9972052746442445,0.9981360473355564,0.9828883984869556
2010-06-25 07:00:00,0.9982370438073008,0.9987745673360762,0.9984899585961196,0.9823080691712964
2010-06-25 08:00:00,0.9982370438073008,0.9965205217165898,0.9982412703260379,0.9825959182287277
2010-06-25 09:00:00,0.9978925896534994,0.9933526448697922,0.9980565257393298,0.981131778483259
2010-06-25 10:00:00,0.9986135956737053,0.9933526448697922,0.9983694628863601,0.9842124115539312
2010-06-25 11:00:00,0.9987754100364252,0.9920359209711119,0.9983694628863601,0.9827850272950654
2010-06-25 12:00:00,0.9980852472602152,0.9899720287213698,0.9978974201076036,0.9815276299333774
2010-06-25 13:00:00,0.9980852472602155,0.9899720287213698,0.9978555922444332,0.9812397808759463
2010-06-28 07:00:00,0.9984156220785952,0.9899720287213698,0.9975016809838702,0.9818568656782081
2010-06-28 08:00:00,0.9980852472602155,0.9899720287213698,0.9977453324294038,0.9818568656782081
2010-06-28 09:00:00,0.9987754100364254,0.9912887526200501,0.9979737237626264,0.9818568656782081
2010-06-28 10:00:00,0.9984156220785952,0.9933526448697922,0.998013090837998,0.9823193328336143
2010-06-28 11:00:00,0.9976946160583892,0.993352644869792,0.998013090837998,0.981143042145577
2010-06-28 12:00:00,0.9970044532821793,0.9920359209711118,0.9979267261408467,0.9815276299333774
2010-06-28 13:00:00,0.9970044532821791,0.9899720287213698,0.9974443227651149,0.9807539944112991
2010-06-29 07:00:00,0.9970044532821793,0.9864602775958721,0.9970108899083254,0.9789973744076026
2010-06-29 08:00:00,0.9970044532821793,0.9858735274051036,0.9968380805158165,0.9807539944112991
2010-06-29 09:00:00,0.9970044532821791,0.9912887526200501,0.9973204838915483,0.9807539944112991
2010-06-29 10:00:00,0.9968117956754633,0.994456629466848,0.9976334210385782,0.9816010493545059
2010-06-29 11:00:00,0.9976946160583892,0.9944566294668479,0.9976334210385782,0.9823746848765842
2010-06-29 12:00:00,0.9975328016956692,0.9928873367750162,0.9976334210385782,0.9830885084092154
2010-06-29 13:00:00,0.9984156220785951,0.9919735055477046,0.9977644025679165,0.9813318884055188
2010-06-29 14:00:00,0.9987600762323966,0.9944566294668479,0.9976676277178633,0.9825081790935561
2010-06-30 07:00:00,0.9987600762323967,0.99734264605736,0.9980065638439377,0.983222002626187
2010-06-30 08:00:00,0.9980390702121906,0.99734264605736,0.9977132587416695,0.983222002626187
2010-06-30 09:00:00,0.9980390702121906,0.9960259221586797,0.9978755823145994,0.9826784287971302
2010-06-30 10:00:00,0.9980390702121908,0.99734264605736,0.9981956621174011,0.9832587581127896
2010-06-30 11:00:00,0.9987600762323967,0.9980898144084218,0.9980065638439377,0.9845161554744774
2010-06-30 12:00:00,0.9987600762323966,0.9987745673360762,0.997967196768566,0.9853632104176839
2010-06-30 13:00:00,0.9984156220785952,0.9987745673360762,0.9977132587416693,0.984649386885053
2010-07-01 07:00:00,0.9984156220785952,0.99734264605736,0.9975366461885249,0.9864060068887496
2010-07-01 08:00:00,0.9984156220785952,0.99734264605736,0.9975366461885249,0.9853031356218406
2010-07-01 09:00:00,0.9975328016956692,0.99734264605736,0.9976177748229127,0.9840457382601528
2010-07-01 10:00:00,0.997532801695669,0.99734264605736,0.9979796824888849,0.9845082054155588
2010-07-01 11:00:00,0.9976946160583892,0.9973426460573602,0.9975366461885249,0.985611076682468
2010-07-01 12:00:00,0.9975328016956692,0.9960259221586797,0.997536646188525,0.9849939918802061
2010-07-01 13:00:00,0.9975328016956692,0.9937718765391934,0.997536646188525,0.9854564590356122
2010-07-02 07:00:00,0.9982229644718791,0.9922025838473617,0.9975366461885249,0.9859189261910184
2010-07-02 08:00:00,0.9975328016956694,0.9878159858387695,0.9971977100624506,0.9859189261910184
2010-07-02 09:00:00,0.9970468392771566,0.9846177700859599,0.9971591001404839,0.9859189261910184
2010-07-02 10:00:00,0.9970468392771566,0.9846177700859599,0.9968939673245647,0.9854564590356124
2010-07-02 11:00:00,0.9970468392771566,0.9855316013132712,0.9968939673245649,0.9858410468234128
2010-07-02 12:00:00,0.9978925896534994,0.9823637244664735,0.9973370036249248,0.9863846206524693
2010-07-02 13:00:00,0.9987754100364256,0.9855316013132712,0.9973370036249248,0.9870017054547313
2010-07-06 07:00:00,0.9991198641902267,0.9846177700859599,0.997596418154773,0.9865392382993251
2010-07-06 08:00:00,0.9994643183440282,0.9846177700859599,0.998068460933529,0.9855375657092627
2010-07-06 09:00:00,0.9991198641902267,0.9846177700859599,0.9979093553018029,0.986000032864669
2010-07-06 10:00:00,0.998429701414017,0.9823381717986729,0.9973994311774718,0.9860000328646692
2010-07-06 11:00:00,0.9986135956737052,0.9848212957178162,0.997861550970692,0.9851529779214624
2010-07-06 12:00:00,0.9993037584499153,0.9855684640688779,0.9977692275472817,0.9851529779214624
2010-07-06 13:00:00,0.999479652148057,0.9830853401497344,0.9977692275472817,0.9846905107660563
2010-07-06 14:00:00,0.999479652148057,0.9860496913646757,0.9977692275472817,0.9832263710205877
2010-07-07 07:00:00,0.9993037584499153,0.988500738766424,0.9979283331790081,0.9814031353116032
2010-07-07 08:00:00,0.9991198641902267,0.9853328619196262,0.9981770214490895,0.9814031353116034
2010-07-07 09:00:00,0.9991198641902267,0.988500738766424,0.9978231101885262,0.9828305195704694
2010-07-07 10:00:00,0.9991198641902267,0.9909838626855674,0.9980078547752345,0.9823680524150632
2010-07-07 11:00:00,0.9989439704920852,0.9922025838473615,0.9980078547752342,0.9819834646272626
2010-07-07 12:00:00,0.9985674186256807,0.9912887526200501,0.9975648184748742,0.9814031353116034
2010-07-07 13:00:00,0.9982229644718792,0.9912887526200501,0.9976049729957289,0.9796832707945092
2010-07-08 07:00:00,0.9976441142701473,0.9912887526200501,0.9980078547752342,0.9796832707945092
2010-07-08 08:00:00,0.9973137394517676,0.9912887526200501,0.9980078547752342,0.9811474105399779
2010-07-08 09:00:00,0.9966518833351132,0.9858735274051036,0.9978873590654748,0.9798900131782899
2010-07-08 10:00:00,0.9953538093989789,0.9829875108145916,0.9975254513995025,0.9788472167072244
2010-07-08 11:00:00,0.9953538093989789,0.9782992373566627,0.9980078547752342,0.978462628919424
2010-07-08 12:00:00,0.9953538093989789,0.9763957632672139,0.9980078547752342,0.9780001617640179
2010-07-08 13:00:00,0.9953538093989789,0.977614484429008,0.9981770214490895,0.978462628919424
2010-07-09 07:00:00,0.9953538093989789,0.9798685300484944,0.9978231101885262,0.978462628919424
2010-07-09 08:00:00,0.9961456148185918,0.9829875108145916,0.9980078547752342,0.9792430681573431
2010-07-09 09:00:00,0.9953538093989789,0.9798685300484945,0.9980078547752342,0.9806704524162089
2010-07-09 10:00:00,0.9959617205589034,0.9845568035064233,0.9983541162255412,0.9812507817318681
2010-07-09 11:00:00,0.9961456148185918,0.9829875108145916,0.9985232828993963,0.9790429582350834
2010-07-09 12:00:00,0.9953538093989791,0.9836194817856172,0.9986078287132037,0.9794275460228837
2010-07-09 13:00:00,0.9953538093989791,0.9844416061263874,0.9981647924128437,0.97989001317829
2010-07-12 07:00:00,0.9959617205589032,0.9886381101795397,0.9983414049659881,0.9810663038663274
2010-07-12 08:00:00,0.9956019326010733,0.9886381101795397,0.9978088065562983,0.9815287710217334
2010-07-12 09:00:00,0.9968426389194591,0.9930247081881317,0.9978088065562983,0.9846094040924057
2010-07-12 10:00:00,0.9975328016956692,0.9930247081881317,0.9978088065562983,0.9852264888946674
2010-07-12 11:00:00,0.9978772558494706,0.9911212340986831,0.9979711301292282,0.9859403124272984
2010-07-12 12:00:00,0.9977086953938109,0.9902991097579129,0.9976321940031538,0.9848975159562328
2010-07-12 13:00:00,0.998591515776737,0.9925531553773993,0.9979711301292282,0.9861549133179207
2010-07-13 07:00:00,0.9987600762323966,0.9901021079756509,0.9977526897129133,0.9874123106796086
2010-07-13 08:00:00,0.9987600762323966,0.9893549396245894,0.9976321940031538,0.9874123106796086
2010-07-13 09:00:00,0.9985674186256805,0.9901021079756511,0.9978088065562983,0.9865652557364017
2010-07-13 10:00:00,0.9980611501091591,0.9893549396245894,0.9971861158598803,0.9869498435242023
2010-07-13 11:00:00,0.9978772558494705,0.9885328152838194,0.9970605959325396,0.986565255736402
2010-07-13 12:00:00,0.9977086953938109,0.9925531553773993,0.9973042473780734,0.987992639995268
2010-07-13 13:00:00,0.9985915157767369,0.9960259221586797,0.9975493920264504,0.9894567797407363
2010-07-13 14:00:00,0.9991198641902267,0.9944566294668479,0.9976832866289579,0.9904584523307988
2010-07-14 07:00:00,0.9991198641902267,0.9930247081881319,0.9976832866289577,0.9904584523307988
2010-07-14 08:00:00,0.9987754100364254,0.9937718765391934,0.9975066740758134,0.9894567797407363
2010-07-14 09:00:00,0.9987754100364252,0.9966578931297058,0.9977905842154218,0.9886097247975295
2010-07-14 10:00:00,0.9987754100364254,0.9980898144084218,0.9972973528811037,0.9894567797407363
2010-07-14 11:00:00,0.9984156220785952,0.9987745673360763,0.9972973528811037,0.9887429562081053
2010-07-14 12:00:00,0.9984156220785952,0.9987745673360762,0.9973784815154912,0.9890721919529359
2010-07-14 13:00:00,0.9987600762323967,0.99652052171659,0.9972415412598942,0.9890721919529357
2010-07-15 07:00:00,0.998591515776737,0.9950886004378737,0.9969542430678462,0.9890721919529357
2010-07-15 08:00:00,0.9987600762323967,0.9950886004378737,0.9964095293687665,0.9894567797407363
2010-07-15 09:00:00,0.9987600762323967,0.9957733533655283,0.9964496838896211,0.9900738645429982
2010-07-15 10:00:00,0.9992884246458866,0.99734264605736,0.9966003318072831,0.9888975738549608
2010-07-15 11:00:00,0.9987600762323967,0.99734264605736,0.9966783088046215,0.9888975738549608
2010-07-15 12:00:00,0.9985674186256807,0.9980898144084218,0.9967285038385795,0.9882804890526993
2010-07-15 13:00:00,0.9982370438073008,0.99734264605736,0.9964351987363111,0.9886097247975295
2010-07-16 07:00:00,0.9985674186256807,0.99734264605736,0.9964351987363111,0.9886097247975295
2010-07-16 08:00:00,0.9991198641902267,0.99734264605736,0.9969176021120428,0.9900371090563955
2010-07-16 09:00:00,0.9994643183440282,0.9980898144084218,0.9969176021120428,0.9900371090563957
2010-07-16 10:00:00,0.9996482126037167,0.9973426460573602,0.997271513372606,0.9900371090563955
2010-07-16 11:00:00,0.9992884246458866,0.994456629466848,0.9971313856180847,0.9900371090563955
2010-07-16 12:00:00,0.9992884246458866,0.9900700314582558,0.9968474754784765,0.9900371090563955
2010-07-16 13:00:00,0.9992884246458866,0.9886381101795397,0.996769498481138,0.9908841639996023
2010-07-19 07:00:00,0.9991198641902268,0.9912887526200501,0.9968474754784766,0.9908841639996023
2010-07-19 08:00:00,0.9992884246458866,0.9884027360295378,0.996326462180778,0.9908841639996023
2010-07-19 09:00:00,0.9996482126037167,0.9884027360295378,0.9968474754784765,0.9908841639996023
2010-07-19 10:00:00,0.9994643183440283,0.9912887526200501,0.9973407068127946,0.9908841639996023
2010-07-19 11:00:00,0.9991198641902268,0.9922025838473617,0.997420228409021,0.9904216968441961
2010-07-19 12:00:00,0.9983988581700209,0.9897194599282184,0.996977192108661,0.9898413675285369
2010-07-19 13:00:00,0.9983988581700209,0.9877770014945523,0.996977192108661,0.9904216968441961
2010-07-20 07:00:00,0.9983988581700209,0.9912887526200501,0.9964839607743428,0.9904216968441961
2010-07-20 08:00:00,0.9983988581700209,0.9912887526200501,0.9964445936989713,0.9907095459016274
2010-07-20 09:00:00,0.9983988581700209,0.9920359209711118,0.9963429163002515,0.9900924610993654
2010-07-20 10:00:00,0.9983988581700208,0.98997202872137,0.9962247847820582,0.9897078733115651
2010-07-20 11:00:00,0.9982229644718792,0.9912887526200502,0.9963904592302536,0.9893232855237647
2010-07-20 12:00:00,0.9985674186256807,0.9893852785306015,0.9965085907484468,0.9900371090563957
2010-07-20 13:00:00,0.9991198641902267,0.9912887526200502,0.9968876299993312,0.9888608183683584
2010-07-20 14:00:00,0.9987433123238223,0.9920359209711118,0.9972415412598943,0.9888608183683586
2010-07-21 07:00:00,0.9987433123238223,0.9937718765391934,0.9972415412598943,0.988476230580558
2010-07-21 08:00:00,0.9991198641902268,0.9950886004378737,0.997774139669584,0.988476230580558
2010-07-21 09:00:00,0.9991198641902267,0.994456629466848,0.9976049729957289,0.9876291756373512
2010-07-21 10:00:00,0.9985674186256807,0.9952787538076181,0.9975648184748742,0.9858059399283668
2010-07-21 11:00:00,0.9980611501091592,0.9930247081881317,0.9975648184748742,0.9858059399283668
2010-07-21 12:00:00,0.9975328016956692,0.9886381101795398,0.9975648184748742,0.9861905277161673
2010-07-21 13:00:00,0.9970468392771568,0.9886381101795398,0.9975254513995025,0.9847631434573014
2010-07-22 07:00:00,0.9964679890754249,0.9878159858387696,0.997774139669584,0.9844339077124707
2010-07-22 08:00:00,0.9969963374889147,0.990070031458256,0.997774139669584,0.9856101984005081
2010-07-22 09:00:00,0.9960286383711603,0.9918059870263375,0.997774139669584,0.9850298690848489
2010-07-22 10:00:00,0.9966365495310846,0.9930247081881319,0.9981770214490895,0.9864572533437149
2010-07-22 11:00:00,0.9974822999074273,0.9944566294668479,0.9985232828993962,0.9882138733474112
2010-07-22 12:00:00,0.996820443790773,0.9950886004378737,0.9981770214490893,0.9878292855596108
2010-07-22 13:00:00,0.9968204437907732,0.9937718765391934,0.9981360473355563,0.9864019013007449
2010-07-23 07:00:00,0.9956841842173588,0.9937718765391934,0.9981360473355563,0.9864019013007449
2010-07-23 08:00:00,0.9946886114325557,0.9899720287213698,0.9976536439598247,0.9864019013007449
2010-07-23 09:00:00,0.9948645051306975,0.9912887526200501,0.9977905842154215,0.9855290917268575
2010-07-23 10:00:00,0.9951699151392903,0.9912887526200501,0.9976177748229127,0.9864019013007449
2010-07-23 11:00:00,0.994358236614176,0.990070031458256,0.9974996433047195,0.9864019013007448
2010-07-23 12:00:00,0.9951699151392905,0.9878159858387696,0.9977180837210345,0.9872489562439515
2010-07-23 13:00:00,0.9945080590226364,0.9843042347132717,0.9978771893527606,0.986919720499121
2010-07-26 07:00:00,0.994358236614176,0.9771649138535947,0.9977180837210344,0.9863026356968592
2010-07-26 08:00:00,0.995048399390386,0.9818531873115237,0.9974787904136132,0.9859733999520285
2010-07-26 09:00:00,0.9958600779155004,0.9793700633923804,0.9973059810211042,0.9869750725420908
2010-07-26 10:00:00,0.9953538093989789,0.9739970370067971,0.9972650069075712,0.9873043082869214
2010-07-26 11:00:00,0.9966518833351135,0.9764801609259404,0.9977180837210345,0.9877667754423278
2010-07-26 12:00:00,0.9968204437907732,0.9739970370067971,0.9978771893527606,0.9873821876545272
2010-07-26 13:00:00,0.9968204437907732,0.9710326857918558,0.9974996433047195,0.9869975998667266
2010-07-27 07:00:00,0.9969963374889147,0.9704007148208299,0.9973059810211042,0.9863805150644648
2010-07-27 08:00:00,0.9969963374889147,0.9726803131081168,0.9970465664912563,0.9866683641218961
2010-07-27 09:00:00,0.9982370438073009,0.9764801609259405,0.9974586691911866,0.987382187654527
2010-07-27 10:00:00,0.9978772558494708,0.9726803131081168,0.9976724526972285,0.9878446548099334
2010-07-27 11:00:00,0.996838847866412,0.9689687935421136,0.9976724526972285,0.9869975998667266
2010-07-27 12:00:00,0.996838847866412,0.9700296706676064,0.9975355124416315,0.9877114233993579
2010-07-27 13:00:00,0.9962030630394392,0.9689687935421137,0.9972103329040084,0.9869975998667266
2010-07-27 14:00:00,0.995279758683906,0.9677500723803194,0.9975355124416315,0.9857402025050389
2010-07-28 07:00:00,0.9945250147840324,0.9677500723803194,0.9974527104649279,0.9852777353496327
2010-07-28 08:00:00,0.9933887552106181,0.9700296706676064,0.9974527104649279,0.9848152681942265
2010-07-28 09:00:00,0.9924326073964008,0.9610027234060379,0.997452710464928,0.9841981833919646
2010-07-28 10:00:00,0.994180560630231,0.9654960267608331,0.9974527104649279,0.9834843598593336
2010-07-28 11:00:00,0.9945250147840324,0.9677500723803194,0.9973663457677765,0.9829040305436744
2010-07-28 12:00:00,0.9932269408478981,0.9700296706676064,0.9973663457677765,0.9829040305436744
2010-07-28 13:00:00,0.9922707930336807,0.9689687935421137,0.996757256090545,0.9820312209697869
2010-07-29 07:00:00,0.993355911751934,0.9766214182149838,0.9969805610432937,0.9822869457414126
2010-07-29 08:00:00,0.9943120595661513,0.978685310464726,0.9972193758837652,0.9814398907982058
2010-07-29 09:00:00,0.9938057910496298,0.9798196339677937,0.9968731144334584,0.9810553030104052
2010-07-29 10:00:00,0.9938057910496298,0.9766214182149838,0.996634299592987,0.9810553030104052
2010-07-29 11:00:00,0.994358236614176,0.9766214182149838,0.9969805610432937,0.9801824934365181
2010-07-29 12:00:00,0.995048399390386,0.9797892950617817,0.9967354163949167,0.9806449605919242
2010-07-29 13:00:00,0.9953928535441875,0.9758481899549146,0.9966044348655781,0.981902357953612
2010-07-30 07:00:00,0.9958600779155006,0.9714615919463222,0.9967202932084915,0.9807260672655749
2010-07-30 08:00:00,0.995048399390386,0.9649854896058832,0.9964814783680199,0.9807260672655749
2010-07-30 09:00:00,0.9953928535441875,0.963553568327167,0.9967354163949167,0.9790062027484807
2010-07-30 10:00:00,0.9963605526619419,0.9712061930000374,0.9973959884369097,0.9810506718096086
2010-07-30 11:00:00,0.9969963374889147,0.9712061930000373,0.9972193758837652,0.9819234813834958
2010-07-30 12:00:00,0.9960007647041118,0.9635535683271672,0.9969805610432938,0.9808806849124304
2010-07-30 13:00:00,0.9960007647041118,0.9635535683271672,0.9973057405809166,0.9783504293866554
2010-08-02 07:00:00,0.9942528114702817,0.9620096177276517,0.9969805610432938,0.9743237385752872
2010-08-02 08:00:00,0.9937003659057355,0.9641403185179357,0.9971497277171486,0.9708039576584497
2010-08-02 09:00:00,0.9937003659057355,0.9635535683271672,0.9971497277171486,0.9708039576584495
2010-08-02 10:00:00,0.9937003659057355,0.9635535683271672,0.9971497277171486,0.9708039576584495
2010-08-02 11:00:00,0.9946680650234901,0.9712061930000373,0.99775881739438,0.9708039576584495
2010-08-02 12:00:00,0.9942528114702817,0.9754026970531897,0.99775881739438,0.9733665087243496
2010-08-02 13:00:00,0.9935318054500757,0.9786009128059991,0.9975355124416315,0.9721902180363124
2010-08-03 07:00:00,0.9927770615502023,0.9726381142787536,0.9973663457677764,0.9681635272249438
2010-08-03 08:00:00,0.9916814281578354,0.9694398985259437,0.9972103329040086,0.9687806120272058
2010-08-03 09:00:00,0.9927770615502023,0.9640668721403604,0.9975355124416313,0.9678941194682147
2010-08-03 10:00:00,0.9916408019767878,0.9617872738530735,0.9971816011810685,0.967509531680414
2010-08-03 11:00:00,0.9927770615502023,0.9694398985259437,0.9975016809838702,0.9656862959714297
2010-08-03 12:00:00,0.9927770615502023,0.9682633761935125,0.9974527104649279,0.9656862959714299
2010-08-03 13:00:00,0.9916408019767878,0.9682633761935125,0.9973663457677765,0.9656862959714297
2010-08-03 14:00:00,0.9927770615502023,0.9754026970531895,0.9973663457677765,0.9649724724387987
2010-08-04 07:00:00,0.9945250147840324,0.9803368683740812,0.997589650720525,0.9686838732968365
2010-08-04 08:00:00,0.994180560630231,0.980336868374081,0.9972193758837652,0.9682214061414302
2010-08-04 09:00:00,0.9951038649857642,0.9857520935890275,0.997589650720525,0.9661769370803024
2010-08-04 10:00:00,0.995279758683906,0.9825842167422297,0.9973057405809167,0.9668907606129336
2010-08-04 11:00:00,0.9959155435108787,0.980817922268136,0.9969594791306099,0.9678734822881555
2010-08-04 12:00:00,0.9951038649857642,0.9813654955804356,0.996634299592987,0.9678734822881555
2010-08-04 13:00:00,0.9959155435108787,0.9771689915272832,0.9962989070886169,0.9690497729761927
2010-08-05 07:00:00,0.9947792839374644,0.9754026970531895,0.9960502188185354,0.9695122401315989
2010-08-05 08:00:00,0.9955002899576704,0.980817922268136,0.9967107908605285,0.9701293249338606
2010-08-05 09:00:00,0.9959155435108787,0.9817317534954476,0.9967107908605285,0.9709763798770673
2010-08-05 10:00:00,0.9959155435108787,0.9834980479695414,0.9965260462738204,0.9747152216310045
2010-08-05 11:00:00,0.9945250147840322,0.9834980479695414,0.9962445134827118,0.9735389309429674
2010-08-05 12:00:00,0.9935573156662778,0.9857520935890277,0.9958654742318275,0.9729586016273082
2010-08-05 13:00:00,0.9931195625113923,0.9901386915976198,0.9959671516305469,0.9729586016273082
2010-08-06 07:00:00,0.9931195625113923,0.9922025838473617,0.9959671516305473,0.9732878373721388
2010-08-06 08:00:00,0.992034443793139,0.9902991097579129,0.995344460934129,0.9724150277982512
2010-08-06 09:00:00,0.9912541896770634,0.9908858599486813,0.9946981914986872,0.9686761860443142
2010-08-06 10:00:00,0.990117930103649,0.9922025838473617,0.9943191522478028,0.9659368443653956
2010-08-06 11:00:00,0.9896550959620536,0.9912887526200502,0.9946981914986872,0.9651564051274766
2010-08-06 12:00:00,0.9896550959620536,0.9930247081881319,0.9953208821951053,0.9665837893863426
2010-08-06 13:00:00,0.9891488274455321,0.9936566791591578,0.9955259237186724,0.9687916128831274
2010-08-09 07:00:00,0.9876951659092651,0.9907706625686457,0.9955259237186724,0.9667471438219997
2010-08-09 08:00:00,0.9869793994539223,0.9907706625686454,0.9960191550529903,0.9660333202893686
2010-08-09 09:00:00,0.9861336490775796,0.9901386915976196,0.9962951496516724,0.9656487325015682
2010-08-09 10:00:00,0.9845301651328524,0.9895519414068513,0.996129475203477,0.9656487325015682
2010-08-09 11:00:00,0.9849454186860607,0.9922025838473617,0.9966883698467505,0.9659044572731937
2010-08-09 12:00:00,0.9872646690861308,0.9930247081881319,0.99705864468351,0.9676610772768904
2010-08-09 13:00:00,0.9885973687667525,0.9952787538076182,0.9972243191317054,0.967198610121484
2010-08-10 07:00:00,0.988447546358292,0.9933752797181695,0.9967812828313454,0.9648984162887309
2010-08-10 08:00:00,0.9866995931244622,0.9933752797181695,0.9961721931541141,0.9634342765432623
2010-08-10 09:00:00,0.9875776808192659,0.9941224480692313,0.9964997500402367,0.9622579858552252
2010-08-10 10:00:00,0.9889103804998877,0.9941224480692313,0.9967812828313454,0.9639545310630783
2010-08-10 11:00:00,0.9884605012021919,0.9941224480692313,0.9965762413077784,0.9634687445984311
2010-08-10 12:00:00,0.9884605012021919,0.9960259221586797,0.9964997500402369,0.9609316853568156
2010-08-10 13:00:00,0.9894560739869949,0.9960259221586797,0.9961721931541142,0.9619333579468781
2010-08-10 14:00:00,0.9912040272208251,0.9960259221586797,0.9961721931541141,0.9626471814795089
2010-08-11 07:00:00,0.9899493876596166,0.9960259221586797,0.996129475203477,0.9631096486349151
2010-08-11 08:00:00,0.9905282378613486,0.99734264605736,0.9966883698467505,0.9676221259109307
2010-08-11 09:00:00,0.9924447335392111,0.99734264605736,0.99705864468351,0.9693787459146271
2010-08-11 10:00:00,0.9927501435478042,0.99734264605736,0.9972243191317054,0.971909001440402
2010-08-11 11:00:00,0.9924447335392111,0.9980898144084218,0.9972243191317054,0.971909001440402
2010-08-11 12:00:00,0.9927501435478042,0.9987745673360763,0.9971816011810685,0.9736288659574961
2010-08-11 13:00:00,0.9936329639307301,0.9973426460573602,0.9976536439598247,0.9753854859611927
2010-08-12 07:00:00,0.9942948200473842,0.9957733533655283,0.9976963619104616,0.9753854859611927
2010-08-12 08:00:00,0.9936329639307301,0.9940373977974465,0.9972243191317054,0.9728229348952926
2010-08-12 09:00:00,0.992750143547804,0.9933526448697922,0.9971816011810685,0.9719501253214055
2010-08-12 10:00:00,0.9936329639307303,0.9920359209711119,0.9976536439598247,0.9719501253214055
2010-08-12 11:00:00,0.9932564120643257,0.9912887526200501,0.9976536439598247,0.9705227410625394
2010-08-12 12:00:00,0.9923783243695218,0.9900700314582558,0.9980392724855032,0.967113135053433
2010-08-12 13:00:00,0.9903644839780446,0.9912887526200502,0.998039272485503,0.9667285472656324
2010-08-13 07:00:00,0.98955280545293,0.9920359209711118,0.9976536439598247,0.965552256577595
2010-08-13 08:00:00,0.9903644839780446,0.9912887526200501,0.997326087073702,0.965552256577595
2010-08-13 09:00:00,0.9905483782377329,0.9900700314582558,0.9971276348249289,0.9689618625867017
2010-08-13 10:00:00,0.9918720558530002,0.9909838626855674,0.9975066740758134,0.9698089175299086
2010-08-13 11:00:00,0.9923783243695218,0.9902991097579129,0.9977117155993803,0.9705227410625394
2010-08-13 12:00:00,0.9923783243695218,0.9902991097579129,0.9975460411511851,0.969749105540461
2010-08-13 13:00:00,0.9923783243695218,0.9902991097579129,0.9971604126255065,0.9711098740940393
2010-08-16 07:00:00,0.9919110999982086,0.9922025838473617,0.9969594791306099,0.9721526705651047
2010-08-16 08:00:00,0.9920609224066688,0.9912887526200502,0.9965260462738204,0.9718234348202741
2010-08-16 09:00:00,0.9923783243695217,0.9919735055477046,0.9965260462738202,0.9718234348202741
2010-08-16 10:00:00,0.9919110999982086,0.9919735055477046,0.9965260462738204,0.9718234348202741
2010-08-16 11:00:00,0.9914612207005129,0.9897194599282182,0.9964495550062789,0.9726704897634808
2010-08-16 12:00:00,0.9888580154331906,0.988402736029538,0.9961308424569598,0.9722080226080747
2010-08-16 13:00:00,0.9883517469166692,0.9912887526200501,0.9961308424569599,0.9712063500180124
2010-08-17 07:00:00,0.9894827669252203,0.9950886004378737,0.9964147525965682,0.970821762230212
2010-08-17 08:00:00,0.9896586606233618,0.9919207235910761,0.9967771118924016,0.9711509979750426
2010-08-17 09:00:00,0.9911308458821331,0.9912887526200501,0.9972870360167327,0.9721526705651047
2010-08-17 10:00:00,0.9905784003175868,0.9919207235910761,0.9970586446835101,0.9721526705651047
2010-08-17 11:00:00,0.9911308458821331,0.9870922485668979,0.9969594791306099,0.9754633653287985
2010-08-17 12:00:00,0.9919110999982086,0.9877770014945523,0.9969594791306099,0.9764650379188607
2010-08-17 13:00:00,0.9914612207005128,0.9877770014945523,0.9969594791306099,0.9760025707634546
2010-08-17 14:00:00,0.9909549521839914,0.9885241698456142,0.9965260462738202,0.9745751865045886
2010-08-18 07:00:00,0.9911167665467117,0.9898408937442944,0.9961470070229359,0.9754222414477953
2010-08-18 08:00:00,0.9891029261552344,0.9898408937442943,0.9959033555774022,0.9736656214440987
2010-08-18 09:00:00,0.9909549521839914,0.993352644869792,0.9965260462738202,0.9732810336562984
2010-08-18 10:00:00,0.9915666458444071,0.9940373977974465,0.9962486844216556,0.9750376536599948
2010-08-18 11:00:00,0.9902339461637854,0.9940373977974467,0.9960050329761219,0.9743238301273638
2010-08-18 12:00:00,0.9894827669252201,0.9892089227732684,0.9953959432988906,0.9746530658721942
2010-08-18 13:00:00,0.9887585677434974,0.9873054486838196,0.9950772307495717,0.9728964458684978
2010-08-19 07:00:00,0.9872137225082757,0.98410723293101,0.9949656659583755,0.9731521706401233
2010-08-19 08:00:00,0.9889512253502134,0.9834224800033555,0.9949141835936137,0.9731521706401233
2010-08-19 09:00:00,0.9905503190652233,0.9876189840565078,0.9952495760979839,0.9754523644728769
2010-08-19 10:00:00,0.991742816119982,0.9893549396245894,0.9952495760979837,0.979191206226814
2010-08-19 11:00:00,0.9927973901200846,0.9918059870263375,0.9949220192118612,0.9800382611700207
2010-08-19 12:00:00,0.9931571780779149,0.9895519414068513,0.9951613125192824,0.9800382611700207
2010-08-19 13:00:00,0.9931571780779149,0.9895519414068513,0.9953236360922125,0.9804228489578211
2010-08-20 07:00:00,0.9931571780779149,0.9877856469327575,0.9949752860402004,0.9808074367456214
2010-08-20 08:00:00,0.9931571780779149,0.9846177700859596,0.9954183223405606,0.9801903519433599
2010-08-20 09:00:00,0.9917961205674962,0.9846177700859596,0.9952417097874161,0.9801903519433596
2010-08-20 10:00:00,0.9914195687010918,0.9886381101795398,0.9954671033418698,0.9804782010007909
2010-08-20 11:00:00,0.9920089335769368,0.9886381101795398,0.9957377737647921,0.9802224762291655
2010-08-20 12:00:00,0.9918330398787951,0.9900700314582558,0.9957377737647921,0.9796053914269036
2010-08-20 13:00:00,0.9918330398787953,0.9927206738987662,0.995956214181107,0.9788249521889848
2010-08-23 07:00:00,0.9918330398787953,0.9927206738987662,0.996069885206859,0.981905585259657
2010-08-23 08:00:00,0.9927158602617212,0.9892089227732684,0.9964396815766688,0.9823680524150632
2010-08-23 09:00:00,0.9936720080759384,0.9892089227732684,0.9968731144334584,0.9841246724187597
2010-08-23 10:00:00,0.9946886114325559,0.9940373977974467,0.9971124077408797,0.9849717273619664
2010-08-23 11:00:00,0.9946886114325559,0.9933526448697922,0.997271513372606,0.9859733999520285
2010-08-23 12:00:00,0.9948645051306976,0.9891561408166399,0.9976177748229127,0.9849306034809631
2010-08-23 13:00:00,0.9953928535441875,0.9891561408166399,0.9973784815154915,0.9852598392257937
2010-08-24 07:00:00,0.9944367057299702,0.9891561408166398,0.9967557908190732,0.9852598392257937
2010-08-24 08:00:00,0.994612599428112,0.9891561408166399,0.9966746621846854,0.9848752514379931
2010-08-24 09:00:00,0.9963605526619421,0.991920723591076,0.9972973528811037,0.985492336240255
2010-08-24 10:00:00,0.9971722311870564,0.993352644869792,0.9971604126255065,0.9851077484524545
2010-08-24 11:00:00,0.9963605526619421,0.9912887526200501,0.9965377219290884,0.9842349388785673
2010-08-24 12:00:00,0.995568747242329,0.9912887526200501,0.9959008036819369,0.9824783188748706
2010-08-24 13:00:00,0.995568747242329,0.9885241698456142,0.9959008036819369,0.9837357162365584
2010-08-24 14:00:00,0.9962045320693018,0.9892089227732684,0.9962864322076154,0.9828886612933516
2010-08-25 07:00:00,0.9960286383711603,0.9892089227732684,0.9963291501582524,0.9821748377607209
2010-08-25 08:00:00,0.9950120350145428,0.9892089227732684,0.9959435216325739,0.9836022220195868
2010-08-25 09:00:00,0.9950120350145428,0.9892089227732684,0.9959008036819369,0.9836022220195867
2010-08-25 10:00:00,0.9950120350145428,0.9873054486838196,0.9959008036819369,0.982559425548521
2010-08-25 11:00:00,0.9950120350145428,0.9873054486838196,0.9959008036819369,0.9831397548641805
2010-08-25 12:00:00,0.9950120350145428,0.9908171998093175,0.996289033659007,0.9805772037982804
2010-08-25 13:00:00,0.9935815017551929,0.990070031458256,0.9965377219290884,0.9783693803014957
2010-08-26 07:00:00,0.9934129412995332,0.9908171998093175,0.9967610268818369,0.9795456709895328
2010-08-26 08:00:00,0.9937303432623857,0.990070031458256,0.9969619603767335,0.9798749067343634
2010-08-26 09:00:00,0.9930684871457315,0.9876189840565076,0.9969619603767337,0.9808765793244257
2010-08-26 10:00:00,0.9929066727830115,0.9883661524075693,0.9972615294274362,0.9801627557917947
2010-08-26 11:00:00,0.9930684871457317,0.9876189840565076,0.9972615294274362,0.9801627557917947
2010-08-26 12:00:00,0.9922568086206172,0.9839074644905046,0.9972615294274362,0.9787353715329288
2010-08-26 13:00:00,0.9922568086206172,0.9803957133650069,0.9973008965028078,0.9787353715329288
2010-08-27 07:00:00,0.9922568086206172,0.9781416677455205,0.9973820251371956,0.9784061357880983
2010-08-27 08:00:00,0.9922568086206173,0.9804212660328074,0.9967844739654159,0.9787353715329288
2010-08-27 09:00:00,0.993855902335627,0.9863840645600536,0.9973008965028081,0.9791199593207293
2010-08-27 10:00:00,0.9946675808607415,0.989856831341334,0.9971670019003006,0.9816570185623448
2010-08-27 11:00:00,0.9948231684608743,0.9912887526200501,0.9968690197792236,0.9816570185623448
2010-08-27 12:00:00,0.9949849828235943,0.9912887526200501,0.9968690197792234,0.9801928788168762
2010-08-27 13:00:00,0.9932240747458643,0.9926054765187305,0.9971229578061201,0.9805774666046766
2010-08-30 07:00:00,0.9930995383490033,0.9933706183532017,0.9972493683992852,0.9807413197119953
2010-08-30 08:00:00,0.9930995383490033,0.9933706183532016,0.997034813111633,0.9812588519728409
2010-08-30 09:00:00,0.9922476146122495,0.9926756452325971,0.9963806429539978,0.9809247386614202
2010-08-30 10:00:00,0.992779819583502,0.9891114799111965,0.9956309886294431,0.9802003399653427
2010-08-30 11:00:00,0.9930995383490033,0.9861823884461992,0.9956309886294433,0.9816488706576735
2010-08-30 12:00:00,0.9930995383490033,0.9861823884461992,0.9959253525948968,0.9807892667523451
2010-08-30 13:00:00,0.9915809622997779,0.9861823884461992,0.9952810331625375,0.9800648680562677
2010-08-31 07:00:00,0.9909142751165787,0.9861823884461992,0.9953677096455992,0.9807892667523451
2010-08-31 08:00:00,0.9930995383490033,0.9910829302617828,0.9959253525948966,0.9807892667523451
2010-08-31 09:00:00,0.9910709983926249,0.9904415268882044,0.9952390542962506,0.9785487347593116
2010-08-31 10:00:00,0.990219074655871,0.9897465537675999,0.9950332725505769,0.9785487347593116
2010-08-31 11:00:00,0.990729038563024,0.9910829302617828,0.9950332725505769,0.9800345654639722
2010-08-31 12:00:00,0.9914242390237318,0.9926756452325973,0.995118123583929,0.9791749615586439
2010-08-31 13:00:00,0.9919137486131824,0.9891114799111965,0.995118123583929,0.9809576055623951
2010-08-31 14:00:00,0.9915809622997779,0.9891114799111965,0.9951995451014733,0.9795090748700643
2010-09-01 07:00:00,0.9919137486131824,0.9891114799111965,0.9951995451014733,0.9791749615586439
2010-09-01 08:00:00,0.9919137486131826,0.9877751034170136,0.9951995451014733,0.9784505628625664
2010-09-01 09:00:00,0.9917507531237272,0.9877751034170136,0.9952390542962508,0.9770020321702356
2010-09-01 10:00:00,0.9892937016778985,0.9877751034170134,0.9943725567441721,0.9763758053709035
2010-09-01 11:00:00,0.9894566971673538,0.9864387269228304,0.9941667749984984,0.9771002040669808
2010-09-01 12:00:00,0.9898036655850516,0.9824387993516815,0.9940781927787188,0.9771002040669808
2010-09-01 13:00:00,0.9894566971673537,0.9743538326464108,0.9938336617250784,0.9775695225876526
2010-09-02 07:00:00,0.9914242390237318,0.9818432916953795,0.9943599995549596,0.977903635899073
2010-09-02 08:00:00,0.9914242390237318,0.9810849715778841,0.9936992837485547,0.977903635899073
2010-09-02 09:00:00,0.9914242390237318,0.9817799446984886,0.9927329717890321,0.977903635899073
2010-09-02 10:00:00,0.9915940298476812,0.9825382648159839,0.9928673497655558,0.9786280345951504
2010-09-02 11:00:00,0.9934595743146043,0.9865381923871327,0.9934547526949143,0.9800765652874811
2010-09-02 12:00:00,0.9949005494225629,0.9901023577085334,0.9940716641853229,0.9820881532858735
2010-09-02 13:00:00,0.9949005494225627,0.994554427329194,0.9944918725098696,0.9839383998942504
2010-09-03 07:00:00,0.9961017508353858,0.9953888221825131,0.9944918725098696,0.9839383998942501
2010-09-03 08:00:00,0.9967684380185847,0.9960302255560917,0.9939342295605721,0.9857886465026268
2010-09-03 09:00:00,0.9967684380185847,0.9974835187941916,0.9940716641853229,0.9861227598140476
2010-09-03 10:00:00,0.9975660230398006,0.9989368120322915,0.9944918725098696,0.9869823637193758
2010-09-03 11:00:00,0.9980759869469537,0.9996951321497868,0.9937644521767031,0.9865130451987042
2010-09-03 12:00:00,0.9975660230398007,0.9989368120322913,0.9933933208019481,0.9842725132056708
2010-09-03 13:00:00,0.9964214696008871,0.9974835187941916,0.9928815557963017,0.9816978679012167
2010-09-07 07:00:00,0.9964214696008871,0.9967251986766961,0.9928815557963017,0.9809734692051393
2010-09-07 08:00:00,0.9969314335080399,0.9967251986766963,0.9933933208019481,0.9805041506844677
2010-09-07 09:00:00,0.9971012243319892,0.9974835187941914,0.993509597406027,0.9801700373730472
2010-09-07 10:00:00,0.9955672366057619,0.9974835187941914,0.9933933208019481,0.981228282680721
2010-09-07 11:00:00,0.9952202681880641,0.9974835187941914,0.9928815557963017,0.9797424519760605
2010-09-07 12:00:00,0.9957302320952172,0.9958908038233771,0.9928815557963017,0.9797424519760605
2010-09-07 13:00:00,0.9959000229191664,0.9966491239408725,0.9933933208019481,0.9803686787753927
2010-09-07 14:00:00,0.9969240467382409,0.9982418389116868,0.9941207411351144,0.9807589641600495
2010-09-08 07:00:00,0.9978988093532053,0.9996951321497868,0.9949471628689706,0.9816185680653776
2010-09-08 08:00:00,0.9973666043819526,0.9989368120322913,0.9950657208547383,0.9816185680653778
2010-09-08 09:00:00,0.9968566404747996,0.998178491914796,0.9950657208547383,0.9820878865860494
2010-09-08 10:00:00,0.9960590554535836,0.9973440970614771,0.9947030872166048,0.9829474904913775
2010-09-08 11:00:00,0.9965912604248361,0.9989368120322915,0.9947030872166048,0.9829474904913775
2010-09-08 12:00:00,0.9965912604248361,0.9989368120322915,0.9950819962467687,0.980706958498344
2010-09-08 13:00:00,0.9965912604248361,0.9989368120322913,0.9951215054415461,0.9796904463143549
2010-09-09 07:00:00,0.9965912604248361,0.9989368120322913,0.9950819962467687,0.9796904463143549
2010-09-09 08:00:00,0.9965912604248361,0.9989368120322915,0.9953763602122222,0.9782046156096943
2010-09-09 09:00:00,0.9965912604248361,0.9974835187941916,0.9955909154998744,0.9778705022982738
2010-09-09 10:00:00,0.9965912604248361,0.9974835187941916,0.9956312149828984,0.9761251583068524
2010-09-09 11:00:00,0.9965912604248361,0.9974835187941916,0.9955864370791152,0.9765944768275238
2010-09-09 12:00:00,0.9972036088924974,0.9974835187941914,0.9960865053419994,0.979169122131978
2010-09-09 13:00:00,0.9970338180685481,0.9974835187941916,0.9960865053419994,0.980054862218071
2010-09-10 07:00:00,0.9972036088924974,0.998178491914796,0.9958316505713234,0.9800548622180711
2010-09-10 08:00:00,0.9970338180685482,0.9958908038233771,0.9951215054415461,0.982921621010437
2010-09-10 09:00:00,0.9959878304651753,0.9974835187941916,0.9942755271226118,0.9821972223143596
2010-09-10 10:00:00,0.9959878304651753,0.9974835187941916,0.9942297313658679,0.9803469757059827
2010-09-10 11:00:00,0.9959878304651753,0.9967251986766961,0.9949974511820582,0.9798776571853113
2010-09-10 12:00:00,0.994894791172336,0.9960302255560917,0.9946104304956374,0.97809501318156
2010-09-10 13:00:00,0.994894791172336,0.9951958307027725,0.9942392991208824,0.97809501318156
2010-09-13 07:00:00,0.9953843007617866,0.9966491239408725,0.9942788083156597,0.9778028996936484
2010-09-13 08:00:00,0.9952275774857405,0.9966491239408725,0.9943555757249614,0.9784291264929805
2010-09-13 09:00:00,0.994894791172336,0.9966491239408725,0.9942392991208824,0.9775433864068876
2010-09-13 10:00:00,0.994894791172336,0.9958357687889353,0.9941252177304164,0.9763496691901387
2010-09-13 11:00:00,0.9953843007617866,0.9965205217165898,0.9942788083156597,0.9775433864068876
2010-09-13 12:00:00,0.9964773400546256,0.99652052171659,0.9949889534454368,0.9775433864068874
2010-09-13 13:00:00,0.9972036088924974,0.9958357687889353,0.9956431236030722,0.978267785102965
2010-09-14 07:00:00,0.997963861871932,0.9980898144084217,0.9959503356116918,0.9805083170959985
2010-09-14 08:00:00,0.9974073838580095,0.99734264605736,0.9953364649370805,0.9799193903089961
2010-09-14 09:00:00,0.9961576212891243,0.9950886004378738,0.9949889534454368,0.9799193903089961
2010-09-14 10:00:00,0.9958106528714264,0.993519307746042,0.9945347123327736,0.9799193903089961
2010-09-14 11:00:00,0.9950130678502106,0.9957733533655283,0.9948353628601937,0.9790597864036678
2010-09-14 12:00:00,0.9953923682703845,0.9957733533655283,0.9956431236030722,0.9796860132030002
2010-09-14 13:00:00,0.9968566404747996,0.99734264605736,0.9956899845672957,0.9820202839814238
2010-09-14 14:00:00,0.9972036088924974,0.9980898144084217,0.9956431236030722,0.9811606800760955
2010-09-15 07:00:00,0.9967140993030468,0.9958357687889353,0.9957594002071511,0.9782939212837296
2010-09-15 08:00:00,0.9972036088924974,0.9958357687889353,0.9957594002071511,0.9782939212837298
2010-09-15 09:00:00,0.9967140993030468,0.9958357687889353,0.9953244026108063,0.9801441678921065
2010-09-15 10:00:00,0.9959878304651753,0.9950886004378737,0.9951678265237035,0.9808685665881839
2010-09-15 11:00:00,0.9964773400546257,0.99652052171659,0.994553955849092,0.9813378851088554
2010-09-15 12:00:00,0.9974073838580095,0.9980898144084217,0.9949889534454368,0.9803213729248664
2010-09-15 13:00:00,0.9972375930340605,0.99734264605736,0.9951052300495158,0.9798520544041949
2010-09-16 07:00:00,0.9976168934542343,0.9980898144084217,0.9951520910137394,0.9775177836257712
2010-09-16 08:00:00,0.9972544793069309,0.9973426460573602,0.9954527415411594,0.9771836703143505
2010-09-16 09:00:00,0.9967649697174803,0.995910724778644,0.9954527415411594,0.9762979302282573
2010-09-16 10:00:00,0.9956719304246411,0.99734264605736,0.9951052300495158,0.9755735315321798
2010-09-16 11:00:00,0.99505958195698,0.99734264605736,0.9955310000439034,0.9744543214316873
2010-09-16 12:00:00,0.9955490915464307,0.9950886004378737,0.9957858548145795,0.9729684907270264
2010-09-16 13:00:00,0.9965238541613951,0.9950886004378737,0.9964400249722147,0.976094762806153
2010-09-17 07:00:00,0.9970338180685481,0.9965205217165898,0.9967801846944122,0.9775805935108137
2010-09-17 08:00:00,0.9964773400546256,0.9958357687889353,0.9969499620782811,0.9780499120314852
2010-09-17 09:00:00,0.9961445537412211,0.9937718765391934,0.9969499620782811,0.9780499120314852
2010-09-17 10:00:00,0.9964773400546256,0.9908858599486813,0.9971162346291775,0.9792436292482339
2010-09-17 11:00:00,0.9975703793474647,0.9917079842894516,0.9976345215078597,0.9792436292482342
2010-09-17 12:00:00,0.9982966481853365,0.9937718765391936,0.9976345215078598,0.979633914632891
2010-09-17 13:00:00,0.9984664390092857,0.9937718765391934,0.9976345215078598,0.9811434101180404
2010-09-20 07:00:00,0.9982966481853365,0.9950886004378737,0.9976756435423803,0.9811434101180404
2010-09-20 08:00:00,0.9988288531565891,0.993352644869792,0.9980560511660116,0.9824194355887904
2010-09-20 09:00:00,0.9988288531565891,0.993352644869792,0.9980560511660116,0.9830083623757928
2010-09-20 10:00:00,0.9988288531565891,0.9920359209711118,0.9981409021993635,0.9838679662811209
2010-09-20 11:00:00,0.9988288531565891,0.993352644869792,0.9985956146691932,0.9834776808964643
2010-09-20 12:00:00,0.9990060307503377,0.993352644869792,0.9989588288610354,0.9826180769911359
2010-09-20 13:00:00,0.9990060307503377,0.9891561408166398,0.9988328557931627,0.9815598316834621
2010-09-21 07:00:00,0.9993853311705114,0.9919207235910761,0.9988739778276833,0.9786930728910962
2010-09-21 08:00:00,0.9988288531565891,0.989856831341334,0.9989168499947487,0.979083358275753
2010-09-21 09:00:00,0.9990060307503377,0.9919207235910761,0.9990902832478804,0.980141603583427
2010-09-21 10:00:00,0.9988288531565891,0.993352644869792,0.9990902832478804,0.9786930728910964
2010-09-21 11:00:00,0.9984818847388913,0.9920359209711118,0.9990902832478804,0.9766814848927038
2010-09-21 12:00:00,0.9975518409355073,0.993352644869792,0.9991322621141671,0.9762911995080472
2010-09-21 13:00:00,0.9978988093532051,0.9898408937442943,0.9992189385972288,0.9762911995080472
2010-09-21 14:00:00,0.9975518409355073,0.9898408937442943,0.9992189385972288,0.9762911995080472
2010-09-22 07:00:00,0.9978988093532051,0.9898408937442944,0.9992189385972289,0.9745085555042959
2010-09-22 08:00:00,0.9978988093532051,0.9905256466719486,0.9992189385972289,0.9759570861966264
2010-09-22 09:00:00,0.9977290185292561,0.9905256466719486,0.9991340875638769,0.9759570861966264
2010-09-22 10:00:00,0.9978988093532051,0.9898408937442943,0.9993633034145478,0.9744712554919659
2010-09-22 11:00:00,0.9967542559142916,0.988524169845614,0.9993633034145478,0.973277538275217
2010-09-22 12:00:00,0.9962442920071385,0.9873054486838199,0.9995007380392986,0.9717917075705564
2010-09-22 13:00:00,0.9967542559142916,0.9873054486838199,0.9995007380392986,0.9703431768782259
2010-09-23 07:00:00,0.9975518409355073,0.9908171998093175,0.9995007380392986,0.973413010184292
2010-09-23 08:00:00,0.9978988093532053,0.9927206738987662,0.9993633034145478,0.974429522368281
2010-09-23 09:00:00,0.9978988093532053,0.9927206738987662,0.9990492365305248,0.9754460345522702
2010-09-23 10:00:00,0.9978988093532053,0.9952037978179096,0.9990054322145283,0.9759153530729417
2010-09-23 11:00:00,0.9986590623326399,0.9960259221586797,0.9990054322145283,0.977697997076693
2010-09-23 12:00:00,0.9992155403465623,0.9960259221586797,0.9989187557314666,0.9788917142934419
2010-09-23 13:00:00,0.9986590623326399,0.9960259221586797,0.9988776336969462,0.9788917142934419
2010-09-24 07:00:00,0.9981490984254868,0.9960259221586797,0.9992328226154896,0.979949959601116
2010-09-24 08:00:00,0.9981490984254868,0.9960259221586797,0.9990593893623578,0.9799499596011159
2010-09-24 09:00:00,0.9983431622921058,0.9960259221586797,0.9988859561092261,0.9788917142934419
2010-09-24 10:00:00,0.9985061577815613,0.9952787538076181,0.9988448340747058,0.9788917142934419
2010-09-24 11:00:00,0.9985061577815613,0.9930247081881317,0.9987990383179617,0.980966471785105
2010-09-24 12:00:00,0.9985061577815613,0.9907706625686457,0.9986756379341305,0.9803402449857724
2010-09-24 13:00:00,0.9985061577815613,0.989856831341334,0.9987176168004174,0.9788917142934418
2010-09-27 07:00:00,0.9990383627528138,0.9907706625686457,0.9987176168004174,0.9783915874567097
2010-09-27 08:00:00,0.9993037584499153,0.9936566791591576,0.9990182673278375,0.9786294734675219
2010-09-27 09:00:00,0.9989439704920852,0.9950886004378738,0.9987042004438144,0.9786294734675219
2010-09-27 10:00:00,0.9982229644718791,0.994456629466848,0.9984493456731384,0.9796722699385874
2010-09-27 11:00:00,0.9975328016956692,0.9922025838473617,0.9987214336908746,0.9796722699385874
2010-09-27 12:00:00,0.9975328016956692,0.9922025838473617,0.9984610826464784,0.9779156499348911
2010-09-27 13:00:00,0.9982538077158751,0.9922025838473617,0.9985441835472857,0.9758711808737632
2010-09-28 07:00:00,0.9982538077158751,0.9950886004378737,0.9985441835472857,0.9758711808737632
2010-09-28 08:00:00,0.9986135956737052,0.99734264605736,0.9988448340747058,0.975408713718357
2010-09-28 09:00:00,0.9987754100364254,0.99734264605736,0.9984896451561623,0.9761225372509881
2010-09-28 10:00:00,0.9991198641902268,0.9987745673360763,0.9982704161462868,0.9767396220532498
2010-09-28 11:00:00,0.9989439704920852,0.9980898144084218,0.9982704161462868,0.9749830020495533
2010-09-28 12:00:00,0.9989439704920852,0.9965205217165898,0.9981264309643202,0.9770274711106811
2010-09-28 13:00:00,0.9989439704920849,0.99734264605736,0.9980806352075761,0.9770274711106811
2010-09-28 14:00:00,0.9984156220785951,0.99734264605736,0.9980403357245522,0.9774899382660872
2010-09-29 07:00:00,0.9987600762323966,0.99652052171659,0.9980806352075761,0.976776114733456
2010-09-29 08:00:00,0.9980390702121908,0.9952037978179097,0.9980806352075761,0.9753119749879877
2010-09-29 09:00:00,0.9977086953938109,0.9920359209711118,0.9982704161462865,0.9764882656760251
2010-09-29 10:00:00,0.9975328016956692,0.9912887526200499,0.9982704161462865,0.9753119749879877
2010-09-29 11:00:00,0.9968426389194593,0.9912887526200501,0.9981889946287422,0.974531535750069
2010-09-29 12:00:00,0.9956019326010733,0.9899720287213698,0.9985844830303097,0.9739879619210122
2010-09-29 13:00:00,0.9956019326010733,0.9872074459469337,0.9984896451561621,0.9736033741332116
2010-09-30 07:00:00,0.9956019326010733,0.9899720287213698,0.9987042004438144,0.9717801384242272
2010-09-30 08:00:00,0.9964476829774159,0.9920359209711118,0.9987042004438144,0.969243079182612
2010-09-30 09:00:00,0.9964476829774158,0.993352644869792,0.9985307671906827,0.969243079182612
2010-09-30 10:00:00,0.9968426389194593,0.9950886004378737,0.9987453224783348,0.9720679874816585
2010-09-30 11:00:00,0.9970044532821791,0.9957733533655282,0.9984849714339388,0.9737878519987525
2010-09-30 12:00:00,0.9970044532821791,0.9950886004378737,0.9984438493994182,0.9752519917442212
2010-09-30 13:00:00,0.997532801695669,0.9965205217165898,0.9984896451561623,0.9764282824322581
2010-10-01 07:00:00,0.9980852472602152,0.9987745673360762,0.9987042004438144,0.9764282824322581
2010-10-01 08:00:00,0.9980852472602152,0.9987745673360762,0.9989187557314665,0.9758111976299966
2010-10-01 09:00:00,0.9974233911435613,0.9980898144084218,0.998514419505104,0.9735110037972432
2010-10-01 10:00:00,0.9975789787436938,0.99652052171659,0.9985144195051038,0.9737988528546743
2010-10-01 11:00:00,0.9967332283673512,0.994456629466848,0.9983910191212728,0.9745126763873054
2010-10-01 12:00:00,0.9974233911435613,0.9944566294668479,0.9988356548306594,0.9748972641751057
2010-10-01 13:00:00,0.9970468392771568,0.99652052171659,0.998964310180008,0.9745126763873053
2010-10-04 07:00:00,0.9970468392771568,0.9950886004378738,0.998964310180008,0.977337584686352
2010-10-04 08:00:00,0.9972307335368452,0.9922025838473617,0.9990474110808151,0.979057449203446
2010-10-04 09:00:00,0.9978925896534995,0.9902991097579129,0.998684196888973,0.9797712727360772
2010-10-04 10:00:00,0.9986135956737053,0.9937718765391934,0.9986841968889729,0.980485096268708
2010-10-04 11:00:00,0.9986135956737052,0.9960259221586797,0.9990474110808152,0.9823083319776924
2010-10-04 12:00:00,0.9982370438073008,0.9960259221586797,0.9990474110808151,0.9848453912193076
2010-10-04 13:00:00,0.9986135956737053,0.9960259221586797,0.9988128522383214,0.9851332402767391
2010-10-05 07:00:00,0.9989439704920852,0.9960259221586797,0.9990474110808151,0.9868898602804356
2010-10-05 08:00:00,0.9991198641902267,0.994456629466848,0.9991340875638769,0.987932656751501
2010-10-05 09:00:00,0.9986135956737052,0.9937718765391934,0.9989643101800078,0.9873155719492395
2010-10-05 10:00:00,0.9986135956737053,0.994456629466848,0.9989643101800078,0.9877001597370398
2010-10-05 11:00:00,0.9986135956737052,0.9918059870263375,0.9990474110808152,0.9894567797407363
2010-10-05 12:00:00,0.9991198641902268,0.9893549396245894,0.9989187557314665,0.9890721919529359
2010-10-05 13:00:00,0.9991198641902267,0.9863905884096479,0.9988776336969462,0.989360041010367
2010-10-05 14:00:00,0.9991198641902267,0.9848212957178162,0.998514419505104,0.9890308052655366
2010-10-06 07:00:00,0.9991198641902268,0.9848212957178162,0.9988356548306594,0.9878545145774992
2010-10-06 08:00:00,0.9985674186256807,0.9823381717986729,0.9987908769268761,0.9875252788326687
2010-10-06 09:00:00,0.9991198641902268,0.9839074644905046,0.9988794591466559,0.9872374297752374
2010-10-06 10:00:00,0.9992884246458864,0.9868718157054459,0.998964310180008,0.9868528419874368
2010-10-06 11:00:00,0.9987600762323966,0.9846177700859599,0.9988794591466559,0.9861390184548061
2010-10-06 12:00:00,0.9989286366880564,0.9855316013132714,0.9990200927775472,0.9851373458647436
2010-10-06 13:00:00,0.9989286366880564,0.9895519414068513,0.999157527402298,0.9851373458647436
2010-10-07 07:00:00,0.9982076306678505,0.9907706625686457,0.99924237843565,0.983092876803616
2010-10-07 08:00:00,0.9982076306678505,0.9936566791591576,0.9993309606554296,0.9813730122865221
2010-10-07 09:00:00,0.9982076306678505,0.995910724778644,0.9994176371384914,0.9818354794419283
2010-10-07 10:00:00,0.9982076306678505,0.9930247081881317,0.9992075602715985,0.982549302974559
2010-10-07 11:00:00,0.9985674186256807,0.9922025838473617,0.9992075602715985,0.9835509755646216
2010-10-07 12:00:00,0.9991198641902268,0.9950886004378738,0.9992075602715984,0.9830885084092151
2010-10-07 13:00:00,0.9983988581700209,0.9937718765391936,0.9990017785259248,0.9827039206214148
2010-10-08 07:00:00,0.9987433123238224,0.9944566294668479,0.998864343901174,0.9837467170924802
2010-10-08 08:00:00,0.9991198641902268,0.9944566294668479,0.9987757616813944,0.9837467170924804
2010-10-08 09:00:00,0.9987433123238223,0.9930247081881317,0.9989815434270679,0.9843270464081395
2010-10-08 10:00:00,0.9992957578883684,0.9950886004378738,0.9991049438108991,0.9846562821529701
2010-10-08 11:00:00,0.9992957578883684,0.994456629466848,0.9991049438108991,0.9840759528373109
2010-10-08 12:00:00,0.9991198641902267,0.994456629466848,0.9991049438108991,0.9823193328336143
2010-10-08 13:00:00,0.9991198641902267,0.9952787538076181,0.9993290549187116,0.9813176602435522
2010-10-11 07:00:00,0.9986135956737052,0.9930247081881317,0.9995436102063638,0.9827817999890204
2010-10-11 08:00:00,0.9989439704920852,0.9895519414068513,0.9995436102063638,0.9845016645061145
2010-10-11 09:00:00,0.9989439704920852,0.9907706625686457,0.9996284612397158,0.9840391973507084
2010-10-11 10:00:00,0.9989439704920852,0.9936566791591578,0.9995855890726506,0.9837099616058778
2010-10-11 11:00:00,0.9987754100364254,0.9950886004378738,0.999361477964838,0.9844237851385088
2010-10-11 12:00:00,0.9986135956737053,0.9922025838473617,0.999361477964838,0.985425457728571
2010-10-11 13:00:00,0.9980852472602155,0.9928873367750162,0.999361477964838,0.9871820777322675
2010-10-12 07:00:00,0.9980852472602152,0.9909838626855674,0.999361477964838,0.9875113134770982
2010-10-12 08:00:00,0.9984297014140167,0.9922025838473617,0.9994043501319033,0.9857914489600041
2010-10-12 09:00:00,0.9984297014140167,0.994456629466848,0.9994043501319033,0.9852111196443447
2010-10-12 10:00:00,0.9982538077158751,0.9922025838473617,0.9994043501319033,0.9855403553891752
2010-10-12 11:00:00,0.9978772558494706,0.9922025838473615,0.9994043501319033,0.9869677396480412
2010-10-12 12:00:00,0.9982370438073009,0.9930247081881317,0.9996284612397158,0.9869677396480414
2010-10-12 13:00:00,0.9986135956737053,0.9930247081881317,0.9995855890726504,0.9878147945912479
2010-10-12 14:00:00,0.9989439704920852,0.9907706625686457,0.9993194990985512,0.9890721919529359
2010-10-13 07:00:00,0.9989439704920852,0.9878846459781334,0.9993623712656166,0.9886876041651356
2010-10-13 08:00:00,0.999472318905575,0.9869708147508218,0.9994043501319033,0.9890721919529359
2010-10-13 09:00:00,0.9993037584499153,0.9869708147508218,0.9994043501319033,0.9876448076940699
2010-10-13 10:00:00,0.9989439704920852,0.9898568313413342,0.9994043501319033,0.9851077484524545
2010-10-13 11:00:00,0.9989439704920852,0.9912887526200502,0.9993194990985512,0.9856880777681137
2010-10-13 12:00:00,0.9986135956737053,0.9912887526200501,0.9993623712656166,0.9853034899803134
2010-10-13 13:00:00,0.9981276332551928,0.990070031458256,0.9990902832478802,0.984127199292276
2010-10-14 07:00:00,0.9971320604703897,0.9868718157054461,0.9987270690560383,0.9835101144900142
2010-10-14 08:00:00,0.9973159547300783,0.9846177700859599,0.9987690479223249,0.9817534944863178
2010-10-14 09:00:00,0.9973159547300782,0.9846177700859599,0.9988128522383214,0.9811731651706586
2010-10-14 10:00:00,0.9971320604703897,0.9868718157054461,0.9988557244053866,0.9811731651706583
2010-10-14 11:00:00,0.9973159547300782,0.9893549396245894,0.9992189385972288,0.9811731651706583
2010-10-14 12:00:00,0.9969561667722482,0.9877856469327575,0.9992189385972288,0.9807106980152521
2010-10-14 13:00:00,0.9965796149058438,0.9855316013132712,0.9991340875638769,0.9794533006535644
2010-10-15 07:00:00,0.9969394028636737,0.9846177700859599,0.9992189385972288,0.9803261102274518
2010-10-15 08:00:00,0.9959832550494566,0.979170294951875,0.9991340875638769,0.9785694902237554
2010-10-15 09:00:00,0.9954044048477246,0.9778535710531947,0.9991340875638769,0.9796122866948208
2010-10-15 10:00:00,0.9959832550494566,0.9833010461872795,0.9993633034145477,0.9788318474569018
2010-10-15 11:00:00,0.9957993607897682,0.9857520935890275,0.999406175581613,0.979545670989533
2010-10-15 12:00:00,0.9950446168898945,0.9857520935890275,0.9993633034145478,0.9772454771567798
2010-10-15 13:00:00,0.9942528114702817,0.9884027360295378,0.9993194990985514,0.9760691864687424
2010-10-18 07:00:00,0.9939083573164802,0.9840161380209457,0.9990054322145283,0.9782770099655271
2010-10-18 08:00:00,0.9948645051306972,0.9840161380209457,0.9990054322145283,0.9779891609080958
2010-10-18 09:00:00,0.9935318054500756,0.9840161380209459,0.9987908769268762,0.9779891609080961
2010-10-18 10:00:00,0.9939083573164802,0.9829875108145916,0.9988356548306594,0.9785327347371526
2010-10-18 11:00:00,0.9950446168898943,0.9857520935890275,0.9991908437492029,0.9782034989923223
2010-10-18 12:00:00,0.9956234670916263,0.9857520935890275,0.999456933723302,0.9774230597544032
2010-10-18 13:00:00,0.9957993607897682,0.9834980479695414,0.9992328226154896,0.9774230597544035
2010-10-19 07:00:00,0.9945198331377129,0.9834980479695414,0.9990182673278373,0.9767092362217722
2010-10-19 08:00:00,0.9939673875731667,0.9834980479695414,0.9990593893623578,0.9764213871643409
2010-10-19 09:00:00,0.9932126436732932,0.9834980479695414,0.9990593893623578,0.9751639898026532
2010-10-19 10:00:00,0.9916056241086444,0.9786695729453632,0.9987990383179617,0.9711372989912848
2010-10-19 11:00:00,0.9896658229313794,0.9742829749367711,0.9985441835472857,0.9702644894173976
2010-10-19 12:00:00,0.9894528677134982,0.9753116021431255,0.998451526826318,0.9682200203562696
2010-10-19 13:00:00,0.9894528677134982,0.9796982001517176,0.9986756379341305,0.9668592518026914
2010-10-19 14:00:00,0.9880918102030796,0.9742829749367711,0.9986756379341305,0.9663967846472853
2010-10-20 07:00:00,0.9871685058475463,0.9688677497218247,0.9987990383179617,0.9677575532008634
2010-10-20 08:00:00,0.9895460601796967,0.9688677497218247,0.9989762884615506,0.969221692946332
2010-10-20 09:00:00,0.99046936453523,0.9698963769281792,0.9990231494257743,0.9704790903080196
2010-10-20 10:00:00,0.991190370555436,0.969896376928179,0.9988857148010234,0.9745057811193883
2010-10-20 11:00:00,0.9927973901200847,0.9753116021431255,0.9990231494257742,0.9753785906932755
2010-10-20 12:00:00,0.99407691777214,0.9796982001517176,0.9991518047751227,0.9782034989923223
2010-10-20 13:00:00,0.9952169598460457,0.9840847981603097,0.9994121558195189,0.9784913480497534
2010-10-21 07:00:00,0.9946886114325559,0.9840847981603097,0.9993254793364571,0.9767714835326594
2010-10-21 08:00:00,0.9933275539221372,0.9840847981603097,0.9993254793364571,0.9755140861709716
2010-10-21 09:00:00,0.9927158602617212,0.9840847981603097,0.9993254793364571,0.9752262371135403
2010-10-21 10:00:00,0.993855902335627,0.9869708147508218,0.9994121558195189,0.9752262371135403
2010-10-21 11:00:00,0.9936720080759387,0.989856831341334,0.9995436102063637,0.9752262371135403
2010-10-21 12:00:00,0.993165739559417,0.9898568313413342,0.9995436102063638,0.9732763109034247
2010-10-21 13:00:00,0.9924447335392111,0.989856831341334,0.9993194990985512,0.969965616139731
2010-10-22 07:00:00,0.9918330398787951,0.989856831341334,0.9991049438108991,0.970253465197162
2010-10-22 08:00:00,0.993165739559417,0.989856831341334,0.9991049438108991,0.969965616139731
2010-10-22 09:00:00,0.9936720080759385,0.9870922485668979,0.9992363981977441,0.9689639435496685
2010-10-22 10:00:00,0.9940317960337688,0.9870922485668979,0.999236398197744,0.9689639435496686
2010-10-22 11:00:00,0.9936720080759385,0.9870922485668979,0.9991856419920794,0.9697443827875875
2010-10-22 12:00:00,0.9926012627744186,0.9877770014945523,0.99931116191942,0.9697443827875875
2010-10-22 13:00:00,0.9940317960337687,0.9926054765187304,0.9995762947353392,0.971501002791284
2010-10-25 07:00:00,0.9958600779155006,0.9950886004378738,0.9997101893378466,0.9740380620328993
2010-10-25 08:00:00,0.9963460403340129,0.9950886004378738,0.9997965540349979,0.974885116976106
2010-10-25 09:00:00,0.9966904944878143,0.9950886004378737,0.9997965540349979,0.977415372501881
2010-10-25 10:00:00,0.9966904944878143,0.9922025838473617,0.9997101893378464,0.9791719925055775
2010-10-25 11:00:00,0.9968523088505344,0.9922025838473617,0.9997101893378464,0.9812164615667053
2010-10-25 12:00:00,0.9966764151523928,0.9922025838473617,0.9994917489215315,0.9822181341567677
2010-10-25 13:00:00,0.9963460403340131,0.9922025838473617,0.9994917489215315,0.982991769678846
2010-10-26 07:00:00,0.9960286383711603,0.9908858599486814,0.9994917489215315,0.9822779461462149
2010-10-26 08:00:00,0.9958600779155004,0.988402736029538,0.9994917489215315,0.9822779461462149
2010-10-26 09:00:00,0.9963460403340129,0.988402736029538,0.9993189395290226,0.9815043106241366
2010-10-26 10:00:00,0.9955002899576703,0.988402736029538,0.9991934196016821,0.9800769263652706
2010-10-26 11:00:00,0.9936720080759385,0.9864992619400894,0.9991122909672943,0.9780324573041428
2010-10-26 12:00:00,0.9933416332575586,0.9878159858387696,0.9991122909672943,0.9768561666161056
2010-10-26 13:00:00,0.9939816847477714,0.9922025838473617,0.9992889035204388,0.9768561666161056
2010-10-26 14:00:00,0.9927891876930126,0.9930247081881317,0.9995428415473354,0.9760091116728988
2010-10-27 07:00:00,0.9920089335769371,0.9918059870263375,0.9995428415473354,0.9777289761899928
2010-10-27 08:00:00,0.9914195687010918,0.9918059870263375,0.9993335203526256,0.9754287823572396
2010-10-27 09:00:00,0.9909133001845701,0.9930247081881317,0.9992889035204388,0.9739646426117713
2010-10-27 10:00:00,0.9918330398787953,0.9936566791591578,0.9992025388232872,0.9712253009328525
2010-10-27 11:00:00,0.9918330398787953,0.9936566791591578,0.9991122909672943,0.9733843132961119
2010-10-27 12:00:00,0.9918330398787953,0.9907706625686457,0.9988938505509793,0.9706449716171933
2010-10-27 13:00:00,0.9905923335604091,0.9878846459781333,0.9990595249991748,0.9713587951498244
2010-10-28 07:00:00,0.9914250426573381,0.9878846459781334,0.9991497728551676,0.9719758799520861
2010-10-28 08:00:00,0.9922707930336807,0.9878846459781334,0.9991497728551676,0.970615111398508
2010-10-28 09:00:00,0.9926657489757241,0.9907706625686457,0.9990128325995706,0.970615111398508
2010-10-28 10:00:00,0.9917424446201909,0.9907706625686457,0.9986589213390076,0.970615111398508
2010-10-28 11:00:00,0.9914250426573381,0.9901386915976196,0.9983388415362057,0.968407287901723
2010-10-28 12:00:00,0.9902887830839239,0.9895519414068511,0.998039272485503,0.9646958870436856
2010-10-28 13:00:00,0.9881765463349398,0.9863840645600533,0.9978299512907932,0.9635195963556482
2010-10-29 07:00:00,0.9865695267702909,0.9825842167422297,0.9972973528811037,0.9609893408298733
2010-10-29 08:00:00,0.9869883159434208,0.9825842167422297,0.9973784815154915,0.9612194025228951
2010-10-29 09:00:00,0.9875776808192659,0.9825842167422297,0.9974178485908631,0.9624767998845826
2010-10-29 10:00:00,0.9893256340530961,0.9840161380209459,0.9975460411511851,0.9655574329552549
2010-10-29 11:00:00,0.9894754564615563,0.984016138020946,0.9971604126255065,0.9664044878984616
2010-10-29 12:00:00,0.9872646690861308,0.9840161380209459,0.9969117243554251,0.9657874030961996
2010-10-29 13:00:00,0.9872646690861308,0.9840161380209459,0.9971604126255067,0.9657874030961998
2010-11-01 07:00:00,0.9891811647639933,0.9840161380209459,0.9976930110351965,0.9676106388051843
2010-11-01 08:00:00,0.9871148466776706,0.9780533394937001,0.9975306874622664,0.9686534352762497
2010-11-01 09:00:00,0.9852274078656909,0.9786009128059995,0.9970972546054769,0.9663532414434962
2010-11-01 10:00:00,0.9852274078656909,0.980504386895448,0.9970972546054767,0.9657361566412346
2010-11-01 11:00:00,0.9854654440702818,0.9840161380209459,0.9970972546054767,0.9639129209322501
2010-11-01 12:00:00,0.9875776808192659,0.988402736029538,0.9969980890525766,0.9653770606777186
2010-11-01 13:00:00,0.9878719725168289,0.9897194599282184,0.9971604126255065,0.9653770606777186
2010-11-02 07:00:00,0.9897002543985608,0.992887336775016,0.9976930110351964,0.9663787332677809
2010-11-02 08:00:00,0.9899132096164418,0.9944566294668479,0.9978299512907934,0.9663787332677809
2010-11-02 09:00:00,0.9894754564615563,0.9919735055477046,0.9976930110351964,0.9659162661123747
2010-11-02 10:00:00,0.9897002543985608,0.9957733533655282,0.9979267261408467,0.9666300896450055
2010-11-02 11:00:00,0.9911539159348278,0.99734264605736,0.9983207919222645,0.9646478678947651
2010-11-02 12:00:00,0.9911539159348278,0.99652052171659,0.9985440968750129,0.9632870993411868
2010-11-02 13:00:00,0.9911539159348278,0.9950886004378738,0.9984071566194158,0.9629025115533864
2010-11-02 14:00:00,0.9911539159348278,0.99734264605736,0.9985440968750129,0.9618597150823209
2010-11-03 07:00:00,0.9894059627009978,0.994456629466848,0.9985440968750129,0.9618597150823209
2010-11-03 08:00:00,0.9875776808192659,0.9937718765391934,0.9982507917727446,0.9607568438154119
2010-11-03 09:00:00,0.9871278015215701,0.9899720287213698,0.9978265533250993,0.9600430202827809
2010-11-03 10:00:00,0.9875776808192659,0.9899720287213698,0.9979093553018029,0.9625732758085557
2010-11-03 11:00:00,0.9893256340530961,0.9920359209711118,0.9981326602545514,0.9631903606108176
2010-11-03 12:00:00,0.9904107527713494,0.993352644869792,0.9983511006708663,0.9661213222309364
2010-11-03 13:00:00,0.9904107527713494,0.9912887526200501,0.9985102063025924,0.9668351457635674
2010-11-04 07:00:00,0.9907161627799423,0.9877770014945523,0.9983335937494481,0.965078525759871
2010-11-04 08:00:00,0.9902662834822465,0.9858735274051036,0.9980741792196001,0.965078525759871
2010-11-04 09:00:00,0.9904107527713494,0.9864602775958721,0.9979560477014069,0.9643048902377924
2010-11-04 10:00:00,0.9911317587915555,0.988524169845614,0.9983335937494482,0.9628407504923242
2010-11-04 11:00:00,0.9911317587915552,0.9858735274051036,0.9982507917727446,0.9643282095470336
2010-11-04 12:00:00,0.9921273315763584,0.9819324222982365,0.9984645752787863,0.9663726786081612
2010-11-04 13:00:00,0.9923199891830744,0.9805005010195204,0.9988035114048607,0.9674154750792269
2010-11-05 07:00:00,0.9909872895024526,0.9805005010195204,0.9988436659257155,0.9670308872914263
2010-11-05 08:00:00,0.9899165442009326,0.9805005010195204,0.99888731267223,0.9644683362255263
2010-11-05 09:00:00,0.9918330398787951,0.9858735274051037,0.9989340050718342,0.9647975719703569
2010-11-05 10:00:00,0.9920089335769369,0.9866206957561652,0.9987534180697225,0.9630409519666604
2010-11-05 11:00:00,0.9920089335769369,0.9794813748964885,0.9984071566194158,0.9621938970234537
2010-11-05 12:00:00,0.9913470774602827,0.9774174826467463,0.9981978354247061,0.961864661278623
2010-11-05 13:00:00,0.9899165442009328,0.9798685300484944,0.9984071566194158,0.9618646612786232
2010-11-08 07:00:00,0.9909872895024529,0.9845568035064233,0.9987534180697227,0.9648896794999293
2010-11-08 08:00:00,0.9899165442009328,0.9872074459469337,0.9987534180697227,0.9667129152089137
2010-11-08 09:00:00,0.9904689897654789,0.988524169845614,0.9987534180697227,0.9684094604167667
2010-11-08 10:00:00,0.9904689897654789,0.9873054486838196,0.9984071566194158,0.9684094604167667
2010-11-08 11:00:00,0.9904689897654789,0.9858735274051036,0.9982414821712206,0.9658724011751514
2010-11-08 12:00:00,0.9896573112403644,0.9864602775958721,0.9982021150958489,0.9652553163728894
2010-11-08 13:00:00,0.9892807593739598,0.988524169845614,0.9982021150958489,0.9649674673154583
2010-11-09 07:00:00,0.9892807593739598,0.9873054486838196,0.9982021150958489,0.9645283194692931
2010-11-09 08:00:00,0.9892807593739598,0.9858735274051036,0.9982021150958489,0.9645283194692931
2010-11-09 09:00:00,0.9883246115597425,0.9845568035064233,0.9979148169038008,0.9649674673154583
2010-11-09 10:00:00,0.9892807593739598,0.9806156983995562,0.9977300723170927,0.967792375614505
2010-11-09 11:00:00,0.9892807593739598,0.9794813748964883,0.9975207511223829,0.9695489956182013
2010-11-09 12:00:00,0.9889209714161299,0.9801661278241427,0.9972870360167326,0.969219759873371
2010-11-09 13:00:00,0.9911317587915555,0.9848544012820717,0.9975207511223829,0.9720446681724176
2010-11-09 14:00:00,0.9921273315763584,0.9873054486838199,0.9977300723170927,0.9743448620051708
2010-11-10 07:00:00,0.9938057910496296,0.9900700314582558,0.9979148169038008,0.9753465345952331
2010-11-10 08:00:00,0.9939676054123499,0.9927206738987662,0.9977300723170927,0.9760603581278642
2010-11-10 09:00:00,0.9946886114325557,0.9919735055477046,0.9978670125726898,0.9738525346310791
2010-11-10 10:00:00,0.9946886114325557,0.9944566294668479,0.9979148169038008,0.9728097381600137
2010-11-10 11:00:00,0.9946886114325559,0.9912887526200501,0.9977300723170927,0.9738525346310793
2010-11-10 12:00:00,0.9933559117519342,0.9900700314582558,0.9975207511223829,0.973467946843279
2010-11-10 13:00:00,0.9918330398787951,0.9912887526200501,0.9974048927794698,0.9724662742532166
2010-11-11 07:00:00,0.9913470774602827,0.988402736029538,0.9969979166514493,0.9729520607178638
2010-11-11 08:00:00,0.9921273315763584,0.9912887526200501,0.9967695253182268,0.9749965297789914
2010-11-11 09:00:00,0.9918330398787953,0.9912887526200501,0.9963264890178669,0.9744162004633322
2010-11-11 10:00:00,0.9913470774602827,0.9912887526200501,0.9956939109289721,0.9737991156610705
2010-11-11 11:00:00,0.9905923335604093,0.9912887526200501,0.9956939109289721,0.9726228249730333
2010-11-11 12:00:00,0.9882420606068342,0.9912887526200501,0.9951613125192824,0.9706728987629175
2010-11-11 13:00:00,0.9876062757798613,0.9899720287213698,0.9944426876305107,0.9709029604559392
2010-11-12 07:00:00,0.9877457613580107,0.9893852785306013,0.9938825023029042,0.9703593866268824
2010-11-12 08:00:00,0.9866501279656441,0.9893852785306013,0.9930425569535035,0.9701293249338608
2010-11-12 09:00:00,0.9876062757798613,0.9893852785306013,0.9925679622792822,0.9718859449375572
2010-11-12 10:00:00,0.9877457613580107,0.9873213862808594,0.992567962279282,0.9722705327253578
2010-11-12 11:00:00,0.9873859734001806,0.9886381101795397,0.9929443225639909,0.9710942420373204
2010-11-12 12:00:00,0.9873859734001806,0.9912887526200501,0.9931956122854639,0.9696668577784544
2010-11-12 13:00:00,0.9854985345882011,0.9884027360295378,0.9925729215890456,0.9696668577784544
2010-11-15 07:00:00,0.9867780622402561,0.989224860370308,0.9928380544049646,0.9705139127216612
2010-11-15 08:00:00,0.9889888496156819,0.989224860370308,0.9934607451013828,0.9708431484664918
2010-11-15 09:00:00,0.9889888496156819,0.9892248603703082,0.9934607451013828,0.9723072882119603
2010-11-15 10:00:00,0.9909616007865163,0.9901386915976196,0.9934607451013828,0.9753879212826325
2010-11-15 11:00:00,0.9909616007865163,0.9857520935890275,0.992819252000755,0.9799003985586481
2010-11-15 12:00:00,0.9909616007865163,0.9817317534954475,0.9918924405631574,0.9784129395039387
2010-11-15 13:00:00,0.9898215587126107,0.9762842783613629,0.9909850051793223,0.9756735978250201
2010-11-16 07:00:00,0.9877093219636269,0.9693251025469006,0.9901953048916209,0.9741700204637672
2010-11-16 08:00:00,0.9881765463349398,0.9651285984937485,0.9896246164984367,0.9753463111518046
2010-11-16 09:00:00,0.9877093219636265,0.9607420004851565,0.9888390488502053,0.9753463111518046
2010-11-16 10:00:00,0.9861102282486168,0.9547370031285473,0.9881142451369425,0.9735896911481079
2010-11-16 11:00:00,0.9863482644532079,0.9613287506759248,0.9882816521992802,0.9735896911481079
2010-11-16 12:00:00,0.9869883159434206,0.9682879264903871,0.9892748378773437,0.9750170754069739
2010-11-16 13:00:00,0.9863482644532079,0.9737354016244717,0.9896287491379065,0.9754795425623801
2010-11-16 14:00:00,0.9850155647725863,0.9731486514337033,0.9896287491379065,0.9747657190297491
2010-11-17 07:00:00,0.9832546566948562,0.9671436540770941,0.9900316253435167,0.9733015792842806
2010-11-17 08:00:00,0.9826652918190113,0.9586300106287191,0.9902450272664214,0.9733015792842806
2010-11-17 09:00:00,0.9841374770777823,0.962650350722299,0.9908865203670493,0.9733015792842806
2010-11-17 10:00:00,0.9864877500313574,0.9664501985401227,0.9910849726158223,0.9728391121288744
2010-11-17 11:00:00,0.9864877500313574,0.9691008409806331,0.9906662758320115,0.9728391121288744
2010-11-17 12:00:00,0.9841374770777823,0.9696484142929326,0.9906662758320115,0.9707946430677465
2010-11-17 13:00:00,0.983386297839217,0.9664501985401227,0.9906662758320115,0.9711792308555471
2010-11-18 07:00:00,0.9841374770777823,0.967036948730891,0.9903200143817046,0.9714670799129784
2010-11-18 08:00:00,0.9841374770777823,0.9635641819496106,0.9896222625815012,0.9700396956541124
2010-11-18 09:00:00,0.9826652918190113,0.9528846105580854,0.9889329651497624,0.9685755559086439
2010-11-18 10:00:00,0.9815342718104599,0.956357377339366,0.9894800690323039,0.9691558852243033
2010-11-18 11:00:00,0.9826652918190113,0.956357377339366,0.9903200143817046,0.9706200249697716
2010-11-18 12:00:00,0.9841374770777823,0.9563573773393659,0.9906662758320115,0.9710824921251778
2010-11-18 13:00:00,0.9850155647725863,0.9563573773393659,0.9912753655092426,0.9692592564161934
2010-11-19 07:00:00,0.9825304575131336,0.9542266765490819,0.9906338724086147,0.9692592564161934
2010-11-19 08:00:00,0.9805166171216564,0.9557706271485975,0.9898098588295771,0.9672147873550658
2010-11-19 09:00:00,0.9781663441680811,0.9563573773393657,0.9898098588295771,0.9665009638224347
2010-11-19 10:00:00,0.9781663441680811,0.9563573773393659,0.990451351930205,0.9672147873550658
2010-11-19 11:00:00,0.9805166171216562,0.9563573773393659,0.9911550045074686,0.9678318721573276
2010-11-19 12:00:00,0.9813994375045821,0.9481376458683882,0.9914545735581713,0.9685456956899586
2010-11-19 13:00:00,0.9838631571937553,0.959243393929878,0.9923565641345473,0.9690081628453647
2010-11-22 07:00:00,0.9861102282486169,0.9629549134958811,0.9929760234704189,0.9719391244654836
2010-11-22 08:00:00,0.9861102282486169,0.9629549134958811,0.9924510608652625,0.9739835935266113
2010-11-22 09:00:00,0.9861102282486169,0.9629549134958811,0.9920569950838447,0.9746974170592424
2010-11-22 10:00:00,0.9861102282486169,0.9629549134958811,0.9919790180865065,0.9749852661166737
2010-11-22 11:00:00,0.9866995931244622,0.9635024868081805,0.9920569950838448,0.9756801387344646
2010-11-22 12:00:00,0.9889103804998878,0.9731211810742132,0.993047346872416,0.9756801387344645
2010-11-22 13:00:00,0.9902084544360222,0.9750246551636615,0.9930951512035271,0.9768564294225016
2010-11-23 07:00:00,0.9879976670605967,0.9738059340018674,0.9921047994149558,0.9768564294225016
2010-11-23 08:00:00,0.9866995931244622,0.9738059340018674,0.9921047994149558,0.976009374479295
2010-11-23 09:00:00,0.9866995931244622,0.9731211810742132,0.9916713665581661,0.9764951609439421
2010-11-23 10:00:00,0.987695165909265,0.9731211810742132,0.9912414187605465,0.9764951609439421
2010-11-23 11:00:00,0.9871058010334198,0.9710572888244711,0.9907693759817903,0.9761659251991115
2010-11-23 12:00:00,0.9882014344257866,0.973121181074213,0.9911550045074686,0.9764537742565428
2010-11-23 13:00:00,0.9898005281407963,0.973121181074213,0.9915359817861463,0.9764537742565428
2010-11-23 14:00:00,0.9915484813746264,0.9731211810742132,0.9922044116409598,0.9776300649445799
2010-11-24 07:00:00,0.9915484813746264,0.9710572888244711,0.9922044116409602,0.979057449203446
2010-11-24 08:00:00,0.9893376939992008,0.9710572888244711,0.9922044116409602,0.9780146527323805
2010-11-24 09:00:00,0.9877342100544736,0.9710572888244711,0.9916327566361995,0.9770129801423184
2010-11-24 10:00:00,0.9877342100544734,0.9737079312649813,0.9915359817861463,0.9781892708303557
2010-11-24 11:00:00,0.9877342100544734,0.9731211810742132,0.9914201234432332,0.9778600350855248
2010-11-24 12:00:00,0.9869539559383979,0.9731211810742132,0.9906662758320115,0.977860035085525
2010-11-24 13:00:00,0.9877342100544734,0.9737079312649813,0.9903200143817046,0.9784771198877867
2010-11-26 07:00:00,0.9894821632883035,0.9757718235147235,0.9909291040589359,0.9807773137205401
2010-11-26 08:00:00,0.9901179481152765,0.9770885474134037,0.9909291040589359,0.9811619015083405
2010-11-26 09:00:00,0.9915484813746266,0.984467867358711,0.9909291040589359,0.9817789863106022
2010-11-26 10:00:00,0.9915484813746266,0.9838358963876851,0.9903200143817046,0.982108222055433
2010-11-29 07:00:00,0.9909126965476538,0.9838358963876851,0.9903200143817046,0.9824374578002635
2010-11-29 08:00:00,0.9915484813746266,0.9838358963876851,0.9905412635832367,0.9824374578002635
2010-11-29 09:00:00,0.9915484813746266,0.9838358963876851,0.9906136190365664,0.9819749906448572
2010-11-29 10:00:00,0.9912040272208251,0.9838358963876852,0.9906136190365664,0.9785653846357507
2010-11-29 11:00:00,0.9905282378613486,0.9777733003410581,0.9902828367918469,0.9794124395789574
2010-11-29 12:00:00,0.9908336478699417,0.9777733003410581,0.9897116284601906,0.9798749067343634
2010-11-29 13:00:00,0.9906838254614811,0.9764565764423777,0.9896000636689943,0.9778304376732357
2010-11-30 07:00:00,0.9898380750851385,0.9757718235147235,0.988489811094657,0.9782150254610362
2010-11-30 08:00:00,0.9876686470935286,0.9757718235147235,0.9878671203982389,0.9756779662194207
2010-11-30 09:00:00,0.9885973687667525,0.9810872512102888,0.9883579136367047,0.9748309112762144
2010-11-30 10:00:00,0.9883030770691895,0.9798685300484944,0.9875349689104712,0.9748309112762141
2010-11-30 11:00:00,0.9861336490775796,0.9779650559590456,0.9876445041220118,0.9736546205881769
2010-11-30 12:00:00,0.9861336490775796,0.9779650559590456,0.9884315970823262,0.9736546205881769
2010-11-30 13:00:00,0.9849454186860607,0.9779650559590459,0.9884315970823261,0.9741170877435831
2010-12-01 07:00:00,0.9823563495523936,0.9779650559590459,0.9878355226808425,0.9703782459896458
2010-12-01 08:00:00,0.9791942022690667,0.9779650559590459,0.9866900473840551,0.9660958304066518
2010-12-01 09:00:00,0.9787789487158584,0.9798685300484944,0.9865355325126354,0.9649195397186145
2010-12-01 10:00:00,0.9771719291512095,0.9713548866001193,0.986393338963438,0.9637432490305774
2010-12-01 11:00:00,0.9751705611409309,0.9699229653214032,0.9861355877172839,0.9631261642283157
2010-12-01 12:00:00,0.9787789487158584,0.9766703142956847,0.9866263809557496,0.9635886313837219
2010-12-01 13:00:00,0.9803824326605858,0.9798685300484945,0.986393338963438,0.9676153221950902
2010-12-02 07:00:00,0.9800881409630228,0.9798685300484945,0.9852926943716156,0.9687916128831277
2010-12-02 08:00:00,0.9798138210789955,0.9798685300484945,0.9843116170782259,0.9684070250953271
2010-12-02 09:00:00,0.9767740450856583,0.9806156983995562,0.984275113390815,0.961196330021396
2010-12-02 10:00:00,0.9732470321977703,0.9798685300484945,0.9843789801021792,0.9601946574313337
2010-12-02 11:00:00,0.974661394155703,0.9798685300484945,0.9849984394380505,0.9619512774350302
2010-12-02 12:00:00,0.9742426049825731,0.9798685300484945,0.9847850375151458,0.9622070022066559
2010-12-02 13:00:00,0.9746613941557029,0.9779650559590459,0.9849984394380505,0.9610307115186186
2010-12-03 07:00:00,0.9760519228825493,0.9806156983995562,0.9858397982541569,0.9596033272597526
2010-12-03 08:00:00,0.9760519228825493,0.982519172489005,0.9863019180473771,0.960604999849815
2010-12-03 09:00:00,0.9775241081413204,0.9817720041379433,0.9871947008694779,0.9608928489072462
2010-12-03 10:00:00,0.9763840660674148,0.9798685300484945,0.9871947008694779,0.9546838264233776
2010-12-03 11:00:00,0.972204928400157,0.9779650559590458,0.9871947008694779,0.9529639619062836
2010-12-03 12:00:00,0.9734844560522122,0.9779650559590458,0.9876473080213043,0.9529639619062836
2010-12-03 13:00:00,0.9763840660674148,0.9819061610659129,0.9882953454613003,0.9598868079227831
2010-12-06 07:00:00,0.9763840660674149,0.9810840367251428,0.9878924526696813,0.9606672471607018
2010-12-06 08:00:00,0.9763840660674148,0.9829875108145916,0.9876473080213041,0.9624238671643985
2010-12-06 09:00:00,0.9763840660674148,0.9829875108145916,0.9874679347138963,0.9627117162218298
2010-12-06 10:00:00,0.9772298164437575,0.9829875108145916,0.9877998497381313,0.9624238671643985
2010-12-06 11:00:00,0.9809012986207483,0.9857520935890275,0.9890426878791512,0.9658334731735051
2010-12-06 12:00:00,0.9809012986207485,0.9864992619400892,0.9893334635513343,0.9662959403289113
2010-12-06 13:00:00,0.9800555482444058,0.9845568035064233,0.9886728915093413,0.9658334731735053
2010-12-07 07:00:00,0.9763840660674148,0.9819061610659129,0.9882953454613003,0.9640768531698087
2010-12-07 08:00:00,0.9763840660674148,0.9778858209723328,0.9874025626391995,0.9633032176477303
2010-12-07 09:00:00,0.9763840660674148,0.9813585877536134,0.9873275015354142,0.9635910667051615
2010-12-07 10:00:00,0.9759502887917023,0.9819061610659129,0.9875447561883969,0.9635910667051617
2010-12-07 11:00:00,0.9759502887917023,0.9813585877536134,0.9874025626391995,0.9635910667051617
2010-12-07 12:00:00,0.9763840660674148,0.9774174826467463,0.9873275015354142,0.9647673573931989
2010-12-07 13:00:00,0.9763840660674148,0.9758481899549145,0.9861903532561808,0.9647673573931989
2010-12-08 07:00:00,0.9759502887917023,0.9739447158654657,0.9864076079091635,0.9647673573931989
2010-12-08 08:00:00,0.9772298164437575,0.9774174826467463,0.9871947008694777,0.9658702286601076
2010-12-08 09:00:00,0.9770903308656079,0.9779650559590458,0.9871947008694777,0.9661994644049382
2010-12-08 10:00:00,0.9772298164437575,0.9747668402062359,0.9871947008694777,0.9650965931380293
2010-12-08 11:00:00,0.9772298164437575,0.9779650559590456,0.9876473080213041,0.9633767286209353
2010-12-08 12:00:00,0.9759502887917023,0.9747668402062362,0.9870525073202805,0.9627596438186736
2010-12-08 13:00:00,0.9749118808086435,0.9687042441596089,0.9871947008694779,0.962430408073843
2010-12-09 07:00:00,0.9749118808086435,0.9646839040660288,0.9872318806276884,0.9609662683283745
2010-12-09 08:00:00,0.972204928400157,0.9687042441596089,0.9878924526696814,0.9601192133851677
2010-12-09 09:00:00,0.9720122707934411,0.9719024599124186,0.9882699987177224,0.9595388840695085
2010-12-09 10:00:00,0.9749118808086435,0.9779650559590459,0.9893334635513343,0.9610030238149769
2010-12-09 11:00:00,0.9787228485637839,0.9819061610659129,0.9896736088721381,0.9679258698314769
2010-12-09 12:00:00,0.9797612565468427,0.9845568035064233,0.9899187535205151,0.9696824898351732
2010-12-09 13:00:00,0.9791718916709974,0.9813585877536134,0.9889180361577183,0.9696824898351732
2010-12-10 07:00:00,0.9791718916709974,0.981906161065913,0.9880780908083175,0.9704561253572517
2010-12-10 08:00:00,0.9797612565468427,0.981906161065913,0.9881159721538924,0.9708407131450522
2010-12-10 09:00:00,0.9804514193230527,0.981906161065913,0.988710772854916,0.9728851822061799
2010-12-10 10:00:00,0.9803119337449032,0.9747668402062362,0.9884935182019334,0.9725973331487486
2010-12-10 11:00:00,0.9814075671372697,0.9779650559590458,0.9888254332261686,0.9711098740940393
2010-12-10 12:00:00,0.9819359155507598,0.9779650559590458,0.9884225404345498,0.9711098740940393
2010-12-10 13:00:00,0.9819359155507598,0.9806156983995562,0.9877998497381315,0.9707252863062387
2010-12-13 07:00:00,0.9811556614346842,0.9806156983995562,0.9877998497381315,0.9697236137161764
2010-12-13 08:00:00,0.9844897291255845,0.9872074459469337,0.9890426878791512,0.9714434782332706
2010-12-13 09:00:00,0.9854458769398018,0.9872074459469337,0.9896267686536028,0.9722905331764773
2010-12-13 10:00:00,0.9860816617667746,0.988524169845614,0.9900967061252163,0.9718280660210712
2010-12-13 11:00:00,0.9860816617667746,0.993352644869792,0.9910595421424381,0.9700048303120865
2010-12-13 12:00:00,0.9867174465937474,0.9926054765187304,0.9913434522820463,0.9719547565222023
2010-12-13 13:00:00,0.9867174465937474,0.9940373977974465,0.9903806162648243,0.9716255207773719
2010-12-14 07:00:00,0.9860816617667746,0.9898408937442944,0.989393642698754,0.9707527112034843
2010-12-14 08:00:00,0.9860816617667746,0.9898408937442944,0.989393642698754,0.9704234754586536
2010-12-14 09:00:00,0.9859057680686328,0.9898408937442943,0.989680940890802,0.9696498399365755
2010-12-14 10:00:00,0.9860816617667746,0.9898408937442944,0.9901633442665337,0.9688027849933689
2010-12-14 11:00:00,0.9860816617667746,0.9898408937442943,0.9903107608236492,0.9670461649896722
2010-12-14 12:00:00,0.9860816617667746,0.9898408937442943,0.9903107608236492,0.9670461649896722
2010-12-14 13:00:00,0.9860816617667746,0.9898408937442943,0.9903107608236492,0.9676264943053315
2010-12-15 07:00:00,0.9860816617667746,0.9905256466719489,0.9900620725535676,0.9671407078406843
2010-12-15 08:00:00,0.9860816617667746,0.9905256466719489,0.9888243002340775,0.9661390352506222
2010-12-15 09:00:00,0.9865676241852871,0.9892089227732684,0.9889338354456181,0.9650962387795565
2010-12-15 10:00:00,0.9838452501548027,0.982617175225891,0.9888201644198661,0.9650962387795565
2010-12-15 11:00:00,0.9831833940381484,0.9819324222982365,0.987701486442008,0.9615764578627191
2010-12-15 12:00:00,0.9833592877362901,0.982617175225891,0.987701486442008,0.9621935426649807
2010-12-15 13:00:00,0.9839950725632629,0.982617175225891,0.987701486442008,0.9635543112185592
2010-12-16 07:00:00,0.9838452501548027,0.9845206493153397,0.9870330565871943,0.9632664621611279
2010-12-16 08:00:00,0.9839950725632629,0.9851526202863655,0.9867011415629592,0.9652163883712435
2010-12-16 09:00:00,0.9865488861380877,0.9898408937442944,0.9872872211311275,0.9666437726301095
2010-12-16 10:00:00,0.9865488861380877,0.9891561408166399,0.9878584294627839,0.9671062397855156
2010-12-16 11:00:00,0.9860426176215661,0.9885241698456142,0.987894281228703,0.9671062397855156
2010-12-16 12:00:00,0.9860426176215661,0.9873054486838196,0.9878942812287029,0.9671062397855156
2010-12-16 13:00:00,0.9858927952131059,0.9858735274051036,0.9875167351806619,0.9671062397855154
2010-12-17 07:00:00,0.9865285800400785,0.9858735274051036,0.987516735180662,0.9673940888429469
2010-12-17 08:00:00,0.9870348485566002,0.9873054486838196,0.9878942812287029,0.9684368853140125
2010-12-17 09:00:00,0.9896076309640819,0.9900700314582558,0.989096201782274,0.9670095010551465
2010-12-17 10:00:00,0.9913850215726343,0.9918059870263375,0.9902333500615074,0.9700345192764523
2010-12-17 11:00:00,0.9930684871457317,0.9918059870263375,0.9908186400306884,0.9708149585143714
2010-12-17 12:00:00,0.9927086991879015,0.9918059870263375,0.9908186400306883,0.9703524913589652
2010-12-17 13:00:00,0.9923783243695217,0.9877856469327575,0.9902828367918469,0.9703524913589652
2010-12-20 07:00:00,0.9920729143609288,0.9855316013132712,0.9903578978956323,0.9725115037222245
2010-12-20 08:00:00,0.9927086991879015,0.9823637244664735,0.9904068684145746,0.9722236546647933
2010-12-20 09:00:00,0.9922414748165885,0.9785638766486499,0.9894061510517776,0.9730964642386808
2010-12-20 10:00:00,0.9931195625113923,0.9817317534954476,0.9894061510517776,0.9725161349230214
2010-12-20 11:00:00,0.9931195625113923,0.9834980479695414,0.9894061510517776,0.9720536677676151
2010-12-20 12:00:00,0.9931195625113923,0.9872978957873649,0.9894061510517776,0.9729007227108218
2010-12-20 13:00:00,0.9915204687963826,0.9834980479695412,0.9899160751761088,0.9739435191818873
2010-12-21 07:00:00,0.9909087751359668,0.9840847981603097,0.9899160751761088,0.9742313682393184
2010-12-21 08:00:00,0.9909087751359668,0.9878846459781334,0.9899160751761088,0.9730550775512814
2010-12-21 09:00:00,0.9915204687963826,0.9834980479695414,0.9899160751761088,0.9737689010839122
2010-12-21 10:00:00,0.9909087751359666,0.9840847981603097,0.9899525788635195,0.9737689010839122
2010-12-21 11:00:00,0.9915204687963826,0.9834980479695414,0.9904518784149501,0.9720490365668183
2010-12-21 12:00:00,0.9903894487878314,0.9863840645600533,0.9909239211937063,0.9717627649905596
2010-12-21 13:00:00,0.9922414748165885,0.989856831341334,0.9919618183147135,0.9720944215864552
2010-12-22 07:00:00,0.9938405685315982,0.9912887526200501,0.9929016902366644,0.9726790180294355
2010-12-22 08:00:00,0.9943077929029113,0.9912887526200501,0.9929395715822392,0.9749030755225202
2010-12-22 09:00:00,0.9943077929029113,0.988402736029538,0.9919996996602883,0.9759121133522152
2010-12-22 10:00:00,0.9943077929029113,0.9864602775958721,0.9919996996602883,0.9776816496794685
2010-12-22 11:00:00,0.9941392324472516,0.9858735274051037,0.9924618194535082,0.9788665895637413
2010-12-22 12:00:00,0.9929510020557326,0.9858735274051037,0.9924239381079336,0.9782449673732274
2010-12-22 13:00:00,0.9915204687963826,0.9912887526200501,0.9924239381079336,0.9770600274889548
2010-12-23 07:00:00,0.9913586544336624,0.988402736029538,0.9924618194535084,0.9776816496794685
2010-12-23 08:00:00,0.9915084768421228,0.9857520935890277,0.9924239381079336,0.9780133062753641
2010-12-23 09:00:00,0.9908726920151498,0.9834980479695412,0.9924239381079336,0.9788665895637411
2010-12-23 10:00:00,0.9913586544336624,0.9872978957873649,0.9924239381079336,0.977097053236488
2010-12-23 11:00:00,0.9913586544336624,0.9895519414068513,0.9918386481387527,0.9767653966405924
2010-12-23 12:00:00,0.9911900939780027,0.9857520935890277,0.9918386481387524,0.9767653966405924
2010-12-23 13:00:00,0.990740214680307,0.9869708147508218,0.9914611020907114,0.9772547550645386
2010-12-27 07:00:00,0.9911900939780027,0.9834980479695412,0.9918386481387527,0.9772547550645386
2010-12-27 08:00:00,0.9907402146803069,0.9786695729453632,0.9918386481387527,0.975522244484819
2010-12-27 09:00:00,0.9899854707804335,0.9796982001517176,0.9918386481387527,0.9751348288456375
2010-12-27 10:00:00,0.9890567491072095,0.9840847981603097,0.9922540755323686,0.9722891491620389
2010-12-27 11:00:00,0.9907402146803069,0.9869708147508218,0.9932169115495906,0.9736599233667464
2010-12-27 12:00:00,0.9905784003175868,0.9863840645600536,0.9935488265738255,0.9749265662972704
2010-12-27 13:00:00,0.9919110999982086,0.9863840645600536,0.9938421316760939,0.976111506181543
2010-12-28 07:00:00,0.993165739559417,0.989856831341334,0.9944122072282349,0.9750610420893668
2010-12-28 08:00:00,0.9933155619678774,0.9863840645600536,0.9946215284229446,0.9759402693807093
2010-12-28 09:00:00,0.9941613123442199,0.9863840645600533,0.994914833525213,0.9782573764034093
2010-12-28 10:00:00,0.9958397718174914,0.989856831341334,0.9954258537324339,0.9796952561347669
2010-12-28 11:00:00,0.9958397718174914,0.9930247081881319,0.9946608954983163,0.980481433896494
2010-12-28 12:00:00,0.9953538093989791,0.9930247081881319,0.9945829185009779,0.9810660303394745
2010-12-28 13:00:00,0.9953538093989791,0.9886381101795398,0.9947485929491733,0.9787489233167743
2010-12-29 07:00:00,0.9936753499257074,0.9857520935890275,0.9943331655555574,0.9756456385323471
2010-12-29 08:00:00,0.9936753499257074,0.9901386915976196,0.9935091519765198,0.9742077588009894
2010-12-29 09:00:00,0.9943372060423616,0.9917079842894516,0.9936430465790272,0.9742077588009894
2010-12-29 10:00:00,0.9960156655156331,0.9917079842894515,0.994582918500978,0.9742077588009894
2010-12-29 11:00:00,0.9960156655156331,0.9917079842894515,0.9937195378465687,0.9770534384845878
2010-12-29 12:00:00,0.9965219340321546,0.9945940008799636,0.9935102166518589,0.9784913182159457
2010-12-29 13:00:00,0.9963460403340129,0.9937718765391934,0.9931712805257845,0.9790388889113926
2010-12-30 07:00:00,0.9963460403340129,0.9937718765391934,0.9925859905566037,0.9800893530035687
2010-12-30 08:00:00,0.9963460403340129,0.9937718765391936,0.9915604070685664,0.9810983908332637
2010-12-30 09:00:00,0.9960015861802116,0.9960259221586797,0.9912284920443313,0.9810983908332639
2010-12-30 10:00:00,0.9944787143070726,0.9966578931297058,0.9908130646507154,0.98047676864275
2010-12-30 11:00:00,0.9960015861802115,0.995910724778644,0.9908130646507154,0.9827938756654502
2010-12-30 12:00:00,0.996507854696733,0.995910724778644,0.9908130646507154,0.9842317553968076
2010-12-30 13:00:00,0.9960015861802115,0.99734264605736,0.9908130646507154,0.985085038685185
2010-12-31 07:00:00,0.9960015861802115,0.99734264605736,0.9908130646507154,0.985085038685185
2010-12-31 08:00:00,0.9960015861802115,0.99734264605736,0.9908130646507154,0.9827679316624849
2010-12-31 09:00:00,0.995817691920523,0.9980898144084217,0.9896848275427659,0.9823805160233038
2010-12-31 10:00:00,0.9953114234040016,0.9980898144084217,0.9884896582973662,0.9801564585302189
2010-12-31 11:00:00,0.9960015861802116,0.999521735687138,0.9889050856909821,0.9822159604520904
2010-12-31 12:00:00,0.9963460403340129,0.999521735687138,0.9889050856909821,0.981165496359914
2010-12-31 13:00:00,0.9955002899576703,0.9987745673360762,0.9888679059327716,0.9804464241248372
2011-01-03 07:00:00,0.9951699151392905,0.99734264605736,0.988905085690982,0.979957065700891
2011-01-03 08:00:00,0.9955002899576703,0.9950886004378738,0.9884896582973662,0.9792379934658142
2011-01-03 09:00:00,0.9948645051306975,0.991920723591076,0.9884524785391556,0.9789480278711961
2011-01-03 10:00:00,0.9935318054500757,0.9898568313413342,0.9879166753003144,0.9768885259493246
2011-01-03 11:00:00,0.9928917539598628,0.991920723591076,0.9871143848057439,0.9773543935985207
2011-01-03 12:00:00,0.9928917539598628,0.993352644869792,0.987446299829979,0.9768885259493246
2011-01-03 13:00:00,0.9914195687010918,0.9912887526200501,0.9868746448252186,0.9765011103101434
2011-01-04 07:00:00,0.9917961205674962,0.9912887526200501,0.9869669682486287,0.9768885259493247
2011-01-04 08:00:00,0.992436172057709,0.9912887526200502,0.9877692587431992,0.97466446845624
2011-01-04 09:00:00,0.992436172057709,0.9922025838473617,0.9888879367210571,0.9740798720132596
2011-01-04 10:00:00,0.992436172057709,0.9937718765391936,0.9893672683024076,0.9744672876524411
2011-01-04 11:00:00,0.9930255369335542,0.9922025838473617,0.9893672683024076,0.9749566460763872
2011-01-04 12:00:00,0.9935318054500757,0.9908858599486814,0.9890739632001393,0.9734817405974961
2011-01-04 13:00:00,0.992436172057709,0.9902991097579129,0.9884545038642678,0.9734817405974961
2011-01-05 07:00:00,0.992436172057709,0.9902991097579129,0.9871145766848776,0.971164633574796
2011-01-05 08:00:00,0.992436172057709,0.9902991097579129,0.9870009056591256,0.9706752751508501
2011-01-05 09:00:00,0.9930440832176335,0.9893852785306013,0.9883408328385157,0.9706752751508501
2011-01-05 10:00:00,0.9939638229118585,0.991121234098683,0.988820164419866,0.97299238217355
2011-01-05 11:00:00,0.9939638229118585,0.9871008940051029,0.988747808966536,0.9741033627880098
2011-01-05 12:00:00,0.9932126436732931,0.9816534188710185,0.9884871926896325,0.9735557920925628
2011-01-05 13:00:00,0.9937650892378393,0.9830853401497346,0.9891418747479539,0.9741774142830765
2011-01-06 07:00:00,0.9937650892378393,0.9876189840565078,0.9895765894971174,0.9727395345517188
2011-01-06 08:00:00,0.9935724316311233,0.9876189840565078,0.9900387092903372,0.9737899986438953
2011-01-06 09:00:00,0.9930440832176335,0.9876189840565078,0.9901642292176779,0.9726050587596224
2011-01-06 10:00:00,0.99228933931776,0.9876189840565078,0.9901642292176779,0.9726050587596224
2011-01-06 11:00:00,0.9939638229118585,0.9901021079756511,0.991010933534519,0.973871701690146
2011-01-06 12:00:00,0.9936334480934786,0.9933003237284609,0.9908303465324074,0.973871701690146
2011-01-06 13:00:00,0.9943236108696885,0.9952037978179096,0.991010933534519,0.9732871052471659
2011-01-07 07:00:00,0.9947185668117319,0.994456629466848,0.9911290650527119,0.9741403885355432
2011-01-07 08:00:00,0.9943236108696887,0.9937718765391934,0.9904162553383783,0.9736745208863472
2011-01-07 09:00:00,0.9930255369335542,0.994456629466848,0.9904162553383783,0.9730528986958336
2011-01-07 10:00:00,0.992436172057709,0.9925531553773993,0.9898912927332221,0.9733428642904518
2011-01-07 11:00:00,0.992436172057709,0.9925531553773993,0.9897731612150289,0.9727952935950047
2011-01-07 12:00:00,0.9926491272755901,0.9933752797181695,0.991010933534519,0.9713574138636473
2011-01-07 13:00:00,0.9943236108696887,0.9918059870263375,0.9912406298439083,0.9722106971520245
2011-01-10 07:00:00,0.9930440832176335,0.9893549396245894,0.9911290650527121,0.9727952935950047
2011-01-10 08:00:00,0.99228933931776,0.9909242323164215,0.991010933534519,0.9712968973413637
2011-01-10 09:00:00,0.9924916376530871,0.9893549396245894,0.9912406298439083,0.9715868629359817
2011-01-10 10:00:00,0.9916056241086444,0.9848212957178162,0.9911290650527121,0.9712968973413637
2011-01-10 11:00:00,0.9932126436732931,0.9848212957178162,0.99138847958256,0.9724078779558234
2011-01-10 12:00:00,0.9937650892378392,0.9816534188710183,0.9916181758919494,0.9732611612442008
2011-01-10 13:00:00,0.991742816119982,0.9757228702629107,0.9916181758919494,0.9737270288933968
2011-01-11 07:00:00,0.991742816119982,0.9757228702629107,0.9916932369957346,0.9703919907858521
2011-01-11 08:00:00,0.991550158513266,0.9708943952387327,0.9917712139930732,0.9693829529561574
2011-01-11 09:00:00,0.9891726041811154,0.9683074868704102,0.9916181758919494,0.967065845933457
2011-01-11 10:00:00,0.9895491560475201,0.9683074868704102,0.9919114809942178,0.9667341893375618
2011-01-11 11:00:00,0.9909101070230533,0.9683074868704102,0.9910647766773766,0.9672235477615079
2011-01-11 12:00:00,0.9909101070230533,0.9683074868704102,0.9909852550811503,0.9672235477615079
2011-01-11 13:00:00,0.9909101070230533,0.9683074868704102,0.9907714715751084,0.9657486422826168
2011-01-12 07:00:00,0.9901891010028473,0.9683074868704102,0.9905278201295745,0.9685943219662152
2011-01-12 08:00:00,0.9901891010028473,0.962302489513801,0.9906057971269131,0.9673276790356914
2011-01-12 09:00:00,0.9901891010028473,0.9592834073209554,0.9902069341436688,0.968594321966215
2011-01-12 10:00:00,0.9901891010028473,0.9592834073209554,0.9902069341436688,0.968594321966215
2011-01-12 11:00:00,0.9917961205674962,0.964366381763543,0.9906504139590998,0.9688519270670438
2011-01-12 12:00:00,0.9921405747212977,0.9661023373316248,0.9910127732549334,0.9691095321678727
2011-01-12 13:00:00,0.992324468980986,0.9675342586103407,0.9913379527925564,0.9703761750983962
2011-01-13 07:00:00,0.9932442086752111,0.9730071835691755,0.9915429943161234,0.9701185699975678
2011-01-13 08:00:00,0.9932442086752109,0.9683563829511109,0.9914271359732102,0.9711276078272626
2011-01-13 09:00:00,0.9932442086752109,0.9630409552555457,0.9914271359732102,0.9701185699975678
2011-01-13 10:00:00,0.9934201023733528,0.9630409552555457,0.9903478250707236,0.9688519270670438
2011-01-13 11:00:00,0.9921405747212977,0.9630409552555457,0.9900291125214047,0.9671194164873241
2011-01-13 12:00:00,0.9909101070230533,0.9630409552555457,0.9896302495381603,0.9642737368037257
2011-01-13 13:00:00,0.9909101070230533,0.9630409552555457,0.9895908824627886,0.9630070938732019
2011-01-14 07:00:00,0.989655467461845,0.9630409552555457,0.9896302495381603,0.9596720557656575
2011-01-14 08:00:00,0.9898393617215335,0.9669445875225484,0.9898395707328702,0.9601379234148534
2011-01-14 09:00:00,0.9908939357216361,0.966259834594894,0.9896302495381603,0.9616128288937444
2011-01-14 10:00:00,0.9919895691140028,0.9669445875225484,0.9896302495381603,0.962879471824268
2011-01-14 11:00:00,0.9934201023733528,0.9764546082581398,0.990500239245937,0.9642502460289756
2011-01-14 12:00:00,0.9934201023733528,0.9764546082581398,0.9907095604406467,0.9637843783797797
2011-01-14 13:00:00,0.9934201023733528,0.9757698553304851,0.991108423423891,0.965155152584487
2011-01-18 07:00:00,0.9921654628121446,0.9787342065454266,0.9912740978720865,0.9626062922386696
2011-01-18 08:00:00,0.9904819972390471,0.9798685300484944,0.991399617799427,0.9612355180339621
2011-01-18 09:00:00,0.9904819972390471,0.9858735274051036,0.9925650346655872,0.9622859821261385
2011-01-18 10:00:00,0.9904819972390471,0.9858735274051036,0.9925223167149502,0.963656756330846
2011-01-18 11:00:00,0.9910936908994629,0.9864602775958721,0.9925650346655872,0.9618201144769426
2011-01-18 12:00:00,0.9907492367456614,0.9877770014945525,0.9924395147382464,0.9607696503847661
2011-01-18 13:00:00,0.9897930889314441,0.9811852539471748,0.9921208021889276,0.9602802919608201
2011-01-19 07:00:00,0.9885135612793889,0.9726716104987996,0.9921208021889276,0.958805386481929
2011-01-19 08:00:00,0.9862299021543152,0.9713548866001195,0.9922463221162683,0.955702101697502
2011-01-19 09:00:00,0.9878233985031791,0.9758481899549143,0.9931537740861123,0.9543313274927947
2011-01-19 10:00:00,0.9878233985031791,0.9758481899549145,0.9930282541587716,0.9558297237464357
2011-01-19 11:00:00,0.9876307408964631,0.9798685300484945,0.9928590874849167,0.9583854378354159
2011-01-19 12:00:00,0.9878233985031791,0.9817720041379431,0.9928590874849165,0.9575992600736888
2011-01-19 13:00:00,0.9878233985031791,0.9782992373566627,0.9921208021889276,0.9587102406881486
2011-01-20 07:00:00,0.9884127633790242,0.9715518883823812,0.9919114809942178,0.9552755640466221
2011-01-20 08:00:00,0.986940578120253,0.9696484142929326,0.9919114809942178,0.9538376843152644
2011-01-20 09:00:00,0.9869405781202532,0.973121181074213,0.9919114809942178,0.9529973985347643
2011-01-20 10:00:00,0.9889544185117303,0.9805005010195204,0.9928590874849167,0.9529973985347643
2011-01-20 11:00:00,0.9878233985031789,0.9824039751089692,0.9930282541587716,0.9517956160224424
2011-01-20 12:00:00,0.9855397393781051,0.9805005010195204,0.9922463221162683,0.9510817924898116
2011-01-20 13:00:00,0.9862299021543152,0.9824039751089689,0.9922463221162683,0.9499789212229027
2011-01-21 07:00:00,0.9875094298063701,0.9831511434600309,0.9924395147382464,0.9505224950519595
2011-01-21 08:00:00,0.9880156983228918,0.9824039751089692,0.9925650346655872,0.9530527505777343
2011-01-21 09:00:00,0.9875094298063704,0.9744379049728933,0.9926478366422905,0.9555898098193495
2011-01-21 10:00:00,0.9891029261552344,0.9805005010195204,0.9934724866354309,0.9575397360294654
2011-01-21 11:00:00,0.9909549521839914,0.9870922485668979,0.9942762170209271,0.9618221516124594
2011-01-21 12:00:00,0.9919110999982087,0.9877770014945523,0.99423349907029,0.9638666206735872
2011-01-21 13:00:00,0.9919110999982086,0.9877770014945523,0.9931956019492828,0.9581200653451246
2011-01-24 07:00:00,0.9908726920151498,0.9864602775958721,0.9932383198999197,0.9581200653451246
2011-01-24 08:00:00,0.9923032252744999,0.9912887526200501,0.9940420502854155,0.958582532500531
2011-01-24 09:00:00,0.9927891876930124,0.9890347070005638,0.9940420502854155,0.9598399298622189
2011-01-24 10:00:00,0.9918330398787953,0.9842062319763857,0.9940420502854155,0.9589671202883314
2011-01-24 11:00:00,0.9905923335604091,0.9829875108145913,0.9940420502854155,0.9564368647625564
2011-01-24 12:00:00,0.9905923335604091,0.9843042347132719,0.9940420502854156,0.9551794674008687
2011-01-24 13:00:00,0.9905923335604093,0.9843042347132719,0.9942762170209271,0.9521544491795626
2011-01-25 07:00:00,0.9907682272585508,0.9836194817856174,0.9942762170209271,0.9527347784952218
2011-01-25 08:00:00,0.9907682272585508,0.9818531873115237,0.9943180448840975,0.9512706387497534
2011-01-25 09:00:00,0.9893376939992008,0.9829875108145913,0.9942762170209271,0.9493207125396377
2011-01-25 10:00:00,0.9900924378990743,0.9838096351553616,0.9934724866354311,0.9471128890428528
2011-01-25 11:00:00,0.9905784003175868,0.9845568035064235,0.9934724866354311,0.9496754401087527
2011-01-25 12:00:00,0.9879751950502643,0.9829875108145913,0.9934724866354311,0.9471451845829777
2011-01-25 13:00:00,0.9883517469166692,0.9838096351553616,0.9934724866354311,0.9466593981183304
2011-01-26 07:00:00,0.9885135612793889,0.9845568035064233,0.9934724866354311,0.9443592042855773
2011-01-26 08:00:00,0.9862299021543152,0.9845568035064235,0.9935143144986017,0.9448216714409834
2011-01-26 09:00:00,0.9865743563081166,0.9845568035064235,0.9935143144986017,0.9413018905241459
2011-01-26 10:00:00,0.9855359483250579,0.9805364634128434,0.9934724866354312,0.942082329762065
2011-01-26 11:00:00,0.9851914941712564,0.9805364634128434,0.9934724866354312,0.9417530940172343
2011-01-26 12:00:00,0.98380096544441,0.9750889882787586,0.993628499499199,0.938728075795928
2011-01-26 13:00:00,0.9841454195982114,0.9724383458382484,0.9935029795718585,0.9368399106468749
2011-01-27 07:00:00,0.9855359483250579,0.9741743014063298,0.9927210475293551,0.9354125263880089
2011-01-27 08:00:00,0.9831249802802963,0.9733521770655598,0.9927210475293551,0.9379750774539088
2011-01-27 09:00:00,0.9822389667358534,0.977885820972333,0.9924395147382464,0.9362785322460556
2011-01-27 10:00:00,0.9838459863005021,0.9813585877536134,0.9925650346655872,0.9432013782625555
2011-01-27 11:00:00,0.9845971655390676,0.9838096351553616,0.9928038495060586,0.9432013782625553
2011-01-27 12:00:00,0.9845971655390674,0.9826753116522939,0.9926381750578633,0.9439152017951865
2011-01-27 13:00:00,0.9845971655390674,0.9804212660328075,0.9926381750578633,0.9448979234704085
2011-01-28 07:00:00,0.9845971655390674,0.9804212660328075,0.9925223167149502,0.946385382525118
2011-01-28 08:00:00,0.9831249802802963,0.9818531873115237,0.9922463221162681,0.9452090918370808
2011-01-28 09:00:00,0.9799353818784987,0.9781416677455207,0.9922463221162681,0.942678836311306
2011-01-28 10:00:00,0.9826577559089832,0.9800841261791866,0.9922463221162683,0.9437216327823712
2011-01-28 11:00:00,0.9834089351475485,0.9769162493323889,0.9922881499794387,0.9454782527860679
2011-01-28 12:00:00,0.9834089351475485,0.9791702949518751,0.9918892869961942,0.9450391049399025
2011-01-28 13:00:00,0.98173445155345,0.982881814517878,0.9915409369441825,0.945812740461981
2011-01-31 07:00:00,0.9826577559089832,0.9853649384370214,0.9919756516933457,0.9462518883081464
2011-01-31 08:00:00,0.9858199031923102,0.9902991097579129,0.9931127999725791,0.9482018145182619
2011-01-31 09:00:00,0.986455688019283,0.9864992619400894,0.9931537740861122,0.9493781052062992
2011-01-31 10:00:00,0.9858199031923099,0.9853649384370214,0.9930282541587715,0.9498638916709464
2011-01-31 11:00:00,0.986431596852726,0.9864992619400894,0.9928590874849165,0.9490562743435239
2011-01-31 12:00:00,0.9848965988367767,0.9878159858387696,0.9926293911755272,0.9503136717052117
2011-01-31 13:00:00,0.9854754490385087,0.9912887526200501,0.9927985578493823,0.9545960872882058
2011-02-01 07:00:00,0.9882089874612785,0.9912887526200501,0.9936022882348782,0.9553099108208368
2011-02-01 08:00:00,0.9890206659863929,0.9919735055477044,0.9935586414883637,0.957029775337931
2011-02-01 09:00:00,0.9890206659863929,0.9926054765187304,0.9931675734857146,0.959094790027041
2011-02-01 10:00:00,0.9897416720065989,0.993352644869792,0.9932957660460366,0.9609180257360254
2011-02-01 11:00:00,0.9902088963779118,0.9933526448697922,0.9924920356605408,0.9629624947971531
2011-02-01 12:00:00,0.9902088963779118,0.9920359209711118,0.9924920356605408,0.9621820555592343
2011-02-01 13:00:00,0.9882556120712175,0.993352644869792,0.9925765814743485,0.9584432138052973
2011-02-02 07:00:00,0.985377419655143,0.9898408937442944,0.9921502907492494,0.9553625807346251
2011-02-02 08:00:00,0.9859057680686328,0.9898408937442944,0.9921930086998865,0.9567899649934907
2011-02-02 09:00:00,0.9877883876999045,0.993352644869792,0.9921930086998865,0.9574070497957526
2011-02-02 10:00:00,0.9876198272442449,0.9933526448697922,0.9921930086998865,0.9604876828664248
2011-02-02 11:00:00,0.9886154000290478,0.9940373977974465,0.9925765814743485,0.9604876828664248
2011-02-02 12:00:00,0.9910546467542545,0.9957733533655283,0.9933384839966737,0.9607755319238561
2011-02-02 13:00:00,0.9903644839780446,0.994456629466848,0.9932102914363515,0.9625321519275526
2011-02-03 07:00:00,0.9877754148443776,0.9937718765391934,0.9935586414883637,0.9625321519275526
2011-02-03 08:00:00,0.9877754148443776,0.9893852785306013,0.993433121561023,0.9600046700830364
2011-02-03 09:00:00,0.9884655776205876,0.9912887526200501,0.9933448579823216,0.9592908465504053
2011-02-03 10:00:00,0.9886341380762471,0.9927206738987661,0.993788337797753,0.959002997492974
2011-02-03 11:00:00,0.9891013624475602,0.9940373977974465,0.993788337797753,0.9598106148203963
2011-02-03 12:00:00,0.9896076309640817,0.9940373977974465,0.993788337797753,0.9612747545658648
2011-02-03 13:00:00,0.9899250329269345,0.994722150725101,0.993957504471608,0.9619055223532301
2011-02-04 07:00:00,0.9897632185642145,0.9940373977974467,0.993602288234878,0.9611318868311518
2011-02-04 08:00:00,0.9891013624475602,0.9892089227732686,0.9931675734857145,0.9615164746189524
2011-02-04 09:00:00,0.9870348485566002,0.9838358963876852,0.9932102914363515,0.9594720055578245
2011-02-04 10:00:00,0.9867044737382202,0.9831511434600309,0.9932102914363515,0.9586983700357461
2011-02-04 11:00:00,0.9870348485566002,0.9831511434600306,0.9935586414883637,0.9612354292773615
2011-02-04 12:00:00,0.9873652233749801,0.9824039751089692,0.99347583951166,0.9616978964327679
2011-02-04 13:00:00,0.9873652233749799,0.9770885474134036,0.9935586414883637,0.9626806181079898
2011-02-07 07:00:00,0.9896076309640819,0.9838358963876852,0.994259698569843,0.9621002887923306
2011-02-07 08:00:00,0.9897632185642145,0.9838358963876852,0.9936450061855152,0.9631019613823929
2011-02-07 09:00:00,0.989277256145702,0.9824039751089692,0.9925347536111778,0.9627173735945925
2011-02-07 10:00:00,0.9863990637296272,0.9810872512102888,0.9921930086998865,0.9623327858067919
2011-02-07 11:00:00,0.9867294385480071,0.9810872512102888,0.9921930086998865,0.9627173735945923
2011-02-07 12:00:00,0.9873652233749799,0.9810872512102888,0.9920648161395643,0.9634311971272232
2011-02-07 13:00:00,0.9870348485566,0.9810872512102888,0.9924483889140264,0.9639169835918705
2011-02-08 07:00:00,0.9894458166013617,0.9850283563171559,0.9932102914363516,0.9654044426465799
2011-02-08 08:00:00,0.9918850633265682,0.9898568313413342,0.9937803669884926,0.9688140486556868
2011-02-08 09:00:00,0.9938989037180455,0.9930247081881317,0.994379650774415,0.9710218721524715
2011-02-08 10:00:00,0.9937303432623857,0.9950886004378738,0.994379650774415,0.9720646686235371
2011-02-08 11:00:00,0.9937303432623857,0.9944566294668479,0.994379650774415,0.9734920528824029
2011-02-08 12:00:00,0.9937303432623857,0.9937718765391936,0.994379650774415,0.9743648624562904
2011-02-08 13:00:00,0.9949849828235943,0.9937718765391934,0.994379650774415,0.9756222598179781
2011-02-09 07:00:00,0.9949849828235943,0.9937718765391934,0.994379650774415,0.9760847269733843
2011-02-09 08:00:00,0.9949849828235943,0.9937718765391934,0.994379650774415,0.9763147886664059
2011-02-09 09:00:00,0.9949849828235943,0.9930247081881319,0.9936548470611521,0.9752119173994971
2011-02-09 10:00:00,0.9949849828235943,0.989224860370308,0.9937376490378557,0.9758290022017586
2011-02-09 11:00:00,0.9949849828235943,0.9899720287213698,0.9942169806192059,0.9758290022017586
2011-02-09 12:00:00,0.9944787143070726,0.9893852785306013,0.9938686305671941,0.975285428372702
2011-02-09 13:00:00,0.9942948200473842,0.9873213862808592,0.9937376490378557,0.9744383734294954
2011-02-10 07:00:00,0.9941392324472516,0.9892248603703082,0.9935684823640006,0.9744383734294954
2011-02-10 08:00:00,0.9939774180845313,0.9930247081881317,0.9937376490378558,0.9724884472193795
2011-02-10 09:00:00,0.9946675808607415,0.9930247081881317,0.994216980619206,0.9735913184862885
2011-02-10 10:00:00,0.9949849828235943,0.9886381101795397,0.994216980619206,0.9735913184862885
2011-02-10 11:00:00,0.9949849828235943,0.9895519414068513,0.9945721968559359,0.9753111830033825
2011-02-10 12:00:00,0.996507854696733,0.9922025838473617,0.9952141985924952,0.9760916222413015
2011-02-10 13:00:00,0.9976441142701473,0.993519307746042,0.9956678512164917,0.9775190065001675
2011-02-11 07:00:00,0.9971378457536259,0.9903514308992443,0.99586104383847,0.9779035942879681
2011-02-11 08:00:00,0.9969539514939374,0.9890347070005638,0.9960998586789416,0.9786772298100465
2011-02-11 09:00:00,0.9973137394517676,0.989034707000564,0.9962308402082799,0.9797200262811119
2011-02-11 10:00:00,0.9973137394517676,0.989034707000564,0.9960748273445119,0.9782325672264023
2011-02-11 11:00:00,0.9973137394517676,0.9878159858387696,0.996032109393875,0.9775187436937713
2011-02-11 12:00:00,0.9977086953938111,0.9897194599282182,0.9964299883945502,0.9766716887505648
2011-02-11 13:00:00,0.9973912934309582,0.988402736029538,0.9963471864178467,0.9766716887505648
2011-02-14 07:00:00,0.9968388478664121,0.9890347070005638,0.995542331289151,0.9766716887505648
2011-02-14 08:00:00,0.9966702874107523,0.9842062319763857,0.9953126349797617,0.9766716887505645
2011-02-14 09:00:00,0.9959155435108787,0.9829875108145916,0.9956251332658547,0.9770562765383649
2011-02-14 10:00:00,0.9969539514939374,0.9858735274051037,0.996032109393875,0.9765938093829588
2011-02-14 11:00:00,0.9964476829774158,0.9864602775958721,0.9957561147951929,0.9758989367651681
2011-02-14 12:00:00,0.9966094973401359,0.9838096351553618,0.9957979426583635,0.9761546615367939
2011-02-14 13:00:00,0.9966094973401359,0.9838096351553618,0.9957979426583635,0.9761546615367939
2011-02-15 07:00:00,0.9951558358038688,0.9838096351553618,0.9949008102189357,0.9755743322211345
2011-02-15 08:00:00,0.9956841842173588,0.9892248603703083,0.9943451731795281,0.9765760048111967
2011-02-15 09:00:00,0.9962920953772831,0.9899720287213698,0.9943451731795279,0.9770384719666029
2011-02-15 10:00:00,0.9966870513193267,0.9864602775958721,0.9949871749160872,0.9791974843298622
2011-02-15 11:00:00,0.9970044532821793,0.9848909849040401,0.9952996732021803,0.9802402808009276
2011-02-15 12:00:00,0.9970044532821793,0.98489098490404,0.9949871749160875,0.9807027479563337
2011-02-15 13:00:00,0.9961216328992535,0.9848909849040404,0.9949871749160875,0.9776221148856615
2011-02-16 07:00:00,0.9961216328992533,0.98489098490404,0.995571809069422,0.9764458241976244
2011-02-16 08:00:00,0.9961216328992533,0.9864602775958721,0.9950298928667242,0.9738832731317245
2011-02-16 09:00:00,0.9959660452991208,0.9858735274051036,0.9946388248640754,0.9742678609195249
2011-02-16 10:00:00,0.9966870513193267,0.9893852785306013,0.9946388248640754,0.9749816844521559
2011-02-16 11:00:00,0.9966870513193266,0.9886381101795397,0.9951370943202589,0.9763424530057341
2011-02-16 12:00:00,0.9966870513193266,0.9858735274051037,0.9950943763696218,0.9763424530057341
2011-02-16 13:00:00,0.9977254593023852,0.9878159858387696,0.9951370943202587,0.9773852494767995
2011-02-17 07:00:00,0.9977254593023852,0.9900700314582558,0.995571809069422,0.9770974004193682
2011-02-17 08:00:00,0.9970044532821793,0.9886381101795397,0.995571809069422,0.9750529313582407
2011-02-17 09:00:00,0.9977254593023852,0.989856831341334,0.9960143049022843,0.9747236956134101
2011-02-17 10:00:00,0.9970044532821793,0.9912887526200501,0.9960579516487987,0.9767681646745379
2011-02-17 11:00:00,0.9977254593023852,0.9922025838473617,0.995571809069422,0.9773852494767995
2011-02-17 12:00:00,0.9982538077158752,0.9950886004378738,0.9949871749160875,0.9778477166322057
2011-02-17 13:00:00,0.9977678452973627,0.9950886004378738,0.9946388248640754,0.9751083749532872
2011-02-18 07:00:00,0.9977678452973627,0.9966578931297058,0.9949871749160875,0.9729005514565024
2011-02-18 08:00:00,0.9973912934309582,0.9966578931297055,0.9949871749160875,0.9724380843010962
2011-02-18 09:00:00,0.9964679890754249,0.9966578931297055,0.994943528169573,0.9744203060513369
2011-02-18 10:00:00,0.9962920953772834,0.9966578931297058,0.9948589823557652,0.9739578388959307
2011-02-18 11:00:00,0.9962920953772831,0.9937718765391936,0.9945524601669239,0.9743424266837313
2011-02-18 12:00:00,0.9962920953772831,0.9960259221586797,0.994900810218936,0.9734953717405245
2011-02-18 13:00:00,0.9962920953772834,0.9945940008799636,0.9957979426583636,0.9739578388959307
2011-02-22 07:00:00,0.9964679890754249,0.9966578931297058,0.9957979426583636,0.9752697963159834
2011-02-22 08:00:00,0.9973137394517676,0.9980898144084218,0.995756114795193,0.9749405605711527
2011-02-22 09:00:00,0.9969539514939374,0.9980898144084217,0.9957979426583635,0.9752697963159834
2011-02-22 10:00:00,0.9971378457536259,0.99734264605736,0.9956697500980415,0.9764460870040206
2011-02-22 11:00:00,0.9980611501091591,0.9960259221586797,0.9960676290987167,0.9778068555575986
2011-02-22 12:00:00,0.9982538077158751,0.9960259221586797,0.9964112422435998,0.9789831462456358
2011-02-22 13:00:00,0.9977254593023852,0.99734264605736,0.9961928018272849,0.9793677340334364
2011-02-23 07:00:00,0.9966870513193266,0.99734264605736,0.9959221314043625,0.9793677340334364
2011-02-23 08:00:00,0.9966870513193266,0.99652052171659,0.9961405718206774,0.9793677340334364
2011-02-23 09:00:00,0.9974080573395324,0.9987745673360763,0.9957969586757944,0.9813176602435522
2011-02-23 10:00:00,0.9982538077158751,0.9980273989850145,0.9956241492832854,0.9823604567146176
2011-02-23 11:00:00,0.9986135956737052,0.9980273989850145,0.9961405718206774,0.9823604567146176
2011-02-23 12:00:00,0.998789489371847,0.9957733533655283,0.9961405718206774,0.9818979895592114
2011-02-23 13:00:00,0.998789489371847,0.99734264605736,0.9961405718206774,0.9829407860302768
2011-02-24 07:00:00,0.998789489371847,0.9957733533655283,0.9961405718206774,0.9829407860302768
2011-02-24 08:00:00,0.9984297014140168,0.993519307746042,0.9956241492832854,0.9829407860302768
2011-02-24 09:00:00,0.9979437389955043,0.993519307746042,0.995317627094444,0.9811841660265802
2011-02-24 10:00:00,0.9973912934309582,0.9957733533655283,0.995317627094444,0.9792342398164648
2011-02-24 11:00:00,0.9973912934309582,0.9957733533655282,0.995317627094444,0.9792342398164646
2011-02-24 12:00:00,0.9973912934309582,0.9957733533655283,0.995317627094444,0.9787717726610583
2011-02-24 13:00:00,0.9973912934309582,0.9950886004378737,0.995317627094444,0.9800291700227463
2011-02-25 07:00:00,0.9977086953938111,0.99652052171659,0.9954486086237824,0.98333986478644
2011-02-25 08:00:00,0.9978772558494706,0.9958357687889353,0.9948779202305982,0.9838023319418462
2011-02-25 09:00:00,0.9973912934309582,0.9950886004378737,0.9945361753193068,0.9809774236427997
2011-02-25 10:00:00,0.9964679890754249,0.9957733533655283,0.9950061127909203,0.9798745523758907
2011-02-25 11:00:00,0.9964679890754249,0.994456629466848,0.9953126349797617,0.9808762249659532
2011-02-25 12:00:00,0.9964679890754249,0.9912887526200501,0.9949215669771128,0.9791563604488588
2011-02-25 13:00:00,0.9964679890754249,0.9899720287213698,0.9945798220658213,0.979618827604265
2011-02-28 07:00:00,0.9951699151392903,0.9912887526200501,0.9950061127909203,0.979618827604265
2011-02-28 08:00:00,0.9949940214411488,0.9912887526200501,0.9949215669771128,0.9796188276042652
2011-02-28 09:00:00,0.994358236614176,0.9899720287213698,0.9939533600493158,0.9798745523758907
2011-02-28 10:00:00,0.9959617205589034,0.9899720287213698,0.9940379058631236,0.9794120852204845
2011-02-28 11:00:00,0.9966235766755577,0.9872074459469337,0.9950061127909203,0.9804548816915502
2011-02-28 12:00:00,0.9969539514939374,0.9885241698456142,0.9958833233729459,0.9807841174363806
2011-02-28 13:00:00,0.9969539514939374,0.9873054486838199,0.9957551308126238,0.9797413209653152
2011-03-01 07:00:00,0.9959155435108787,0.9858735274051037,0.9954486086237824,0.9788685113914277
2011-03-01 08:00:00,0.9943120595661513,0.9864602775958721,0.9954486086237824,0.9782881820757683
2011-03-01 09:00:00,0.9927770615502023,0.9864602775958721,0.9950223178986833,0.9772453856047029
2011-03-01 10:00:00,0.9932269408478981,0.9864602775958721,0.995108682595835,0.9772453856047029
2011-03-01 11:00:00,0.9933887552106181,0.9864602775958721,0.995492255370297,0.9772453856047031
2011-03-01 12:00:00,0.9924326073964008,0.9864602775958721,0.9950223178986833,0.9757579265499935
2011-03-01 13:00:00,0.9922707930336807,0.9864602775958721,0.995108682595835,0.9750630539322027
2011-03-02 07:00:00,0.9932269408478981,0.9864602775958721,0.9959668500445183,0.9763750113522552
2011-03-02 08:00:00,0.9935573156662778,0.9864602775958721,0.9967369572980518,0.9756611878196244
2011-03-02 09:00:00,0.9935573156662778,0.9864602775958721,0.9967815741302388,0.9739045678159277
2011-03-02 10:00:00,0.9920344437931391,0.9877770014945525,0.9966933105515373,0.9735199800281272
2011-03-02 11:00:00,0.992034443793139,0.9858735274051036,0.9970058088376303,0.9742936155502058
2011-03-02 12:00:00,0.9938627256748707,0.9866206957561654,0.9970058088376301,0.9776043103138995
2011-03-02 13:00:00,0.9949478443931241,0.9920359209711118,0.996715033165447,0.9790316945727653
2011-03-03 07:00:00,0.9946174695747442,0.9927206738987662,0.9962404384912257,0.9790316945727653
2011-03-03 08:00:00,0.993694165219211,0.9900700314582558,0.9960676290987167,0.9787438455153342
2011-03-03 09:00:00,0.9949922391553453,0.990070031458256,0.9961539937958682,0.9797866419863996
2011-03-03 10:00:00,0.9955710893570773,0.994456629466848,0.9963268031883772,0.9806336969296064
2011-03-03 11:00:00,0.994180560630231,0.9930247081881317,0.9963268031883772,0.9798532576916874
2011-03-03 12:00:00,0.9928824866940966,0.989856831341334,0.9966027977870591,0.9793907905362812
2011-03-03 13:00:00,0.9928824866940966,0.9930247081881317,0.9966891624842106,0.9797753783240818
2011-03-04 07:00:00,0.9924326073964008,0.9901386915976198,0.995884307355515,0.980237845479488
2011-03-04 08:00:00,0.9916814281578354,0.9857520935890275,0.9954854443722707,0.9811106550533754
2011-03-04 09:00:00,0.9916814281578354,0.9817317534954476,0.9954854443722707,0.9816542288824321
2011-03-04 10:00:00,0.9907954146133927,0.9800841261791866,0.9954854443722705,0.9801900891369637
2011-03-04 11:00:00,0.9906268541577328,0.9823637244664735,0.9953990796751193,0.9808071739392255
2011-03-04 12:00:00,0.9918573218559772,0.9814498932391621,0.9957969586757944,0.9818088465292876
2011-03-04 13:00:00,0.9927770615502021,0.982881814517878,0.9961405718206774,0.981191761727026
2011-03-07 07:00:00,0.9927770615502021,0.9835665674455324,0.9963857164690546,0.9788915678942723
2011-03-07 08:00:00,0.993355911751934,0.9860496913646759,0.996562329022199,0.9766837443974878
2011-03-07 09:00:00,0.9943236108696887,0.9909838626855674,0.9962715533500158,0.9785069801064722
2011-03-07 10:00:00,0.9932384921514352,0.9878159858387696,0.996516697998393,0.9789694472618784
2011-03-07 11:00:00,0.9917848306151682,0.9878159858387696,0.9967559913058143,0.9770195210517627
2011-03-07 12:00:00,0.9917848306151681,0.9840161380209459,0.997076071108616,0.9748605086885034
2011-03-07 13:00:00,0.9917848306151682,0.9805043868954483,0.9968994585554717,0.9760367993765408
2011-03-08 07:00:00,0.9935327838489983,0.9840161380209459,0.9968527661558675,0.9772130900645778
2011-03-08 08:00:00,0.9935327838489983,0.9786009128059994,0.99743637372582,0.9786772298100465
2011-03-08 09:00:00,0.9925766360347811,0.9786009128059994,0.9976169607279315,0.9763265975055867
2011-03-08 10:00:00,0.9925766360347811,0.9829875108145916,0.9976169607279315,0.9751503068175497
2011-03-08 11:00:00,0.9925766360347811,0.9857520935890275,0.9977479422572698,0.975730636133209
2011-03-08 12:00:00,0.9935327838489983,0.9884027360295381,0.9980239368559519,0.9776188012822621
2011-03-08 13:00:00,0.9935327838489983,0.9864992619400892,0.9976615775601185,0.9783136739000531
2011-03-09 07:00:00,0.9932384921514354,0.9815650906191977,0.9973490792740255,0.978313673900053
2011-03-09 08:00:00,0.9930255369335542,0.9815650906191977,0.9977479422572698,0.9774666189568464
2011-03-09 09:00:00,0.9933198286311172,0.9815650906191977,0.9978848825128668,0.9786429096448835
2011-03-09 10:00:00,0.9929600406732871,0.982881814517878,0.9978848825128668,0.9786429096448835
2011-03-09 11:00:00,0.9926657489757241,0.9764057121774391,0.9978848825128669,0.9777701000709962
2011-03-09 12:00:00,0.9918330398787953,0.972893961051941,0.9978848825128668,0.9760134800672995
2011-03-09 13:00:00,0.9909097355232619,0.972893961051941,0.9978848825128669,0.9737132862345462
2011-03-10 07:00:00,0.9885594625696869,0.9728939610519413,0.9978848825128668,0.9729994627019153
2011-03-10 08:00:00,0.9885594625696869,0.9728939610519413,0.99784026568068,0.9732551874735408
2011-03-10 09:00:00,0.9882420606068341,0.9668889636953321,0.9977935732810758,0.9745125848352285
2011-03-10 10:00:00,0.9905923335604091,0.9715772371532608,0.9979305135366728,0.9755553813062944
2011-03-10 11:00:00,0.9893128059083539,0.9681298124642965,0.9975752972999429,0.9749750519906349
2011-03-10 12:00:00,0.9882420606068342,0.9681298124642965,0.9975752972999429,0.9718944189199628
2011-03-10 13:00:00,0.9871058010334198,0.9681298124642965,0.9975752972999431,0.9706370215582749
2011-03-11 07:00:00,0.9882420606068342,0.9750889882787586,0.9980187771153743,0.971638694148337
2011-03-11 08:00:00,0.9889932398453993,0.9743418199276968,0.9983374896646933,0.9720232819361376
2011-03-11 09:00:00,0.9882014344257866,0.9750889882787586,0.9982928728325063,0.9733840504897157
2011-03-11 10:00:00,0.9883570220259191,0.9780533394937001,0.9980695678797579,0.9759143060154907
2011-03-11 11:00:00,0.9877676571500742,0.9780533394937001,0.9976169607279315,0.9749126334254286
2011-03-11 12:00:00,0.9860841915769767,0.9780533394936999,0.9973885693947089,0.9729627072153127
2011-03-11 13:00:00,0.9855982291584641,0.9780533394936999,0.9976227361302203,0.9729627072153127
2011-03-14 07:00:00,0.9850296175768739,0.9780533394936999,0.9973040235809014,0.972419133386256
2011-03-14 08:00:00,0.9850296175768739,0.9715772371532608,0.9970333531579789,0.9729049198509032
2011-03-14 09:00:00,0.9850296175768739,0.972893961051941,0.9973885693947089,0.9714174607961937
2011-03-14 10:00:00,0.9850296175768739,0.972893961051941,0.9977955455227291,0.9709549936407875
2011-03-14 11:00:00,0.9827459584517999,0.9715772371532608,0.9978391922692437,0.9690050674306718
2011-03-14 12:00:00,0.9833145700333901,0.9745415883682021,0.9978391922692437,0.9696221522329337
2011-03-14 13:00:00,0.9842343097276152,0.9763078828422959,0.9976586052671323,0.970202481548593
2011-03-15 07:00:00,0.9861875940343093,0.9817231080572424,0.9979297145509918,0.970202481548593
2011-03-15 08:00:00,0.986673556452822,0.9817231080572424,0.9976586052671323,0.9710495364917997
2011-03-15 09:00:00,0.986967848150385,0.9817231080572424,0.9975722405699808,0.9710495364917997
2011-03-15 10:00:00,0.9879355472681396,0.9865515830814204,0.9975722405699808,0.9721524077587087
2011-03-15 11:00:00,0.9879355472681394,0.9865515830814204,0.9972593034229509,0.973025217332596
2011-03-15 12:00:00,0.9885713320951122,0.9871835540524463,0.9968973957569786,0.9734876844880022
2011-03-15 13:00:00,0.9892870985504552,0.990351430899244,0.9968973957569786,0.9734876844880022
2011-03-16 07:00:00,0.9889816885418622,0.9865515830814204,0.996490419628958,0.9754376106981179
2011-03-16 08:00:00,0.9901179481152765,0.9897194599282182,0.996490419628958,0.9743948142270524
2011-03-16 09:00:00,0.9901179481152763,0.992887336775016,0.9964904196289583,0.9749751435427116
2011-03-16 10:00:00,0.9905851724865896,0.9897194599282184,0.9964494455154251,0.9762325409043995
2011-03-16 11:00:00,0.9901179481152763,0.9865515830814204,0.9966836122509366,0.9747450818496899
2011-03-16 12:00:00,0.9899493876596166,0.9865515830814203,0.9967994705938495,0.9751296696374905
2011-03-16 13:00:00,0.9920157057459396,0.9897194599282182,0.9967003050409494,0.9761313422275528
2011-03-17 07:00:00,0.9921712933460722,0.9848909849040401,0.996361368914875,0.9757467544397525
2011-03-17 08:00:00,0.9905678094013448,0.9817231080572424,0.996361368914875,0.9757467544397525
2011-03-17 09:00:00,0.9899059532846907,0.9817231080572424,0.9962848776473335,0.9753621666519516
2011-03-17 10:00:00,0.991509437229418,0.9865515830814204,0.9963840432002339,0.9757467544397525
2011-03-17 11:00:00,0.9917342351664225,0.9865515830814204,0.9962848776473338,0.9757467544397522
2011-03-17 12:00:00,0.990055775693151,0.9865515830814204,0.9961643819375741,0.9757467544397525
2011-03-17 13:00:00,0.9899059532846907,0.9859196121103945,0.9963613689148753,0.9735877420764929
2011-03-18 07:00:00,0.9890602029083482,0.984016138020946,0.9963613689148753,0.9713799185797082
2011-03-18 08:00:00,0.9890602029083482,0.9857520935890275,0.9963613689148753,0.9679703125706015
2011-03-18 09:00:00,0.9872319210266163,0.9884027360295381,0.9958992491216551,0.9688173675138081
2011-03-18 10:00:00,0.9872319210266163,0.9864992619400894,0.995276558425237,0.9679445579399208
2011-03-18 11:00:00,0.9882274938114194,0.9864992619400894,0.9952287540941259,0.9684070250953271
2011-03-18 12:00:00,0.9879894576068281,0.9873213862808596,0.9957007968728822,0.9688694922507332
2011-03-18 13:00:00,0.9876951659092651,0.9833010461872795,0.9952287540941259,0.9685402565059026
2011-03-21 07:00:00,0.9886513137234823,0.9805364634128432,0.9949307719730488,0.9702368017137557
2011-03-21 08:00:00,0.9899493876596166,0.9813585877536134,0.995025268703764,0.9727738609553711
2011-03-21 09:00:00,0.9899493876596166,0.9797892950617817,0.9945259691523336,0.9723113937999649
2011-03-21 10:00:00,0.9899493876596166,0.9808179222681362,0.9947294545426955,0.9717310644843057
2011-03-21 11:00:00,0.9899493876596166,0.9846177700859599,0.9952287540941259,0.9723113937999649
2011-03-21 12:00:00,0.9899493876596168,0.9818531873115238,0.9950252687037641,0.9665648384715025
2011-03-21 13:00:00,0.9874856679704438,0.9764057121774389,0.9945631489105439,0.9651006987260341
2011-03-22 07:00:00,0.988408972325977,0.972893961051941,0.9948282817264631,0.9643868751934029
2011-03-22 08:00:00,0.9884089723259771,0.9764057121774387,0.995541691241156,0.9630261066398249
2011-03-22 09:00:00,0.9884089723259771,0.9764057121774389,0.995290401519683,0.9647459711569188
2011-03-22 10:00:00,0.9880645181721757,0.9764057121774389,0.995025268703764,0.9647459711569188
2011-03-22 11:00:00,0.9899165442009328,0.9799174633029367,0.9957386782184569,0.9651305589447192
2011-03-22 12:00:00,0.9909549521839914,0.979170294951875,0.9957386782184569,0.96455022962906
2011-03-22 13:00:00,0.993165739559417,0.979170294951875,0.9957386782184569,0.965264053161691
2011-03-23 07:00:00,0.993165739559417,0.9749737908987228,0.995738678218457,0.965264053161691
2011-03-23 08:00:00,0.993165739559417,0.9781416677455205,0.996361368914875,0.9648015860062847
2011-03-23 09:00:00,0.993165739559417,0.9800841261791866,0.9965798093311902,0.9662657257517533
2011-03-23 10:00:00,0.993165739559417,0.9855316013132712,0.9969117243554251,0.9634408174527067
2011-03-23 11:00:00,0.993165739559417,0.9842148774145909,0.9972973528811034,0.9652640531616912
2011-03-23 12:00:00,0.993165739559417,0.9833010461872795,0.9976676277178631,0.9704302791744942
2011-03-23 13:00:00,0.9935255275172472,0.9838486194995788,0.9974739654342479,0.9700456913866936
2011-03-24 07:00:00,0.9950483993903858,0.9821126639314973,0.9976676277178631,0.9713030887483817
2011-03-24 08:00:00,0.9958600779155004,0.9864992619400894,0.997383717578255,0.971687676536182
2011-03-24 09:00:00,0.9958600779155006,0.9810840367251428,0.9975176121807624,0.9737321455973098
2011-03-24 10:00:00,0.9960156655156331,0.9864992619400894,0.9968949214843441,0.9723047613384438
2011-03-24 11:00:00,0.996807470935246,0.9857520935890275,0.9971400661327213,0.9723047613384439
2011-03-24 12:00:00,0.9971378457536259,0.9873213862808594,0.9973057405809166,0.9734076326053529
2011-03-24 13:00:00,0.9971378457536259,0.9873213862808594,0.9973057405809166,0.9729451654499466
2011-03-25 07:00:00,0.9971378457536259,0.9873213862808594,0.997383717578255,0.9739468380400088
2011-03-25 08:00:00,0.997299660116346,0.9864992619400892,0.9975066740758134,0.9748196476138961
2011-03-25 09:00:00,0.9971157658566574,0.9805364634128432,0.9975969219318063,0.9748196476138961
2011-03-25 10:00:00,0.9971157658566574,0.9853649384370213,0.9969742312353881,0.9748196476138963
2011-03-25 11:00:00,0.9980390702121908,0.982881814517878,0.9972650069075712,0.9726118241171114
2011-03-25 12:00:00,0.9978772558494708,0.9793700633923802,0.9974241125392974,0.9726118241171114
2011-03-25 13:00:00,0.9973248102849245,0.9717174387195101,0.9977174176415656,0.9711844398582454
2011-03-28 07:00:00,0.9971562498292645,0.9717174387195101,0.9971727039424859,0.9705673550559836
2011-03-28 08:00:00,0.9969539514939374,0.9742005626386534,0.9973455133349949,0.9674867219853114
2011-03-28 09:00:00,0.9980390702121906,0.9727686413599373,0.9976362890071779,0.9681038067875732
2011-03-28 10:00:00,0.9980390702121906,0.9710326857918558,0.9977174176415657,0.9699270424965577
2011-03-28 11:00:00,0.9980390702121906,0.9742005626386534,0.9979312011476076,0.9694645753411515
2011-03-28 12:00:00,0.9980390702121906,0.9818531873115237,0.9979713556684623,0.9703116302843581
2011-03-28 13:00:00,0.9980390702121906,0.9853649384370213,0.9978902270340746,0.9703116302843581
2011-03-29 07:00:00,0.9984156220785952,0.9815650906191977,0.9981295203414959,0.9706408660291885
2011-03-29 08:00:00,0.9982538077158751,0.982881814517878,0.9977174176415656,0.9711844398582454
2011-03-29 09:00:00,0.9982538077158751,0.9828818145178781,0.9976271697855729,0.9703373849150387
2011-03-29 10:00:00,0.9982538077158751,0.9846177700859599,0.9976271697855726,0.9711844398582453
2011-03-29 11:00:00,0.9984297014140168,0.9886381101795397,0.9975476481893464,0.9711844398582454
2011-03-29 12:00:00,0.9987600762323967,0.9878159858387696,0.9975066740758134,0.9715136756030761
2011-03-29 13:00:00,0.9992884246458866,0.9909838626855674,0.9975066740758134,0.9737214990998609
2011-03-30 07:00:00,0.9991198641902267,0.9928873367750162,0.9975460411511851,0.9743385839021226
2011-03-30 08:00:00,0.9992884246458866,0.9909838626855674,0.9978456102018878,0.9749556687043843
2011-03-30 09:00:00,0.9989286366880564,0.990070031458256,0.9975066740758134,0.9743385839021226
2011-03-30 10:00:00,0.9982076306678506,0.990070031458256,0.9969619603767335,0.974009348157292
2011-03-30 11:00:00,0.9982076306678506,0.9900700314582558,0.9970522082327264,0.974009348157292
2011-03-30 12:00:00,0.9982076306678505,0.9900700314582558,0.9970522082327264,0.9734657743282352
2011-03-30 13:00:00,0.9973248102849245,0.9865582803327582,0.9969742312353881,0.9727519507956042
2011-03-31 07:00:00,0.9973248102849245,0.9858735274051036,0.9973959884369095,0.972038127262973
2011-03-31 08:00:00,0.9971562498292645,0.9858735274051036,0.9972193758837652,0.9722938520345987
2011-03-31 09:00:00,0.9974866246476445,0.9858735274051036,0.9974787904136132,0.9688842460254918
2011-03-31 10:00:00,0.9974866246476445,0.9858735274051036,0.9973959884369095,0.9688842460254921
2011-03-31 11:00:00,0.9980390702121908,0.9858735274051037,0.9973057405809166,0.9691720950829231
2011-03-31 12:00:00,0.9987600762323967,0.9836194817856174,0.9973057405809167,0.9698859186155544
2011-03-31 13:00:00,0.9987600762323967,0.9836194817856172,0.9973057405809167,0.9702705064033549
2011-04-01 07:00:00,0.9984156220785952,0.9844416061263874,0.9973057405809167,0.9692688338132924
2011-04-01 08:00:00,0.9984156220785952,0.9863840645600536,0.9973057405809167,0.9641026078004892
2011-04-01 09:00:00,0.9989439704920852,0.9878159858387696,0.9973057405809167,0.9641026078004892
2011-04-01 10:00:00,0.9992884246458866,0.9897194599282182,0.9971497277171488,0.9644871955882898
2011-04-01 11:00:00,0.9996482126037167,0.9859196121103947,0.997433637856757,0.9634855229982274
2011-04-01 12:00:00,0.9993037584499153,0.9840161380209459,0.9978490652503729,0.9634855229982274
2011-04-01 13:00:00,0.9996482126037167,0.9840161380209459,0.9983700785480714,0.9665105412195337
2011-04-04 07:00:00,0.9996482126037167,0.9840161380209459,0.9984119064112418,0.9634299081488613
2011-04-04 08:00:00,0.9993037584499153,0.9840161380209457,0.9984119064112418,0.9634299081488613
2011-04-04 09:00:00,0.9991198641902268,0.9821126639314971,0.9986830156951014,0.9642103473867805
2011-04-04 10:00:00,0.9982370438073009,0.9821126639314971,0.9986830156951012,0.9638811116419498
2011-04-04 11:00:00,0.9978772558494706,0.9786009128059994,0.9982109729163452,0.9628794390518876
2011-04-04 12:00:00,0.9975328016956692,0.984016138020946,0.9982109729163452,0.970345858897444
2011-04-04 13:00:00,0.9975328016956692,0.9859196121103947,0.9980343603632007,0.9685226231884598
2011-04-05 07:00:00,0.9962920953772831,0.984016138020946,0.9983216585552489,0.9685226231884598
2011-04-05 08:00:00,0.9964476829774159,0.9829875108145916,0.9984421542650084,0.9668027586713658
2011-04-05 09:00:00,0.9968426389194593,0.9843042347132719,0.9984421542650084,0.9645949351745808
2011-04-05 10:00:00,0.9958042309364006,0.9843042347132719,0.9984421542650084,0.9642103473867805
2011-04-05 11:00:00,0.9958042309364006,0.9843042347132719,0.9979597508892766,0.9629529500250926
2011-04-05 12:00:00,0.9958042309364006,0.9848909849040404,0.9978006452575504,0.963954622615155
2011-04-05 13:00:00,0.9950832249161945,0.9829875108145916,0.997561830417079,0.9645717074174167
2011-04-06 07:00:00,0.9938425185978085,0.9845568035064233,0.9974772846032713,0.9675967256387229
2011-04-06 08:00:00,0.9938425185978087,0.9873213862808596,0.9975675324592644,0.9675967256387229
2011-04-06 09:00:00,0.9938425185978085,0.9861870627777916,0.9975675324592643,0.9693533456424192
2011-04-06 10:00:00,0.9938425185978085,0.9861870627777916,0.9975675324592643,0.9693533456424192
2011-04-06 11:00:00,0.9938425185978087,0.9876189840565076,0.9975675324592643,0.9675967256387228
2011-04-06 12:00:00,0.9947658229533419,0.9885328152838192,0.9975675324592643,0.9683105491713537
2011-04-06 13:00:00,0.9950832249161945,0.9848212957178161,0.9969212630238227,0.9700671691750504
2011-04-07 07:00:00,0.9938425185978087,0.9848212957178162,0.9966618484939748,0.9722749926718351
2011-04-07 08:00:00,0.9938425185978087,0.9877856469327577,0.9969212630238227,0.9728185665008919
2011-04-07 09:00:00,0.9945635246180146,0.9877856469327575,0.9971605563312441,0.9736656214440987
2011-04-07 10:00:00,0.9958042309364006,0.9877856469327575,0.997479268880563,0.9730485366418368
2011-04-07 11:00:00,0.9944137022095542,0.9846177700859599,0.9976520782730719,0.9722014816986303
2011-04-07 12:00:00,0.9944137022095542,0.9861870627777917,0.9978411765465353,0.9702192599483896
2011-04-07 13:00:00,0.9944137022095542,0.9871008940051031,0.9976520782730719,0.9736288659574962
2011-04-08 07:00:00,0.9944137022095542,0.9877856469327575,0.997479268880563,0.9727818110142895
2011-04-08 08:00:00,0.992665748975724,0.9895519414068511,0.9978490652503729,0.9707373419531617
2011-04-08 09:00:00,0.9930255369335542,0.9895519414068511,0.9978490652503729,0.9707373419531617
2011-04-08 10:00:00,0.9943236108696887,0.9886381101795398,0.9979373288290742,0.9725605776621462
2011-04-08 11:00:00,0.9935318054500757,0.990070031458256,0.9981710439347246,0.971199809108568
2011-04-08 12:00:00,0.9924361720577092,0.9893852785306015,0.9981710439347246,0.9705827243063062
2011-04-08 13:00:00,0.9917460092814989,0.9878159858387696,0.9981710439347246,0.9686327980961906
2011-04-11 07:00:00,0.9930440832176334,0.9886381101795398,0.9981710439347246,0.9694798530393972
2011-04-11 08:00:00,0.9926491272755901,0.9826753116522939,0.9981710439347246,0.9669173019734973
2011-04-11 09:00:00,0.9918573218559771,0.9781416677455207,0.9979740569574234,0.9665327141856968
2011-04-11 10:00:00,0.9908896227382226,0.9781416677455207,0.9975670808294032,0.9662034784408663
2011-04-11 11:00:00,0.9908896227382226,0.9804212660328075,0.9973942714368942,0.968247947501994
2011-04-11 12:00:00,0.9927770615502023,0.9804212660328075,0.9977566307327277,0.9697354065567034
2011-04-11 13:00:00,0.992945622005862,0.9773022852667106,0.9982665548570587,0.9697354065567034
2011-04-12 07:00:00,0.9910581831938823,0.9744162686761986,0.9984393642495676,0.9684780091950157
2011-04-12 08:00:00,0.9910581831938823,0.9776144844290082,0.9985763045051647,0.9662701856982309
2011-04-12 09:00:00,0.990833385256878,0.9842062319763857,0.9989082195293998,0.965012788336543
2011-04-12 10:00:00,0.9920258823116369,0.9864602775958721,0.9989945842265513,0.9657266118691739
2011-04-12 11:00:00,0.9927770615502023,0.9848909849040401,0.9990848320825441,0.9667282844592362
2011-04-12 12:00:00,0.9918573218559772,0.9829875108145916,0.9993335203526256,0.9659546489371579
2011-04-12 13:00:00,0.9920258823116369,0.9829875108145916,0.9989945842265512,0.9664404354018051
2011-04-13 07:00:00,0.992945622005862,0.9848909849040401,0.9988636026972129,0.9681602999188991
2011-04-13 08:00:00,0.9939133211236166,0.9864602775958721,0.9987733548412199,0.9676978327634929
2011-04-13 09:00:00,0.9927770615502023,0.9858735274051036,0.9984860566491718,0.9690586013170711
2011-04-13 10:00:00,0.9924326073964008,0.987092248566898,0.9988636026972129,0.9687293655722404
2011-04-13 11:00:00,0.9939676054123499,0.991920723591076,0.9990402152503574,0.971554273871287
2011-04-13 12:00:00,0.994160263019066,0.9950886004378738,0.9990402152503574,0.9745792920925932
2011-04-13 13:00:00,0.9921875118482314,0.9912887526200501,0.9990402152503574,0.9741168249371871
2011-04-14 07:00:00,0.9921875118482314,0.9912887526200502,0.9990402152503571,0.9735732511081303
2011-04-14 08:00:00,0.9927158602617212,0.9912887526200502,0.9988636026972129,0.9752931156252242
2011-04-14 09:00:00,0.9946886114325557,0.9912887526200502,0.9987733548412199,0.9760069391578553
2011-04-14 10:00:00,0.994160263019066,0.9912887526200502,0.9988636026972129,0.9745795548989893
2011-04-14 11:00:00,0.9921875118482314,0.9912887526200501,0.9987297080947054,0.972279361066236
2011-04-14 12:00:00,0.9921875118482314,0.9912887526200501,0.998645162280898,0.9715655375336051
2011-04-14 13:00:00,0.9941602630190659,0.9912887526200501,0.9987733548412199,0.9738657313663585
2011-04-15 07:00:00,0.9939984486563459,0.9919207235910757,0.9987266624416159,0.9726894406783211
2011-04-15 08:00:00,0.9926657489757241,0.9912887526200501,0.9987266624416159,0.9712019816236115
2011-04-15 09:00:00,0.9916273409926655,0.9912887526200501,0.9987266624416159,0.9704881580909805
2011-04-15 10:00:00,0.9929600406732871,0.9950886004378737,0.9988636026972129,0.9697145225689021
2011-04-15 11:00:00,0.9914250426573381,0.994456629466848,0.9990686442207798,0.969252055413496
2011-04-15 12:00:00,0.9902368122658192,0.9912887526200501,0.9990686442207798,0.9686349706112343
2011-04-15 13:00:00,0.9919847654996493,0.993352644869792,0.9990686442207798,0.9714598789102807
2011-04-18 07:00:00,0.9919847654996493,0.993352644869792,0.9989063206478499,0.9728872631691468
2011-04-18 08:00:00,0.9919847654996492,0.993352644869792,0.9989063206478499,0.9739901344360558
2011-04-18 09:00:00,0.9919847654996493,0.99652052171659,0.9992452567739242,0.9725026753813464
2011-04-18 10:00:00,0.9933752942264956,0.9957733533655283,0.9992452567739242,0.9725026753813462
2011-04-18 11:00:00,0.9916273409926655,0.9919735055477044,0.9991996257501182,0.9710385356358779
2011-04-18 12:00:00,0.9926657489757241,0.994456629466848,0.9993335203526256,0.9703436630180869
2011-04-18 13:00:00,0.9929600406732871,0.992887336775016,0.9992452567739242,0.9716556204381397
2011-04-19 07:00:00,0.9916273409926655,0.988500738766424,0.9992452567739242,0.9710385356358777
2011-04-19 08:00:00,0.9902368122658192,0.988500738766424,0.999114275244586,0.9703436630180869
2011-04-19 09:00:00,0.9902368122658192,0.9860496913646759,0.9990686442207798,0.9707828108642522
2011-04-19 10:00:00,0.9914250426573381,0.9877856469327577,0.9990686442207798,0.9730830046970057
2011-04-19 11:00:00,0.9925650847312437,0.9877856469327577,0.9990686442207798,0.9763936994606994
2011-04-19 12:00:00,0.9925650847312437,0.9846177700859599,0.9991497728551676,0.9766815485181305
2011-04-19 13:00:00,0.9925650847312437,0.9816534188710183,0.9991934196016821,0.9786314747282461
2011-04-20 07:00:00,0.9925650847312437,0.9799174633029367,0.999366228994191,0.9753207799645525
2011-04-20 08:00:00,0.9929600406732871,0.9764057121774389,0.9994564768501839,0.9756500157093831
2011-04-20 09:00:00,0.9932774426361399,0.9781416677455205,0.9992025388232872,0.9756500157093831
2011-04-20 10:00:00,0.9935828526447328,0.9797109604373524,0.9988636026972129,0.9759057404810086
2011-04-20 11:00:00,0.9948809265808674,0.9816534188710183,0.9989063206478499,0.9770820311690458
2011-04-20 12:00:00,0.9959193345639259,0.9781416677455207,0.9989063206478499,0.9790319573791615
2011-04-20 13:00:00,0.9961216328992535,0.9823381717986728,0.9987753391185114,0.9804593416380275
2011-04-21 07:00:00,0.9968426389194593,0.9860496913646759,0.999114275244586,0.9816356323260645
2011-04-21 08:00:00,0.9970044532821793,0.9846177700859599,0.999114275244586,0.9816356323260648
2011-04-21 09:00:00,0.9970044532821793,0.9823381717986729,0.9992452567739242,0.9833554968431587
2011-04-21 10:00:00,0.9961216328992535,0.9846177700859599,0.9992025388232872,0.9824826872692712
2011-04-21 11:00:00,0.9952388125163274,0.9861870627777916,0.9988636026972129,0.9807260672655749
2011-04-21 12:00:00,0.9939981061979413,0.9797109604373526,0.9988636026972129,0.9798790123223683
2011-04-21 13:00:00,0.9939981061979413,0.9811428817160684,0.9987712792738027,0.9781591478052741
2011-04-25 07:00:00,0.9948809265808674,0.9841072329310098,0.9991569077994812,0.9784883835501047
2011-04-25 08:00:00,0.9948809265808674,0.9848544012820715,0.9988636026972129,0.9788729713379053
2011-04-25 09:00:00,0.9961216328992535,0.9908171998093175,0.9987712792738027,0.9778301748668397
2011-04-25 10:00:00,0.9957266769572101,0.9908171998093175,0.9991569077994812,0.9764027906079736
2011-04-25 11:00:00,0.9954092749943573,0.9848544012820715,0.9993225822476764,0.9754011180179115
2011-04-25 12:00:00,0.994485970638824,0.9848544012820717,0.9991497728551676,0.9734511918077958
2011-04-25 13:00:00,0.9936402202624813,0.9848544012820717,0.9988035114048607,0.9737390408652269
2011-04-26 07:00:00,0.9948809265808672,0.9876189840565076,0.9990574494317577,0.9715312173684422
2011-04-26 08:00:00,0.9942730154209428,0.9860496913646759,0.999238036433869,0.9712019816236115
2011-04-26 09:00:00,0.9932774426361399,0.98410723293101,0.9989840984069723,0.9712019816236115
2011-04-26 10:00:00,0.9932774426361399,0.9848544012820717,0.998645162280898,0.9712019816236115
2011-04-26 11:00:00,0.9932774426361399,0.9873054486838199,0.9982209238332529,0.9699445842619238
2011-04-26 12:00:00,0.994160263019066,0.9908171998093176,0.9985082220253009,0.9712019816236115
2011-04-26 13:00:00,0.9933275539221372,0.9927206738987664,0.9988938505509793,0.9702003090335494
2011-04-27 07:00:00,0.9926373911459272,0.990070031458256,0.9990595249991746,0.9681558399724217
2011-04-27 08:00:00,0.9929428011545203,0.9900700314582557,0.9988903583253198,0.9677166921262563
2011-04-27 09:00:00,0.9937885515308629,0.994456629466848,0.9987534180697227,0.9677166921262563
2011-04-27 10:00:00,0.9946212606277917,0.9952037978179096,0.9990128325995705,0.9691808318717249
2011-04-27 11:00:00,0.993582852644733,0.9952037978179096,0.9988035114048607,0.9666437726301095
2011-04-27 12:00:00,0.9925444446616742,0.9927206738987664,0.9985440968750129,0.9645993035689817
2011-04-27 13:00:00,0.993582852644733,0.994456629466848,0.9984071566194158,0.964887152626413
2011-04-28 07:00:00,0.9946212606277917,0.9952037978179096,0.9987534180697227,0.964887152626413
2011-04-28 08:00:00,0.993582852644733,0.99652052171659,0.9985440968750129,0.962679329129628
2011-04-28 09:00:00,0.9932774426361399,0.9950886004378738,0.9981584683493344,0.9621357553005712
2011-04-28 10:00:00,0.9944656730276588,0.9950886004378738,0.9982021150958489,0.9638556198176653
2011-04-28 11:00:00,0.9953114234040016,0.9950886004378738,0.9985082220253009,0.9633931526622592
2011-04-28 12:00:00,0.9960015861802116,0.99652052171659,0.998508222025301,0.9662180609613057
2011-04-28 13:00:00,0.9960015861802115,0.99734264605736,0.9985082220253009,0.9643948252523213
2011-04-29 07:00:00,0.9960015861802115,0.99734264605736,0.9983390553514458,0.9662180609613057
2011-04-29 08:00:00,0.9960015861802116,0.9987745673360762,0.9984645752787865,0.9662180609613057
2011-04-29 09:00:00,0.9960015861802116,0.9987745673360762,0.9988502038044649,0.9672197335513678
2011-04-29 10:00:00,0.9960015861802115,0.99734264605736,0.9988938505509793,0.9679146061691588
2011-04-29 11:00:00,0.9960015861802115,0.99734264605736,0.9988938505509793,0.9662180609613057
2011-04-29 12:00:00,0.9953114234040014,0.99734264605736,0.9990595249991746,0.9662180609613057
2011-04-29 13:00:00,0.9959193345639258,0.9980898144084218,0.9993189395290226,0.9662180609613057
2011-05-02 07:00:00,0.9970044532821793,0.9987745673360762,0.9994917489215315,0.9690429692603523
2011-05-02 08:00:00,0.9975328016956692,0.9987745673360762,0.999668361474676,0.9680001727892869
2011-05-02 09:00:00,0.9976946160583894,0.99734264605736,0.9995819967775245,0.9689828944645089
2011-05-02 10:00:00,0.9975328016956692,0.99734264605736,0.9994510152481861,0.9695632237801681
2011-05-02 11:00:00,0.9984156220785952,0.99734264605736,0.9994510152481861,0.9695632237801681
2011-05-02 12:00:00,0.9980390702121908,0.9980273989850146,0.9994053842243802,0.9698924595249988
2011-05-02 13:00:00,0.9977086953938109,0.9980273989850146,0.9994053842243802,0.9675922656922453
2011-05-03 07:00:00,0.9980390702121906,0.99734264605736,0.9995335767847021,0.9701225212180203
2011-05-03 08:00:00,0.9975328016956692,0.99734264605736,0.9992684439687831,0.9695054364157584
2011-05-03 09:00:00,0.9982229644718792,0.9980898144084217,0.999083699382075,0.9695054364157586
2011-05-03 10:00:00,0.9976946160583894,0.9966578931297055,0.9988063375299103,0.969120848627958
2011-05-03 11:00:00,0.9966094973401359,0.9950886004378737,0.9987217917161029,0.9680179773610492
2011-05-03 12:00:00,0.9966094973401359,0.9966578931297055,0.9987217917161029,0.9660680511509335
2011-05-03 13:00:00,0.9966094973401359,0.9950886004378738,0.99839423482998,0.9660680511509335
2011-05-04 07:00:00,0.995817691920523,0.995910724778644,0.997889675651755,0.967891286859918
2011-05-04 08:00:00,0.9951558358038688,0.9950886004378738,0.9979306497652879,0.9668896142698554
2011-05-04 09:00:00,0.9962920953772831,0.9950886004378738,0.99839423482998,0.9686462342735521
2011-05-04 10:00:00,0.9970468392771566,0.9950886004378738,0.9986781449695884,0.9700736185324181
2011-05-04 11:00:00,0.997423391143561,0.9950886004378737,0.9990400526355606,0.9712499092204553
2011-05-04 12:00:00,0.9965405707606352,0.9930247081881319,0.9991264173327121,0.9709206734756248
2011-05-04 13:00:00,0.9970468392771566,0.9930247081881319,0.999126417332712,0.9737455817746714
2011-05-05 07:00:00,0.9970468392771566,0.9930247081881319,0.9987645096667399,0.9728985268314646
2011-05-05 08:00:00,0.9970468392771566,0.9936566791591578,0.9986781449695884,0.9723181975158054
2011-05-05 09:00:00,0.9970468392771568,0.9950886004378738,0.9990400526355606,0.974074817519502
2011-05-05 10:00:00,0.9970468392771568,0.9950886004378738,0.999126417332712,0.974074817519502
2011-05-05 11:00:00,0.9970468392771568,0.9937718765391934,0.9989982247723901,0.9737455817746714
2011-05-05 12:00:00,0.9962920953772831,0.991121234098683,0.9989982247723901,0.9712085225330561
2011-05-05 13:00:00,0.9957637469637933,0.9861870627777916,0.9988727048450494,0.9712085225330559
2011-05-06 07:00:00,0.9970044532821793,0.9846177700859596,0.9985953429928847,0.9715377582778866
2011-05-06 08:00:00,0.9961216328992533,0.9797892950617817,0.9987235355532067,0.9706907033346798
2011-05-06 09:00:00,0.9950832249161945,0.9838096351553616,0.9988063375299103,0.9671709224178425
2011-05-06 10:00:00,0.9961216328992533,0.9857520935890275,0.9987217917161029,0.964431580738924
2011-05-06 11:00:00,0.9959660452991206,0.9857520935890275,0.9985935991557809,0.9616066724398771
2011-05-06 12:00:00,0.9957637469637934,0.9886381101795398,0.998955506821753,0.9590441213739772
2011-05-06 13:00:00,0.9955710893570774,0.9912887526200501,0.9990956345762741,0.9600457939640396
2011-05-09 07:00:00,0.9957266769572101,0.9899720287213698,0.9991402514084611,0.957220885664993
2011-05-09 08:00:00,0.9955710893570773,0.9920359209711118,0.9989674420159522,0.957220885664993
2011-05-09 09:00:00,0.9962329454737315,0.9912887526200501,0.9992325748318712,0.9582036073402148
2011-05-09 10:00:00,0.9951478267554781,0.9864602775958721,0.9992325748318712,0.9564837428231209
2011-05-09 11:00:00,0.9938497528193437,0.9864602775958721,0.9990597654393625,0.9558666580208591
2011-05-09 12:00:00,0.9936941652192111,0.9838096351553616,0.9990597654393625,0.9527860249501869
2011-05-09 13:00:00,0.9936941652192111,0.9858735274051037,0.9990187913258293,0.9545058894672809
2011-05-10 07:00:00,0.9940245400375909,0.987092248566898,0.9990187913258293,0.9545058894672809
2011-05-10 08:00:00,0.9938627256748709,0.987092248566898,0.9989731603020233,0.953403018200372
2011-05-10 09:00:00,0.992501668164452,0.9870922485668979,0.9987080274861042,0.9525302086264845
2011-05-10 10:00:00,0.992196258155859,0.985522955875066,0.9984540894592077,0.9542267538343376
2011-05-10 11:00:00,0.9926634825271722,0.985522955875066,0.9984540894592075,0.9557142128890472
2011-05-10 12:00:00,0.9913654085910378,0.9836194817856172,0.9986725298755224,0.9560434486338776
2011-05-10 13:00:00,0.9928190701273049,0.9836194817856172,0.9983595927284924,0.9580879176950056
2011-05-11 07:00:00,0.9928190701273049,0.9798196339677937,0.9981001781986444,0.9595753767497149
2011-05-11 08:00:00,0.992501668164452,0.9817231080572424,0.9981001781986444,0.9606782480166239
2011-05-11 09:00:00,0.9928190701273049,0.9757181107006332,0.9981001781986444,0.9637588810872961
2011-05-11 10:00:00,0.9913654085910378,0.9757181107006332,0.9976571418982844,0.9622714220325865
2011-05-11 11:00:00,0.9930438680643093,0.9757181107006332,0.9980190495642566,0.9622714220325865
2011-05-11 12:00:00,0.9915209961911704,0.9751313605098647,0.9982729875911533,0.962733889187993
2011-05-11 13:00:00,0.9912035942283178,0.9739970370067971,0.9984823087858631,0.9635075247100713
2011-05-12 07:00:00,0.9925016681644522,0.9793700633923802,0.9984823087858631,0.9643545796532779
2011-05-12 08:00:00,0.992501668164452,0.975173559339228,0.998039272485503,0.9661778153622622
2011-05-12 09:00:00,0.992501668164452,0.972893961051941,0.9978586854833916,0.9658899663048311
2011-05-12 10:00:00,0.9928190701273049,0.9675209346663579,0.9977117155993803,0.9639400400947155
2011-05-12 11:00:00,0.9930438680643093,0.9751735593392281,0.99808199043614,0.9653008086482935
2011-05-12 12:00:00,0.9941801276377237,0.9751735593392281,0.9977117155993803,0.9683258268695997
2011-05-12 13:00:00,0.992501668164452,0.9691685619826189,0.997326087073702,0.9671495361815623
2011-05-13 07:00:00,0.992501668164452,0.9691685619826189,0.9976321940031538,0.9694497300143159
2011-05-13 08:00:00,0.992501668164452,0.9691685619826189,0.9976321940031538,0.9691940052426903
2011-05-13 09:00:00,0.9925016681644522,0.9691685619826189,0.9976321940031538,0.9671495361815625
2011-05-13 10:00:00,0.9904353500781292,0.9691685619826189,0.9970095033067358,0.9661478635915002
2011-05-13 11:00:00,0.9901179481152763,0.9691685619826189,0.9967861983539872,0.9661478635915002
2011-05-13 12:00:00,0.9901179481152763,0.9691685619826189,0.9962697758165953,0.9664357126489315
2011-05-13 13:00:00,0.9901179481152763,0.9733650660357712,0.9962697758165953,0.9678998523943998
2011-05-16 07:00:00,0.9904353500781292,0.9733650660357712,0.9962697758165953,0.969619716911494
2011-05-16 08:00:00,0.992501668164452,0.9793700633923804,0.9962697758165953,0.9685769204404283
2011-05-16 09:00:00,0.9913654085910378,0.9811363578664739,0.9965349086325141,0.9692907439730595
2011-05-16 10:00:00,0.9913654085910378,0.9811363578664739,0.9964521066558106,0.9667604884472846
2011-05-16 11:00:00,0.9927264661014564,0.9853328619196263,0.9964521066558106,0.968247947501994
2011-05-16 12:00:00,0.9928882804641764,0.985332861919626,0.9966287192089551,0.9678633597141935
2011-05-16 13:00:00,0.9927264661014564,0.9853328619196262,0.9964630447607596,0.9706882680132403
2011-05-17 07:00:00,0.9941801276377237,0.9853328619196262,0.9970605959325396,0.971791139280149
2011-05-17 08:00:00,0.9941801276377235,0.9853328619196263,0.9973925109567747,0.9732552790256175
2011-05-17 09:00:00,0.9936941652192111,0.984016138020946,0.9972268365085795,0.9750118990293142
2011-05-17 10:00:00,0.9947792839374644,0.9829875108145916,0.9975622290129493,0.9741648440861072
2011-05-17 11:00:00,0.9932564120643255,0.9780533394937001,0.9971831897620649,0.9745494318739077
2011-05-17 12:00:00,0.9925945559476714,0.9704007148208299,0.9970522082327266,0.9742615828164767
2011-05-17 13:00:00,0.9925945559476714,0.9743418199276968,0.9973455133349949,0.9747240499718829
2011-05-18 07:00:00,0.9925945559476714,0.9780533394936999,0.9971831897620649,0.9742615828164767
2011-05-18 08:00:00,0.9925945559476714,0.9780533394936999,0.9970522082327266,0.974549431873908
2011-05-18 09:00:00,0.9942730154209428,0.9840161380209459,0.9973008965028081,0.9745494318739077
2011-05-18 10:00:00,0.9932564120643255,0.984016138020946,0.9970522082327266,0.9745494318739077
2011-05-18 11:00:00,0.9925945559476715,0.9828818145178781,0.9971727039424859,0.9757257225619451
2011-05-18 12:00:00,0.994273015420943,0.9860496913646759,0.9971727039424859,0.9780259163946984
2011-05-18 13:00:00,0.9946174695747443,0.9818531873115237,0.997172703942486,0.9803261102274518
2011-05-19 07:00:00,0.9946174695747443,0.9818531873115235,0.997172703942486,0.9803261102274518
2011-05-19 08:00:00,0.9959155435108787,0.982675311652294,0.9973008965028081,0.9811731651706586
2011-05-19 09:00:00,0.9951607996110052,0.9813585877536134,0.9970522082327266,0.9811731651706583
2011-05-19 10:00:00,0.9945250147840324,0.9776470681876105,0.9971727039424859,0.979349929461674
2011-05-19 11:00:00,0.9935573156662778,0.9768249438468404,0.9971727039424859,0.9780925320999861
2011-05-19 12:00:00,0.9938627256748707,0.9737059630807434,0.9971333368671143,0.9763726675828922
2011-05-19 13:00:00,0.9938627256748709,0.9776470681876105,0.9975969219318063,0.9749452833240262
2011-05-20 07:00:00,0.9948304247926253,0.9797109604373524,0.9975969219318063,0.9771531068208111
2011-05-20 08:00:00,0.9938627256748709,0.9776470681876105,0.9976362890071779,0.9759768161327738
2011-05-20 09:00:00,0.9935573156662778,0.9755163673973265,0.9977174176415657,0.9751297611895672
2011-05-20 10:00:00,0.9927770615502023,0.9755163673973265,0.9977174176415657,0.9748419121321359
2011-05-20 11:00:00,0.9945250147840322,0.9797109604373524,0.9977174176415657,0.9765617766492299
2011-05-20 12:00:00,0.9941946399656524,0.9788888360965824,0.9971333368671143,0.9782816411663241
2011-05-20 13:00:00,0.9941946399656525,0.9795735890242366,0.9969742312353881,0.9779524054214934
2011-05-23 07:00:00,0.9927409784293854,0.9818531873115237,0.9966044348655781,0.976488265676025
2011-05-23 08:00:00,0.9935327838489983,0.982881814517878,0.9972650069075712,0.9768175014208553
2011-05-23 09:00:00,0.9935327838489982,0.9860496913646759,0.9974787904136132,0.9772799685762618
2011-05-23 10:00:00,0.9933198286311172,0.9885328152838192,0.9978490652503729,0.9786407371298398
2011-05-23 11:00:00,0.9938057910496298,0.9901021079756511,0.99775881739438,0.9790253249176404
2011-05-23 12:00:00,0.9938057910496298,0.994122448069231,0.99775881739438,0.9800681213887058
2011-05-23 13:00:00,0.9947734901673843,0.9925531553773993,0.9978490652503729,0.980068121388706
2011-05-24 07:00:00,0.9956563105503103,0.9925531553773991,0.9982109729163452,0.9821125904498337
2011-05-24 08:00:00,0.9965796149058436,0.991121234098683,0.9982992364950465,0.9832888811378709
2011-05-24 09:00:00,0.9967555086039853,0.9937718765391934,0.9981264271025375,0.9847162653967367
2011-05-24 10:00:00,0.9962030630394392,0.9966578931297058,0.9984583421267726,0.9852965947123962
2011-05-24 11:00:00,0.9967555086039855,0.99734264605736,0.9988917749835622,0.9861436496556027
2011-05-24 12:00:00,0.995799360789768,0.994456629466848,0.9989763207973696,0.9856811825001965
2011-05-24 13:00:00,0.995799360789768,0.9930247081881319,0.9990199675438841,0.9846383860291311
2011-05-25 07:00:00,0.9954228089233637,0.9922025838473617,0.9988471581513753,0.983636713439069
2011-05-25 08:00:00,0.9954228089233637,0.9878159858387696,0.9990128325995705,0.9824604227510316
2011-05-25 09:00:00,0.993748325329265,0.9853649384370214,0.9990956345762741,0.9801602289182784
2011-05-25 10:00:00,0.994327175530997,0.9864992619400894,0.9988672432430515,0.9806226960736846
2011-05-25 11:00:00,0.993748325329265,0.9908858599486814,0.9986078287132036,0.98166549254475
2011-05-25 12:00:00,0.994327175530997,0.9922025838473617,0.9986078287132036,0.9822825773470117
2011-05-25 13:00:00,0.9943271755309968,0.9930247081881317,0.9987417233157111,0.9826671651348121
2011-05-26 07:00:00,0.994327175530997,0.995910724778644,0.9987417233157111,0.9820500803325506
2011-05-26 08:00:00,0.994327175530997,0.9936566791591576,0.9987417233157112,0.98166549254475
2011-05-26 09:00:00,0.9930967078327526,0.9930247081881319,0.9986135307553891,0.9812030253893438
2011-05-26 10:00:00,0.9911569066554876,0.9918059870263375,0.9986135307553891,0.9797155663346343
2011-05-26 11:00:00,0.992894409497425,0.9895519414068511,0.9987417233157111,0.9797155663346343
2011-05-26 12:00:00,0.9923419639328791,0.9886381101795398,0.9987417233157112,0.978354797781056
2011-05-26 13:00:00,0.9919267103796706,0.9857520935890277,0.9988672432430515,0.978354797781056
2011-05-27 07:00:00,0.9925346215395952,0.9863840645600536,0.9990956345762741,0.9801780334900405
2011-05-27 08:00:00,0.9928944094974252,0.9863840645600536,0.9989555068217532,0.9801780334900405
2011-05-27 09:00:00,0.9923419639328791,0.9907706625686457,0.9987417233157112,0.981179706080103
2011-05-27 10:00:00,0.992894409497425,0.9907706625686457,0.9988672432430515,0.9820267610233093
2011-05-27 11:00:00,0.9939489834975279,0.9936566791591576,0.9987417233157112,0.9825125474879568
2011-05-27 12:00:00,0.9952285111495831,0.9907706625686457,0.9984643614635463,0.9835142200780189
2011-05-27 13:00:00,0.9956234670916265,0.9907706625686457,0.9986078287132036,0.9855586891391468
2011-05-31 07:00:00,0.9943439394395713,0.986970814750822,0.9985250267365001,0.9845158926680811
2011-05-31 08:00:00,0.9945198331377129,0.9825842167422296,0.9984823087858631,0.9852297162007122
2011-05-31 09:00:00,0.995439572831938,0.9840161380209457,0.9984823087858631,0.9846861423716554
2011-05-31 10:00:00,0.9939673875731667,0.9786009128059994,0.9983593522883049,0.984301554583855
2011-05-31 11:00:00,0.992912813573064,0.9726381142787534,0.9982798306920783,0.98177129905808
2011-05-31 12:00:00,0.992912813573064,0.9761498654042512,0.9986187668181528,0.98177129905808
2011-05-31 13:00:00,0.992912813573064,0.9726381142787536,0.9988471581513753,0.98177129905808
2011-06-01 07:00:00,0.9923603680085179,0.9654987934190766,0.9989317039651828,0.9813088319026739
2011-06-01 08:00:00,0.9921580696731906,0.9701870668770054,0.9989317039651828,0.9813088319026739
2011-06-01 09:00:00,0.9925346215395952,0.9726381142787536,0.9991122909672943,0.9805950083700427
2011-06-01 10:00:00,0.9932893654394687,0.9780533394936999,0.9990199675438841,0.9800146790543834
2011-06-01 11:00:00,0.992912813573064,0.980504386895448,0.9991010961782721,0.9804771462097895
2011-06-01 12:00:00,0.9932893654394687,0.9829875108145916,0.9991010961782721,0.982777340042543
2011-06-01 13:00:00,0.993473259699157,0.9878159858387696,0.9988727048450495,0.9824481042977123
2011-06-02 07:00:00,0.9950802792638059,0.989034707000564,0.9992266161056125,0.9843980305078279
2011-06-02 08:00:00,0.996359806915861,0.989856831341334,0.9991383525269112,0.9856554278695161
2011-06-02 09:00:00,0.9973159547300783,0.9930247081881317,0.9991383525269112,0.9874120478732126
2011-06-02 10:00:00,0.9973159547300783,0.9930247081881319,0.9993189395290227,0.9863692514021469
2011-06-02 11:00:00,0.9974998489897668,0.9922025838473617,0.9992325748318712,0.9859846636143466
2011-06-02 12:00:00,0.9974998489897668,0.9937718765391934,0.9990956345762741,0.9877412836180429
2011-06-02 13:00:00,0.9973159547300783,0.9952037978179096,0.9991383525269112,0.9877412836180429
2011-06-03 07:00:00,0.9979517395570511,0.9927206738987664,0.9991383525269112,0.9877412836180431
2011-06-03 08:00:00,0.9979517395570511,0.990070031458256,0.9991383525269112,0.9880705193628736
2011-06-03 09:00:00,0.9983115275148812,0.9900700314582557,0.9991801803900816,0.9877412836180429
2011-06-03 10:00:00,0.9983115275148811,0.9925531553773991,0.9990973784133781,0.9877412836180431
2011-06-03 11:00:00,0.9981276332551926,0.9937718765391934,0.9991856419920796,0.9881258714058435
2011-06-03 12:00:00,0.9981276332551926,0.9944566294668479,0.998957250658857,0.9888396949384746
2011-06-03 13:00:00,0.9981276332551928,0.9900700314582558,0.9990973784133781,0.9881258714058435
2011-06-06 07:00:00,0.9979517395570511,0.9878159858387696,0.99931116191942,0.9881258714058435
2011-06-06 08:00:00,0.9981276332551928,0.9878159858387696,0.9992283599427166,0.9891275439959056
2011-06-06 09:00:00,0.9973159547300785,0.9909838626855674,0.9990973784133781,0.9884137204632748
2011-06-06 10:00:00,0.9983115275148814,0.9909838626855674,0.9991801803900816,0.9890308052655363
2011-06-06 11:00:00,0.9989733836315353,0.9909838626855674,0.9991801803900817,0.988701569520706
2011-06-06 12:00:00,0.998789489371847,0.9918059870263375,0.9988262691295187,0.9892818988363652
2011-06-06 13:00:00,0.9981276332551928,0.9952787538076182,0.9986078287132037,0.9899957223689962
2011-06-07 07:00:00,0.9981276332551928,0.9960259221586797,0.9986078287132037,0.9889940497789341
2011-06-07 08:00:00,0.9981276332551928,0.99734264605736,0.9986078287132037,0.989707873311565
2011-06-07 09:00:00,0.9981276332551928,0.9980898144084217,0.9986078287132037,0.9885315826235277
2011-06-07 10:00:00,0.9981276332551928,0.9995217356871378,0.9983426958972847,0.9885315826235279
2011-06-07 11:00:00,0.9983115275148814,0.9995217356871378,0.9980226160944831,0.9893786375667345
2011-06-07 12:00:00,0.9989733836315355,0.9995217356871378,0.9979398141177794,0.9898411047221406
2011-06-07 13:00:00,0.9986135956737053,0.9995217356871378,0.9982049469336984,0.9905549282547716
2011-06-08 07:00:00,0.9982538077158751,0.999521735687138,0.99808199043614,0.9885104591936441
2011-06-08 08:00:00,0.9977678452973627,0.9995217356871378,0.9979163159879447,0.9881258714058435
2011-06-08 09:00:00,0.9986135956737052,0.9987745673360762,0.9975460411511851,0.9891275439959056
2011-06-08 10:00:00,0.9993037584499153,0.9987745673360762,0.9975887591018221,0.9895900111513118
2011-06-08 11:00:00,0.999479652148057,0.99734264605736,0.9977117155993803,0.9900524783067182
2011-06-08 12:00:00,0.9994796521480568,0.9980898144084218,0.9978586854833916,0.9878446548099332
2011-06-08 13:00:00,0.999479652148057,0.9966578931297055,0.9979414874600953,0.9878446548099332
2011-06-09 07:00:00,0.9993037584499153,0.9950886004378737,0.9983845237604552,0.988229242597734
2011-06-09 08:00:00,0.9991198641902267,0.9922025838473615,0.9983845237604552,0.988229242597734
2011-06-09 09:00:00,0.9994796521480568,0.9922025838473615,0.9983845237604552,0.9877667754423276
2011-06-09 10:00:00,0.9998241063018583,0.9908858599486813,0.9980306124998922,0.9884805989749587
2011-06-09 11:00:00,1.0,0.9922025838473617,0.9980715866134251,0.9898413675285369
2011-06-09 12:00:00,0.9998241063018583,0.9950886004378738,0.9976285503130651,0.9898413675285369
2011-06-09 13:00:00,0.9998241063018583,0.995910724778644,0.9978996595969246,0.9906884224717434
2011-06-10 07:00:00,0.9998241063018585,0.9930247081881319,0.9978996595969246,0.9906884224717436
2011-06-10 08:00:00,0.9996482126037167,0.9912887526200501,0.9982615672628969,0.9899745989391124
2011-06-10 09:00:00,0.9996482126037167,0.9922025838473617,0.9982615672628969,0.9904370660945188
2011-06-10 10:00:00,0.9993037584499153,0.9937718765391934,0.9982615672628969,0.9907249151519498
2011-06-10 11:00:00,0.9991198641902268,0.9937718765391934,0.9982615672628969,0.9896821186808844
2011-06-10 12:00:00,0.9987600762323967,0.9937718765391934,0.998574504409927,0.9902624479965437
2011-06-10 13:00:00,0.9982076306678505,0.9960259221586797,0.9985267000788159,0.9902624479965437
2011-06-13 07:00:00,0.9987600762323967,0.9960259221586797,0.9984421542650084,0.9909762715291747
2011-06-13 08:00:00,0.9985674186256805,0.9937718765391934,0.9985267000788159,0.9920190680002403
2011-06-13 09:00:00,0.9992884246458866,0.9937718765391934,0.9982615672628969,0.9931953586882776
2011-06-13 10:00:00,0.9992884246458866,0.9920359209711119,0.9977791638871651,0.992810770900477
2011-06-13 11:00:00,0.9989439704920852,0.9912887526200501,0.9975355124416315,0.9920969473678459
2011-06-13 12:00:00,0.9991198641902267,0.9899720287213698,0.997620058255439,0.9924815351556465
2011-06-13 13:00:00,0.9991198641902267,0.9845568035064233,0.9973071211084089,0.9916344802124397
2011-06-14 07:00:00,0.9989439704920852,0.9845568035064233,0.9976272009112106,0.9912498924246392
2011-06-14 08:00:00,0.9991198641902267,0.981906161065913,0.9978281344061074,0.9909620433672081
2011-06-14 09:00:00,0.9991198641902267,0.977885820972333,0.9974252526266022,0.9892054233635117
2011-06-14 10:00:00,0.9993037584499153,0.9805364634128434,0.9974252526266022,0.990962043367208
2011-06-14 11:00:00,0.999479652148057,0.9833010461872795,0.9977453324294038,0.9913466311550084
2011-06-14 12:00:00,0.999479652148057,0.9805364634128434,0.9980992436899668,0.992810770900477
2011-06-14 13:00:00,0.9991198641902267,0.9864992619400894,0.9983276350231894,0.992810770900477
2011-06-15 07:00:00,0.9991198641902268,0.9833010461872795,0.9984071566194158,0.9931953586882774
2011-06-15 08:00:00,0.9991198641902268,0.9853649384370214,0.9985877436215272,0.9923483037450708
2011-06-15 09:00:00,0.9991198641902268,0.9871008940051031,0.9987246838771243,0.992348303745071
2011-06-15 10:00:00,0.9992957578883684,0.9885328152838192,0.9989340050718342,0.9915012488018642
2011-06-15 11:00:00,0.9994643183440283,0.9925531553773993,0.9985877436215272,0.9911720130570336
2011-06-15 12:00:00,0.9996482126037167,0.9911212340986831,0.9985440968750128,0.9903249581138268
2011-06-15 13:00:00,0.9996482126037167,0.9925531553773993,0.9984496001442978,0.9892821616427614
2011-06-16 07:00:00,0.9996482126037167,0.9952037978179096,0.9981562950420294,0.9901292165859682
2011-06-16 08:00:00,0.9991198641902268,0.9944566294668479,0.9981562950420294,0.9901292165859682
2011-06-16 09:00:00,0.9992884246458866,0.9960259221586797,0.998589727898819,0.9901292165859682
2011-06-16 10:00:00,0.9992884246458866,0.9960259221586797,0.9981956621174009,0.9897446287981676
2011-06-16 11:00:00,0.9985674186256807,0.9960259221586797,0.9978567259913266,0.9883172445393016
2011-06-16 12:00:00,0.9991198641902267,0.99734264605736,0.9981562950420294,0.9887797116947078
2011-06-16 13:00:00,0.9989439704920852,0.9950886004378738,0.9979906205938339,0.9898225081657732
2011-06-17 07:00:00,0.9985674186256805,0.9950886004378737,0.9981956621174009,0.9894932724209428
2011-06-17 08:00:00,0.9982370438073008,0.9937718765391934,0.9981956621174011,0.9898225081657732
2011-06-17 09:00:00,0.9986135956737052,0.9922025838473615,0.9981500310935951,0.989360041010367
2011-06-17 10:00:00,0.9991198641902267,0.9950886004378738,0.9983784224268175,0.989360041010367
2011-06-17 11:00:00,0.999479652148057,0.9919207235910761,0.9982414821712206,0.9900738645429982
2011-06-17 12:00:00,0.9993037584499153,0.989034707000564,0.9982414821712206,0.9905363316984044
2011-06-17 13:00:00,0.9991198641902267,0.9912887526200502,0.9982414821712206,0.9915791281694698
2011-06-20 07:00:00,0.9994796521480568,0.991920723591076,0.9982414821712206,0.9922929517021009
2011-06-20 08:00:00,0.999479652148057,0.989856831341334,0.9978080493144311,0.9912501552310354
2011-06-20 09:00:00,0.9993037584499153,0.9886381101795397,0.9977300723170925,0.990920919486205
2011-06-20 10:00:00,0.9996482126037165,0.9900700314582558,0.9979148169038006,0.9913055072740053
2011-06-20 11:00:00,0.9996482126037165,0.9912887526200501,0.9979927939011392,0.990920919486205
2011-06-20 12:00:00,0.9996482126037167,0.9950886004378738,0.9981297341567361,0.9905363316984044
2011-06-20 13:00:00,0.9998241063018585,0.9950886004378738,0.9983390553514458,0.9905363316984044
2011-06-21 07:00:00,0.9996482126037167,0.99734264605736,0.9983390553514458,0.9905363316984044
2011-06-21 08:00:00,0.9998241063018585,0.9980898144084218,0.9983390553514458,0.9905363316984044
2011-06-21 09:00:00,0.9996482126037167,0.9966578931297058,0.9980851173245491,0.9898225081657733
2011-06-21 10:00:00,0.9993037584499153,0.9945940008799636,0.9976516844677598,0.9902070959535738
2011-06-21 11:00:00,0.9987974899333938,0.9919433584394534,0.9976516844677598,0.989360041010367
2011-06-21 12:00:00,0.9987974899333938,0.9911212340986831,0.9976516844677598,0.989360041010367
2011-06-21 13:00:00,0.9986135956737053,0.9925531553773993,0.9976516844677598,0.9904028374814327
2011-06-22 07:00:00,0.9986135956737053,0.9933752797181695,0.997944989570028,0.989360041010367
2011-06-22 08:00:00,0.9982691415199039,0.9945940008799636,0.9978670125726896,0.9888975738549608
2011-06-22 09:00:00,0.9982691415199039,0.9966578931297055,0.9982209238332529,0.9880505189117543
2011-06-22 10:00:00,0.9986135956737053,0.9966578931297055,0.9980839835776558,0.9884351066995547
2011-06-22 11:00:00,0.9984297014140168,0.9966578931297055,0.9980839835776558,0.9890154360152139
2011-06-22 12:00:00,0.9977678452973627,0.9937718765391936,0.9979148169038006,0.9894779031706201
2011-06-22 13:00:00,0.9979437389955045,0.9922025838473617,0.9977300723170927,0.9898071389154507
2011-06-23 07:00:00,0.9981276332551928,0.993519307746042,0.9977300723170927,0.9872700796738353
2011-06-23 08:00:00,0.9981276332551928,0.9957733533655282,0.9982021150958489,0.9881171346170419
2011-06-23 09:00:00,0.998789489371847,0.9944566294668479,0.9977300723170927,0.9889641895602486
2011-06-23 10:00:00,0.9984297014140168,0.99734264605736,0.9978555922444332,0.9872075695565522
2011-06-23 11:00:00,0.9979437389955045,0.9966578931297058,0.9975016809838702,0.9857434298110836
2011-06-23 12:00:00,0.998789489371847,0.9980898144084218,0.9977300723170927,0.985358842023283
2011-06-23 13:00:00,0.9984297014140168,0.9980898144084218,0.9978555922444332,0.9838947022778148
2011-06-24 07:00:00,0.9977678452973625,0.9980898144084218,0.9978555922444332,0.9847417572210214
2011-06-24 08:00:00,0.9967722725125596,0.9967730905097416,0.9975016809838702,0.9810029154670841
2011-06-24 09:00:00,0.9965796149058438,0.9967730905097416,0.9977300723170927,0.9810029154670841
2011-06-24 10:00:00,0.9962351607520423,0.9960259221586797,0.9975016809838702,0.9804593416380275
2011-06-24 11:00:00,0.9956563105503103,0.9952037978179097,0.9979737237626264,0.9804593416380275
2011-06-24 12:00:00,0.9951500420337888,0.9937718765391936,0.9976536439598247,0.9804593416380273
2011-06-24 13:00:00,0.9956563105503103,0.9952037978179097,0.9974252526266022,0.9804593416380275
2011-06-27 07:00:00,0.9958402048099988,0.994456629466848,0.9972243191317054,0.9808439294258278
2011-06-27 08:00:00,0.9950483993903858,0.994456629466848,0.9969427863405969,0.9794165451669619
2011-06-27 09:00:00,0.9956563105503103,0.9960259221586797,0.9969427863405969,0.9824415633882682
2011-06-27 10:00:00,0.9939083573164802,0.994122448069231,0.9967334651458871,0.9810141791294021
2011-06-27 11:00:00,0.9939083573164802,0.9967730905097414,0.9970586446835101,0.9792575591257057
2011-06-27 12:00:00,0.9939083573164802,0.9960259221586797,0.9970586446835101,0.9788729713379051
2011-06-27 13:00:00,0.9939083573164802,0.9960259221586797,0.997336006535675,0.9770497356289207
2011-06-28 07:00:00,0.99390835731648,0.9980898144084218,0.9977300723170925,0.9780925320999864
2011-06-28 08:00:00,0.9934020887999587,0.9980898144084217,0.9976864255705784,0.9795199163588522
2011-06-28 09:00:00,0.9921225611479034,0.9960259221586797,0.9977644025679164,0.9789763425297956
2011-06-28 10:00:00,0.9928127239241135,0.9960259221586797,0.9978080493144309,0.977512202784327
2011-06-28 11:00:00,0.9934206350840381,0.9960259221586797,0.9979927939011392,0.9770497356289207
2011-06-28 12:00:00,0.992628829664425,0.99734264605736,0.9979927939011392,0.9774343234167213
2011-06-28 13:00:00,0.9932181945402703,0.9957733533655282,0.9982021150958489,0.9778967905721274
2011-06-29 07:00:00,0.9932181945402703,0.9957733533655283,0.9982021150958489,0.9796166550892215
2011-06-29 08:00:00,0.9932181945402703,0.9950886004378737,0.9982021150958489,0.9783592577275336
2011-06-29 09:00:00,0.9921225611479038,0.9937718765391934,0.9979927939011392,0.9778967905721274
2011-06-29 10:00:00,0.9913983619661806,0.9925531553773993,0.9975593610443496,0.9768951179820653
2011-06-29 11:00:00,0.9913983619661806,0.9885328152838194,0.9970873182655933,0.9760223084081777
2011-06-29 12:00:00,0.9896608591242431,0.9848212957178162,0.9965284236223202,0.9757922467151564
2011-06-29 13:00:00,0.9903818651444489,0.9848212957178162,0.9966685513768413,0.9766650562890435
2011-06-30 07:00:00,0.9919267103796706,0.9839074644905046,0.9966685513768413,0.9780924405479096
2011-06-30 08:00:00,0.9923419639328791,0.9893549396245894,0.9971509547525729,0.9809173488469561
2011-06-30 09:00:00,0.9925178576310206,0.9918059870263375,0.9974048927794698,0.9837422571460028
2011-06-30 10:00:00,0.9943271755309968,0.9933752797181695,0.9975896373661777,0.9848451284129116
2011-06-30 11:00:00,0.9952469152252219,0.9918059870263375,0.9979148169038008,0.9871453222456651
2011-06-30 12:00:00,0.9960271693412974,0.9918059870263375,0.9982021150958489,0.9876077894010714
2011-06-30 13:00:00,0.9960271693412976,0.9944566294668479,0.9982021150958489,0.9883216129337022
2011-07-01 07:00:00,0.9960271693412976,0.9937718765391936,0.9983276350231896,0.9871453222456652
2011-07-01 08:00:00,0.9965796149058436,0.9922025838473617,0.9985082220253009,0.9871453222456651
2011-07-01 09:00:00,0.9956563105503103,0.9901386915976196,0.9987132635488678,0.9861436496556027
2011-07-01 10:00:00,0.9956563105503103,0.9857520935890275,0.9987132635488678,0.9846795099101344
2011-07-01 11:00:00,0.9956563105503102,0.9825842167422296,0.9990128325995705,0.9840991805944752
2011-07-01 12:00:00,0.9943582366141758,0.9791114499609493,0.9988362200464261,0.9828417832327873
2011-07-01 13:00:00,0.9934020887999587,0.9731486514337033,0.9987132635488679,0.9832263710205876
2011-07-05 07:00:00,0.9921225611479034,0.9654960267608331,0.9984645752787863,0.9823535614467004
2011-07-05 08:00:00,0.992628829664425,0.9635535683271672,0.9982798306920783,0.9810961640850125
2011-07-05 09:00:00,0.9939083573164803,0.9712061930000374,0.9981106640182235,0.9819689736589
2011-07-05 10:00:00,0.9934020887999587,0.9694398985259437,0.9981934659949269,0.9811219187156932
2011-07-05 11:00:00,0.9932181945402703,0.9726381142787536,0.998321658555249,0.9815843858710996
2011-07-05 12:00:00,0.9936334480934786,0.9761498654042513,0.9985927678391084,0.9815843858710996
2011-07-05 13:00:00,0.9939638229118584,0.9780533394937001,0.9985927678391084,0.9815843858710996
2011-07-06 07:00:00,0.9954988209278074,0.9829875108145916,0.9988160727918569,0.9818722349285305
2011-07-06 08:00:00,0.9958586088856377,0.9848909849040401,0.9989499673943644,0.9818722349285305
2011-07-06 09:00:00,0.9965796149058438,0.9897194599282182,0.9991122909672943,0.9818722349285305
2011-07-06 10:00:00,0.9962351607520423,0.9878159858387695,0.9992779654154895,0.9822014706733612
2011-07-06 11:00:00,0.9947001627360931,0.988402736029538,0.9990686442207799,0.9822014706733612
2011-07-06 12:00:00,0.9934206350840379,0.9864992619400892,0.9989063206478499,0.9810985994064522
2011-07-06 13:00:00,0.9930440832176335,0.9829875108145916,0.9989945842265513,0.9814831871942528
2011-07-07 07:00:00,0.9937650892378393,0.9840161380209459,0.9991569077994812,0.9824848597843149
2011-07-07 08:00:00,0.9945162684764047,0.9813654955804355,0.9990686442207798,0.983587731051224
2011-07-07 09:00:00,0.9945162684764047,0.9808179222681362,0.9989063206478499,0.9831252638958177
2011-07-07 10:00:00,0.9947001627360933,0.9840161380209457,0.9989945842265512,0.9810807948346899
2011-07-07 11:00:00,0.9947001627360933,0.9813654955804355,0.9987712792738029,0.9819278497778967
2011-07-07 12:00:00,0.9947001627360931,0.9771689915272832,0.9990199675438841,0.9828006593517841
2011-07-07 13:00:00,0.9956234670916265,0.9813654955804356,0.9991122909672943,0.9845572793554805
2011-07-08 07:00:00,0.9956234670916265,0.9754026970531897,0.9989499673943644,0.9858146767171683
2011-07-08 08:00:00,0.9965796149058436,0.9780533394937001,0.9992432724966328,0.9858146767171683
2011-07-08 09:00:00,0.9967635091655321,0.9840161380209459,0.9991996257501182,0.9843872924583025
2011-07-08 10:00:00,0.9962351607520421,0.9821126639314973,0.9991569077994812,0.9836734689256715
2011-07-08 11:00:00,0.9956563105503103,0.9840161380209459,0.9991569077994812,0.9841359360810775
2011-07-08 12:00:00,0.9959617205589032,0.9840161380209459,0.9988917749835624,0.9841359360810775
2011-07-08 13:00:00,0.9959617205589032,0.9853328619196262,0.9988917749835622,0.9834221125484465
2011-07-11 07:00:00,0.9961640188942306,0.9878159858387696,0.9989840984069723,0.9834221125484465
2011-07-11 08:00:00,0.9954092749943573,0.989034707000564,0.9991122909672943,0.9834221125484467
2011-07-11 09:00:00,0.995409274994357,0.9907706625686457,0.9991569077994812,0.9840024418641059
2011-07-11 10:00:00,0.9945635246180146,0.9907706625686457,0.9988917749835622,0.9825383021186372
2011-07-11 11:00:00,0.9934272650446003,0.9907706625686457,0.9988917749835622,0.982075834963231
2011-07-11 12:00:00,0.9945635246180148,0.989856831341334,0.9991569077994812,0.9813620114306002
2011-07-11 13:00:00,0.9954092749943573,0.987092248566898,0.9991569077994812,0.9818244785860064
2011-07-12 07:00:00,0.9949233125758449,0.9836194817856172,0.9988917749835624,0.979524284753253
2011-07-12 08:00:00,0.9935327838489983,0.9836194817856174,0.9985984698812937,0.9777676647495566
2011-07-12 09:00:00,0.9927409784293855,0.9843042347132717,0.9985102063025925,0.9792318044950249
2011-07-12 10:00:00,0.9927409784293855,0.9771649138535949,0.9982507917727446,0.9809884244987215
2011-07-12 11:00:00,0.9927409784293855,0.9733650660357712,0.9977787489939883,0.9801413695555147
2011-07-12 12:00:00,0.9927409784293855,0.9733650660357712,0.9979796824888851,0.9813987669172025
2011-07-12 13:00:00,0.9939816847477714,0.9782992373566627,0.9982507917727446,0.9822458218604093
2011-07-13 07:00:00,0.9946174695747445,0.9789312083276885,0.9983335937494482,0.9832474944504715
2011-07-13 08:00:00,0.9954092749943573,0.9836194817856174,0.9986725298755224,0.9839613179831026
2011-07-13 09:00:00,0.9954092749943573,0.9836194817856174,0.9988958348282708,0.985004114454168
2011-07-13 10:00:00,0.9955851686924988,0.9836194817856172,0.9990686442207798,0.9845416472987618
2011-07-13 11:00:00,0.9955851686924988,0.9870922485668979,0.9993682132714825,0.9833653566107247
2011-07-13 12:00:00,0.9960711311110115,0.9877770014945523,0.999411860017997,0.9829807688229243
2011-07-13 13:00:00,0.9964476829774159,0.9898408937442944,0.9995428415473354,0.9809362997617963
2011-07-14 07:00:00,0.9960711311110113,0.9898408937442944,0.999668361474676,0.9798935032907309
2011-07-14 08:00:00,0.9966235766755575,0.9898408937442944,0.9997120082211904,0.979113064052812
2011-07-14 09:00:00,0.995655877557803,0.9884089724655781,0.999578113618683,0.9808696840565085
2011-07-14 10:00:00,0.995655877557803,0.9855229558750662,0.9993548086659344,0.9815835075891398
2011-07-14 11:00:00,0.995655877557803,0.985522955875066,0.99931116191942,0.9808696840565085
2011-07-14 12:00:00,0.9939774180845315,0.9789312083276885,0.9992266161056125,0.9795089155029305
2011-07-14 13:00:00,0.9923783243695218,0.9776144844290082,0.9989982247723901,0.9784661190318649
2011-07-15 07:00:00,0.9932564120643257,0.9836194817856174,0.9991383525269112,0.9767094990281683
2011-07-15 08:00:00,0.9941392324472518,0.9836194817856174,0.9992266161056125,0.9781736387736369
2011-07-15 09:00:00,0.9939774180845315,0.9836194817856174,0.9989982247723901,0.979349929461674
2011-07-15 10:00:00,0.9936720080759385,0.9836194817856174,0.998784441266348,0.9796791652065048
2011-07-15 11:00:00,0.9920729143609288,0.9858735274051036,0.9986589213390076,0.979349929461674
2011-07-15 12:00:00,0.9927086991879015,0.9870922485668979,0.9983388415362057,0.9793499294616741
2011-07-15 13:00:00,0.9943077929029113,0.9912887526200501,0.9984823087858631,0.9797345172494747
2011-07-18 07:00:00,0.9948361413164012,0.9926054765187304,0.9985725566418558,0.9817789863106022
2011-07-18 08:00:00,0.9943077929029113,0.9897194599282182,0.9983388415362059,0.9817789863106025
2011-07-18 09:00:00,0.99566885041333,0.9922025838473615,0.9987417233157112,0.9839868098073871
2011-07-18 10:00:00,0.99566885041333,0.9944566294668479,0.9990956345762741,0.9853475783609653
2011-07-18 11:00:00,0.994480620021811,0.9912887526200501,0.9990128325995705,0.9845005234177585
2011-07-18 12:00:00,0.9943120595661513,0.9912887526200501,0.9987534180697227,0.9845005234177585
2011-07-18 13:00:00,0.9931195625113923,0.9912887526200501,0.9987534180697227,0.9822926999209737
2011-07-19 07:00:00,0.9931195625113923,0.9912887526200502,0.9987534180697227,0.9812499034499083
2011-07-19 08:00:00,0.9915845644954433,0.9912887526200501,0.9983593522883049,0.9787128442082929
2011-07-19 09:00:00,0.9915845644954431,0.9950886004378738,0.998013090837998,0.9777111716182305
2011-07-19 10:00:00,0.9915845644954431,0.9950886004378738,0.9981360473355563,0.9787128442082929
2011-07-19 11:00:00,0.9935573156662778,0.99652052171659,0.9984899585961193,0.9790420799531235
2011-07-19 12:00:00,0.9927770615502023,0.994456629466848,0.9983694628863601,0.9787542308956922
2011-07-19 13:00:00,0.9932269408478981,0.9960259221586797,0.9983276350231896,0.9774968335340044
2011-07-20 07:00:00,0.9932269408478981,0.9960259221586797,0.9984071566194158,0.9774968335340044
2011-07-20 08:00:00,0.9935573156662778,0.99734264605736,0.9984071566194158,0.9778260692788351
2011-07-20 09:00:00,0.994480620021811,0.99734264605736,0.9987534180697227,0.9772457399631757
2011-07-20 10:00:00,0.9943120595661514,0.9950886004378737,0.9987534180697227,0.9772457399631757
2011-07-20 11:00:00,0.9959155435108787,0.9958357687889353,0.9987534180697225,0.9768611521753752
2011-07-20 12:00:00,0.9966365495310846,0.9950886004378737,0.9988903583253196,0.975500383621797
2011-07-20 13:00:00,0.9955002899576704,0.99734264605736,0.9985440968750129,0.975500383621797
2011-07-21 07:00:00,0.9949478443931241,0.9957733533655283,0.9985877436215275,0.9760807129374565
2011-07-21 08:00:00,0.9943120595661513,0.9957733533655283,0.9985877436215272,0.9757514771926256
2011-07-21 09:00:00,0.9946174695747443,0.9980273989850146,0.9983390553514458,0.9757514771926258
2011-07-21 10:00:00,0.9949478443931241,0.99734264605736,0.9981584683493344,0.9757514771926256
2011-07-21 11:00:00,0.9943120595661513,0.9966578931297055,0.9977644025679165,0.9760807129374562
2011-07-21 12:00:00,0.9932269408478981,0.9966578931297058,0.9975207511223829,0.9760807129374562
2011-07-21 13:00:00,0.9927409784293855,0.9980898144084217,0.9970108269980519,0.9757514771926258
2011-07-22 07:00:00,0.9909126965476538,0.99652052171659,0.9964147525965682,0.9757514771926258
2011-07-22 08:00:00,0.9915484813746266,0.9972052746442445,0.9961810374909178,0.976213944348032
2011-07-22 09:00:00,0.9933767632563583,0.9987745673360762,0.9967771118924016,0.9753668894048252
2011-07-22 10:00:00,0.9943444623741129,0.999521735687138,0.9969618564791096,0.9779039486464407
2011-07-22 11:00:00,0.9955851686924988,0.999521735687138,0.9974048927794698,0.9809845817171129
2011-07-22 12:00:00,0.9960711311110113,0.999521735687138,0.9976864255705782,0.981272430774544
2011-07-22 13:00:00,0.9969539514939373,0.9995217356871378,0.9978265533250993,0.9809431950297135
2011-07-25 07:00:00,0.9964476829774159,0.9980898144084218,0.9973166292007685,0.9823705792885795
2011-07-25 08:00:00,0.9969539514939373,0.99734264605736,0.9971275309273049,0.9832176342317863
2011-07-25 09:00:00,0.9964476829774158,0.99734264605736,0.9967334651458871,0.9817902499729203
2011-07-25 10:00:00,0.9966094973401359,0.9980898144084218,0.9967334651458871,0.9817902499729203
2011-07-25 11:00:00,0.9971378457536259,0.9980898144084217,0.9967334651458871,0.9811731651706586
2011-07-25 12:00:00,0.9956841842173588,0.9960259221586797,0.9963264890178667,0.9798123966170803
2011-07-25 13:00:00,0.9938559023356269,0.9960259221586797,0.9961369472293321,0.9783482568716119
2011-07-26 07:00:00,0.9927158602617212,0.9933752797181693,0.9957458792266833,0.9766283923545178
2011-07-26 08:00:00,0.9936720080759385,0.9925531553773993,0.99555678095322,0.9770129801423182
2011-07-26 09:00:00,0.9933416332575586,0.9960259221586797,0.9953474597585101,0.9762991566096872
2011-07-26 10:00:00,0.9919110999982086,0.9952787538076179,0.9950635496189018,0.974475920900703
2011-07-26 11:00:00,0.9919110999982087,0.9952787538076179,0.9953028429263232,0.9727560563836088
2011-07-26 12:00:00,0.9919110999982086,0.9952787538076179,0.9950635496189018,0.9713952878300306
2011-07-26 13:00:00,0.9926012627744186,0.9930247081881319,0.995063549618902,0.9709328206746244
2011-07-27 07:00:00,0.9926012627744184,0.9918059870263375,0.9945936121472883,0.9713952878300308
2011-07-27 08:00:00,0.9926012627744184,0.9918059870263375,0.9942582196429184,0.9726526851917184
2011-07-27 09:00:00,0.9936720080759384,0.9933752797181695,0.9942582196429184,0.971609888720653
2011-07-27 10:00:00,0.9933416332575588,0.994122448069231,0.9942582196429184,0.9709928039183913
2011-07-27 11:00:00,0.9936720080759385,0.994122448069231,0.9942582196429184,0.9709928039183913
2011-07-27 12:00:00,0.9940317960337687,0.994122448069231,0.9942582196429184,0.9713220396632217
2011-07-27 13:00:00,0.9942003564894284,0.9933752797181695,0.9946845103680173,0.9713220396632217
2011-07-28 07:00:00,0.9960286383711603,0.994122448069231,0.9949752860402005,0.9721948492371093
2011-07-28 08:00:00,0.9974822999074273,0.9933752797181695,0.9954685173745185,0.9750197575361558
2011-07-28 09:00:00,0.9985674186256807,0.9911212340986831,0.9957458792266831,0.9767763775398525
2011-07-28 10:00:00,0.998911872779482,0.9902991097579129,0.9961487610061887,0.9785996132488367
2011-07-28 11:00:00,0.9985674186256807,0.9902991097579129,0.9965398290088376,0.9777268036749492
2011-07-28 12:00:00,0.9978126747258071,0.9909838626855674,0.9966343257395528,0.975426609842196
2011-07-28 13:00:00,0.9976441142701473,0.9885328152838192,0.9963278035507113,0.9766840072038838
2011-07-29 07:00:00,0.9974822999074273,0.9848212957178162,0.9963278035507113,0.9772275810329406
2011-07-29 08:00:00,0.9974822999074273,0.9839074644905048,0.9963278035507113,0.978229253623003
2011-07-29 09:00:00,0.9973137394517674,0.9893549396245894,0.9963278035507113,0.9775154300903719
2011-07-29 10:00:00,0.9969963374889147,0.9848212957178162,0.9963278035507113,0.9779778972457781
2011-07-29 11:00:00,0.9969963374889147,0.9863905884096483,0.9968527661558677,0.9783071329906087
2011-07-29 12:00:00,0.9969963374889147,0.9872127127504181,0.9971234365787899,0.9796679015441867
2011-07-29 13:00:00,0.9961846589638003,0.9821959953696222,0.9966343257395525,0.9800524893319873
2011-08-01 07:00:00,0.9963605526619419,0.9821959953696222,0.9968527661558675,0.9793386657993561
2011-08-01 08:00:00,0.9971722311870564,0.9813738710288518,0.9970333531579789,0.9793386657993561
2011-08-01 09:00:00,0.9969963374889149,0.9813738710288518,0.9968527661558675,0.978336993209294
2011-08-01 10:00:00,0.9975751876906467,0.9863905884096479,0.99743637372582,0.9808740524509092
2011-08-01 11:00:00,0.9982370438073008,0.9863905884096481,0.997217933309505,0.9803304786218526
2011-08-01 12:00:00,0.9983988581700208,0.9863905884096479,0.9969468240256454,0.979945890834052
2011-08-01 13:00:00,0.9991198641902267,0.9863905884096479,0.997170128978394,0.979945890834052
2011-08-02 07:00:00,0.9985674186256805,0.9893549396245894,0.997217933309505,0.9822460846668053
2011-08-02 08:00:00,0.9980611501091592,0.9856434200585864,0.9969472628865826,0.9822460846668055
2011-08-02 09:00:00,0.9982370438073008,0.9848212957178162,0.99743637372582,0.9825339337242366
2011-08-02 10:00:00,0.9984129375054425,0.9848212957178162,0.9973518279120125,0.9845784027853643
2011-08-02 11:00:00,0.9984129375054425,0.9885328152838192,0.9971234365787899,0.9849076385301949
2011-08-02 12:00:00,0.998789489371847,0.9925531553773993,0.9971234365787899,0.9837313478421578
2011-08-02 13:00:00,0.9987894893718471,0.9911212340986831,0.9973885693947089,0.984193814997564
2011-08-03 07:00:00,0.9982370438073008,0.9918059870263376,0.9976645639933909,0.9862382840586916
2011-08-03 08:00:00,0.9982370438073008,0.9933752797181693,0.9976227361302203,0.986622871846492
2011-08-03 09:00:00,0.9987433123238223,0.9925531553773993,0.9977955455227291,0.9874699267896988
2011-08-03 10:00:00,0.9989118727794821,0.9933003237284609,0.9977109997089217,0.9886462174777358
2011-08-03 11:00:00,0.9989118727794821,0.9952037978179096,0.9975740594533248,0.9881837503223299
2011-08-03 12:00:00,0.9979885684239488,0.9952037978179096,0.9974048927794696,0.9888975738549608
2011-08-03 13:00:00,0.9979885684239488,0.9952037978179096,0.9971711776738195,0.98818375032233
2011-08-04 07:00:00,0.9979885684239488,0.99652052171659,0.9974772846032713,0.9870074596342926
2011-08-04 08:00:00,0.9979885684239488,0.99652052171659,0.99775881739438,0.9860057870442301
2011-08-04 09:00:00,0.9987433123238223,0.99734264605736,0.9982798306920783,0.9870485835152959
2011-08-04 10:00:00,0.9991198641902268,0.9987745673360762,0.9984645752787865,0.9882248742033332
2011-08-04 11:00:00,0.9991198641902268,0.9995217356871378,0.9984645752787865,0.9878956384585025
2011-08-04 12:00:00,0.9986135956737053,0.9980898144084218,0.9983335937494481,0.9858511693973748
2011-08-04 13:00:00,0.9989439704920852,0.9966578931297055,0.9985520341657629,0.9855633203399434
2011-08-05 07:00:00,0.9980611501091591,0.9945940008799636,0.9986725298755224,0.9850197465108869
2011-08-05 08:00:00,0.9986135956737053,0.9945940008799636,0.9990187913258293,0.985307595568318
2011-08-05 09:00:00,0.9987754100364254,0.9945940008799636,0.9991916007183381,0.9848451284129118
2011-08-05 10:00:00,0.9987754100364254,0.9966578931297058,0.9990992772949281,0.9848451284129118
2011-08-05 11:00:00,0.9987754100364254,0.99734264605736,0.9989264679024193,0.9848451284129118
2011-08-05 12:00:00,0.9991198641902268,0.99734264605736,0.9989264679024191,0.9861025257745996
2011-08-05 13:00:00,0.9991198641902268,0.9952787538076182,0.9987536585099102,0.9861025257745996
2011-08-08 07:00:00,0.9983988581700208,0.9945940008799636,0.9986135307553891,0.9852297162007122
2011-08-08 08:00:00,0.9978925896534994,0.9945940008799636,0.9982106489758837,0.9846861423716554
2011-08-08 09:00:00,0.9987754100364252,0.9960259221586797,0.9983997472493471,0.9849418671432809
2011-08-08 10:00:00,0.9991198641902267,0.9944566294668479,0.9981403327194992,0.9840948122000743
2011-08-08 11:00:00,0.9987600762323967,0.9944566294668479,0.9978407636687965,0.9832477572568677
2011-08-08 12:00:00,0.9982538077158751,0.9900700314582558,0.9978407636687965,0.9840948122000743
2011-08-08 13:00:00,0.9986135956737053,0.988500738766424,0.9981946749293595,0.98513760867114
2011-08-09 07:00:00,0.9982370438073009,0.9878159858387695,0.9985007818588116,0.9855221964589401
2011-08-09 08:00:00,0.9982370438073008,0.9897194599282182,0.9981946749293595,0.9843459057709032
2011-08-09 09:00:00,0.9982370438073008,0.9922025838473615,0.9977612420725702,0.9843459057709032
2011-08-09 10:00:00,0.9974822999074273,0.9912887526200502,0.997643110554377,0.9839613179831026
2011-08-09 11:00:00,0.9973137394517676,0.9912887526200501,0.997643110554377,0.9822046979794059
2011-08-09 12:00:00,0.9960156655156331,0.9912887526200501,0.9971809907611568,0.9801602289182784
2011-08-09 13:00:00,0.996807470935246,0.9950886004378737,0.997446123577076,0.978336993209294
2011-08-10 07:00:00,0.996807470935246,0.99652052171659,0.997861550970692,0.9795943905709817
2011-08-10 08:00:00,0.996807470935246,0.9952037978179096,0.9978615509706918,0.9810585303164503
2011-08-10 09:00:00,0.996807470935246,0.9920359209711118,0.9979560477014069,0.9825226700619187
2011-08-10 10:00:00,0.9971378457536259,0.9899720287213698,0.9979560477014069,0.9828519058067494
2011-08-10 11:00:00,0.9966094973401359,0.9893852785306013,0.9979093553018028,0.9803148465651339
2011-08-10 12:00:00,0.9960015861802115,0.9920359209711118,0.9983335937494481,0.9799302587773334
2011-08-10 13:00:00,0.9951558358038689,0.993352644869792,0.997861550970692,0.9790832038341266
2011-08-11 07:00:00,0.9962920953772831,0.99652052171659,0.9979093553018029,0.9776558195752608
2011-08-11 08:00:00,0.9956019326010731,0.9950886004378738,0.9980821646943118,0.9776558195752608
2011-08-11 09:00:00,0.9949940214411488,0.99652052171659,0.9981744881177218,0.9794790552842453
2011-08-11 10:00:00,0.9942730154209428,0.9950886004378738,0.9981326602545514,0.9803261102274518
2011-08-11 11:00:00,0.9946174695747443,0.9958357687889355,0.9980381635238361,0.9806139592848829
2011-08-11 12:00:00,0.9947792839374644,0.9937718765391936,0.9977787489939883,0.9787907235758985
2011-08-11 13:00:00,0.9951558358038689,0.9912887526200501,0.9975554440412397,0.9798335200469643
2011-08-12 07:00:00,0.9951558358038689,0.9893852785306015,0.997255874990537,0.9784061357880983
2011-08-12 08:00:00,0.9951558358038688,0.9878159858387696,0.9974149806222633,0.9784061357880983
2011-08-12 09:00:00,0.9966094973401359,0.9878159858387696,0.9978484134790527,0.9794489322591635
2011-08-12 10:00:00,0.995817691920523,0.9878159858387695,0.9981479825297555,0.9784061357880983
2011-08-12 11:00:00,0.995655877557803,0.9828818145178781,0.9977539167483376,0.9787907235758987
2011-08-12 12:00:00,0.995655877557803,0.978685310464726,0.9979267261408467,0.9785028745184676
2011-08-12 13:00:00,0.995655877557803,0.9764057121774389,0.9978873590654748,0.9776558195752608
2011-08-15 07:00:00,0.995655877557803,0.9780533394936999,0.9983207919222643,0.9773679705178295
2011-08-15 08:00:00,0.996015665515633,0.9793700633923802,0.9981479825297556,0.9773679705178295
2011-08-15 09:00:00,0.9951699151392905,0.9818531873115237,0.9981479825297556,0.9787953547766955
2011-08-15 10:00:00,0.9966235766755577,0.9878159858387696,0.9981001781986443,0.9783328876212893
2011-08-15 11:00:00,0.9973137394517676,0.988500738766424,0.9978407636687965,0.9797970273667577
2011-08-15 12:00:00,0.996807470935246,0.9860496913646757,0.9978407636687966,0.9797970273667577
2011-08-15 13:00:00,0.996807470935246,0.982881814517878,0.9973977273684363,0.9792166980510986
2011-08-16 07:00:00,0.996807470935246,0.9818531873115237,0.9968651289587467,0.980259494522164
2011-08-16 08:00:00,0.996807470935246,0.9860496913646759,0.9968184365591426,0.9777224352805486
2011-08-16 09:00:00,0.9966235766755575,0.9878159858387696,0.9968184365591426,0.9781070230683492
2011-08-16 10:00:00,0.9959617205589032,0.9893852785306013,0.9964795004330682,0.9766796388094832
2011-08-16 11:00:00,0.9972024268772894,0.9911212340986831,0.9968184365591426,0.9776813113995453
2011-08-16 12:00:00,0.9977086953938109,0.9917079842894516,0.9964795004330682,0.9772967236117449
2011-08-16 13:00:00,0.9977086953938109,0.9945940008799636,0.9968184365591426,0.9777591907671509
2011-08-17 07:00:00,0.9978925896534994,0.9930247081881319,0.9973510349688323,0.9799670142639358
2011-08-17 08:00:00,0.9983988581700209,0.994456629466848,0.9976972964191391,0.9802962500087665
2011-08-17 09:00:00,0.9977086953938108,0.990070031458256,0.9976571418982841,0.9765574082548293
2011-08-17 10:00:00,0.9978925896534995,0.9893852785306013,0.9978006091479417,0.9774044631980358
2011-08-17 11:00:00,0.9982370438073009,0.9899720287213698,0.9981946749293595,0.9774044631980358
2011-08-17 12:00:00,0.9974822999074273,0.9873213862808596,0.9985409363796662,0.9759403234525673
2011-08-17 13:00:00,0.9974822999074273,0.9886381101795398,0.9981946749293595,0.9737324999557825
2011-08-18 07:00:00,0.9974822999074273,0.9912887526200501,0.9978885679999074,0.9745129391937015
2011-08-18 08:00:00,0.9974822999074273,0.9912887526200501,0.9978885679999074,0.9750932685093607
2011-08-18 09:00:00,0.9971378457536259,0.9899720287213697,0.9982348294502144,0.9747640327645303
2011-08-18 10:00:00,0.9973137394517676,0.9912887526200501,0.9981946749293598,0.9747640327645302
2011-08-18 11:00:00,0.9973137394517676,0.9897194599282182,0.9981946749293598,0.9747640327645303
2011-08-18 12:00:00,0.9978925896534995,0.9928873367750162,0.9981001781986446,0.9751486205523306
2011-08-18 13:00:00,0.996807470935246,0.992887336775016,0.9981001781986446,0.9751486205523306
2011-08-19 07:00:00,0.9971378457536259,0.9897194599282184,0.9977612420725702,0.9751486205523306
2011-08-19 08:00:00,0.9968204437907732,0.9865515830814207,0.9978407636687965,0.974531535750069
2011-08-19 09:00:00,0.9968204437907732,0.9897194599282184,0.9981946749293595,0.9739879619210122
2011-08-19 10:00:00,0.9974822999074273,0.9897194599282182,0.9978885679999074,0.9748607714948994
2011-08-19 11:00:00,0.997122511949597,0.9897194599282182,0.9978885679999074,0.9748607714948994
2011-08-19 12:00:00,0.997122511949597,0.9859196121103947,0.9978885679999074,0.9741469479622684
2011-08-19 13:00:00,0.9971225119495971,0.988402736029538,0.9982348294502144,0.9727195637034026
2011-08-22 07:00:00,0.9969539514939374,0.988402736029538,0.9981881370506104,0.9747640327645302
2011-08-22 08:00:00,0.9976441142701473,0.9908858599486814,0.9984942439800623,0.9787907235758987
2011-08-22 09:00:00,0.9969539514939373,0.9922025838473617,0.9981001781986446,0.9780769000432674
2011-08-22 10:00:00,0.9966235766755575,0.9902991097579129,0.9982729875911533,0.9787907235758985
2011-08-22 11:00:00,0.9964476829774159,0.9922025838473615,0.9983541162255412,0.9779179140020112
2011-08-22 12:00:00,0.9964476829774158,0.9922025838473617,0.9981001781986446,0.9767416233139739
2011-08-22 13:00:00,0.9964476829774159,0.9937718765391934,0.9981946749293598,0.9742045640723587
2011-08-23 07:00:00,0.9959617205589034,0.9937718765391934,0.9981479825297556,0.9753808547603958
2011-08-23 08:00:00,0.9956563105503103,0.9925531553773993,0.9984019205566521,0.9750930057029648
2011-08-23 09:00:00,0.9943236108696887,0.9901021079756511,0.9985710872305074,0.9708105901199707
2011-08-23 10:00:00,0.9939083573164802,0.9909242323164211,0.9987080274861041,0.9699635351767639
2011-08-23 11:00:00,0.9935318054500757,0.9901021079756511,0.9983617660357974,0.9699635351767639
2011-08-23 12:00:00,0.9943236108696887,0.9901021079756511,0.9983617660357974,0.9679190661156362
2011-08-23 13:00:00,0.9935724316311233,0.9863905884096479,0.9984899585961196,0.9686328896482672
2011-08-24 07:00:00,0.9944921713253484,0.9893549396245894,0.9985710872305071,0.9686328896482672
2011-08-24 08:00:00,0.9946680650234901,0.9918059870263375,0.9984899585961196,0.9692132189639266
2011-08-24 09:00:00,0.9935318054500757,0.9944566294668479,0.9981770214490895,0.9692132189639266
2011-08-24 10:00:00,0.9918573218559772,0.9900700314582558,0.9982615672628969,0.9695424547087571
2011-08-24 11:00:00,0.9909713083115342,0.9876189840565078,0.9983033951260674,0.9684395834418481
2011-08-24 12:00:00,0.9927806262115104,0.9885328152838192,0.9983033951260676,0.971750278205542
2011-08-24 13:00:00,0.9946680650234901,0.9925531553773993,0.998574504409927,0.976032693788536
2011-08-25 07:00:00,0.9960007647041118,0.9925531553773993,0.9989207658602338,0.977460078047402
2011-08-25 08:00:00,0.9954483191395657,0.9918059870263375,0.9989207658602338,0.9778446658352024
2011-08-25 09:00:00,0.996203063039439,0.990070031458256,0.9992268727896859,0.9769718562613151
2011-08-25 10:00:00,0.9954483191395657,0.9878159858387696,0.9992687006528563,0.9762580327286839
2011-08-25 11:00:00,0.9960007647041118,0.988500738766424,0.9992687006528563,0.9767204998840903
2011-08-25 12:00:00,0.9956563105503103,0.9853328619196263,0.9992268727896859,0.9746760308229625
2011-08-25 13:00:00,0.9951038649857642,0.9885007387664241,0.9989617399737669,0.9709371890690253
2011-08-26 07:00:00,0.9960271693412974,0.9909838626855673,0.9992268727896859,0.9712664248138559
2011-08-26 08:00:00,0.9962198269480135,0.988500738766424,0.9991801803900817,0.9743470578845279
2011-08-26 09:00:00,0.9948871272673917,0.9835665674455324,0.9991801803900817,0.9749641426867899
2011-08-26 10:00:00,0.995439572831938,0.9835665674455326,0.9994453132060006,0.9763915269456559
2011-08-26 11:00:00,0.9954395728319381,0.9793700633923804,0.9992268727896857,0.9773931995357179
2011-08-26 12:00:00,0.9950446168898945,0.980504386895448,0.9991440708129823,0.9763504030646525
2011-08-26 13:00:00,0.9943236108696887,0.9840161380209459,0.9989207658602336,0.9768128702200587
2011-08-29 07:00:00,0.9935724316311233,0.9828818145178781,0.9988362200464261,0.9768128702200587
2011-08-29 08:00:00,0.9944921713253484,0.9828818145178781,0.9989617399737667,0.9768128702200587
2011-08-29 09:00:00,0.9943236108696888,0.9853649384370214,0.9986488028267366,0.9768128702200587
2011-08-29 10:00:00,0.9935724316311233,0.9799174633029367,0.998523282899396,0.9768128702200587
2011-08-29 11:00:00,0.9950446168898943,0.9816534188710185,0.9987417233157109,0.9768128702200587
2011-08-29 12:00:00,0.9943236108696885,0.9848212957178162,0.9986589213390076,0.9764282824322581
2011-08-29 13:00:00,0.9930440832176334,0.9806267026777902,0.9986187668181528,0.9764282824322581
2011-08-30 07:00:00,0.992628829664425,0.9806267026777903,0.9988727048450495,0.9767575181770888
2011-08-30 08:00:00,0.9921225611479038,0.982195995369622,0.9987035381711944,0.9774713417097199
2011-08-30 09:00:00,0.9913983619661806,0.9767230704107874,0.9986633836503396,0.9774713417097199
2011-08-30 10:00:00,0.9928127239241135,0.9749871148427058,0.9986633836503396,0.9774713417097199
2011-08-30 11:00:00,0.9921225611479034,0.9732511592746241,0.9986633836503398,0.9774713417097197
2011-08-30 12:00:00,0.9913983619661806,0.9732511592746241,0.9983700785480714,0.9754268726485921
2011-08-30 13:00:00,0.9913983619661806,0.973251159274624,0.998180980274608,0.9754268726485921
2011-08-31 07:00:00,0.9913983619661806,0.9749871148427056,0.9986633836503398,0.9768542569074581
2011-08-31 08:00:00,0.9913983619661806,0.9813738710288518,0.9986633836503396,0.9754268726485921
2011-08-31 09:00:00,0.9905656528692518,0.9848212957178161,0.9986633836503396,0.9762739275917988
2011-08-31 10:00:00,0.9912057043594648,0.9893549396245894,0.9988917749835622,0.9759446918469682
2011-08-31 11:00:00,0.9915501585132662,0.9868718157054461,0.9987070303968542,0.9773720761058342
2011-08-31 12:00:00,0.9912057043594648,0.9876189840565078,0.9987471849177089,0.9766582525732032
2011-08-31 13:00:00,0.990189207537733,0.9839074644905046,0.9984932468908123,0.9766582525732032
2011-09-01 07:00:00,0.9919267103796706,0.9893549396245894,0.9985378637229991,0.9761724661085561
2011-09-01 08:00:00,0.9928127239241135,0.9876189840565076,0.9985378637229992,0.9772753373754649
2011-09-01 09:00:00,0.9912057043594648,0.9839074644905046,0.9982445586207307,0.9764025278015774
2011-09-01 10:00:00,0.9915501585132662,0.9816534188710185,0.997967196768566,0.9756887042689465
2011-09-01 11:00:00,0.9915501585132662,0.9853649384370213,0.9980108435150805,0.9752262371135403
2011-09-01 12:00:00,0.9925178576310209,0.9834224800033554,0.9982445586207307,0.9742245645234782
2011-09-01 13:00:00,0.9941248771956696,0.9861870627777917,0.9984583421267726,0.9779634062774152
2011-09-02 07:00:00,0.9937650892378392,0.9868718157054459,0.9987070303968542,0.9769206098063498
2011-09-02 08:00:00,0.9937650892378393,0.9876189840565078,0.9988471581513753,0.9779634062774152
2011-09-02 09:00:00,0.9921580696731905,0.9839074644905048,0.9987266624416158,0.9772495827447842
2011-09-02 10:00:00,0.9925178576310209,0.9816534188710185,0.9985927678391084,0.976787115589378
2011-09-02 11:00:00,0.9923419639328791,0.9824755432117885,0.998364376505886,0.9759400606461714
2011-09-02 12:00:00,0.9918136155193892,0.9861870627777916,0.998321658555249,0.9745126763873054
2011-09-02 13:00:00,0.9922085714614325,0.9876189840565078,0.9985927678391084,0.9745126763873054
2011-09-06 07:00:00,0.9936229334193655,0.9853649384370214,0.9987978093626756,0.9762325409043995
2011-09-06 08:00:00,0.9932279774773219,0.9893852785306013,0.998574504409927,0.9747684011589309
2011-09-06 09:00:00,0.9923419639328791,0.9834224800033555,0.9984121808369969,0.9741880718432717
2011-09-06 10:00:00,0.9927369198749223,0.9861870627777916,0.9985927678391084,0.9741880718432717
2011-09-06 11:00:00,0.9941512818328553,0.9861870627777916,0.9983216585552489,0.9745173075881024
2011-09-06 12:00:00,0.9952469152252217,0.9873213862808594,0.9981410715531375,0.9762371721051963
2011-09-06 13:00:00,0.9950446168898945,0.9899720287213698,0.9984121808369969,0.9762371721051961
2011-09-07 07:00:00,0.9941248771956693,0.9899720287213698,0.9979401380582407,0.9756200873029346
2011-09-07 08:00:00,0.9939489834975278,0.9899720287213698,0.9976690287743814,0.9749062637703035
2011-09-07 09:00:00,0.9937650892378393,0.9884027360295381,0.9975844829605736,0.9754865930859626
2011-09-07 10:00:00,0.9939673875731667,0.9901386915976196,0.9975355124416315,0.9760669224016219
2011-09-07 11:00:00,0.9934149420086203,0.9907706625686457,0.9974527104649279,0.9748906317135849
2011-09-07 12:00:00,0.9923603680085179,0.9869708147508218,0.9968436207876967,0.975892304303647
2011-09-07 13:00:00,0.9923603680085179,0.9825842167422297,0.9970824356281681,0.975892304303647
2011-09-08 07:00:00,0.9939673875731667,0.9857520935890275,0.9971251535788052,0.9755630685588164
2011-09-08 08:00:00,0.995439572831938,0.9878159858387696,0.9975782303922686,0.9760255357142228
2011-09-08 09:00:00,0.9960512664923538,0.9860496913646759,0.9975782303922686,0.9774896754596912
2011-09-08 10:00:00,0.9962198269480135,0.9878159858387696,0.9975782303922686,0.9772018264022599
2011-09-08 11:00:00,0.9954988209278076,0.9846177700859599,0.9975782303922686,0.9767393592468537
2011-09-08 12:00:00,0.9947778149076016,0.9857520935890275,0.9971251535788052,0.9764836344752281
2011-09-08 13:00:00,0.9959660452991206,0.9857520935890277,0.9973057405809167,0.9769461016306344
2011-09-09 07:00:00,0.9966870513193266,0.9866659248163391,0.9973885425576202,0.9778189112045218
2011-09-09 08:00:00,0.9974080573395324,0.9857520935890277,0.9975355124416315,0.978281378359928
2011-09-09 09:00:00,0.9977678452973627,0.9866659248163391,0.9973885425576202,0.9792830509499901
2011-09-09 10:00:00,0.9977678452973627,0.9822793268077471,0.9970824356281681,0.9778189112045217
2011-09-09 11:00:00,0.9977678452973627,0.9866659248163391,0.9973885425576202,0.9792830509499901
2011-09-09 12:00:00,0.9981276332551928,0.9901386915976198,0.9975476481893463,0.9798633802656495
2011-09-09 13:00:00,0.9981276332551928,0.9901386915976196,0.9978315583289546,0.9780401445566652
2011-09-12 07:00:00,0.9981276332551926,0.9917079842894515,0.9980499987452697,0.9794009131102432
2011-09-12 08:00:00,0.998127633255193,0.9937718765391936,0.9977905842154218,0.9794009131102432
2011-09-12 09:00:00,0.9983115275148814,0.9945940008799636,0.9981934659949271,0.9785538581670367
2011-09-12 10:00:00,0.9981276332551926,0.9937718765391936,0.9980499987452697,0.9785538581670367
2011-09-12 11:00:00,0.9977678452973627,0.9966578931297058,0.9981295203414959,0.9790163253224426
2011-09-12 12:00:00,0.9984297014140167,0.9966578931297058,0.9983186186149595,0.9787606005508174
2011-09-12 13:00:00,0.9977678452973627,0.9966578931297058,0.9981562950420294,0.9784727514933859
2011-09-13 07:00:00,0.9979437389955043,0.9980898144084218,0.9984496001442978,0.9787284762650114
2011-09-13 08:00:00,0.9977678452973627,0.9980898144084217,0.9984496001442978,0.9761914170233962
2011-09-13 09:00:00,0.9979517395570511,0.9980898144084217,0.9983186186149595,0.9779480370270928
2011-09-13 10:00:00,0.996956166772248,0.9995217356871378,0.9983186186149595,0.975903567965965
2011-09-13 11:00:00,0.9958161246983425,0.9995217356871378,0.9981562950420294,0.976617391498596
2011-09-13 12:00:00,0.9961759126561724,0.9995217356871378,0.9984496001442976,0.9770019792863966
2011-09-13 13:00:00,0.9961759126561727,0.9995217356871378,0.9982729875911533,0.9778490342296031
2011-09-14 07:00:00,0.9947037273974013,0.9995217356871378,0.9981934659949269,0.976129169712509
2011-09-14 08:00:00,0.9947037273974013,0.9995217356871378,0.9979597508892766,0.976129169712509
2011-09-14 09:00:00,0.9947037273974013,0.9995217356871378,0.9984421542650085,0.9765916368679154
2011-09-14 10:00:00,0.9947037273974013,0.9987745673360762,0.9984421542650084,0.9735666186466091
2011-09-14 11:00:00,0.9943271755309968,0.9987745673360762,0.9984421542650084,0.9738544677040403
2011-09-14 12:00:00,0.9943271755309968,0.999521735687138,0.9982798306920783,0.9748561402941027
2011-09-14 13:00:00,0.9943271755309968,0.9995217356871378,0.9980024688399136,0.9733920005486341
2011-09-15 07:00:00,0.9947037273974013,0.9987745673360762,0.9982798306920783,0.974649397910322
2011-09-15 08:00:00,0.9956234670916263,0.9980898144084218,0.9983643765058859,0.9751118650657284
2011-09-15 09:00:00,0.9965796149058436,0.9980898144084217,0.9984848722156455,0.9742648101225214
2011-09-15 10:00:00,0.9977678452973627,0.9987745673360762,0.9986187668181528,0.9763092791836492
2011-09-15 11:00:00,0.9973912934309581,0.9987745673360762,0.9986187668181528,0.977156334126856
2011-09-15 12:00:00,0.9975751876906467,0.9987745673360762,0.9986187668181528,0.9751118650657282
2011-09-15 13:00:00,0.9972307335368452,0.9980898144084217,0.9984848722156454,0.9751118650657282
2011-09-16 07:00:00,0.9978925896534995,0.9965205217165898,0.9984848722156454,0.9751118650657282
2011-09-16 08:00:00,0.9971378457536259,0.99652052171659,0.9985267000788159,0.9751118650657284
2011-09-16 09:00:00,0.9973137394517676,0.99652052171659,0.998574504409927,0.97572894986799
2011-09-16 10:00:00,0.9978925896534995,0.9972052746442445,0.9987978093626754,0.9782660091096056
2011-09-16 11:00:00,0.9982229644718792,0.9965205217165898,0.9987978093626754,0.9791130640528122
2011-09-16 12:00:00,0.9976441142701473,0.9965205217165898,0.9989783963647868,0.9788252149953807
2011-09-16 13:00:00,0.9980390702121906,0.9972052746442442,0.9989317039651828,0.9773978307365149
2011-09-19 07:00:00,0.9980390702121906,0.9940373977974465,0.9990973784133781,0.9777270664813454
2011-09-19 08:00:00,0.9982076306678506,0.993352644869792,0.9994034853428302,0.9760072019642513
2011-09-19 09:00:00,0.9978772558494705,0.99652052171659,0.9992779654154895,0.9742505819605548
2011-09-19 10:00:00,0.9975328016956692,0.99652052171659,0.9993206833661266,0.9751233915344423
2011-09-19 11:00:00,0.9978925896534995,0.9972052746442442,0.9992779654154897,0.9751233915344423
2011-09-19 12:00:00,0.9987754100364254,0.99652052171659,0.999366228994191,0.9759704464776489
2011-09-19 13:00:00,0.9989439704920852,0.9958357687889353,0.999366228994191,0.9779526682278896
2011-09-20 07:00:00,0.9984156220785952,0.993352644869792,0.9992779654154895,0.9785697530301514
2011-09-20 08:00:00,0.9984156220785952,0.9927206738987662,0.999454577968634,0.9781851652423508
2011-09-20 09:00:00,0.9984156220785952,0.9912887526200499,0.9995428415473354,0.9770088745543136
2011-09-20 10:00:00,0.9984156220785952,0.9912887526200501,0.9995428415473354,0.9772967236117447
2011-09-20 11:00:00,0.9989439704920852,0.9933526448697922,0.9994564768501839,0.9787241078706107
2011-09-20 12:00:00,0.9986135956737053,0.9898408937442944,0.9993682132714825,0.9787241078706107
2011-09-20 13:00:00,0.9986135956737053,0.9891561408166399,0.9993225822476764,0.9761870486289955
2011-09-21 07:00:00,0.9980852472602155,0.987092248566898,0.9993682132714826,0.9764748976864268
2011-09-21 08:00:00,0.9987754100364254,0.9870922485668979,0.999499194800821,0.9761870486289955
2011-09-21 09:00:00,0.9987754100364254,0.9870922485668979,0.9994564768501839,0.9761870486289955
2011-09-21 10:00:00,0.9991198641902268,0.9810872512102888,0.999366228994191,0.9761870486289955
2011-09-21 11:00:00,0.9985674186256807,0.9810872512102888,0.9992380364338689,0.9747229088835268
2011-09-21 12:00:00,0.9980611501091592,0.982519172489005,0.9991934196016821,0.9758991995715641
2011-09-21 13:00:00,0.9980611501091592,0.9831511434600309,0.999366228994191,0.9741425795678678
2011-09-22 07:00:00,0.9982370438073008,0.9810872512102888,0.9995353956680461,0.9758991995715641
2011-09-22 08:00:00,0.9973137394517676,0.9790233589605467,0.9996256435240389,0.9718725087601958
2011-09-22 09:00:00,0.9965219340321546,0.9755505921792663,0.9995353956680461,0.9729153052312612
2011-09-22 10:00:00,0.9965219340321546,0.9720778253979856,0.9996256435240389,0.9751231287280463
2011-09-22 11:00:00,0.9965219340321546,0.9755505921792663,0.9997120082211903,0.9751231287280463
2011-09-22 12:00:00,0.9968523088505344,0.9784366087697782,0.9997538360843609,0.9748352796706149
2011-09-22 13:00:00,0.9976441142701473,0.9850283563171559,0.9997538360843609,0.9752198674584154
2011-09-23 07:00:00,0.997812674725807,0.9850283563171559,0.9997965540349979,0.9766840072038838
2011-09-23 08:00:00,0.9976441142701473,0.9850283563171559,0.999668361474676,0.9736033741332116
2011-09-23 09:00:00,0.9973137394517674,0.9870922485668979,0.9997965540349979,0.9743171976658428
2011-09-23 10:00:00,0.9973137394517676,0.9870922485668979,0.9997529072884835,0.9748607714948994
2011-09-23 11:00:00,0.9974822999074271,0.9870922485668977,0.9998411708671849,0.9736033741332116
2011-09-23 12:00:00,0.9974822999074271,0.9877770014945523,0.9998411708671849,0.9728895506005806
2011-09-23 13:00:00,0.9973137394517676,0.9892089227732684,0.999668361474676,0.9711696860834866
2011-09-26 07:00:00,0.9965219340321546,0.9898408937442943,0.999668361474676,0.9703226311402797
2011-09-26 08:00:00,0.9968523088505344,0.9898408937442943,0.999668361474676,0.9714989218283171
2011-09-26 09:00:00,0.9968523088505344,0.9892089227732684,0.999668361474676,0.9689686663025421
2011-09-26 10:00:00,0.9963460403340129,0.9898408937442944,0.999668361474676,0.9661437580034956
2011-09-26 11:00:00,0.9963460403340129,0.9851526202863655,0.999454577968634,0.967186554474561
2011-09-26 12:00:00,0.9963460403340129,0.9898408937442943,0.9992779654154895,0.966010263786524
2011-09-26 13:00:00,0.9971378457536259,0.993352644869792,0.999193419601682,0.9700369545978923
2011-09-27 07:00:00,0.9980611501091592,0.9958357687889353,0.9991934196016821,0.9725740138395076
2011-09-27 08:00:00,0.9968204437907732,0.9920359209711118,0.9993189395290226,0.9725740138395076
2011-09-27 09:00:00,0.9974822999074273,0.988524169845614,0.9993635563612095,0.9731175876685646
2011-09-27 10:00:00,0.9974822999074273,0.9898408937442943,0.9993635563612095,0.9753254111653493
2011-09-27 11:00:00,0.9974822999074273,0.993352644869792,0.9993635563612095,0.9760392346979804
2011-09-27 12:00:00,0.9974822999074273,0.9885241698456142,0.9993635563612095,0.975458905382321
2011-09-27 13:00:00,0.9974822999074273,0.9891561408166398,0.9993635563612095,0.9744572327922588
2011-09-28 07:00:00,0.9963460403340129,0.9891561408166399,0.9993635563612095,0.9731452753722061
2011-09-28 08:00:00,0.9968523088505344,0.9891561408166399,0.9993635563612095,0.9734331244296374
2011-09-28 09:00:00,0.9968523088505344,0.9891561408166399,0.9993635563612095,0.9724314518395752
2011-09-28 10:00:00,0.9956598117957755,0.9844678673587111,0.9994917489215315,0.9712551611515379
2011-09-28 11:00:00,0.9956598117957755,0.9838358963876852,0.9995353956680461,0.9700788704635007
2011-09-28 12:00:00,0.9956598117957755,0.9838358963876852,0.9997538360843609,0.9704081062083312
2011-09-28 13:00:00,0.9956598117957755,0.9831511434600309,0.9997538360843609,0.9704081062083312
2011-09-29 07:00:00,0.9954979974330552,0.9810872512102888,0.9997538360843609,0.9726159297051161
2011-09-29 08:00:00,0.9956598117957755,0.9810872512102888,0.9997538360843609,0.9726159297051161
2011-09-29 09:00:00,0.9956598117957755,0.9831511434600309,0.9995353956680461,0.9720723558760591
2011-09-29 10:00:00,0.9953294369773955,0.9831511434600306,0.9995353956680461,0.9706082161305909
2011-09-29 11:00:00,0.9937303432623857,0.9810872512102888,0.9996199414818536,0.9695654196595255
2011-09-29 12:00:00,0.9940607180807657,0.9824039751089692,0.9994917489215315,0.9718656134922786
2011-09-29 13:00:00,0.9954912513401157,0.9877770014945523,0.9994917489215315,0.9708228170212132
2011-09-30 07:00:00,0.9940607180807657,0.9892089227732684,0.9996199414818536,0.9708228170212132
2011-09-30 08:00:00,0.9940607180807657,0.9898408937442943,0.999578113618683,0.9711106660786445
2011-09-30 09:00:00,0.9956598117957755,0.993352644869792,0.9994917489215315,0.9721534625497099
2011-09-30 10:00:00,0.9958283722514352,0.993352644869792,0.9995762947353392,0.9715731332340507
2011-09-30 11:00:00,0.9958283722514352,0.9927206738987662,0.9994917489215315,0.9730005174929167
2011-09-30 12:00:00,0.9956598117957755,0.9912887526200501,0.9995762947353392,0.9746970627007694
2011-09-30 13:00:00,0.9956598117957755,0.9912887526200501,0.9995762947353392,0.9726525936396418
2011-10-03 07:00:00,0.9938989037180455,0.9858735274051036,0.9994917489215317,0.9726525936396418
2011-10-03 08:00:00,0.9954979974330554,0.9900700314582558,0.9992684439687831,0.9732696784419036
2011-10-03 09:00:00,0.9966904944878143,0.9944566294668479,0.9990956345762741,0.9724892392039848
2011-10-03 10:00:00,0.9963460403340129,0.9937718765391936,0.9991383525269112,0.9735921104708938
2011-10-03 11:00:00,0.9956841842173588,0.9902991097579129,0.9991383525269112,0.9747684011589309
2011-10-03 12:00:00,0.9968204437907732,0.9925531553773993,0.9990128325995706,0.9759446918469682
2011-10-03 13:00:00,0.9971378457536259,0.990070031458256,0.9991856419920796,0.9773720761058342
2011-10-04 07:00:00,0.9963460403340129,0.9900700314582557,0.9992684439687831,0.9759446918469682
2011-10-04 08:00:00,0.9966904944878143,0.9925531553773993,0.9993607673921932,0.975458905382321
2011-10-04 09:00:00,0.9968523088505344,0.994456629466848,0.9994917489215315,0.9765017018533866
2011-10-04 10:00:00,0.9968523088505344,0.994456629466848,0.9994917489215317,0.9750743175945206
2011-10-04 11:00:00,0.9965078546967331,0.994456629466848,0.9994917489215317,0.9750743175945206
2011-10-04 12:00:00,0.9949849828235943,0.990070031458256,0.9994917489215317,0.975458905382321
2011-10-04 13:00:00,0.9960015861802116,0.9908171998093175,0.9993607673921932,0.9746118504391144
2011-10-05 07:00:00,0.9960015861802116,0.9927206738987662,0.9995335767847021,0.9766563195002421
2011-10-05 08:00:00,0.9960015861802115,0.9908171998093175,0.9994917489215315,0.9766563195002422
2011-10-05 09:00:00,0.9960015861802116,0.9927206738987662,0.9995353956680461,0.9760392346979804
2011-10-05 10:00:00,0.9944787143070726,0.9912887526200501,0.9995353956680461,0.9753254111653493
2011-10-05 11:00:00,0.9942948200473842,0.9944566294668479,0.9995353956680461,0.9760392346979804
2011-10-05 12:00:00,0.9941392324472516,0.9937718765391934,0.9994917489215315,0.9779891609080961
2011-10-05 13:00:00,0.99363296393073,0.9893852785306013,0.9994917489215315,0.9773720761058342
2011-10-06 07:00:00,0.99363296393073,0.9908171998093175,0.999578113618683,0.9777566638936347
2011-10-06 08:00:00,0.9941392324472516,0.9908171998093176,0.9997120082211904,0.9787994603647002
2011-10-06 09:00:00,0.9947792839374644,0.9900700314582558,0.9997120082211904,0.9806226960736846
2011-10-06 10:00:00,0.9955002899576703,0.9927206738987664,0.9997120082211904,0.9820868358191529
2011-10-06 11:00:00,0.995817691920523,0.9908171998093175,0.9995428415473353,0.9832631265071903
2011-10-06 12:00:00,0.9969539514939373,0.9908171998093175,0.9994089469448278,0.984520523868878
2011-10-06 13:00:00,0.9975328016956692,0.9920359209711118,0.9994089469448278,0.9859846636143466
2011-10-07 07:00:00,0.9975328016956692,0.9912887526200501,0.9993225822476764,0.987448803359815
2011-10-07 08:00:00,0.9975328016956692,0.9912887526200501,0.9994917489215315,0.987448803359815
2011-10-07 09:00:00,0.9976946160583894,0.9858735274051037,0.9992779654154895,0.987448803359815
2011-10-07 10:00:00,0.9982229644718792,0.9858735274051037,0.9994917489215315,0.9884504759498771
2011-10-07 11:00:00,0.9982229644718792,0.9912887526200501,0.999668361474676,0.9884504759498771
2011-10-07 12:00:00,0.9989439704920852,0.9899720287213698,0.9997101893378466,0.9902070959535738
2011-10-07 13:00:00,0.9991198641902268,0.9899720287213698,0.9997538360843609,0.9909209194862048
2011-10-10 07:00:00,0.9991198641902268,0.9899720287213698,0.9997538360843611,0.9916347430188358
2011-10-10 08:00:00,0.9991198641902268,0.9892248603703082,0.9997101893378466,0.992097210174242
2011-10-10 09:00:00,0.9991198641902268,0.9912887526200501,0.9997529072884834,0.9920972101742421
2011-10-10 10:00:00,0.9987600762323967,0.9926054765187304,0.9996219257591451,0.992097210174242
2011-10-10 11:00:00,0.9985674186256807,0.9957733533655282,0.9997101893378466,0.9916347430188358
2011-10-10 12:00:00,0.9985674186256807,0.99652052171659,0.9998411708671847,0.9916347430188358
2011-10-10 13:00:00,0.9987433123238223,0.99734264605736,0.9998848176136992,0.9916347430188358
2011-10-11 07:00:00,0.9987433123238223,0.9980898144084218,0.9999711823108507,0.990920919486205
2011-10-11 08:00:00,0.9978200079682891,0.9980898144084218,0.9999275355643362,0.9904584523307985
2011-10-11 09:00:00,0.9968523088505344,0.9966578931297058,0.9999275355643362,0.9897446287981676
2011-10-11 10:00:00,0.9970208693061942,0.995910724778644,0.9998848176136994,0.9888975738549608
2011-10-11 11:00:00,0.997189429761854,0.9966578931297058,0.9998848176136994,0.9880505189117543
2011-10-11 12:00:00,0.9958283722514352,0.9966578931297055,0.9999275355643362,0.9865863791662858
2011-10-11 13:00:00,0.9958283722514352,0.9960259221586797,0.9998838888178219,0.9865863791662858
2011-10-12 07:00:00,0.9970208693061943,0.9980898144084217,0.9997529072884834,0.9865863791662858
2011-10-12 08:00:00,0.9970208693061942,0.9980898144084217,0.9998411708671849,0.9877626698543229
2011-10-12 09:00:00,0.9970208693061942,0.9980898144084217,0.9997529072884834,0.9874334341094926
2011-10-12 10:00:00,0.9958283722514354,0.9980898144084217,0.9997529072884834,0.9856768141057959
2011-10-12 11:00:00,0.9958283722514354,0.9980898144084218,0.9996219257591451,0.9844194167441082
2011-10-12 12:00:00,0.9954979974330552,0.99652052171659,0.9996219257591451,0.9849629905731647
2011-10-12 13:00:00,0.9950120350145428,0.9950886004378738,0.9995800978959745,0.9858100455163714
2011-10-13 07:00:00,0.9943762501875701,0.994456629466848,0.999454577968634,0.9865238690490027
2011-10-13 08:00:00,0.9943762501875701,0.994456629466848,0.9995428415473353,0.9862360199915714
2011-10-13 09:00:00,0.9962045320693018,0.9957733533655283,0.9995428415473353,0.988280489052699
2011-10-13 10:00:00,0.9962045320693018,0.99734264605736,0.9995874583795222,0.9892821616427614
2011-10-13 11:00:00,0.9960286383711603,0.99734264605736,0.999499194800821,0.9892821616427614
2011-10-13 12:00:00,0.9963460403340129,0.9980898144084218,0.9997129783068629,0.9885683381101303
2011-10-13 13:00:00,0.9963460403340129,0.9967730905097416,0.9995874583795225,0.9885683381101303
2011-10-14 07:00:00,0.9963460403340129,0.9967730905097414,0.9995428415473354,0.9877212831669236
2011-10-14 08:00:00,0.9966904944878143,0.9967730905097414,0.999411860017997,0.9871041983646619
2011-10-14 09:00:00,0.9966904944878143,0.994122448069231,0.999411860017997,0.9871041983646619
2011-10-14 10:00:00,0.9966904944878143,0.9933752797181693,0.999411860017997,0.9863903748320307
2011-10-14 11:00:00,0.9976581936055688,0.9960259221586797,0.999411860017997,0.9872374297752374
2011-10-14 12:00:00,0.9979885684239488,0.994456629466848,0.999411860017997,0.9875666655200681
2011-10-14 13:00:00,0.9979885684239488,0.9930247081881317,0.9993682132714825,0.9881469948357273
2011-10-17 07:00:00,0.9970208693061942,0.9922025838473615,0.9993682132714825,0.9864271303186334
2011-10-17 08:00:00,0.9968523088505344,0.9930247081881319,0.9995373799453376,0.9868895974740396
2011-10-17 09:00:00,0.9979885684239488,0.9930247081881319,0.9997101893378466,0.988065888162077
2011-10-17 10:00:00,0.9979885684239488,0.9922025838473615,0.999668361474676,0.9874855588464175
2011-10-17 11:00:00,0.9979885684239488,0.9908858599486813,0.999668361474676,0.988742956208105
2011-10-17 12:00:00,0.9979885684239488,0.9922025838473615,0.999668361474676,0.9892054233635117
2011-10-17 13:00:00,0.9974822999074273,0.9922025838473615,0.9997101893378464,0.9883583684203049
2011-10-18 07:00:00,0.9969963374889149,0.9902991097579129,0.9995819967775245,0.9883583684203047
2011-10-18 08:00:00,0.9976581936055688,0.9908858599486814,0.9994053842243802,0.9876445448876737
2011-10-18 09:00:00,0.997658193605569,0.9922025838473617,0.99940538422438,0.9876445448876738
2011-10-18 10:00:00,0.9969963374889147,0.988402736029538,0.99940538422438,0.9876445448876737
2011-10-18 11:00:00,0.9969963374889147,0.9840161380209459,0.9993225822476764,0.9879737806325043
2011-10-18 12:00:00,0.9968204437907732,0.9864992619400894,0.9991856419920796,0.9869309841614389
2011-10-18 13:00:00,0.9975751876906465,0.9864992619400892,0.9991856419920796,0.9872602199062696
2011-10-19 07:00:00,0.9977510813887882,0.9857520935890275,0.9988727048450494,0.9886876041651353
2011-10-19 08:00:00,0.9975751876906467,0.9901386915976196,0.998957250658857,0.9890721919529359
2011-10-19 09:00:00,0.9975751876906467,0.9907706625686457,0.9989982247723902,0.9890721919529357
2011-10-19 10:00:00,0.9975751876906465,0.9907706625686457,0.998955506821753,0.9890721919529359
2011-10-19 11:00:00,0.9982370438073006,0.9907706625686457,0.9987217917161029,0.9890721919529359
2011-10-19 12:00:00,0.9982370438073008,0.9895519414068511,0.9985526250422477,0.9894567797407363
2011-10-19 13:00:00,0.9982370438073008,0.9895519414068513,0.9986781449695884,0.9887429562081055
2011-10-20 07:00:00,0.9982370438073009,0.9878159858387696,0.9987645096667399,0.986919720499121
2011-10-20 08:00:00,0.9973912934309582,0.9853649384370214,0.9983114328532765,0.986919720499121
2011-10-20 09:00:00,0.9970468392771568,0.9853649384370214,0.997889675651755,0.986919720499121
2011-10-20 10:00:00,0.9977678452973627,0.9853649384370214,0.9983532607164469,0.986919720499121
2011-10-20 11:00:00,0.9977678452973627,0.9853649384370214,0.9986808176025698,0.9877667754423276
2011-10-20 12:00:00,0.9979517395570511,0.9871008940051031,0.9990008974053715,0.9877667754423276
2011-10-20 13:00:00,0.9981276332551928,0.9895519414068511,0.9990836993820752,0.9877667754423276
2011-10-21 07:00:00,0.9983115275148812,0.9857520935890277,0.9990836993820752,0.9877667754423276
2011-10-21 08:00:00,0.9989733836315353,0.9864992619400894,0.9990836993820752,0.9888095719133932
2011-10-21 09:00:00,0.9981276332551928,0.9853649384370214,0.99891453270822,0.9882659980843362
2011-10-21 10:00:00,0.9971320604703899,0.9799174633029367,0.9987052115135102,0.9878814102965356
2011-10-21 11:00:00,0.9961759126561727,0.9757228702629107,0.9985428879405803,0.9875521745517053
2011-10-21 12:00:00,0.996359806915861,0.9757228702629107,0.9986292526377316,0.9888095719133932
2011-10-21 13:00:00,0.9973159547300783,0.9757228702629107,0.9986292526377316,0.9884249841255927
2011-10-24 07:00:00,0.9971320604703899,0.9816534188710185,0.9983091728349299,0.9888095719133932
2011-10-24 08:00:00,0.9971320604703899,0.9853649384370214,0.9983091728349299,0.9888095719133932
2011-10-24 09:00:00,0.9971320604703897,0.9876189840565078,0.9984296685446894,0.988347104757987
2011-10-24 10:00:00,0.9971320604703897,0.9876189840565078,0.9985526250422477,0.988347104757987
2011-10-24 11:00:00,0.9965796149058438,0.9883661524075694,0.9985526250422477,0.9875000498147801
2011-10-24 12:00:00,0.9958248710059703,0.9876189840565078,0.998225068156125,0.9866529948715735
2011-10-24 13:00:00,0.9946848289320644,0.9839074644905048,0.9980593937079297,0.9858059399283668
2011-10-25 07:00:00,0.9946848289320644,0.9804600398015404,0.9979388979981703,0.9851888551261051
2011-10-25 08:00:00,0.9950446168898945,0.9839074644905046,0.9976035054938002,0.9855734429139055
2011-10-25 09:00:00,0.9939083573164803,0.9839074644905046,0.9976462234444371,0.9855734429139057
2011-10-25 10:00:00,0.993355911751934,0.9830853401497344,0.9976462234444371,0.9841460586550397
2011-10-25 11:00:00,0.9951038649857642,0.9848212957178162,0.9976462234444371,0.9837614708672393
2011-10-25 12:00:00,0.9952965225924802,0.9839074644905046,0.9976462234444371,0.9837614708672391
2011-10-25 13:00:00,0.9946848289320642,0.9804600398015404,0.9974452899495405,0.9851888551261051
2011-10-26 07:00:00,0.9950446168898945,0.9839074644905046,0.997013413225956,0.9855734429139057
2011-10-26 08:00:00,0.9954044048477246,0.9846546328415665,0.997013413225956,0.9855734429139055
2011-10-26 09:00:00,0.9961846589638004,0.9846546328415665,0.997013413225956,0.9855734429139055
2011-10-26 10:00:00,0.9958248710059703,0.9876189840565076,0.9964845526959425,0.9841460586550397
2011-10-26 11:00:00,0.9961846589638004,0.9900700314582557,0.9964418347453055,0.9841460586550397
2011-10-26 12:00:00,0.9958248710059701,0.9912887526200501,0.996400006882135,0.9841460586550397
2011-10-26 13:00:00,0.9956563105503106,0.9912887526200501,0.9964418347453055,0.9841460586550397
2011-10-27 07:00:00,0.9965796149058436,0.9912887526200502,0.9971716287702157,0.983816822910209
2011-10-27 08:00:00,0.9965796149058436,0.9927206738987664,0.9971716287702157,0.9848184955002713
2011-10-27 09:00:00,0.9970468392771568,0.9927206738987662,0.9970870829564082,0.983816822910209
2011-10-27 10:00:00,0.9973912934309582,0.9927206738987662,0.9970870829564082,0.9841460586550395
2011-10-27 11:00:00,0.9969963374889147,0.9940373977974465,0.9966009403770315,0.9859692943640239
2011-10-27 12:00:00,0.9969963374889147,0.9940373977974465,0.9966854861908393,0.9862571434214552
2011-10-27 13:00:00,0.9963605526619419,0.9927206738987662,0.9964845526959425,0.9856768141057959
2011-10-28 07:00:00,0.9946125994281118,0.9927206738987662,0.9956611037021362,0.9833766202730426
2011-10-28 08:00:00,0.994612599428112,0.9927206738987662,0.9956183857514992,0.9819492360141767
2011-10-28 09:00:00,0.9944367057299702,0.9885241698456142,0.9958153727288002,0.9829920324852421
2011-10-28 10:00:00,0.9942528114702817,0.9885241698456142,0.9958153727288002,0.9821449775420353
2011-10-28 11:00:00,0.9948645051306975,0.987092248566898,0.9958153727288002,0.980968686853998
2011-10-28 12:00:00,0.9939083573164802,0.9844416061263874,0.9958153727288002,0.9803516020517364
2011-10-28 13:00:00,0.9927158602617212,0.9858735274051036,0.9958153727288002,0.9785949820480397
2011-10-31 07:00:00,0.9916451149602014,0.9819324222982365,0.9952160889428777,0.9771308423025713
2011-10-31 08:00:00,0.9914612207005128,0.9805005010195204,0.9951315431290703,0.9743059340035248
2011-10-31 09:00:00,0.9909549521839914,0.9784366087697782,0.9952496746472634,0.971481025704478
2011-10-31 10:00:00,0.9883517469166692,0.9773022852667106,0.9952496746472632,0.9702236283427903
2011-10-31 11:00:00,0.9885135612793889,0.9805005010195204,0.9952496746472632,0.969221955752728
2011-10-31 12:00:00,0.9891029261552342,0.9810872512102888,0.9950403534525535,0.9706860954981965
2011-10-31 13:00:00,0.9883517469166687,0.9784366087697786,0.9948812478208275,0.971070683285997
2011-11-01 07:00:00,0.987627547734946,0.9773022852667106,0.9939413758988767,0.9708406215929752
2011-11-01 08:00:00,0.9885135612793889,0.9805005010195202,0.9940643323964349,0.9713264080576227
2011-11-01 09:00:00,0.9891029261552342,0.9810872512102887,0.9939413758988767,0.9698990237987565
2011-11-01 10:00:00,0.9891029261552342,0.9810872512102887,0.9938103943695383,0.9691852002661255
2011-11-01 11:00:00,0.9891029261552344,0.9810872512102888,0.9945114514510174,0.9687227331107193
2011-11-01 12:00:00,0.9891029261552344,0.9776144844290082,0.9936480707966084,0.9698990237987567
2011-11-01 13:00:00,0.9878233985031791,0.9763957632672139,0.9931954636447821,0.9705161086010182
2011-11-02 07:00:00,0.9878233985031791,0.9739126393480706,0.9931954636447821,0.969643299027131
2011-11-02 08:00:00,0.9884127633790242,0.9714615919463224,0.9931954636447818,0.9693140632823006
2011-11-02 09:00:00,0.9878233985031792,0.9714615919463224,0.9928402474080519,0.9687704894532436
2011-11-02 10:00:00,0.9870991993214563,0.9714615919463224,0.9917299948337147,0.9676676181863348
2011-11-02 11:00:00,0.9870991993214563,0.9714615919463224,0.9915494078316033,0.9682479475019939
2011-11-02 12:00:00,0.9882302193300077,0.9780533394936999,0.9926596604059404,0.9678633597141935
2011-11-02 13:00:00,0.9880684049672874,0.9786009128059995,0.9924587269110439,0.966820563243128
2011-11-03 07:00:00,0.9867447273520201,0.9786009128059995,0.9921876176271842,0.9646127397463431
2011-11-03 08:00:00,0.9855040210336342,0.9714615919463224,0.9919488027867126,0.9605860489349748
2011-11-03 09:00:00,0.9839591757984124,0.9629479484979473,0.991280372931899,0.9571764429258681
2011-11-03 10:00:00,0.9818373310360584,0.9552327283213634,0.9912376549812622,0.9538657481621743
2011-11-03 11:00:00,0.9789591386199838,0.9487566259809244,0.9912376549812622,0.9531519246295431
2011-11-03 12:00:00,0.9782834618442997,0.945792274765983,0.9912376549812619,0.9531519246295431
2011-11-03 13:00:00,0.9792645486285767,0.9487566259809244,0.9912376549812619,0.9517245403706773
2011-11-04 07:00:00,0.9794668469639043,0.9552327283213634,0.9917965496245355,0.949424346537924
2011-11-04 08:00:00,0.9792645486285769,0.9569990227954572,0.9917965496245355,0.9519868976038239
2011-11-04 09:00:00,0.9818373310360586,0.9666177170614897,0.9926985402009113,0.9531886801161458
2011-11-04 10:00:00,0.9789591386199838,0.9636533658465484,0.9928459567580264,0.9501636618948396
2011-11-04 11:00:00,0.9776610646838495,0.9666177170614897,0.9928459567580264,0.9501636618948396
2011-11-04 12:00:00,0.9789591386199838,0.9697855939082873,0.9933179995367829,0.9493900263727613
2011-11-04 13:00:00,0.9799547114047867,0.9666177170614897,0.9936732157735129,0.9493900263727613
2011-11-07 07:00:00,0.9833821762712802,0.9733650660357712,0.9943152175100721,0.952700721136455
2011-11-07 08:00:00,0.9851914941712564,0.9733650660357712,0.9947008460357506,0.9535477760796618
2011-11-07 09:00:00,0.9855359483250579,0.9733650660357712,0.9949768406344325,0.9568584708433555
2011-11-07 10:00:00,0.9841454195982114,0.9733650660357712,0.9947717991108656,0.9537778377726833
2011-11-07 11:00:00,0.9841454195982114,0.9739970370067971,0.9941725153249432,0.9554977022897773
2011-11-07 12:00:00,0.9823974663643814,0.9717174387195101,0.9941725153249432,0.9560412761188343
2011-11-07 13:00:00,0.981166998666137,0.9717174387195101,0.9941725153249434,0.9560412761188343
2011-11-08 07:00:00,0.9817786923265528,0.9739970370067971,0.994172515324943,0.955602128272669
2011-11-08 08:00:00,0.9838009654444099,0.9764801609259404,0.9936480707966081,0.9543447309109812
2011-11-08 09:00:00,0.9841454195982114,0.9704175648793132,0.992886168274283,0.9566449247437344
2011-11-08 10:00:00,0.985131004787151,0.9739970370067971,0.993471458243464,0.9586893938048621
2011-11-08 11:00:00,0.9866385766621069,0.9793700633923802,0.994172515324943,0.9608972173016469
2011-11-08 12:00:00,0.9841748569729339,0.9770904651050933,0.9932705247485671,0.9608972173016469
2011-11-08 13:00:00,0.9839005370889068,0.972893961051941,0.9927712251971368,0.9608972173016469
2011-11-09 07:00:00,0.9839005370889068,0.9715772371532609,0.9924587269110436,0.9589472910915312
2011-11-09 08:00:00,0.9839005370889068,0.9738568354405478,0.9926596604059404,0.9580607985325402
2011-11-09 09:00:00,0.9819277859180723,0.9715772371532609,0.9924160089604066,0.9570180020614747
2011-11-09 10:00:00,0.9819277859180723,0.9726381142787534,0.9913057563860697,0.9572480637544964
2011-11-09 11:00:00,0.9819277859180723,0.9694398985259438,0.990651074327748,0.9572480637544962
2011-11-09 12:00:00,0.9831582536163164,0.9654987934190764,0.990693792278385,0.9572480637544962
2011-11-09 13:00:00,0.9848417191894141,0.9654987934190766,0.9911356149979086,0.9546855126885966
2011-11-10 07:00:00,0.9848417191894139,0.9682633761935125,0.9917939541287509,0.9557283091596618
2011-11-10 08:00:00,0.9868144703602484,0.9754026970531897,0.9923149674264493,0.9591379151687685
2011-11-10 09:00:00,0.9868144703602485,0.9761498654042513,0.9927412581515483,0.9591379151687685
2011-11-10 10:00:00,0.9868144703602485,0.9690105445445744,0.9924976067060147,0.9585208303665068
2011-11-10 11:00:00,0.9877342100544736,0.9714615919463224,0.992177526903213,0.9600244077277597
2011-11-10 12:00:00,0.9885260154740865,0.9780533394937001,0.9928459567580264,0.9617810277314561
2011-11-10 13:00:00,0.9877342100544736,0.9780533394937001,0.9932011729947565,0.9617810277314561
2011-11-11 07:00:00,0.9899449974298989,0.9829875108145916,0.9938004567806789,0.962982810243778
2011-11-11 08:00:00,0.9889888496156819,0.9805364634128434,0.9938004567806789,0.9599577920224719
2011-11-11 09:00:00,0.9867780622402561,0.9810840367251428,0.9938004567806789,0.9595732042346713
2011-11-11 10:00:00,0.9873897559006721,0.9829875108145913,0.9936722642203569,0.9595732042346713
2011-11-11 11:00:00,0.9862497138267663,0.9797892950617817,0.9936722642203569,0.9587003946607839
2011-11-11 12:00:00,0.9841374770777823,0.973197547514404,0.9936722642203569,0.9561701391350091
2011-11-11 13:00:00,0.9846658254912724,0.9739447158654659,0.9936722642203569,0.9538195068305496
2011-11-14 07:00:00,0.9841748569729337,0.9810840367251428,0.9933013717676571,0.9504099008214427
2011-11-14 08:00:00,0.9828137994625149,0.9829875108145913,0.992947460507094,0.9473292677507705
2011-11-14 09:00:00,0.9815342718104599,0.9797892950617816,0.992791447643326,0.9465556322286922
2011-11-14 10:00:00,0.9821236366863052,0.9815555895358753,0.992947460507094,0.9473292677507705
2011-11-14 11:00:00,0.9847268419536276,0.9844416061263876,0.993458480714315,0.9490491322678645
2011-11-14 12:00:00,0.9866995931244621,0.9886381101795398,0.993458480714315,0.9509372974169179
2011-11-14 13:00:00,0.9866995931244622,0.9886381101795397,0.993458480714315,0.9531451209137028
2011-11-15 07:00:00,0.9866995931244622,0.9886381101795397,0.993458480714315,0.9540179304875901
2011-11-15 08:00:00,0.9866995931244622,0.9886381101795398,0.993458480714315,0.9543057795450214
2011-11-15 09:00:00,0.9868494155329226,0.9863840645600536,0.993458480714315,0.9543057795450214
2011-11-15 10:00:00,0.988765911210785,0.9898568313413342,0.9937230350648479,0.9543057795450214
2011-11-15 11:00:00,0.9864156382572098,0.9886381101795397,0.9937602148230587,0.9543057795450214
2011-11-15 12:00:00,0.9845873563754781,0.9863840645600536,0.9933076076712322,0.9543057795450214
2011-11-15 13:00:00,0.9841374770777823,0.9869708147508218,0.9932339242256107,0.9522613104838936
2011-11-16 07:00:00,0.9817872041242073,0.9869708147508218,0.9929683761503024,0.9520055857122681
2011-11-16 08:00:00,0.9823155525376971,0.9898568313413342,0.9933459221983435,0.9516048796179242
2011-11-16 09:00:00,0.9823155525376971,0.9886381101795397,0.9931868165666173,0.9516048796179243
2011-11-16 10:00:00,0.9830667317762624,0.9863840645600536,0.9927747138666869,0.9475781888065558
2011-11-16 11:00:00,0.9841374770777823,0.989856831341334,0.9936519244487125,0.9479074245513862
2011-11-16 12:00:00,0.9864877500313574,0.9930247081881319,0.994334697571565,0.9491648219130742
2011-11-16 13:00:00,0.9864877500313574,0.9930247081881319,0.9938455867323279,0.9505255904666524
2011-11-17 07:00:00,0.9864877500313574,0.9936566791591576,0.9939637182505211,0.951372645409859
2011-11-17 08:00:00,0.9864877500313574,0.9928345548183873,0.9942150079719939,0.949945261150993
2011-11-17 09:00:00,0.9841374770777823,0.9928345548183876,0.9936437996403376,0.947737437654208
2011-11-17 10:00:00,0.9815342718104599,0.9928345548183876,0.9933782515650291,0.9470236141215772
2011-11-17 11:00:00,0.97977336373273,0.989034707000564,0.9928208549141041,0.9452003784125927
2011-11-17 12:00:00,0.9809043837412812,0.9865515830814204,0.9934963830832222,0.9444865548799618
2011-11-17 13:00:00,0.9832546566948562,0.9871835540524463,0.9940009422614473,0.9473114631790085
2011-11-18 07:00:00,0.9832546566948562,0.9865515830814204,0.9933782515650291,0.9478550370080651
2011-11-18 08:00:00,0.9832546566948562,0.9865515830814204,0.9933782515650291,0.9478550370080651
2011-11-18 09:00:00,0.9832546566948562,0.9811363578664739,0.9927235695067077,0.9487415295670564
2011-11-18 10:00:00,0.9820139503764703,0.9763078828422959,0.9921661728557826,0.9487415295670562
2011-11-18 11:00:00,0.9841261871254543,0.9769398538133218,0.9926192496692458,0.9487415295670564
2011-11-18 12:00:00,0.9860426828033169,0.9811363578664739,0.9932947778383641,0.949943312079378
2011-11-18 13:00:00,0.9841261871254543,0.9763078828422959,0.9935955486361225,0.949943312079378
2011-11-21 07:00:00,0.9860426828033169,0.9811363578664739,0.9936972260348421,0.9499433120793782
2011-11-21 08:00:00,0.9841261871254543,0.9805043868954483,0.9931525123357624,0.9516999320830745
2011-11-21 09:00:00,0.9855798486617213,0.9751313605098649,0.9935955486361223,0.9516999320830746
2011-11-21 10:00:00,0.9855798486617213,0.9751313605098647,0.993074535338424,0.9514120830256433
2011-11-21 11:00:00,0.9855798486617213,0.9751313605098647,0.9923206877272023,0.9511563582540179
2011-11-21 12:00:00,0.9871148466776704,0.9751313605098647,0.9922190103284826,0.9511563582540179
2011-11-21 13:00:00,0.985440363083572,0.9709348564567127,0.9915056008137897,0.9503093033108111
2011-11-22 07:00:00,0.9855798486617213,0.9698005329536448,0.9915056008137897,0.9495356677887328
2011-11-22 08:00:00,0.9849904837858761,0.9675209346663579,0.9911702146426139,0.9497913925603583
2011-11-22 09:00:00,0.9836924098497418,0.9662042107676776,0.9906128179916889,0.948615101872321
2011-11-22 10:00:00,0.9829766433943989,0.9668889636953321,0.9905585521358966,0.9455344688016488
2011-11-22 11:00:00,0.9855798486617213,0.9733650660357712,0.9915056008137897,0.9490542497184864
2011-11-22 12:00:00,0.9836924098497418,0.9733650660357712,0.9907673328631085,0.9512620732152711
2011-11-22 13:00:00,0.9829766433943992,0.9733650660357712,0.9913262275063818,0.9546716792243778
2011-11-23 07:00:00,0.9849904837858762,0.9758481899549145,0.9918836241573068,0.9552887640266396
2011-11-23 08:00:00,0.985440363083572,0.9763957632672139,0.9920017556754999,0.9538613797677737
2011-11-23 09:00:00,0.9836924098497418,0.9782992373566627,0.9922190103284826,0.9518169107066458
2011-11-23 10:00:00,0.985440363083572,0.9848909849040404,0.9922190103284826,0.9532442949655118
2011-11-23 11:00:00,0.9872012711613017,0.9864602775958721,0.9928417010249008,0.9537878687945686
2011-11-23 12:00:00,0.9859031972251672,0.9838096351553615,0.9923986647245407,0.9520312487908721
2011-11-23 13:00:00,0.9836924098497418,0.9815555895358755,0.9923986647245407,0.9514876749618153
2011-11-25 07:00:00,0.9847775285679953,0.9869708147508217,0.9928417010249007,0.9532075394789092
2011-11-25 08:00:00,0.9847775285679953,0.9869708147508217,0.9928417010249007,0.9520312487908721
2011-11-25 09:00:00,0.9829682106680189,0.9863840645600533,0.9928417010249007,0.9520312487908721
2011-11-25 10:00:00,0.9809543702765418,0.9825842167422297,0.9928417010249007,0.9492063404918254
2011-11-28 07:00:00,0.9829766433943989,0.9798196339677938,0.9928417010249007,0.9489506157201999
2011-11-28 08:00:00,0.9829766433943989,0.9777557417180516,0.9922190103284826,0.9491806774132214
2011-11-28 09:00:00,0.9815229818581319,0.9771689915272834,0.9922190103284826,0.9469728539164367
2011-11-28 10:00:00,0.9841261871254543,0.9815555895358755,0.9921661728557826,0.9491806774132214
2011-11-28 11:00:00,0.9841261871254545,0.9815555895358755,0.9916214591567026,0.9494685264706527
2011-11-28 12:00:00,0.9841261871254545,0.9815555895358755,0.9915056008137897,0.9499543129353
2011-11-28 13:00:00,0.9858741403592844,0.9863840645600533,0.9913021154234278,0.951674177452394
2011-11-29 07:00:00,0.9856611851414033,0.9836194817856174,0.9921602828721111,0.9550837834615004
2011-11-29 08:00:00,0.9856611851414033,0.9836194817856174,0.992717679523036,0.956840403465197
2011-11-29 09:00:00,0.9853668934438403,0.9842062319763857,0.9918595120743526,0.9596653117642437
2011-11-29 10:00:00,0.9856611851414036,0.9829875108145916,0.9912478495676356,0.9596653117642437
2011-11-29 11:00:00,0.9878719725168291,0.9864602775958721,0.9912478495676356,0.9617097808253715
2011-11-29 12:00:00,0.9878719725168291,0.9892248603703083,0.9915539564970877,0.9605079983130497
2011-11-29 13:00:00,0.9878719725168291,0.9869708147508218,0.990693327745071,0.9642468400669869
2011-11-30 07:00:00,0.9894754564615565,0.9869708147508218,0.9911459348968972,0.964960663599618
2011-11-30 08:00:00,0.9891811647639933,0.9869708147508218,0.9912535130726773,0.9646728145421867
2011-11-30 09:00:00,0.9877275032277263,0.9869708147508218,0.9906933277450708,0.964960663599618
2011-11-30 10:00:00,0.9878719725168291,0.9869708147508218,0.9908865203670493,0.9634732045449084
2011-11-30 11:00:00,0.9877275032277263,0.9840847981603097,0.9909940985428293,0.9637289293165341
2011-11-30 12:00:00,0.9879404584456074,0.9878846459781334,0.9915190611479856,0.9646017388904214
2011-11-30 13:00:00,0.9894754564615565,0.9907706625686454,0.992186497278024,0.9671387981320368
2011-12-01 07:00:00,0.9891811647639933,0.9901386915976198,0.9912893648385961,0.9662659885581495
2011-12-01 08:00:00,0.9877275032277263,0.9901386915976196,0.9912535130726771,0.9662659885581493
2011-12-01 09:00:00,0.9878719725168291,0.9857520935890277,0.9912535130726771,0.9655711159403587
2011-12-01 10:00:00,0.9875776808192659,0.9857520935890277,0.9912535130726771,0.9646983063664711
2011-12-01 11:00:00,0.9888757547554003,0.9901386915976198,0.9917328446540274,0.9656810280416933
2011-12-01 12:00:00,0.988591799888148,0.9866659248163391,0.9912893648385961,0.9685059363407399
2011-12-01 13:00:00,0.987201271161302,0.9822793268077471,0.9915190611479858,0.9697633337024276
2011-12-02 07:00:00,0.9888757547554005,0.9838486194995789,0.992186497278024,0.9687616611123654
2011-12-02 08:00:00,0.988591799888148,0.9833010461872795,0.9913994043177093,0.9687616611123656
2011-12-02 09:00:00,0.9891811647639933,0.9817317534954476,0.9908744417125531,0.9687616611123656
2011-12-02 10:00:00,0.9888757547554003,0.9822793268077471,0.9902070055825148,0.9670651159045125
2011-12-02 11:00:00,0.9869883159434206,0.9798282794059989,0.9893297950004893,0.9661923063306253
2011-12-02 12:00:00,0.9875776808192659,0.9817317534954476,0.9890290242027309,0.965904457273194
2011-12-02 13:00:00,0.9871278015215701,0.9773451554868556,0.988304220489468,0.9609912739028343
2011-12-05 07:00:00,0.9864877500313574,0.9773451554868556,0.988304220489468,0.9597338765411463
2011-12-05 08:00:00,0.9841374770777823,0.9773451554868556,0.9883042204894681,0.9572036210153716
2011-12-05 09:00:00,0.9845873563754781,0.9773451554868556,0.9883042204894681,0.9554837564982775
2011-12-05 10:00:00,0.9852274078656911,0.9789144481786874,0.9885636350193161,0.959996233774293
2011-12-05 11:00:00,0.9875776808192659,0.9833010461872795,0.9885636350193161,0.9607100573069242
2011-12-05 12:00:00,0.9856049296484314,0.977885820972333,0.9883042204894681,0.959996233774293
2011-12-05 13:00:00,0.9832546566948563,0.9724383458382482,0.9872195906335267,0.9592225982522147
2011-12-06 07:00:00,0.9835489483924194,0.974341819927697,0.9862167683323124,0.9566923427264397
2011-12-06 08:00:00,0.9839867015473048,0.9715772371532608,0.9862167683323124,0.9548691070174554
2011-12-06 09:00:00,0.981248661974105,0.9694465363629768,0.9862167683323124,0.9526612835206707
2011-12-06 10:00:00,0.9812486619741048,0.9640735099773936,0.9862167683323124,0.9524521973675271
2011-12-06 11:00:00,0.983270935091962,0.9675209346663579,0.9868115690333362,0.9524521973675271
2011-12-06 12:00:00,0.9830579798740811,0.972893961051941,0.9873360135616713,0.9538795816263929
2011-12-06 13:00:00,0.9856611851414036,0.9764057121774389,0.9873360135616713,0.9573993625432302
2011-12-07 07:00:00,0.9856611851414033,0.978685310464726,0.9866945204610434,0.9588267468020962
2011-12-07 08:00:00,0.9856611851414036,0.9793700633923802,0.9862758236772327,0.9601875153556745
2011-12-07 09:00:00,0.9845301651328524,0.982881814517878,0.9870006273904952,0.9576249642897746
2011-12-07 10:00:00,0.9840963878571397,0.9806022162305911,0.9870006273904955,0.9543142695260808
2011-12-07 11:00:00,0.982763688176518,0.9770904651050933,0.9870006273904955,0.9517772102844652
2011-12-07 12:00:00,0.9810892045824194,0.972893961051941,0.9863251056743709,0.9528800815513742
2011-12-07 13:00:00,0.9829766433943989,0.972893961051941,0.9858473535456399,0.9539829528182832
2011-12-08 07:00:00,0.9855798486617213,0.9770904651050933,0.9865902384902898,0.95483000776149
2011-12-08 08:00:00,0.9858741403592844,0.972893961051941,0.98590640889056,0.9582396137705965
2011-12-08 09:00:00,0.9856611851414033,0.9770904651050933,0.9869319834015814,0.9582396137705965
2011-12-08 10:00:00,0.9869938848220252,0.9825379402391781,0.9879688343182922,0.9613202468412687
2011-12-08 11:00:00,0.9868494155329225,0.9795735890242367,0.9873619565910818,0.9598327877865593
2011-12-08 12:00:00,0.9868494155329225,0.9742005626386534,0.9862086827462261,0.9607192803455504
2011-12-08 13:00:00,0.9868494155329225,0.9742005626386534,0.9865780975328988,0.9570078794875129
2011-12-09 07:00:00,0.9868494155329225,0.9787342065454266,0.9875251462107918,0.9536971847238189
2011-12-09 08:00:00,0.9853772302741511,0.9750226869794236,0.9874905308373744,0.9509578430449004
2011-12-09 09:00:00,0.9830579798740811,0.9766703142956845,0.9868358487790527,0.9500850334710131
2011-12-09 10:00:00,0.9827636881765178,0.9766703142956845,0.9858888001011601,0.951342430832701
2011-12-09 11:00:00,0.982763688176518,0.9747668402062357,0.9858547714856631,0.9504953758894942
2011-12-09 12:00:00,0.9840617621126524,0.9739447158654659,0.9862086827462262,0.9490679916306282
2011-12-09 13:00:00,0.9840617621126524,0.9810840367251428,0.9872933126021677,0.9472447559216438
2011-12-12 07:00:00,0.982039488994795,0.977885820972333,0.9872933126021677,0.9472447559216438
2011-12-12 08:00:00,0.9809543702765418,0.9739447158654659,0.9869394013416046,0.9468762864403869
2011-12-12 09:00:00,0.9809543702765418,0.9707465001126561,0.9858547714856631,0.9466205616687612
2011-12-12 10:00:00,0.9829766433943989,0.973197547514404,0.9865780975328992,0.9483009885700708
2011-12-12 11:00:00,0.9840617621126522,0.9747668402062362,0.986835848779053,0.950020853087165
2011-12-12 12:00:00,0.985394461793274,0.9747668402062362,0.986835848779053,0.953101486157837
2011-12-12 13:00:00,0.9866739894453292,0.9694514125106707,0.9876940162277366,0.954528870416703
2011-12-13 07:00:00,0.9858821840257164,0.9719024599124186,0.9877956936264564,0.9549913375721092
2011-12-13 08:00:00,0.9858821840257164,0.9763957632672139,0.9877956936264564,0.9560341340431748
2011-12-13 09:00:00,0.9858821840257164,0.9719024599124186,0.9877956936264564,0.9588590423422213
2011-12-13 10:00:00,0.9858821840257161,0.9687042441596089,0.9869903636504727,0.9568145732810935
2011-12-13 11:00:00,0.9858821840257164,0.9719024599124186,0.9861055046305891,0.954832351530853
2011-12-13 12:00:00,0.9873897559006722,0.9763957632672141,0.9864971323161545,0.954832351530853
2011-12-13 13:00:00,0.985375915509195,0.9782992373566627,0.9867183815176864,0.9528501297806121
2011-12-14 07:00:00,0.9843593121525774,0.979517958518457,0.9875583268670874,0.9558751480019184
2011-12-14 08:00:00,0.9849950969795505,0.9782012346197767,0.9883121744783091,0.9565889715345496
2011-12-14 09:00:00,0.9856067906399663,0.9776144844290082,0.9882104970795895,0.9580925488958024
2011-12-14 10:00:00,0.9856067906399663,0.9726803131081168,0.9888299564154609,0.9588661844178807
2011-12-14 11:00:00,0.9853013806313732,0.9738146366111845,0.9888299564154609,0.9588661844178807
2011-12-14 12:00:00,0.9851569113422705,0.9732278864204164,0.9888299564154611,0.9591540334753119
2011-12-14 13:00:00,0.9871296625131051,0.9776144844290082,0.9894140371899125,0.9605814177341778
2011-12-15 07:00:00,0.9874350725216982,0.9744162686761983,0.9894140371899125,0.960581417734178
2011-12-15 08:00:00,0.9896045005133078,0.9797892950617816,0.9894140371899125,0.9616242142052434
2011-12-15 09:00:00,0.9880816286401691,0.9780533394936999,0.9894140371899125,0.9611617470498374
2011-12-15 10:00:00,0.9880816286401691,0.9750889882787586,0.9888754396203355,0.961942186287756
2011-12-15 11:00:00,0.9898425367178989,0.9778535710531947,0.989760298640219,0.9642423801205096
2011-12-15 12:00:00,0.9898425367178989,0.9789144481786874,0.989760298640219,0.9631995836494439
2011-12-15 13:00:00,0.9896045005133078,0.9806504037467692,0.9904789235289907,0.9636620508048501
2011-12-16 07:00:00,0.9896045005133078,0.9795895266212764,0.9902852612453754,0.9649740082249028
2011-12-16 08:00:00,0.9891372761419948,0.9745728092404803,0.9907287410608069,0.9649740082249028
2011-12-16 09:00:00,0.9912035942283178,0.9754866404677919,0.991742296428379,0.9675042637506776
2011-12-16 10:00:00,0.9913654085910376,0.978372657058304,0.991742296428379,0.9686805544387148
2011-12-16 11:00:00,0.9910599985824448,0.9728997320994694,0.991742296428379,0.9712108099644897
2011-12-16 12:00:00,0.990448304922029,0.9728997320994692,0.991742296428379,0.9706672361354332
2011-12-16 13:00:00,0.9908981842197248,0.9728997320994692,0.9912988166129477,0.9704371744424114
2011-12-19 07:00:00,0.9925016681644522,0.9751537777189557,0.9909680343682281,0.9712108099644897
2011-12-19 08:00:00,0.994024540037591,0.9751537777189555,0.9912988166129478,0.971924633497121
2011-12-19 09:00:00,0.994024540037591,0.9728997320994692,0.9912988166129478,0.9714621663417148
2011-12-19 10:00:00,0.9949478443931241,0.9719859008721577,0.9919815897358005,0.9727195637034026
2011-12-19 11:00:00,0.9946174695747443,0.9719859008721577,0.9919450860483895,0.9735666186466091
2011-12-19 12:00:00,0.994934871537597,0.9719859008721577,0.9919450860483895,0.9718099986429125
2011-12-19 13:00:00,0.9934119996644583,0.9690998842816456,0.9912988166129477,0.9722724657983188
2011-12-20 07:00:00,0.9937885515308629,0.9681860530543343,0.9919815897358003,0.9712296693272534
2011-12-20 08:00:00,0.9918720558530003,0.9719859008721577,0.991751893426411,0.9707672021718472
2011-12-20 09:00:00,0.9910263054766576,0.9690998842816456,0.9907383380588388,0.9697655295817847
2011-12-20 10:00:00,0.9917164682528675,0.9754866404677919,0.9907383380588388,0.9697655295817847
2011-12-20 11:00:00,0.9918720558530003,0.9690998842816456,0.9901074170658519,0.9712296693272532
2011-12-20 12:00:00,0.9918720558530002,0.9660808020888,0.9902356096261739,0.9699722719655657
2011-12-20 13:00:00,0.992750143547804,0.9660808020888,0.991310010434592,0.9704347391209717
2011-12-21 07:00:00,0.9925945559476714,0.9690998842816456,0.991310010434592,0.9707639748658022
2011-12-21 08:00:00,0.9936329639307301,0.9690998842816456,0.9919425885234867,0.9699169199225957
2011-12-21 09:00:00,0.9936329639307301,0.9728997320994692,0.991310010434592,0.972997552993268
2011-12-21 10:00:00,0.9936329639307303,0.9751537777189555,0.9919425885234868,0.9715334132477992
2011-12-21 11:00:00,0.99363296393073,0.969248678935598,0.9919853064741239,0.968996354006184
2011-12-21 12:00:00,0.9917164682528675,0.9683348477082864,0.9916300902373939,0.9681235444322965
2011-12-21 13:00:00,0.992060922406669,0.9674210164809748,0.9911392969989281,0.9672507348584092
2011-12-22 07:00:00,0.9912492438815544,0.9674210164809748,0.991458009548247,0.9662490622683471
2011-12-22 08:00:00,0.9912492438815544,0.9742399464916439,0.9919488027867128,0.9657865951129407
2011-12-22 09:00:00,0.9912492438815544,0.9751537777189555,0.9911869002643874,0.9672507348584092
2011-12-22 10:00:00,0.9909549521839913,0.9708179716274297,0.9911869002643874,0.968508132220097
2011-12-22 11:00:00,0.9920256974855112,0.9699041404001182,0.9922613010728057,0.9698689007736752
2011-12-22 12:00:00,0.9904266037705014,0.9742399464916441,0.9916652266713221,0.9684415165148091
2011-12-22 13:00:00,0.9902339461637854,0.9725039909235624,0.9922613010728057,0.9687707522596398
2011-12-23 07:00:00,0.9896445812879401,0.9681681848320366,0.9921767552589982,0.9685150274880141
2011-12-23 08:00:00,0.99071532658946,0.9681681848320366,0.9929196402036481,0.9690953568036736
2011-12-23 09:00:00,0.9914363326096659,0.969082016059348,0.9922613010728057,0.9705227410625394
2011-12-23 10:00:00,0.9914363326096661,0.9708179716274297,0.9919425885234867,0.9708105901199707
2011-12-23 11:00:00,0.9907153265894602,0.9716400959682,0.9919060848360758,0.9693832058611047
2011-12-23 12:00:00,0.9921875118482314,0.9716400959681999,0.9916287229839109,0.9696389306327303
2011-12-23 13:00:00,0.9914363326096661,0.9653244505631483,0.9908249925984152,0.9688584913948114
2011-12-27 07:00:00,0.9907153265894602,0.9653244505631483,0.9908614962858262,0.9657778583241392
2011-12-27 08:00:00,0.9889544185117304,0.9653244505631483,0.9908614962858262,0.9640212383204425
2011-12-27 09:00:00,0.9889544185117303,0.9716400959681999,0.9904912214490666,0.9634776644913859
2011-12-27 10:00:00,0.9889544185117303,0.9775451947515577,0.9904912214490666,0.9634776644913859
2011-12-27 11:00:00,0.9889544185117304,0.982195995369622,0.9904912214490663,0.9665582975620581
2011-12-27 12:00:00,0.9913046914653053,0.9863905884096481,0.9915291185700736,0.9673387367999772
2011-12-27 13:00:00,0.9893881957874429,0.9863905884096481,0.9915291185700736,0.967338736799977
2011-12-28 07:00:00,0.9893881957874427,0.9856434200585864,0.9907948630824593,0.9690586013170711
2011-12-28 08:00:00,0.9893881957874427,0.9848212957178162,0.9899911326969635,0.9659779682463989
2011-12-28 09:00:00,0.9873743553959656,0.9856434200585864,0.989756965961452,0.9587672731724677
2011-12-28 10:00:00,0.9873743553959656,0.9856434200585863,0.9904547177616556,0.9562302139308523
2011-12-28 11:00:00,0.9867849905201204,0.9806267026777902,0.9906844140710449,0.9556866401017955
2011-12-28 12:00:00,0.9877137121933443,0.9856434200585863,0.9910245593918486,0.9556866401017957
2011-12-28 13:00:00,0.9882420606068341,0.9901770639653596,0.9912215463691496,0.9574432601054922
2011-12-29 07:00:00,0.9876734490252439,0.9901770639653596,0.9913745844702733,0.9591631246225861
2011-12-29 08:00:00,0.9871451006117541,0.9933752797181695,0.9913745844702733,0.9586773381579391
2011-12-29 09:00:00,0.9868276986489012,0.9919433584394534,0.9906611749555803,0.9583481024131084
2011-12-29 10:00:00,0.985224214704174,0.9919433584394534,0.9906239951973698,0.9596054997747964
2011-12-29 11:00:00,0.9866385766621066,0.9911212340986831,0.9906239951973698,0.959835561467818
2011-12-29 12:00:00,0.9866385766621066,0.9937718765391934,0.9905081368544566,0.9592184766655563
2011-12-29 13:00:00,0.9882420606068341,0.9937718765391934,0.9912215463691496,0.9600912862394435
2011-12-30 07:00:00,0.9877137121933443,0.9930247081881319,0.9912587261273601,0.9629161945384902
2011-12-30 08:00:00,0.9872464878220312,0.9930247081881319,0.9905081368544566,0.9629161945384902
2011-12-30 09:00:00,0.9854985345882011,0.9886381101795398,0.9904344534088352,0.9607083710417054
2011-12-30 10:00:00,0.9864662337059555,0.9912887526200501,0.9912215463691496,0.958885135332721
2011-12-30 11:00:00,0.9859137881414094,0.989856831341334,0.99125872612736,0.9594654646483802
2011-12-30 12:00:00,0.9859137881414094,0.9886381101795398,0.9910245593918486,0.9600090384774372
2011-12-30 13:00:00,0.9848592141413067,0.9861870627777916,0.9907948630824593,0.9600090384774372
2012-01-03 07:00:00,0.9866685320412829,0.9834224800033555,0.9914554351244522,0.960626123279699
2012-01-03 08:00:00,0.9859137881414094,0.9805364634128434,0.9912166202839809,0.9618024139677361
2012-01-03 09:00:00,0.9848592141413067,0.9768249438468404,0.9911070850724403,0.9618024139677361
2012-01-03 10:00:00,0.9848592141413067,0.9718082264660441,0.9911070850724406,0.9615145649103048
2012-01-03 11:00:00,0.9844439605880985,0.9731249503647246,0.9911070850724403,0.9597579449066084
2012-01-03 12:00:00,0.9844439605880982,0.9746942430565563,0.9912252165906333,0.9595022201349828
2012-01-03 13:00:00,0.9856986001493067,0.9746942430565564,0.9922746237241248,0.9595022201349828
2012-01-04 07:00:00,0.9877208732671638,0.9797109604373524,0.9918528665226032,0.9602160436676137
2012-01-04 08:00:00,0.9873443214007595,0.9776470681876105,0.9909508759462273,0.9584594236639172
2012-01-04 09:00:00,0.9864662337059555,0.9797109604373524,0.9913726331477486,0.9570320394050513
2012-01-04 10:00:00,0.9845787948939759,0.9834224800033555,0.9913726331477489,0.9562584038829728
2012-01-04 11:00:00,0.9858334344551845,0.9893852785306015,0.9922746237241248,0.9567208710383789
2012-01-04 12:00:00,0.9858334344551845,0.9861870627777916,0.9915045164705913,0.9563916352935484
2012-01-04 13:00:00,0.9842264148905355,0.9839074644905046,0.9904198866146501,0.9546717707764543
2012-01-05 07:00:00,0.982681569655314,0.9839074644905046,0.9899589805161336,0.9527218445663388
2012-01-05 08:00:00,0.9844190724972516,0.9830853401497346,0.990463539694359,0.9527218445663388
2012-01-05 09:00:00,0.9828120529326029,0.9830853401497346,0.9896188351953299,0.9527218445663388
2012-01-05 10:00:00,0.9828120529326029,0.9830853401497344,0.98940951400062,0.9516189732994298
2012-01-05 11:00:00,0.9828120529326027,0.9830853401497346,0.9903337400958754,0.9523327968320608
2012-01-05 12:00:00,0.9828120529326029,0.9830853401497346,0.9894597661309777,0.9520035610872304
2012-01-05 13:00:00,0.9830250081504837,0.9839074644905046,0.9896690873256875,0.9527771966093087
2012-01-06 07:00:00,0.9852720792053454,0.9863905884096481,0.990822361170543,0.9553142558509241
2012-01-06 08:00:00,0.9854743775406728,0.9863905884096479,0.990822361170543,0.9622371018674238
2012-01-06 09:00:00,0.9854743775406728,0.9863905884096481,0.9899589805161336,0.9622371018674238
2012-01-06 10:00:00,0.9873618163526523,0.9872127127504181,0.9905736729004615,0.9618525140796232
2012-01-06 11:00:00,0.9873618163526523,0.9863905884096479,0.9908223611705431,0.9596446905828386
2012-01-06 12:00:00,0.986946562799444,0.9863905884096479,0.990822361170543,0.9593154548380081
2012-01-06 13:00:00,0.986946562799444,0.9848212957178161,0.9909880356187384,0.9611386905469924
2012-01-09 07:00:00,0.986946562799444,0.9855684640688778,0.9912832672690592,0.9626261496017018
2012-01-09 08:00:00,0.9889688359173012,0.9863905884096479,0.9923088417800808,0.9622969138568713
2012-01-09 09:00:00,0.9889688359173013,0.9848212957178162,0.9918342471058593,0.963724298115737
2012-01-09 10:00:00,0.9886945160332742,0.9885328152838192,0.9917547255096327,0.9654809181194336
2012-01-09 11:00:00,0.9886945160332742,0.9860496913646759,0.9920202735849413,0.9640535338605678
2012-01-09 12:00:00,0.9889688359173012,0.9823381717986728,0.9920202735849413,0.9649005888037744
2012-01-09 13:00:00,0.9889688359173012,0.979170294951875,0.9920202735849413,0.9637242981157372
2012-01-10 07:00:00,0.9886945160332742,0.9806022162305911,0.9920202735849413,0.9660244919484904
2012-01-10 08:00:00,0.9898827464247931,0.9806022162305911,0.9920596406603129,0.9666415767507521
2012-01-10 09:00:00,0.9898827464247931,0.9806022162305911,0.9910692888717417,0.9657945218075455
2012-01-10 10:00:00,0.9882792624800657,0.9771547915416269,0.9906857160972795,0.961767830996177
2012-01-10 11:00:00,0.9882792624800657,0.9788907471097087,0.9912832672690592,0.9620970667410077
2012-01-10 12:00:00,0.987729990029647,0.9796379154607702,0.9910782257454923,0.9611143450657857
2012-01-10 13:00:00,0.9881452435828553,0.9855684640688778,0.9910782257454923,0.9608264960083545
2012-01-11 07:00:00,0.9869570131913363,0.9813738710288518,0.9901854429233916,0.9604972602635239
2012-01-11 08:00:00,0.9869570131913363,0.982195995369622,0.990822361170543,0.9626562726267831
2012-01-11 09:00:00,0.9886945160332742,0.981373871028852,0.990822361170543,0.9643761371438773
2012-01-11 10:00:00,0.9903015355979231,0.9804600398015404,0.9912832672690595,0.966420606205005
2012-01-11 11:00:00,0.9919760191920216,0.9863905884096481,0.9918825510549818,0.9681772262087015
2012-01-11 12:00:00,0.9919760191920216,0.9863905884096481,0.991547164883806,0.9671755536186392
2012-01-11 13:00:00,0.9919760191920216,0.9855684640688779,0.9923871102332068,0.9671755536186392
2012-01-12 07:00:00,0.9917833615853056,0.9855684640688779,0.9918825510549817,0.9675601414064398
2012-01-12 08:00:00,0.9905038339332504,0.981373871028852,0.990822361170543,0.9658035214027431
2012-01-12 09:00:00,0.9903015355979231,0.9813738710288518,0.9911577536749131,0.9643761371438772
2012-01-12 10:00:00,0.9896936244379986,0.9788907471097085,0.9911577536749131,0.9635290822006706
2012-01-12 11:00:00,0.9876713513201414,0.9725039909235623,0.9905745553821984,0.9639915493560767
2012-01-12 12:00:00,0.9892748352648688,0.9734178221508739,0.9908284934090952,0.9636623136112463
2012-01-12 13:00:00,0.989936691381523,0.9734178221508739,0.9900044798300575,0.9632777258234457
2012-01-13 07:00:00,0.9890820089225112,0.9734178221508739,0.9890970444462222,0.9618135860779772
2012-01-13 08:00:00,0.9900053132780444,0.9788907471097085,0.989306365640932,0.9611965012757155
2012-01-13 09:00:00,0.9896608591242431,0.9788907471097085,0.9896690873256874,0.962660641021184
2012-01-13 10:00:00,0.9910218100997763,0.9788907471097085,0.9894597661309775,0.9626606410211838
2012-01-13 11:00:00,0.9910218100997763,0.9797128714504786,0.9896690873256875,0.965190896546959
2012-01-13 12:00:00,0.9910218100997763,0.9804600398015404,0.9896690873256874,0.9647284293915526
2012-01-13 13:00:00,0.9894989382266375,0.9839074644905046,0.9899589805161336,0.9641481000758934
2012-01-17 07:00:00,0.9884605302435787,0.9861870627777916,0.9901762351691161,0.9641481000758934
2012-01-17 08:00:00,0.9901389897168502,0.9871008940051031,0.9912608650250577,0.9656122398213618
2012-01-17 09:00:00,0.9894989382266375,0.9871008940051031,0.9908289883014733,0.9670763795668303
2012-01-17 10:00:00,0.9905535122267402,0.9902991097579129,0.9908289883014733,0.9663625560341993
2012-01-17 11:00:00,0.9901585562846966,0.9922025838473617,0.990828988301473,0.9680824205512931
2012-01-17 12:00:00,0.9916814281578354,0.9912887526200501,0.9916719235329293,0.9691252170223589
2012-01-17 13:00:00,0.9920258823116369,0.989856831341334,0.9910299217963698,0.9697055463380182
2012-01-18 07:00:00,0.9906648248012183,0.989856831341334,0.9911773383534851,0.9692430791826118
2012-01-18 08:00:00,0.9903203706474168,0.9912887526200501,0.9910543818559269,0.9680667884945746
2012-01-18 09:00:00,0.9894343571029738,0.987092248566898,0.9909069652988116,0.9666026487491063
2012-01-18 10:00:00,0.9901891010028475,0.9919207235910761,0.9915045164705913,0.9673164722817371
2012-01-18 11:00:00,0.9915501585132662,0.991920723591076,0.9924948682591626,0.9703414905030433
2012-01-18 12:00:00,0.9909713083115345,0.991920723591076,0.9924948682591626,0.9677789394371433
2012-01-18 13:00:00,0.9896102508011154,0.991920723591076,0.9925342353345342,0.9674910903797124
2012-01-19 07:00:00,0.9914195687010918,0.991920723591076,0.9930789490336139,0.9674910903797121
2012-01-19 08:00:00,0.9918573218559771,0.993352644869792,0.9937865396845071,0.9709006963888188
2012-01-19 09:00:00,0.9920258823116369,0.9912887526200501,0.9940990379706001,0.9704382292334126
2012-01-19 10:00:00,0.9939133211236166,0.9927206738987662,0.9949038930992957,0.9719023689788809
2012-01-19 11:00:00,0.9945250147840324,0.9908171998093175,0.9949038930992957,0.9719023689788812
2012-01-19 12:00:00,0.9933887552106181,0.990070031458256,0.9948637385784408,0.9706449716171933
2012-01-19 13:00:00,0.9945250147840324,0.9900700314582558,0.9947051528851871,0.9692175873583275
2012-01-20 07:00:00,0.9959155435108787,0.9900700314582558,0.9952340134152005,0.972042495657374
2012-01-20 08:00:00,0.9959155435108787,0.9868718157054461,0.9947051528851871,0.9714621663417148
2012-01-20 09:00:00,0.9959155435108787,0.9876189840565076,0.9946223509084836,0.9714621663417148
2012-01-20 10:00:00,0.9959155435108787,0.9860496913646759,0.9946223509084836,0.9714621663417146
2012-01-20 11:00:00,0.9949922391553453,0.9878159858387695,0.9946223509084836,0.9711329305968841
2012-01-20 12:00:00,0.9949922391553453,0.9886381101795398,0.9946223509084836,0.9694130660797899
2012-01-20 13:00:00,0.9949922391553453,0.9886381101795397,0.9946223509084835,0.9660034600706834
2012-01-23 07:00:00,0.995160799611005,0.9886381101795397,0.9946223509084835,0.9651306504967961
2012-01-23 08:00:00,0.9949478443931241,0.9886381101795397,0.9953900262789686,0.9674308443295494
2012-01-23 09:00:00,0.9943120595661513,0.9912887526200501,0.9953900262789686,0.96776008007438
2012-01-23 10:00:00,0.9939816847477716,0.9900700314582558,0.9953900262789686,0.9667584074843177
2012-01-23 11:00:00,0.9927891876930126,0.9912887526200501,0.9953900262789686,0.9673754922865794
2012-01-23 12:00:00,0.9927891876930124,0.9912887526200501,0.9947382092513968,0.965618872282883
2012-01-23 13:00:00,0.9912541896770634,0.9897194599282182,0.9947382092513968,0.9661992015985422
2012-01-24 07:00:00,0.9906648248012181,0.9903514308992443,0.9941291195741655,0.9641547325374145
2012-01-24 08:00:00,0.9916814281578354,0.9928345548183876,0.9939147602575905,0.9641547325374145
2012-01-24 09:00:00,0.9905451685844211,0.9928345548183876,0.9937097187340234,0.9675643385465211
2012-01-24 10:00:00,0.9911345334602664,0.9922025838473617,0.9939147602575906,0.9665215420754555
2012-01-24 11:00:00,0.9909097355232618,0.9950886004378738,0.9941291195741655,0.9672353656080867
2012-01-24 12:00:00,0.9900639851469194,0.9930247081881319,0.9935444854208307,0.9669061298632561
2012-01-24 13:00:00,0.9894560739869951,0.994456629466848,0.9933821618479005,0.9686627498669527
2012-01-25 07:00:00,0.9909097355232621,0.9952037978179096,0.9940897524987938,0.9709629436997059
2012-01-25 08:00:00,0.9922707930336807,0.9960259221586797,0.9940897524987938,0.9752453592827
2012-01-25 09:00:00,0.9928824866940966,0.9937718765391934,0.9940897524987938,0.9780702675817465
2012-01-25 10:00:00,0.9928824866940966,0.9911212340986831,0.9943285673392652,0.9780702675817465
2012-01-25 11:00:00,0.9928824866940966,0.9911212340986831,0.9941276338443686,0.9783995033265771
2012-01-25 12:00:00,0.9938057910496298,0.9902991097579128,0.9948574278692788,0.9798636430720454
2012-01-25 13:00:00,0.9939556134580902,0.9853649384370214,0.9949402298459824,0.9798636430720457
2012-01-26 07:00:00,0.9946174695747443,0.9860496913646759,0.9947392963510856,0.9813277828175141
2012-01-26 08:00:00,0.9951699151392905,0.988500738766424,0.9947392963510856,0.9817123706053145
2012-01-26 09:00:00,0.9951699151392907,0.9860496913646757,0.9947392963510856,0.9821748377607207
2012-01-26 10:00:00,0.9946174695747442,0.982881814517878,0.9945423093737846,0.9821748377607209
2012-01-26 11:00:00,0.9956558775578028,0.9793700633923802,0.9945951468464846,0.9827919225629824
2012-01-26 12:00:00,0.9955002899576703,0.9764057121774389,0.9948339616869563,0.9831765103507829
2012-01-26 13:00:00,0.995817691920523,0.9715772371532608,0.9941205521722634,0.9831765103507829
2012-01-27 07:00:00,0.995817691920523,0.9668889636953321,0.9942796578039894,0.9820002196627455
2012-01-27 08:00:00,0.9942948200473842,0.9704007148208299,0.9940787243090926,0.9828472746059526
2012-01-27 09:00:00,0.9956558775578028,0.9715772371532608,0.9939716209806007,0.9842746588648184
2012-01-27 10:00:00,0.9951034319932567,0.9745415883682023,0.9934670618023755,0.9860312788685149
2012-01-27 11:00:00,0.9964015059293911,0.9780533394937001,0.9939716209806007,0.9872075695565522
2012-01-27 12:00:00,0.9962329454737315,0.9733650660357712,0.9934670618023755,0.9879213930891831
2012-01-27 13:00:00,0.9959155435108787,0.980504386895448,0.9933110489386077,0.9879213930891831
2012-01-30 07:00:00,0.9959155435108787,0.9853328619196262,0.9933110489386077,0.9879213930891831
2012-01-30 08:00:00,0.9971562498292648,0.9878159858387696,0.9936900881894922,0.986919720499121
2012-01-30 09:00:00,0.9973248102849245,0.988402736029538,0.9934559214539808,0.986919720499121
2012-01-30 10:00:00,0.9978772558494708,0.9890347070005638,0.9935630247824729,0.9860726655559143
2012-01-30 11:00:00,0.9978772558494708,0.9912887526200501,0.9942607765826763,0.9868531047938331
2012-01-30 12:00:00,0.9978772558494706,0.9912887526200501,0.9942607765826763,0.9886097247975297
2012-01-30 13:00:00,0.9980390702121908,0.990070031458256,0.9945423093737846,0.9889389605423604
2012-01-31 07:00:00,0.9980390702121908,0.9919735055477044,0.9942235968244657,0.9892268095997915
2012-01-31 08:00:00,0.9976441142701473,0.9912887526200501,0.9946981914986872,0.9888422218119909
2012-01-31 09:00:00,0.9971378457536259,0.9912887526200501,0.9943191522478028,0.9888422218119909
2012-01-31 10:00:00,0.996807470935246,0.9912887526200501,0.9939639360110728,0.9888422218119909
2012-01-31 11:00:00,0.996807470935246,0.9926054765187305,0.9939639360110728,0.9888422218119909
2012-01-31 12:00:00,0.996807470935246,0.9940373977974465,0.9946981914986872,0.9888422218119909
2012-01-31 13:00:00,0.9968074709352459,0.993352644869792,0.9950772307495717,0.9898850182830563
2012-02-01 07:00:00,0.9972024268772894,0.9898408937442944,0.9956484390812282,0.990927814754122
2012-02-01 08:00:00,0.9968258750108848,0.9898408937442944,0.9956047923347137,0.9903474854384627
2012-02-01 09:00:00,0.9966235766755575,0.9940373977974467,0.99536114088918,0.9907320732262631
2012-02-01 10:00:00,0.9964679890754249,0.9940373977974467,0.9956484390812282,0.9911166610140637
2012-02-01 11:00:00,0.9964679890754249,0.9933526448697922,0.9959323492208364,0.9915012488018642
2012-02-01 12:00:00,0.9964679890754247,0.9912887526200502,0.9962947085166698,0.990787425269233
2012-02-01 13:00:00,0.9962920953772831,0.9912887526200502,0.9965284236223202,0.9899403703260262
2012-02-02 07:00:00,0.9962920953772831,0.9933526448697922,0.9970108269980519,0.9904028374814327
2012-02-02 08:00:00,0.9962920953772831,0.993352644869792,0.9964147525965682,0.990787425269233
2012-02-02 09:00:00,0.9962920953772831,0.993352644869792,0.9964147525965682,0.9899403703260262
2012-02-02 10:00:00,0.9951038649857642,0.991920723591076,0.9964147525965682,0.9890933153828197
2012-02-02 11:00:00,0.9940187462675107,0.989856831341334,0.9959712727811368,0.9873366953791233
2012-02-02 12:00:00,0.9932269408478981,0.9912887526200501,0.9962252108080334,0.9867196105768613
2012-02-02 13:00:00,0.9914789876140678,0.9912887526200502,0.9958976539219109,0.9860057870442304
2012-02-03 07:00:00,0.9914789876140678,0.9912887526200502,0.9954183223405604,0.9839613179831026
2012-02-03 08:00:00,0.9918093624324477,0.9926054765187305,0.9956321058466024,0.9830885084092154
2012-02-03 09:00:00,0.9927770615502023,0.9950886004378737,0.9951275466683774,0.9820457119381497
2012-02-03 10:00:00,0.9908896227382226,0.9912887526200501,0.9954758967203893,0.9820457119381497
2012-02-03 11:00:00,0.9918093624324477,0.9890347070005638,0.9954758967203893,0.9820457119381497
2012-02-03 12:00:00,0.9908896227382226,0.9878159858387695,0.9955168708339225,0.9805815721926813
2012-02-03 13:00:00,0.9895285652278037,0.988500738766424,0.9951286408568524,0.9801191050372751
2012-02-06 07:00:00,0.9906648248012183,0.988500738766424,0.9953583371662417,0.9797345172494745
2012-02-06 08:00:00,0.9894343571029738,0.988500738766424,0.9951891704923866,0.9797345172494745
2012-02-06 09:00:00,0.9903203706474168,0.9885007387664241,0.9949594741829972,0.9784771198877867
2012-02-06 10:00:00,0.9903203706474168,0.988500738766424,0.9950876667433193,0.9777034843657084
2012-02-06 11:00:00,0.9919948542415153,0.988500738766424,0.9945169783501353,0.9777034843657084
2012-02-06 12:00:00,0.993355911751934,0.986558280332758,0.9947257590773471,0.9782838136813676
2012-02-06 13:00:00,0.9928275633384441,0.9843042347132717,0.9944602110020387,0.9797479534268361
2012-02-07 07:00:00,0.99396760541235,0.9836194817856174,0.9951286408568524,0.9806207630007235
2012-02-07 08:00:00,0.9951038649857642,0.9870922485668979,0.9959157338171666,0.982570689210839
2012-02-07 09:00:00,0.9951038649857642,0.9877770014945523,0.9959157338171666,0.9830331563662454
2012-02-07 10:00:00,0.9935688669698152,0.9877770014945523,0.9958747597036337,0.9827039206214148
2012-02-07 11:00:00,0.9945250147840324,0.9877770014945523,0.996228670964197,0.982991769678846
2012-02-07 12:00:00,0.9952797586839057,0.9919735055477046,0.9964628376997081,0.9852919635115993
2012-02-07 13:00:00,0.996203063039439,0.9919735055477044,0.9967982302040782,0.98562119925643
2012-02-08 07:00:00,0.9954483191395654,0.9912887526200501,0.9965640634685667,0.9837979635474455
2012-02-08 08:00:00,0.994480620021811,0.9919207235910761,0.9967873684213152,0.9832176342317863
2012-02-08 09:00:00,0.9946935752396919,0.9950886004378737,0.9967873684213152,0.9836801013871924
2012-02-08 10:00:00,0.9954483191395657,0.9965205217165898,0.9967873684213154,0.9842604307028517
2012-02-08 11:00:00,0.995279758683906,0.9972052746442442,0.9966504281657184,0.9837979635474455
2012-02-08 12:00:00,0.9948645051306976,0.9972052746442442,0.996977985051841,0.9846450184906523
2012-02-08 13:00:00,0.9939816847477716,0.99652052171659,0.9970625308656487,0.9846450184906523
2012-02-09 07:00:00,0.9935318054500757,0.99652052171659,0.996977985051841,0.9846450184906523
2012-02-09 08:00:00,0.9943120595661513,0.9957733533655283,0.9968310151678297,0.9846450184906521
2012-02-09 09:00:00,0.9948645051306976,0.9950886004378737,0.9974772846032716,0.9836022220195867
2012-02-09 10:00:00,0.9933416332575588,0.9937718765391934,0.99775881739438,0.9832176342317863
2012-02-09 11:00:00,0.9939816847477716,0.9937718765391934,0.9980024688399136,0.9827551670763801
2012-02-09 12:00:00,0.995279758683906,0.9958357687889353,0.9981647924128437,0.9849629905731649
2012-02-09 13:00:00,0.995279758683906,0.9958357687889353,0.9978996595969246,0.9855433198888242
2012-02-10 07:00:00,0.995279758683906,0.9965205217165898,0.9978586854833916,0.9849629905731647
2012-02-10 08:00:00,0.9962030630394392,0.9965205217165898,0.9981360473355563,0.985425457728571
2012-02-10 09:00:00,0.9952797586839057,0.9965205217165898,0.9981787652861933,0.9864682541996365
2012-02-10 10:00:00,0.9952797586839057,0.9972052746442445,0.997907656002334,0.9850041144541682
2012-02-10 11:00:00,0.9954483191395654,0.9972052746442445,0.9981787652861934,0.9840024418641057
2012-02-10 12:00:00,0.9937003659057355,0.9957733533655283,0.9983017217837516,0.9825383021186372
2012-02-10 13:00:00,0.994480620021811,0.99734264605736,0.9983017217837516,0.9825383021186375
2012-02-13 07:00:00,0.994480620021811,0.99734264605736,0.9983017217837516,0.9845827711797651
2012-02-13 08:00:00,0.9943120595661513,0.99734264605736,0.9986078287132036,0.9848706202371963
2012-02-13 09:00:00,0.9943120595661513,0.9952787538076182,0.9985232828993962,0.9848706202371963
2012-02-13 10:00:00,0.9943120595661513,0.9952787538076182,0.9986488028267366,0.984290290921537
2012-02-13 11:00:00,0.9946886114325559,0.99734264605736,0.9986488028267366,0.9824670552125526
2012-02-13 12:00:00,0.994160263019066,0.9950886004378737,0.9986906306899073,0.9824670552125528
2012-02-13 13:00:00,0.9952965225924802,0.9958357687889353,0.9983845237604552,0.982851643000353
2012-02-14 07:00:00,0.9966870513193266,0.99652052171659,0.9983033951260676,0.9823891758449468
2012-02-14 08:00:00,0.9962198269480136,0.993352644869792,0.9982615672628969,0.9835654665329842
2012-02-14 09:00:00,0.9972153997328164,0.99652052171659,0.9979904579790373,0.9835654665329842
2012-02-14 10:00:00,0.9972153997328166,0.9957733533655282,0.9983845237604552,0.9850296062784527
2012-02-14 11:00:00,0.9972153997328164,0.9944566294668479,0.99798164198095,0.9850296062784527
2012-02-14 12:00:00,0.9966870513193266,0.9928873367750162,0.9982049469336984,0.9847417572210215
2012-02-14 13:00:00,0.9970468392771568,0.9944566294668479,0.9984823087858631,0.984357169433221
2012-02-15 07:00:00,0.9962920953772831,0.9944566294668479,0.9982171759699442,0.9837768401175617
2012-02-15 08:00:00,0.9966870513193267,0.9957733533655283,0.9981770214490895,0.9827340436464963
2012-02-15 09:00:00,0.9972153997328166,0.99652052171659,0.9983617660357975,0.9847785127076238
2012-02-15 10:00:00,0.997532801695669,0.9972052746442445,0.9984540894592075,0.9847785127076238
2012-02-15 11:00:00,0.9970468392771566,0.99652052171659,0.9984131153456745,0.9837768401175617
2012-02-15 12:00:00,0.9966870513193267,0.9950886004378737,0.9981001781986444,0.9837768401175617
2012-02-15 13:00:00,0.9962198269480135,0.9912887526200501,0.9977539167483377,0.984064689174993
2012-02-16 07:00:00,0.9972153997328164,0.9930247081881319,0.9980078547752342,0.984064689174993
2012-02-16 08:00:00,0.9973912934309581,0.995910724778644,0.9977741396695842,0.9866017484166083
2012-02-16 09:00:00,0.9978772558494706,0.995910724778644,0.9978586854833916,0.9866017484166083
2012-02-16 10:00:00,0.9978772558494706,0.99734264605736,0.9981647924128437,0.9861392812612021
2012-02-16 11:00:00,0.996838847866412,0.99734264605736,0.9980442967030843,0.9839314577644173
2012-02-16 12:00:00,0.996838847866412,0.9957733533655283,0.9978506344194688,0.9833143729621555
2012-02-16 13:00:00,0.9978772558494706,0.9950886004378737,0.9978088065562983,0.984357169433221
2012-02-17 07:00:00,0.9984297014140168,0.9965205217165898,0.9982209092562286,0.9833143729621555
2012-02-17 08:00:00,0.9980852472602153,0.9965205217165898,0.9985142143584971,0.9855221964589401
2012-02-17 09:00:00,0.9974233911435613,0.99652052171659,0.9983091728349299,0.9846751415157337
2012-02-17 10:00:00,0.9970468392771566,0.9987745673360762,0.9983091728349299,0.9846751415157337
2012-02-17 11:00:00,0.9964943937126105,0.9987745673360762,0.9982209092562285,0.9852554708313931
2012-02-17 12:00:00,0.9966702874107523,0.999521735687138,0.9982209092562286,0.9852554708313931
2012-02-17 13:00:00,0.9973912934309581,0.999521735687138,0.9978506344194688,0.9838280865725271
2012-02-21 07:00:00,0.9973912934309581,0.9980898144084217,0.9978088065562983,0.9829810316293203
2012-02-21 08:00:00,0.9984297014140168,0.99734264605736,0.9978088065562983,0.9839827042193824
2012-02-21 09:00:00,0.9980852472602153,0.99734264605736,0.9978970701349996,0.9854100884782484
2012-02-21 10:00:00,0.9974233911435613,0.9973426460573602,0.997653418689466,0.9850808527334177
2012-02-21 11:00:00,0.9965405707606353,0.994456629466848,0.9973180261850959,0.9842080431595306
2012-02-21 12:00:00,0.9965405707606352,0.9950886004378738,0.9971488595112409,0.985250839630596
2012-02-21 13:00:00,0.9965405707606353,0.9950886004378738,0.997484252015611,0.9859646631632272
2012-02-22 07:00:00,0.9965405707606352,0.9950886004378737,0.9977279034611446,0.9866784866958582
2012-02-22 08:00:00,0.9965405707606352,0.9950886004378737,0.9973959884369095,0.987222060524915
2012-02-22 09:00:00,0.9965405707606352,0.9950886004378737,0.9973959884369095,0.9863492509510275
2012-02-22 10:00:00,0.9973863211369779,0.9957733533655283,0.9978490652503729,0.9856354274183966
2012-02-22 11:00:00,0.9973863211369779,0.99734264605736,0.9976097719429515,0.9860978945738027
2012-02-22 12:00:00,0.9973863211369779,0.994456629466848,0.9975651551107645,0.9864271303186334
2012-02-22 13:00:00,0.9965405707606352,0.9950886004378738,0.9972399755731416,0.9858100455163716
2012-02-23 07:00:00,0.9956948203842925,0.9937718765391936,0.9975651551107647,0.9850364099942931
2012-02-23 08:00:00,0.9965405707606353,0.9937718765391936,0.9978927119968874,0.9850364099942931
2012-02-23 09:00:00,0.9965405707606352,0.9937718765391936,0.9979772578106949,0.9841893550510864
2012-02-23 10:00:00,0.9975789787436938,0.9930247081881319,0.9981363634424211,0.9838047672632861
2012-02-23 11:00:00,0.9982691415199039,0.9907706625686457,0.9978769489125731,0.9829577123200794
2012-02-23 12:00:00,0.9978925896534995,0.9922025838473617,0.9981543107647377,0.98237738300442
2012-02-23 13:00:00,0.9987754100364254,0.9950886004378737,0.9984137252945857,0.9833790555944822
2012-02-24 07:00:00,0.9993037584499153,0.9950886004378737,0.9987070303968542,0.982798726278823
2012-02-24 08:00:00,0.9986135956737053,0.9912887526200501,0.9986633836503396,0.984226110537689
2012-02-24 09:00:00,0.9987754100364254,0.9912887526200501,0.9986633836503396,0.98493993407032
2012-02-24 10:00:00,0.9991198641902268,0.9937718765391934,0.9987070303968542,0.986367318329186
2012-02-24 11:00:00,0.9987433123238223,0.9937718765391934,0.9987070303968542,0.9856534947965548
2012-02-24 12:00:00,0.9985674186256805,0.9937718765391934,0.9987070303968543,0.9856534947965548
2012-02-24 13:00:00,0.9985674186256805,0.9937718765391934,0.9991010961782721,0.9848064398533483
2012-02-27 07:00:00,0.9982370438073008,0.9893852785306013,0.9990574494317577,0.9852689070087545
2012-02-27 08:00:00,0.9978772558494706,0.9908171998093175,0.9990574494317574,0.9832244379476267
2012-02-27 09:00:00,0.9982370438073008,0.9952037978179096,0.9990128325995706,0.9832244379476267
2012-02-27 10:00:00,0.9978772558494708,0.9952037978179097,0.99888731267223,0.9832244379476267
2012-02-27 11:00:00,0.9978772558494708,0.9937718765391936,0.9988471581513754,0.9832244379476267
2012-02-27 12:00:00,0.9977086953938109,0.9922025838473617,0.9985877436215272,0.9840714928908333
2012-02-27 13:00:00,0.9978925896534995,0.9950886004378738,0.9985877436215272,0.9845339600462395
2012-02-28 07:00:00,0.9973137394517676,0.9950886004378738,0.9989340050718342,0.985576756517305
2012-02-28 08:00:00,0.9978200079682891,0.9950886004378738,0.9990595249991746,0.9865784291073674
2012-02-28 09:00:00,0.9973137394517676,0.9950886004378737,0.9990595249991748,0.9858646055747363
2012-02-28 10:00:00,0.9973137394517676,0.9950886004378737,0.9990595249991748,0.9865784291073674
2012-02-28 11:00:00,0.9976441142701473,0.9950886004378737,0.9987534180697227,0.9870408962627736
2012-02-28 12:00:00,0.9968523088505344,0.9957733533655283,0.9989340050718342,0.9856135120039076
2012-02-28 13:00:00,0.9979885684239488,0.99734264605736,0.9991934196016821,0.9859980997917082
2012-02-29 07:00:00,0.998911872779482,0.99734264605736,0.999366228994191,0.9841748640827237
2012-02-29 08:00:00,0.9979885684239488,0.99734264605736,0.9991856419920796,0.984755193398383
2012-02-29 09:00:00,0.9976441142701473,0.99734264605736,0.9989763207973699,0.983327809139517
2012-02-29 10:00:00,0.9982229644718791,0.9987745673360762,0.9990626854945214,0.9846885776930951
2012-02-29 11:00:00,0.9989439704920852,0.9987745673360762,0.9990626854945214,0.9850178134379256
2012-02-29 12:00:00,0.9984156220785952,0.99652052171659,0.9987915762106617,0.9858648683811326
2012-02-29 13:00:00,0.9978872736651054,0.99652052171659,0.9987033126319602,0.986711923324339
2012-03-01 07:00:00,0.9984156220785952,0.9965205217165898,0.9989317039651828,0.985535632636302
2012-03-01 08:00:00,0.9989439704920852,0.9987745673360762,0.9989763207973696,0.9870230916910113
2012-03-01 09:00:00,0.9989439704920852,0.9987745673360762,0.9985428879405803,0.98630926815838
2012-03-01 10:00:00,0.9992884246458866,0.9987745673360762,0.9985865346870947,0.9871820777322675
2012-03-01 11:00:00,0.9991198641902268,0.9987745673360762,0.998385601192198,0.9865649929300058
2012-03-01 12:00:00,0.9987600762323967,0.9980898144084218,0.9985865346870947,0.9853075955683178
2012-03-01 13:00:00,0.9978772558494706,0.99734264605736,0.9982992364950465,0.9841313048802806
2012-03-02 07:00:00,0.9978772558494706,0.994456629466848,0.9979373288290742,0.9833576693582022
2012-03-02 08:00:00,0.9985674186256807,0.9957733533655283,0.9981710439347246,0.9811498458614175
2012-03-02 09:00:00,0.9978126747258071,0.9965205217165898,0.9982992364950465,0.9797224616025515
2012-03-02 10:00:00,0.9974822999074273,0.9972052746442442,0.9979294401252365,0.9797224616025515
2012-03-02 11:00:00,0.9985674186256807,0.9987745673360762,0.9978391922692437,0.9810832301561297
2012-03-02 12:00:00,0.9985674186256807,0.9995217356871378,0.9976586052671322,0.9785461709145141
2012-03-02 13:00:00,0.9982229644718792,0.999521735687138,0.9972966976011599,0.9780837037591081
2012-03-05 07:00:00,0.9982229644718792,0.999521735687138,0.9974772846032716,0.9770409072880427
2012-03-05 08:00:00,0.9982229644718792,0.9987745673360763,0.997114925307438,0.9795711628138175
2012-03-05 09:00:00,0.9989439704920852,0.9987745673360762,0.9972431178677601,0.9801514921294767
2012-03-05 10:00:00,0.999472318905575,0.9987745673360762,0.9970625308656487,0.9795344073272152
2012-03-05 11:00:00,0.9992884246458866,0.9987745673360762,0.9973385254643305,0.9772342134944617
2012-03-05 12:00:00,0.9992884246458864,0.9973426460573602,0.9972966976011601,0.9747039579686868
2012-03-05 13:00:00,0.9991198641902268,0.9959107247786441,0.9969264227644002,0.9741236286530275
2012-03-06 07:00:00,0.9991198641902268,0.9973426460573602,0.9971915555803192,0.9707140226439209
2012-03-06 08:00:00,0.9985674186256805,0.9973426460573602,0.9969155609816374,0.9699335834060019
2012-03-06 09:00:00,0.9985674186256807,0.9960259221586797,0.9971497277171486,0.9693532540903427
2012-03-06 10:00:00,0.9987600762323967,0.9960259221586797,0.9971497277171486,0.9719158051562428
2012-03-06 11:00:00,0.998591515776737,0.9937718765391934,0.9971497277171486,0.9706584077945549
2012-03-06 12:00:00,0.998591515776737,0.9930247081881319,0.9971915555803192,0.9695555365276459
2012-03-06 13:00:00,0.998591515776737,0.9952787538076182,0.997561830417079,0.9695555365276459
2012-03-07 07:00:00,0.9980390702121906,0.9933752797181695,0.99775881739438,0.97127540104474
2012-03-07 08:00:00,0.9978772558494706,0.9918059870263375,0.9978006452575505,0.9727628600994492
2012-03-07 09:00:00,0.9985674186256807,0.9952787538076182,0.9980343603632007,0.9724336243546189
2012-03-07 10:00:00,0.9989439704920849,0.9960259221586797,0.9978974201076036,0.9727628600994495
2012-03-07 11:00:00,0.9987600762323966,0.9967730905097416,0.9983216585552489,0.9741236286530275
2012-03-07 12:00:00,0.9991198641902267,0.9967730905097414,0.9985927678391084,0.9751664251240929
2012-03-07 13:00:00,0.9996482126037167,0.9960259221586797,0.9985927678391084,0.974452601591462
2012-03-08 07:00:00,0.9996482126037167,0.9967730905097414,0.9985927678391084,0.974452601591462
2012-03-08 08:00:00,0.9996482126037167,0.9960259221586797,0.9983643765058859,0.9734509290013996
2012-03-08 09:00:00,0.9993037584499153,0.994456629466848,0.9979401380582407,0.9711507351686464
2012-03-08 10:00:00,0.9991198641902268,0.9930247081881319,0.9978974201076036,0.9717678199709081
2012-03-08 11:00:00,0.9991198641902268,0.995910724778644,0.9981685293914633,0.9740680138036614
2012-03-08 12:00:00,0.9996482126037165,0.99734264605736,0.9981207250603522,0.9746115876327184
2012-03-08 13:00:00,0.9996482126037167,0.99734264605736,0.9978974201076038,0.9757878783207555
2012-03-09 07:00:00,0.9991198641902268,0.9973426460573602,0.9976586052671322,0.9769641690087927
2012-03-09 08:00:00,0.9987600762323966,0.9973426460573602,0.9979401380582407,0.9780069654798581
2012-03-09 09:00:00,0.9984156220785952,0.99652052171659,0.9979401380582407,0.9787207890124894
2012-03-09 10:00:00,0.9984156220785952,0.99652052171659,0.9979401380582407,0.9791053768002898
2012-03-09 11:00:00,0.9984156220785952,0.99652052171659,0.9979401380582407,0.9801481732713554
2012-03-09 12:00:00,0.9975328016956692,0.9965205217165898,0.9978555922444332,0.9808619968039862
2012-03-09 13:00:00,0.9975328016956692,0.9965205217165898,0.99775881739438,0.979685706115949
2012-03-12 07:00:00,0.9975328016956692,0.9965205217165898,0.9975782303922686,0.9799735551733803
2012-03-12 08:00:00,0.9982538077158751,0.9965205217165898,0.9978555922444332,0.9809752277634424
2012-03-12 09:00:00,0.9984156220785952,0.993352644869792,0.9972966976011599,0.9809752277634426
2012-03-12 10:00:00,0.9984156220785952,0.9927206738987662,0.9975355124416315,0.9809752277634426
2012-03-12 11:00:00,0.9989439704920852,0.9927206738987662,0.9975355124416315,0.9842859225271362
2012-03-12 12:00:00,0.9993037584499154,0.9944566294668479,0.9975355124416315,0.9834388675839296
2012-03-12 13:00:00,0.9996482126037165,0.9960259221586797,0.9980565257393298,0.98382345537173
2012-03-13 07:00:00,0.9998241063018583,0.9967730905097414,0.9982798306920783,0.9834942196268995
2012-03-13 08:00:00,0.9998241063018583,0.9967730905097414,0.9982798306920783,0.9821334510733213
2012-03-13 09:00:00,0.9996482126037165,0.9967730905097416,0.9987132635488678,0.9821334510733213
2012-03-13 10:00:00,0.9991198641902267,0.9967730905097416,0.9988938505509792,0.9807060668144555
2012-03-13 11:00:00,0.9991198641902267,0.9980898144084217,0.9989840984069723,0.9807060668144555
2012-03-13 12:00:00,0.9992884246458864,0.9987745673360762,0.9986907933047039,0.9807060668144555
2012-03-13 13:00:00,0.9992884246458864,0.99734264605736,0.9988636026972129,0.9807060668144555
2012-03-14 07:00:00,0.9996482126037167,0.99734264605736,0.9990686442207798,0.9817488632855209
2012-03-14 08:00:00,0.999479652148057,0.99734264605736,0.9991569077994812,0.9817488632855209
2012-03-14 09:00:00,0.999479652148057,0.99734264605736,0.9991569077994812,0.982462686818152
2012-03-14 10:00:00,0.9993037584499153,0.9957733533655282,0.9992432724966328,0.9831765103507829
2012-03-14 11:00:00,0.9991198641902267,0.9980273989850145,0.999366228994191,0.9831765103507829
2012-03-14 12:00:00,0.9987600762323966,0.9957733533655283,0.9991569077994812,0.9849331303544796
2012-03-14 13:00:00,0.9987600762323966,0.9950886004378738,0.9991569077994812,0.9843528010388202
2012-03-15 07:00:00,0.9985674186256805,0.9957733533655283,0.9991122909672943,0.9848152681942265
2012-03-15 08:00:00,0.9982229644718792,0.9950886004378738,0.9987266624416159,0.9827707991330986
2012-03-15 09:00:00,0.9980611501091591,0.994456629466848,0.9987693803922527,0.9823862113452984
2012-03-15 10:00:00,0.9972153997328164,0.9909838626855674,0.9989317039651828,0.981900424880651
2012-03-15 11:00:00,0.9973912934309582,0.9925531553773993,0.9988453392680315,0.9814379577252448
2012-03-15 12:00:00,0.9978772558494706,0.9909838626855674,0.998411906411242,0.9839682132510198
2012-03-15 13:00:00,0.9985674186256807,0.9885007387664241,0.9984982711083933,0.9852256106127075
2012-03-16 07:00:00,0.9985674186256807,0.9878159858387696,0.9987915762106617,0.9852256106127075
2012-03-16 08:00:00,0.9989439704920852,0.9902991097579129,0.9990199675438841,0.9842239380226454
2012-03-16 09:00:00,0.9991198641902267,0.9922025838473617,0.9991856419920794,0.9838947022778148
2012-03-16 10:00:00,0.9984297014140168,0.9922025838473617,0.9992292887385941,0.9831808787451836
2012-03-16 11:00:00,0.9991198641902268,0.9912887526200501,0.9992292887385941,0.9852253478063115
2012-03-16 12:00:00,0.9987600762323967,0.9919207235910761,0.9991856419920794,0.9852253478063115
2012-03-16 13:00:00,0.9978772558494705,0.989856831341334,0.9993111619194199,0.9847628806509051
2012-03-19 07:00:00,0.9980611501091591,0.9912887526200501,0.9995344668721685,0.9841457958486435
2012-03-19 08:00:00,0.9978925896534994,0.9899720287213698,0.9994917489215315,0.9851474684387059
2012-03-19 09:00:00,0.9978925896534995,0.9899720287213698,0.999408946944828,0.9836833286932373
2012-03-19 10:00:00,0.9978925896534995,0.9864992619400892,0.999366228994191,0.9840125644380678
2012-03-19 11:00:00,0.9978925896534995,0.9810840367251428,0.9991856419920796,0.9836833286932373
2012-03-19 12:00:00,0.9978925896534994,0.9810840367251428,0.9990992772949281,0.9843004134954991
2012-03-19 13:00:00,0.9970468392771568,0.977885820972333,0.9989264679024191,0.9825437934918025
2012-03-20 07:00:00,0.9956563105503106,0.9724383458382482,0.9989264679024191,0.9804993244306748
2012-03-20 08:00:00,0.9958402048099989,0.974341819927697,0.9992325748318712,0.9794976518406125
2012-03-20 09:00:00,0.9945421308738646,0.9708690531464162,0.9990597654393623,0.9786505968974057
2012-03-20 10:00:00,0.9953538093989789,0.9677500723803196,0.9990187913258293,0.97839487212578
2012-03-20 11:00:00,0.9951699151392905,0.9702331962994629,0.999191600718338,0.9792419270689868
2012-03-20 12:00:00,0.9964679890754247,0.9724383458382484,0.9993225822476764,0.9809617915860808
2012-03-20 13:00:00,0.9956563105503103,0.9643026476913552,0.9990992772949281,0.980961791586081
2012-03-21 07:00:00,0.9939083573164802,0.9596518470732907,0.9990574494317577,0.9800889820121935
2012-03-21 08:00:00,0.992436172057709,0.9572195150712135,0.9990574494317577,0.9775587264864186
2012-03-21 09:00:00,0.9928127239241135,0.962302489513801,0.9991497728551676,0.9760945867409503
2012-03-21 10:00:00,0.9917961205674963,0.9640384450818827,0.9992779654154897,0.9753141475030314
2012-03-21 11:00:00,0.992628829664425,0.9700434424384918,0.9993225822476764,0.974733818187372
2012-03-21 12:00:00,0.9917961205674962,0.9692213180977217,0.9991497728551676,0.9765570538963565
2012-03-21 13:00:00,0.992436172057709,0.9734178221508739,0.9990574494317577,0.9775998503674219
2012-03-22 07:00:00,0.9915501585132662,0.9683348477082864,0.9988917749835622,0.9783136739000531
2012-03-22 08:00:00,0.9927806262115104,0.9690820160593479,0.9988917749835622,0.9794165451669619
2012-03-22 09:00:00,0.9937003659057353,0.9749871148427056,0.9988917749835622,0.9783737486958964
2012-03-22 10:00:00,0.9927770615502023,0.973251159274624,0.9988471581513753,0.9763292796347687
2012-03-22 11:00:00,0.9939133211236164,0.973251159274624,0.9990199675438841,0.977330952224831
2012-03-22 12:00:00,0.9929935814293915,0.9681681848320364,0.9987712792738027,0.9769463644370304
2012-03-22 13:00:00,0.9927806262115104,0.9699041404001182,0.9988636026972129,0.9769463644370304
2012-03-23 07:00:00,0.9924361720577092,0.9663923892746205,0.9989063206478497,0.9773309522248308
2012-03-23 08:00:00,0.9927806262115106,0.9714753637172078,0.9987753391185114,0.9764581426509437
2012-03-23 09:00:00,0.9937003659057355,0.9697394081491262,0.9987297080947054,0.977330952224831
2012-03-23 10:00:00,0.9954483191395657,0.9697394081491263,0.9989063206478499,0.9779480370270928
2012-03-23 11:00:00,0.9939133211236166,0.9618918509321026,0.9985744056236148,0.9754109777854774
2012-03-23 12:00:00,0.9937003659057355,0.9654036020576005,0.9987083002261222,0.9754109777854774
2012-03-23 13:00:00,0.9927770615502023,0.9697394081491263,0.9989519516716558,0.974409305195415
2012-03-26 07:00:00,0.9937003659057355,0.971475363717208,0.9989519516716558,0.9762325409043995
2012-03-26 08:00:00,0.9943120595661513,0.9700434424384918,0.9989519516716558,0.9772342134944616
2012-03-26 09:00:00,0.9943120595661513,0.9663923892746202,0.9985744056236148,0.9772342134944616
2012-03-26 10:00:00,0.993355911751934,0.9663923892746202,0.9982928728325063,0.9762325409043995
2012-03-26 11:00:00,0.9940769177721399,0.9722974880579782,0.9987083002261222,0.974409305195415
2012-03-26 12:00:00,0.993355911751934,0.971475363717208,0.9990402152503571,0.9764537742565426
2012-03-26 13:00:00,0.9930255369335542,0.971475363717208,0.9989499673943641,0.9767094990281685
2012-03-27 07:00:00,0.9936334480934786,0.9788907471097085,0.9989945842265512,0.9755332083401312
2012-03-27 08:00:00,0.992537814701112,0.9788907471097085,0.9986626692023162,0.9749161235378694
2012-03-27 09:00:00,0.9938173423531672,0.9830853401497346,0.9984393642495678,0.9752453592827
2012-03-27 10:00:00,0.9932384921514352,0.9823381717986728,0.9984393642495678,0.9746650299670407
2012-03-27 11:00:00,0.9926491272755901,0.9788907471097085,0.9982005494090962,0.9756667025571029
2012-03-27 12:00:00,0.9935724316311233,0.9804600398015404,0.9982928728325061,0.9748196476138961
2012-03-27 13:00:00,0.9935724316311233,0.9863905884096483,0.9982928728325061,0.9748196476138963
2012-03-28 07:00:00,0.9935724316311233,0.9863905884096483,0.9982928728325063,0.9766428833228805
2012-03-28 08:00:00,0.9935724316311233,0.9856434200585864,0.9981589782299989,0.9773567068555117
2012-03-28 09:00:00,0.9923419639328791,0.9797128714504789,0.99784026568068,0.9759293225966457
2012-03-28 10:00:00,0.9919267103796706,0.9788907471097084,0.99784026568068,0.9762171716540767
2012-03-28 11:00:00,0.9928127239241135,0.976636701490222,0.9977063710781725,0.9765464073989074
2012-03-28 12:00:00,0.9928127239241135,0.9773214544178767,0.9977063710781725,0.9790834666405228
2012-03-28 13:00:00,0.9931571780779149,0.9764076231905651,0.99784026568068,0.9811279357016506
2012-03-29 07:00:00,0.9937650892378392,0.9773214544178767,0.9982928728325065,0.982170732172716
2012-03-29 08:00:00,0.9941248771956696,0.9773214544178768,0.9982928728325065,0.9839273521764125
2012-03-29 09:00:00,0.9937650892378396,0.9741535775710789,0.998158978229999,0.982884555705347
2012-03-29 10:00:00,0.9931571780779149,0.9709857007242811,0.9982928728325061,0.982884555705347
2012-03-29 11:00:00,0.992436172057709,0.9709857007242811,0.9980695678797579,0.9803474964637318
2012-03-29 12:00:00,0.9914195687010918,0.9731164015145651,0.9980695678797579,0.9797671671480725
2012-03-29 13:00:00,0.9912436750029501,0.9769162493323889,0.9980695678797579,0.9809434578361096
2012-03-30 07:00:00,0.9912436750029501,0.9769162493323889,0.9977566307327278,0.9817905127793163
2012-03-30 08:00:00,0.9894343571029738,0.9769162493323889,0.9973942714368944,0.9806142220912791
2012-03-30 09:00:00,0.9896102508011155,0.9769162493323889,0.9973486404130882,0.9802849863464487
2012-03-30 10:00:00,0.9891039822845941,0.9769162493323889,0.9973486404130882,0.978528366342752
2012-03-30 11:00:00,0.9884281929251175,0.9823637244664735,0.9973486404130882,0.9788576020875827
2012-03-30 12:00:00,0.9909133001845704,0.9855316013132712,0.9973964447441993,0.9810654255843675
2012-03-30 13:00:00,0.9891039822845941,0.9832520030259844,0.9971257743212769,0.979308805580671
2012-04-02 07:00:00,0.9894989382266375,0.9832520030259844,0.9975246373045213,0.9789242177928704
2012-04-02 08:00:00,0.9894989382266375,0.9848212957178162,0.9976615775601183,0.977747927104833
2012-04-02 09:00:00,0.9894989382266375,0.9885328152838192,0.9975670808294032,0.9777479271048333
2012-04-02 10:00:00,0.9901389897168502,0.9925531553773993,0.9977072085839245,0.9777479271048333
2012-04-02 11:00:00,0.9877614353846996,0.9925531553773993,0.9973947102978314,0.977747927104833
2012-04-02 12:00:00,0.9894989382266375,0.9960259221586797,0.9978381901132626,0.977747927104833
2012-04-02 13:00:00,0.9901389897168502,0.9967730905097416,0.9979305135366728,0.9769674878669142
2012-04-03 07:00:00,0.9899366913815227,0.9967730905097416,0.9978848825128668,0.9775478171825736
2012-04-03 08:00:00,0.9910218100997762,0.9960259221586797,0.9980187771153742,0.9769307323803118
2012-04-03 09:00:00,0.9914370636529847,0.9960259221586797,0.9984713842672004,0.9769307323803118
2012-04-03 10:00:00,0.9910218100997762,0.9967730905097416,0.9984267674350136,0.976150293142393
2012-04-03 11:00:00,0.9913983619661806,0.9980898144084218,0.9984267674350136,0.977511061695971
2012-04-03 12:00:00,0.9918136155193891,0.9987745673360762,0.9984267674350136,0.9786873523840084
2012-04-03 13:00:00,0.9910218100997762,0.9987745673360762,0.9984267674350136,0.9786873523840084
2012-04-04 07:00:00,0.9918136155193891,0.9980898144084218,0.9984713842672005,0.9804439723877049
2012-04-04 08:00:00,0.9923419639328789,0.9980898144084218,0.9984713842672005,0.981620263075742
2012-04-04 09:00:00,0.9939489834975276,0.9987745673360762,0.9984713842672005,0.9833768830794387
2012-04-04 10:00:00,0.9934206350840378,0.9995217356871378,0.9987965638048235,0.9842239380226454
2012-04-04 11:00:00,0.9937650892378392,0.9995217356871378,0.9986626692023162,0.9833768830794385
2012-04-04 12:00:00,0.9935724316311233,0.9980898144084217,0.9986626692023161,0.9838393502348449
2012-04-04 13:00:00,0.9943271755309968,0.9980898144084217,0.9986626692023161,0.9835101144900142
2012-04-05 07:00:00,0.9930967078327526,0.9995217356871378,0.9986626692023161,0.9825084418999521
2012-04-05 08:00:00,0.9934732596991572,0.9995217356871378,0.9986626692023161,0.9821792061551216
2012-04-05 09:00:00,0.9947037273974013,0.9995217356871378,0.9986626692023161,0.9828930296877525
2012-04-05 10:00:00,0.9930967078327526,0.9995217356871378,0.9982005494090962,0.9814656454288867
2012-04-05 11:00:00,0.9911569066554874,0.999521735687138,0.9978381901132628,0.9791654515961333
2012-04-05 12:00:00,0.9913495642622037,0.9995217356871378,0.9980187771153742,0.9794533006535644
2012-04-05 13:00:00,0.9909897763043733,0.9987745673360762,0.9979285292593812,0.9794533006535644
2012-04-09 07:00:00,0.9887106155839618,0.99734264605736,0.9973927260205399,0.9800703854558263
2012-04-09 08:00:00,0.9903818651444489,0.995910724778644,0.9975296662761369,0.9794533006535644
2012-04-09 09:00:00,0.9898535167309591,0.995910724778644,0.9979285292593812,0.9772454771567796
2012-04-09 10:00:00,0.9890208076340303,0.99734264605736,0.9982472418087002,0.973835871147673
2012-04-09 11:00:00,0.9881379872511042,0.99734264605736,0.9985287745998086,0.9742204589354735
2012-04-09 12:00:00,0.987156900466827,0.9966578931297055,0.9985287745998087,0.9742204589354734
2012-04-09 13:00:00,0.987156900466827,0.9960259221586797,0.9980666548065887,0.9731175876685646
2012-04-10 07:00:00,0.987156900466827,0.9973426460573602,0.9980239368559517,0.9734468234133952
2012-04-10 08:00:00,0.98779695195704,0.9987745673360763,0.9982005494090962,0.9740271527290543
2012-04-10 09:00:00,0.9865314781103675,0.99734264605736,0.9977479422572698,0.9734100679267925
2012-04-10 10:00:00,0.988517957977246,0.9965205217165898,0.9979285292593812,0.9745129391937015
2012-04-10 11:00:00,0.9903818651444488,0.99652052171659,0.9979285292593812,0.97597707893917
2012-04-10 12:00:00,0.989660859124243,0.9950886004378738,0.99784026568068,0.9771533696272072
2012-04-10 13:00:00,0.988517957977246,0.9950886004378738,0.9973044624418386,0.9771533696272072
2012-04-11 07:00:00,0.9903818651444489,0.9950886004378738,0.9973947102978314,0.9774090943988328
2012-04-11 08:00:00,0.9913983619661806,0.9950886004378738,0.9973947102978314,0.9776969434562641
2012-04-11 09:00:00,0.9913983619661806,0.9950886004378738,0.996869747692675,0.9773677077114336
2012-04-11 10:00:00,0.9913983619661808,0.9950886004378738,0.9970036422951825,0.9770384719666029
2012-04-11 11:00:00,0.9905155415832547,0.9922025838473617,0.9973947102978314,0.9761914170233962
2012-04-11 12:00:00,0.9896608591242431,0.9901386915976196,0.9973947102978314,0.9765206527682267
2012-04-11 13:00:00,0.9912057043594648,0.9922025838473615,0.9973947102978314,0.9765206527682267
2012-04-12 07:00:00,0.9913983619661808,0.9950886004378738,0.9973947102978314,0.9756735978250201
2012-04-12 08:00:00,0.9905155415832548,0.9937718765391936,0.9971236010139719,0.9756735978250201
2012-04-12 09:00:00,0.9881379872511042,0.9937718765391934,0.9966442694326215,0.9731365385834045
2012-04-12 10:00:00,0.9881379872511042,0.9930247081881319,0.9964551711591582,0.9731365385834048
2012-04-12 11:00:00,0.9885757404059897,0.9930247081881319,0.9965986384088156,0.9731365385834048
2012-04-12 12:00:00,0.9892659031821995,0.9907706625686454,0.996685003105967,0.9753443620801896
2012-04-12 13:00:00,0.9885757404059897,0.9901386915976198,0.9970333531579789,0.9739169778213236
2012-04-13 07:00:00,0.9862965796855782,0.9895519414068513,0.9964616981532185,0.9721603578176271
2012-04-13 08:00:00,0.9854638705886495,0.9872978957873649,0.9961843363010539,0.9704037378139305
2012-04-13 09:00:00,0.9854638705886495,0.9895519414068513,0.9962725998797554,0.9681959143171457
2012-04-13 10:00:00,0.9846181202123068,0.9863840645600536,0.9962725998797554,0.9690429692603523
2012-04-13 11:00:00,0.9836700483284871,0.9823637244664735,0.9958026624081417,0.9687551202029213
2012-04-13 12:00:00,0.985279976328961,0.9855316013132712,0.9958949858315518,0.9687551202029213
2012-04-13 13:00:00,0.9862965796855782,0.9895519414068513,0.9960384530812091,0.9709629436997059
2012-04-16 07:00:00,0.9868028482020997,0.9895519414068513,0.9959917606816052,0.9749896345110743
2012-04-16 08:00:00,0.9877839349863767,0.9895519414068513,0.9956298530156329,0.9756067193133362
2012-04-16 09:00:00,0.9862965796855782,0.9877856469327575,0.9950806833384152,0.9753188702559049
2012-04-16 10:00:00,0.9868028482020997,0.9877856469327575,0.9948413900309939,0.9747017854536432
2012-04-16 11:00:00,0.9890820089225112,0.9918059870263375,0.9954828831316218,0.9757034580437055
2012-04-16 12:00:00,0.9898738143421241,0.9933752797181695,0.995722176439043,0.9771308423025713
2012-04-16 13:00:00,0.9887309131951271,0.9893549396245894,0.9949337134544038,0.9758734449408836
2012-04-17 07:00:00,0.9883543613287225,0.9876189840565076,0.9948880824305979,0.9748717723508212
2012-04-17 08:00:00,0.9883543613287225,0.9853649384370214,0.9945819755011458,0.9754888571530831
2012-04-17 09:00:00,0.9883543613287225,0.9853649384370213,0.99385864945391,0.9752010080956518
2012-04-17 10:00:00,0.9902182684959255,0.9853649384370213,0.9941180639837581,0.9745839232933902
2012-04-17 11:00:00,0.9921580696731905,0.9853649384370213,0.9949405555838942,0.9745839232933899
2012-04-17 12:00:00,0.9921580696731905,0.9816534188710183,0.9949405555838942,0.9740981368287429
2012-04-17 13:00:00,0.9907971186976573,0.9746942430565563,0.9943573572911794,0.9744827246165434
2012-04-18 07:00:00,0.9894856570950006,0.9683074868704102,0.9935014042721061,0.9736356696733367
2012-04-18 08:00:00,0.989109105228596,0.9667381941785783,0.9934557732483,0.973018584871075
2012-04-18 09:00:00,0.9881414061108413,0.9607331968219693,0.992951214070075,0.9726893491262443
2012-04-18 10:00:00,0.987939107775514,0.9587907383883033,0.9936135048055331,0.9746392753363601
2012-04-18 11:00:00,0.9900053132780444,0.962302489513801,0.9939042804777161,0.9746392753363601
2012-04-18 12:00:00,0.9911903705554359,0.9587907383883033,0.9941180639837581,0.9764625110453443
2012-04-18 13:00:00,0.9927973901200847,0.9607331968219692,0.9943117262673735,0.9785069801064722
2012-04-19 07:00:00,0.9931571780779149,0.956239893467174,0.9941180639837581,0.9803302158154567
2012-04-19 08:00:00,0.9917961205674962,0.9562398934671741,0.9939042804777163,0.9803302158154564
2012-04-19 09:00:00,0.9901891010028473,0.9503347946838163,0.9930985224926007,0.9786103512983623
2012-04-19 10:00:00,0.9886442557676257,0.9378732217940126,0.9921581742872372,0.9789949390861629
2012-04-19 11:00:00,0.9882492998255823,0.9359307633603469,0.9921581742872374,0.9789949390861629
2012-04-19 12:00:00,0.9906268541577328,0.9483923362501503,0.9920036594158176,0.9812951329189165
2012-04-19 13:00:00,0.9912347653176573,0.9544549322967774,0.9920981561465327,0.9823379293899817
2012-04-20 07:00:00,0.9912347653176573,0.9604599296533866,0.9924042630759846,0.9823379293899817
2012-04-20 08:00:00,0.9910218100997763,0.9683074868704102,0.9933974487540482,0.9823379293899817
2012-04-20 09:00:00,0.9890820089225112,0.96830748687041,0.9933974487540481,0.9823379293899817
2012-04-20 10:00:00,0.9890820089225112,0.9632245124278225,0.9926555527974577,0.9826671651348123
2012-04-20 11:00:00,0.9875946536217125,0.9591629126422572,0.9918812749177173,0.9819533416021813
2012-04-20 12:00:00,0.9881230020352025,0.9646564337065388,0.9917411471631962,0.9802334770850871
2012-04-20 13:00:00,0.9875946536217127,0.9624023880870525,0.9911837505122711,0.9793864221418805
2012-04-23 07:00:00,0.9849681222646215,0.9583407883014872,0.9904699281750939,0.9785393671986738
2012-04-23 08:00:00,0.9841763168450084,0.9591629126422574,0.9907760351045458,0.9785393671986738
2012-04-23 09:00:00,0.9868028482020996,0.962674663767755,0.9916299851962443,0.9789239549864744
2012-04-23 10:00:00,0.9862965796855783,0.9674210164809748,0.9920981561465327,0.9796377785191053
2012-04-23 11:00:00,0.9869867424617882,0.9725039909235623,0.9920058327231226,0.9790574492034462
2012-04-23 12:00:00,0.9875946536217127,0.9742399464916441,0.9917002771458576,0.979057449203446
2012-04-23 13:00:00,0.988517957977246,0.9722974880579782,0.9916057804151425,0.9799045041466528
2012-04-24 07:00:00,0.9896608591242431,0.9755163673973265,0.9916057804151425,0.9802337398914833
2012-04-24 08:00:00,0.9912057043594648,0.9755163673973265,0.9923954807028439,0.9812765363625487
2012-04-24 09:00:00,0.9918136155193892,0.9774588258309924,0.993410019415171,0.981739003517955
2012-04-24 10:00:00,0.9898738143421238,0.9742399464916441,0.992793359703519,0.9802748637724866
2012-04-24 11:00:00,0.9890820089225112,0.9788907471097085,0.993007143209561,0.9777446082467117
2012-04-24 12:00:00,0.9890820089225112,0.9788907471097085,0.9928670154550399,0.9792087479921799
2012-04-24 13:00:00,0.989936691381523,0.9788907471097085,0.9928670154550399,0.9799823835142585
2012-04-25 07:00:00,0.9901205856412113,0.9839074644905048,0.993007143209561,0.9808294384574651
2012-04-25 08:00:00,0.9914186595773457,0.9848212957178162,0.993523565746953,0.982086835819153
2012-04-25 09:00:00,0.99264912727559,0.9848212957178162,0.9941402254586051,0.9820868358191529
2012-04-25 10:00:00,0.9930440832176335,0.9885328152838192,0.993955480871897,0.9820868358191529
2012-04-25 11:00:00,0.9917460092814991,0.9885328152838192,0.9938272883115751,0.9806226960736844
2012-04-25 12:00:00,0.9917460092814991,0.9877856469327575,0.9937826714793879,0.9806226960736846
2012-04-25 13:00:00,0.9917460092814991,0.9877856469327575,0.993225274828463,0.9806226960736846
2012-04-26 07:00:00,0.9917460092814989,0.9877856469327575,0.9926532319489979,0.9816243686637467
2012-04-26 08:00:00,0.991193563716953,0.9877856469327575,0.9925629840930049,0.9790941131379719
2012-04-26 09:00:00,0.9920763840998791,0.9860496913646759,0.9925629840930049,0.9786316459825656
2012-04-26 10:00:00,0.9909912653816254,0.9853649384370214,0.9919111670654331,0.9769117814654715
2012-04-26 11:00:00,0.991193563716953,0.9876189840565078,0.9926679545316063,0.9763314521498123
2012-04-26 12:00:00,0.9895151042436815,0.9893852785306015,0.9922345216748168,0.9745748321461156
2012-04-26 13:00:00,0.9884605302435789,0.9861870627777916,0.9919111670654331,0.9741902443583152
2012-04-27 07:00:00,0.9889464926620913,0.9861870627777916,0.9919111670654331,0.972031231995056
2012-04-27 08:00:00,0.9877057863437051,0.9861870627777916,0.9919111670654329,0.972745055527687
2012-04-27 09:00:00,0.9880231883065579,0.9886381101795397,0.9919111670654329,0.9713176712688211
2012-04-27 10:00:00,0.9865695267702909,0.9857520935890275,0.9911642093391683,0.969890287009955
2012-04-27 11:00:00,0.9867824819881719,0.9838096351553616,0.9913489539258764,0.9721904808427084
2012-04-27 12:00:00,0.9884609414614434,0.9857520935890275,0.9913489539258764,0.9725750686305088
2012-04-27 13:00:00,0.9884609414614434,0.9846177700859599,0.990559253638175,0.9705305995693813
2012-04-30 07:00:00,0.9863081850662974,0.9846177700859596,0.9901706042841129,0.9702013638245506
2012-04-30 08:00:00,0.9876062590024317,0.9846177700859599,0.9903107320386342,0.9695842790222887
2012-04-30 09:00:00,0.9885295633579649,0.9846177700859599,0.9903107320386342,0.9706270754933541
2012-04-30 10:00:00,0.9885295633579649,0.9846177700859599,0.9906720612392204,0.9726715445544821
2012-04-30 11:00:00,0.9895460601796967,0.9863840645600536,0.990218408615224,0.9754108862334006
2012-04-30 12:00:00,0.9906823197531112,0.9863840645600536,0.9913540156955508,0.9754108862334006
2012-04-30 13:00:00,0.9906823197531112,0.9895519414068514,0.9914463391189609,0.9754108862334006
2012-05-01 07:00:00,0.99046936453523,0.9930247081881319,0.9917040903651149,0.9739835019745346
2012-05-01 08:00:00,0.9902670661999027,0.9952787538076182,0.9915606231154577,0.975159792662572
2012-05-01 09:00:00,0.9909912653816254,0.9930247081881319,0.9910280247057679,0.9776900481883469
2012-05-01 10:00:00,0.989936691381523,0.9930247081881319,0.9900552945772544,0.976432650826659
2012-05-01 11:00:00,0.9877839349863767,0.9930247081881319,0.9889435932394018,0.9743881817655314
2012-05-01 12:00:00,0.9862965796855782,0.9930247081881319,0.9889435932394018,0.9726683172484373
2012-05-01 13:00:00,0.9836700483284869,0.9895519414068514,0.9881527699740599,0.9693576224847433
2012-05-02 07:00:00,0.980924550406992,0.9877856469327577,0.9870330773355748,0.965837841567906
2012-05-02 08:00:00,0.980924550406992,0.9893549396245894,0.9873263824378431,0.9645804442062182
2012-05-02 09:00:00,0.9790080547291297,0.9861870627777916,0.9869407539121648,0.9620178931403184
2012-05-02 10:00:00,0.9777534151679211,0.9861870627777916,0.9864424844559814,0.9620178931403184
2012-05-02 11:00:00,0.9769417366428068,0.9813585877536134,0.9861551862639333,0.9620178931403184
2012-05-02 12:00:00,0.9735897036222745,0.9776470681876105,0.9849508085423503,0.9587071983766243
2012-05-02 13:00:00,0.9732131517558699,0.9797109604373524,0.9843951715029424,0.9592875276922839
2012-05-03 07:00:00,0.9732131517558699,0.9861870627777916,0.9849508085423502,0.9599046124945455
2012-05-03 08:00:00,0.972068013575384,0.9861870627777916,0.9844462596706635,0.9591907889619143
2012-05-03 09:00:00,0.9694230284947892,0.9816534188710183,0.9844462596706635,0.9562598273417957
2012-05-03 10:00:00,0.9674697441880952,0.9800841261791864,0.9844462596706635,0.9548990587882175
2012-05-03 11:00:00,0.967469744188095,0.9800841261791864,0.9851932173969281,0.9548990587882175
2012-05-03 12:00:00,0.9691914249131566,0.9758876221260344,0.9851932173969281,0.9566189233053114
2012-05-03 13:00:00,0.9713132696755103,0.9769162493323889,0.9858450344244999,0.9574659782485182
2012-05-04 07:00:00,0.973229765353373,0.9823637244664735,0.986102785670654,0.9619784555245338
2012-05-04 08:00:00,0.9757654322607052,0.9863840645600536,0.986456696931217,0.9656898563825717
2012-05-04 09:00:00,0.9769480372896275,0.9869708147508218,0.9870793773210972,0.9659777054400027
2012-05-04 10:00:00,0.9769480372896275,0.9840847981603097,0.9870793773210972,0.9655152382845965
2012-05-04 11:00:00,0.9791174652812372,0.9878846459781334,0.987025111465305,0.9655152382845965
2012-05-04 12:00:00,0.9818629632027325,0.9907706625686457,0.9872828627114592,0.9680522975262119
2012-05-04 13:00:00,0.9824154087672786,0.9936566791591578,0.9870793773210972,0.9690950939972773
2012-05-07 07:00:00,0.9841763168450087,0.9936566791591578,0.987025111465305,0.9696754233129367
2012-05-07 08:00:00,0.9832934964620826,0.9936566791591578,0.9875776721593164,0.9693875742555054
2012-05-07 09:00:00,0.9836238712804625,0.9907706625686454,0.9875776721593164,0.970260383829393
2012-05-07 10:00:00,0.9862504026375536,0.9907706625686454,0.9874147952075029,0.9715723412494455
2012-05-07 11:00:00,0.9872314894218306,0.9869708147508218,0.9871214901052346,0.9715723412494452
2012-05-07 12:00:00,0.9851652839193001,0.9869708147508218,0.9866082964865952,0.9711098740940393
2012-05-07 13:00:00,0.9825387525622091,0.9863840645600536,0.9866082964865952,0.9697979166739866
2012-05-08 07:00:00,0.9825387525622091,0.9823637244664735,0.9856317048361517,0.9674472843695272
2012-05-08 08:00:00,0.9832934964620826,0.9863840645600536,0.9854810569184898,0.9665744747956397
2012-05-08 09:00:00,0.9832934964620826,0.9872978957873648,0.9860257706175696,0.9682943393127336
2012-05-08 10:00:00,0.9832934964620826,0.9834980479695412,0.9866082964865949,0.9680386145411081
2012-05-08 11:00:00,0.9847275307644148,0.9834980479695412,0.9874147952075029,0.9677093787962776
2012-05-08 12:00:00,0.9842415683459024,0.9834980479695414,0.9871214901052346,0.9677093787962776
2012-05-08 13:00:00,0.9847275307644148,0.9796982001517176,0.9874147952075029,0.9667077062062155
2012-05-09 07:00:00,0.9872314894218306,0.9796982001517176,0.9886445273251013,0.9646632371450876
2012-05-09 08:00:00,0.9877839349863767,0.9786695729453633,0.9894820429900473,0.9646632371450876
2012-05-09 09:00:00,0.9890820089225112,0.9834980479695414,0.9904351586346459,0.9653770606777186
2012-05-09 10:00:00,0.9912347653176573,0.98258421674223,0.9907407142119111,0.967677254510472
2012-05-09 11:00:00,0.9912347653176573,0.9857520935890275,0.9905937443278998,0.9695004902194564
2012-05-09 12:00:00,0.9910218100997763,0.9884027360295378,0.9911912954996797,0.9712203547365504
2012-05-09 13:00:00,0.9915501585132662,0.988402736029538,0.991918880979816,0.971604942524351
2012-05-10 07:00:00,0.9935724316311233,0.988402736029538,0.9921125432634312,0.972606615114413
2012-05-10 08:00:00,0.9937650892378393,0.9884027360295381,0.992164025628193,0.9739673836679912
2012-05-10 09:00:00,0.9935724316311233,0.9912887526200502,0.991918880979816,0.9739673836679913
2012-05-10 10:00:00,0.9939673875731667,0.9930247081881319,0.9921125432634313,0.9748144386111979
2012-05-10 11:00:00,0.9945198331377127,0.9936566791591578,0.992164025628193,0.9748144386111981
2012-05-10 12:00:00,0.995799360789768,0.9936566791591578,0.9924234401580408,0.9751436743560286
2012-05-10 13:00:00,0.995799360789768,0.9907706625686457,0.9926171024416564,0.9756061415114347
2012-05-11 07:00:00,0.9941248771956696,0.9878846459781333,0.9916443723131428,0.9762232263136964
2012-05-11 08:00:00,0.9939489834975279,0.9840847981603097,0.991256142336073,0.975838638525896
2012-05-11 09:00:00,0.9950446168898945,0.9878846459781334,0.9908030655226095,0.974477869972318
2012-05-11 10:00:00,0.9941248771956696,0.9872978957873649,0.9899969197620222,0.9754795425623801
2012-05-11 11:00:00,0.9941248771956696,0.9907706625686457,0.9903030266914743,0.9743032518743427
2012-05-11 12:00:00,0.9943087714553581,0.9907706625686454,0.991256142336073,0.9732604554032773
2012-05-11 13:00:00,0.9930783037571136,0.9901386915976196,0.9905869368310825,0.9725466318706463
2012-05-14 07:00:00,0.9930783037571136,0.9857520935890277,0.9900145539820555,0.9708662049693366
2012-05-14 08:00:00,0.9930783037571136,0.9863840645600536,0.9907151293914046,0.970481617181536
2012-05-14 09:00:00,0.9930783037571136,0.9872978957873649,0.9911033593684745,0.9686583814725519
2012-05-14 10:00:00,0.9930783037571136,0.9872978957873649,0.9914234391712762,0.9693722050051828
2012-05-14 11:00:00,0.9943087714553579,0.9895519414068511,0.9921828925322597,0.9707995892640489
2012-05-14 12:00:00,0.9941248771956696,0.9895519414068511,0.9923230202867808,0.9699525343208422
2012-05-14 13:00:00,0.9937650892378393,0.9902991097579129,0.992411283865482,0.9687762436328049
2012-05-15 07:00:00,0.995439572831938,0.9893852785306013,0.9927020595376652,0.969490067165436
2012-05-15 08:00:00,0.995799360789768,0.9937718765391934,0.9927020595376652,0.9688729823631742
2012-05-15 09:00:00,0.9959832550494564,0.9950886004378737,0.9933840139939957,0.9680001727892869
2012-05-15 10:00:00,0.9969394028636737,0.9944566294668479,0.9941259099505859,0.9690635148883348
2012-05-15 11:00:00,0.9969394028636737,0.9944566294668479,0.9941259099505859,0.9705670922495875
2012-05-15 12:00:00,0.9977510813887882,0.9937718765391934,0.994697952830051,0.9723903279585719
2012-05-15 13:00:00,0.9975751876906465,0.9925531553773993,0.994788200686044,0.9693096948878998
2012-05-16 07:00:00,0.9973912934309581,0.9893852785306013,0.994788200686044,0.9687293655722404
2012-05-16 08:00:00,0.9975751876906465,0.9925531553773993,0.994697952830051,0.9705526012812249
2012-05-16 09:00:00,0.9977510813887882,0.990070031458256,0.9944528081816739,0.9711329305968841
2012-05-16 10:00:00,0.9977510813887884,0.9918059870263376,0.9943189135791666,0.9720057401707713
2012-05-16 11:00:00,0.9975751876906467,0.9911212340986831,0.9949021118718812,0.9714254108551121
2012-05-16 12:00:00,0.9981276332551928,0.9937718765391936,0.9957420572212821,0.9718099986429127
2012-05-16 13:00:00,0.9981276332551928,0.9902991097579129,0.9963022425488883,0.9725904378808317
2012-05-17 07:00:00,0.9986135956737052,0.9864992619400894,0.9963022425488883,0.9732853104986222
2012-05-17 08:00:00,0.9993037584499153,0.9857520935890275,0.9963022425488883,0.9732853104986222
2012-05-17 09:00:00,0.9993037584499153,0.9857520935890275,0.9963022425488883,0.9732853104986222
2012-05-17 10:00:00,0.9989439704920852,0.9822793268077471,0.9963022425488883,0.9725048712607033
2012-05-17 11:00:00,0.9989439704920852,0.9822793268077471,0.9964959048325037,0.9690952652515968
2012-05-17 12:00:00,0.9982229644718792,0.9822793268077471,0.99702086743766,0.9690952652515968
2012-05-17 13:00:00,0.9980611501091591,0.9866659248163391,0.9965861526884967,0.9690952652515968
2012-05-18 07:00:00,0.9985674186256807,0.9857520935890275,0.9963022425488883,0.9705827243063062
2012-05-18 08:00:00,0.9992884246458864,0.9834980479695414,0.9963022425488883,0.9714555338801936
2012-05-18 09:00:00,0.9991198641902267,0.9817317534954476,0.9963022425488883,0.9724983303512591
2012-05-18 10:00:00,0.9991198641902268,0.9857520935890275,0.9966933105515373,0.9729607975066652
2012-05-18 11:00:00,0.9991198641902268,0.9895519414068511,0.9966505926009003,0.9729607975066652
2012-05-18 12:00:00,0.9989439704920852,0.9882352175081709,0.9967369572980518,0.9729607975066652
2012-05-18 13:00:00,0.9993037584499153,0.9857520935890275,0.9970208674376598,0.9729607975066654
2012-05-21 07:00:00,0.999303758449915,0.9834980479695412,0.99702086743766,0.9769874883180338
2012-05-21 08:00:00,0.9991198641902267,0.9834980479695412,0.9971643346873172,0.9788107240270182
2012-05-21 09:00:00,0.998789489371847,0.9775352494422954,0.9976534455265545,0.9796577789702248
2012-05-21 10:00:00,0.9986135956737053,0.9731486514337033,0.9976534455265547,0.9765771458995526
2012-05-21 11:00:00,0.9986135956737053,0.9731486514337033,0.9976534455265547,0.9772909694321835
2012-05-21 12:00:00,0.9980852472602152,0.9660093305740264,0.9975651819478533,0.9785483667938716
2012-05-21 13:00:00,0.9982691415199039,0.9671436540770941,0.9977935732810758,0.9788362158513026
2012-05-22 07:00:00,0.9987754100364254,0.9671436540770941,0.9982928728325063,0.9810440393480875
2012-05-22 08:00:00,0.9984156220785952,0.9617284288621476,0.9987083002261222,0.9816243686637467
2012-05-22 09:00:00,0.9982538077158751,0.956280953728063,0.9986626692023161,0.9823381921963779
2012-05-22 10:00:00,0.9980852472602155,0.9491416328683859,0.9984860566491718,0.981235320929469
2012-05-22 11:00:00,0.9980852472602152,0.950318155200817,0.9983054696470604,0.9818524057317306
2012-05-22 12:00:00,0.9980852472602155,0.9567942575412561,0.9983511006708663,0.9815645566742995
2012-05-22 13:00:00,0.9980852472602153,0.956280953728063,0.9986830156951014,0.9823381921963779
2012-05-23 07:00:00,0.9986135956737053,0.9628727012754404,0.9984820822002046,0.9819536044085774
2012-05-23 08:00:00,0.9986135956737053,0.9693488036158796,0.9982005494090962,0.9806962070468895
2012-05-23 09:00:00,0.9982370438073008,0.9737354016244717,0.9985703457789061,0.9806962070468895
2012-05-23 10:00:00,0.9984129375054425,0.9742829749367711,0.9986626692023161,0.9806962070468895
2012-05-23 11:00:00,0.997658193605569,0.9731486514337033,0.9987083002261222,0.9793354384933113
2012-05-23 12:00:00,0.9982370438073008,0.9791114499609493,0.9987083002261222,0.9782926420222459
2012-05-23 13:00:00,0.9980611501091592,0.9825842167422297,0.9987965638048235,0.9774198324483586
2012-05-24 07:00:00,0.9975751876906467,0.9813654955804356,0.9991284788290586,0.9764181598582962
2012-05-24 08:00:00,0.9969963374889147,0.9825842167422296,0.9990402152503571,0.9761880981652747
2012-05-24 09:00:00,0.9963605526619419,0.9825842167422296,0.9990402152503571,0.9751453016942091
2012-05-24 10:00:00,0.9953928535441873,0.98258421674223,0.9988636026972129,0.97042373826505
2012-05-24 11:00:00,0.9942528114702817,0.9825842167422296,0.9987297080947054,0.9682159147682651
2012-05-24 12:00:00,0.9942528114702817,0.9798196339677937,0.9988636026972129,0.9682159147682651
2012-05-24 13:00:00,0.9930603144155227,0.9771689915272834,0.9990402152503574,0.9670396240802278
2012-05-25 07:00:00,0.99407691777214,0.9771689915272832,0.9990402152503574,0.9665771569248216
2012-05-25 08:00:00,0.9932442086752111,0.9771689915272832,0.9986626692023161,0.9706038477361902
2012-05-25 09:00:00,0.9932442086752111,0.9786009128059995,0.9987083002261222,0.9726483167973178
2012-05-25 10:00:00,0.9952169598460457,0.9829875108145916,0.9986626692023161,0.9740757010561838
2012-05-25 11:00:00,0.9950330655863574,0.9776144844290082,0.9984860566491718,0.9757955655732777
2012-05-25 12:00:00,0.9937003659057353,0.9696484142929324,0.9983977930704703,0.9750817420406469
2012-05-25 13:00:00,0.9937003659057355,0.9696484142929324,0.9987753391185114,0.9754109777854774
2012-05-29 07:00:00,0.9937003659057355,0.9696484142929324,0.9987753391185114,0.9750817420406469
2012-05-29 08:00:00,0.9954483191395657,0.973121181074213,0.9987753391185116,0.9763936994606994
2012-05-29 09:00:00,0.9958248710059701,0.9798685300484945,0.9985744056236148,0.9789307587023146
2012-05-29 10:00:00,0.9966365495310846,0.9805005010195204,0.9985316876729777,0.9811385821990997
2012-05-29 11:00:00,0.996467989075425,0.9787342065454266,0.9988636026972129,0.9818524057317306
2012-05-29 12:00:00,0.9966235766755577,0.9787342065454266,0.9989499673943644,0.9818524057317305
2012-05-29 13:00:00,0.9959617205589034,0.9742005626386534,0.9989499673943644,0.9804250214728647
2012-05-30 07:00:00,0.9945080590226364,0.9721366703889115,0.9989063206478499,0.9782171979760799
2012-05-30 08:00:00,0.9939556134580902,0.9727686413599373,0.9988636026972129,0.9775223253582889
2012-05-30 09:00:00,0.9925650847312437,0.963258620624346,0.9991122909672945,0.9778515611031195
2012-05-30 10:00:00,0.9925650847312437,0.963258620624346,0.9992432724966328,0.9775223253582889
2012-05-30 11:00:00,0.9915484813746266,0.9655126662438323,0.9993335203526257,0.9765206527682267
2012-05-30 12:00:00,0.9894821632883037,0.963258620624346,0.9993771670991402,0.9753443620801896
2012-05-30 13:00:00,0.9891377091345023,0.9603726040338338,0.9993335203526257,0.9716329612221519
2012-05-31 07:00:00,0.9873897559006721,0.9603726040338338,0.9993335203526257,0.9719208102795831
2012-05-31 08:00:00,0.9866995931244622,0.9565727562160102,0.9993335203526257,0.9688129991194074
2012-05-31 09:00:00,0.9847268419536276,0.9539858478476878,0.9993335203526257,0.9654033931103008
2012-05-31 10:00:00,0.9821236366863052,0.9539858478476878,0.9993335203526256,0.9636467731066042
2012-05-31 11:00:00,0.9806514514275338,0.9539858478476878,0.9992432724966326,0.9639760088514348
2012-05-31 12:00:00,0.9810852287032465,0.9539858478476878,0.9991569077994812,0.9644384760068412
2012-05-31 13:00:00,0.9803244414513113,0.9603726040338338,0.9992432724966326,0.9644384760068412
2012-06-01 07:00:00,0.9803244414513113,0.9677519239791412,0.9989945842265512,0.9636580367689221
2012-06-01 08:00:00,0.978933912724465,0.9677519239791412,0.9989082195293998,0.9650854210277882
2012-06-01 09:00:00,0.9786595928404379,0.9677519239791412,0.9989945842265513,0.9639091303397508
2012-06-01 10:00:00,0.9769116396066078,0.9677519239791412,0.9989945842265512,0.9639091303397508
2012-06-01 11:00:00,0.9799194979134045,0.9677519239791412,0.998707286034503,0.9642937181275514
2012-06-01 12:00:00,0.9816674511472347,0.9677519239791412,0.9990848320825441,0.9681819685256458
2012-06-01 13:00:00,0.9832709350919622,0.9727686413599373,0.9989945842265512,0.969542737079224
2012-06-04 07:00:00,0.9839867015473048,0.9781416677455207,0.998707286034503,0.9732815788331611
2012-06-04 08:00:00,0.9839867015473048,0.9781416677455205,0.9990848320825441,0.9741286337763678
2012-06-04 09:00:00,0.9841261871254543,0.9758876221260344,0.9993335203526256,0.9744578695211985
2012-06-04 10:00:00,0.984270656414557,0.9758876221260344,0.9991569077994812,0.9744578695211985
2012-06-04 11:00:00,0.9839867015473048,0.9758876221260344,0.9991122909672943,0.9738407847189365
2012-06-04 12:00:00,0.9839867015473048,0.9758876221260344,0.9992779654154897,0.9735529356615052
2012-06-04 13:00:00,0.9820139503764703,0.9775352494422954,0.9990973784133781,0.9732236999166748
2012-06-05 07:00:00,0.9804104664317429,0.9775352494422954,0.9988789379970632,0.9732236999166748
2012-06-05 08:00:00,0.9804104664317429,0.9775352494422952,0.9989207658602338,0.972606615114413
2012-06-05 09:00:00,0.9804104664317429,0.9785638766486499,0.998574504409927,0.9711792308555471
2012-06-05 10:00:00,0.9799476322901475,0.980817922268136,0.9989207658602338,0.9701364343844816
2012-06-05 11:00:00,0.9796946999764002,0.9857520935890277,0.9992268727896857,0.9693559951465627
2012-06-05 12:00:00,0.9796946999764,0.9901386915976198,0.9991440708129823,0.9701364343844816
2012-06-05 13:00:00,0.9820139503764703,0.9930247081881317,0.9990211143154238,0.9729613426835282
2012-06-06 07:00:00,0.9835489483924194,0.9950886004378738,0.9993206833661266,0.9725767548957278
2012-06-06 08:00:00,0.9835489483924194,0.9966578931297055,0.9993206833661266,0.973039222051134
2012-06-06 09:00:00,0.9842247377518959,0.9958357687889353,0.9991550089179313,0.9736195513667935
2012-06-06 10:00:00,0.9839867015473048,0.9950886004378737,0.9988160727918569,0.9741998806824527
2012-06-06 11:00:00,0.9839867015473048,0.9950886004378738,0.9988160727918569,0.9750469356256595
2012-06-06 12:00:00,0.984270656414557,0.9957733533655283,0.9985927678391084,0.9779778972457782
2012-06-06 13:00:00,0.9841261871254543,0.9944566294668479,0.998412180836997,0.9779778972457781
2012-06-07 07:00:00,0.9841261871254543,0.9909838626855674,0.998574504409927,0.9774343234167213
2012-06-07 08:00:00,0.9841261871254543,0.9922025838473617,0.9983033951260674,0.9770497356289207
2012-06-07 09:00:00,0.9841261871254543,0.9928345548183873,0.9979904579790373,0.9761632430699299
2012-06-07 10:00:00,0.9863369745008801,0.9928345548183873,0.9983845237604552,0.9785138753743892
2012-06-07 11:00:00,0.9863369745008801,0.9890347070005638,0.9983845237604552,0.9792276989070202
2012-06-07 12:00:00,0.9883097256717145,0.9912887526200501,0.9986078287132037,0.9796122866948208
2012-06-07 13:00:00,0.9897002543985608,0.9926054765187304,0.9982615672628969,0.98019261601048
2012-06-08 07:00:00,0.9897002543985608,0.9912887526200501,0.9983017217837519,0.9806550831658862
2012-06-08 08:00:00,0.9897002543985608,0.9912887526200501,0.9983845237604552,0.9803258474210558
2012-06-08 09:00:00,0.9911539159348278,0.9912887526200501,0.9986078287132037,0.9820223926289089
2012-06-08 10:00:00,0.9911539159348278,0.9864602775958721,0.9986078287132037,0.9823516283737393
2012-06-08 11:00:00,0.9922390346530813,0.9877770014945525,0.9986078287132037,0.9823516283737393
2012-06-08 12:00:00,0.9922390346530813,0.9870922485668979,0.9986078287132037,0.983198683316946
2012-06-08 13:00:00,0.9922390346530813,0.9912887526200501,0.9989207658602338,0.983198683316946
2012-06-11 07:00:00,0.9922390346530813,0.9877770014945523,0.9990973784133781,0.9837790126326054
2012-06-11 08:00:00,0.9922390346530813,0.9870922485668979,0.9987978093626756,0.9837790126326054
2012-06-11 09:00:00,0.9922390346530813,0.987092248566898,0.9988789379970634,0.9846260675758121
2012-06-11 10:00:00,0.9929600406732871,0.9855229558750662,0.9987844412663482,0.9839122440431809
2012-06-11 11:00:00,0.9929600406732871,0.979517958518457,0.9986187668181526,0.983912244043181
2012-06-11 12:00:00,0.9929600406732874,0.9782992373566627,0.9981363634424212,0.9843747111985872
2012-06-11 13:00:00,0.9923199891830744,0.9758481899549145,0.99775881739438,0.9839122440431809
2012-06-12 07:00:00,0.9941482710648063,0.9829875108145916,0.9982798306920783,0.983912244043181
2012-06-12 08:00:00,0.9945080590226362,0.9843042347132719,0.9981363634424212,0.9833319147275216
2012-06-12 09:00:00,0.9959617205589035,0.9878159858387696,0.9984137252945857,0.9837943818829278
2012-06-12 10:00:00,0.9959617205589035,0.9886381101795398,0.9984137252945858,0.9848972531498368
2012-06-12 11:00:00,0.9959617205589034,0.9857520935890275,0.9984932468908121,0.985477582465496
2012-06-12 12:00:00,0.9959617205589032,0.9857520935890275,0.9982158850386474,0.9859400496209022
2012-06-12 13:00:00,0.9949661477741003,0.9878159858387696,0.998039272485503,0.9839901234107866
2012-06-13 07:00:00,0.9939984486563459,0.9886381101795398,0.9982049469336982,0.9839901234107868
2012-06-13 08:00:00,0.9949661477741003,0.9911212340986831,0.9986078287132037,0.9839901234107866
2012-06-13 09:00:00,0.9947734901673843,0.9886381101795397,0.9987417233157111,0.9839901234107866
2012-06-13 10:00:00,0.9933198286311172,0.9857520935890277,0.9987417233157111,0.9832762998781557
2012-06-13 11:00:00,0.9933198286311172,0.9863840645600533,0.99891453270822,0.9818121601326874
2012-06-13 12:00:00,0.9926797771409046,0.9814498932391621,0.99891453270822,0.9807693636616217
2012-06-13 13:00:00,0.9936963804975217,0.9846177700859599,0.99891453270822,0.9825259836653182
2012-06-14 07:00:00,0.9934020887999588,0.9846177700859599,0.9987417233157112,0.9839901234107868
2012-06-14 08:00:00,0.9934020887999587,0.9817317534954476,0.9989555068217532,0.984374711198587
2012-06-14 09:00:00,0.9940922515761688,0.9752556511550086,0.9988273142614312,0.9850885347312183
2012-06-14 10:00:00,0.9945421308738646,0.9752556511550086,0.9984244324819257,0.9854731225190186
2012-06-14 11:00:00,0.9945421308738646,0.9800841261791866,0.9984244324819257,0.9867305198807066
2012-06-14 12:00:00,0.9950483993903858,0.9800841261791866,0.9984244324819257,0.9867305198807066
2012-06-14 13:00:00,0.9966518833351132,0.9816534188710183,0.998613530755389,0.9858834649374999
2012-06-15 07:00:00,0.9964679890754249,0.9778535710531947,0.9988273142614309,0.9848406684664345
2012-06-15 08:00:00,0.9964679890754249,0.974341819927697,0.998786340147898,0.9848406684664345
2012-06-15 09:00:00,0.9969539514939374,0.9754026970531897,0.9989555068217532,0.9827961994053065
2012-06-15 10:00:00,0.9964015059293911,0.9708690531464165,0.9989555068217532,0.9819491444620999
2012-06-15 11:00:00,0.9971562498292648,0.974341819927697,0.9992266161056126,0.9819491444620997
2012-06-15 12:00:00,0.9962329454737315,0.9754026970531893,0.9992266161056126,0.981102089518893
2012-06-15 13:00:00,0.9973180641919848,0.9754026970531897,0.9993189395290227,0.9815645566742995
2012-06-18 07:00:00,0.9973180641919848,0.9754026970531897,0.9994917489215315,0.9805217602032339
2012-06-18 08:00:00,0.9973180641919848,0.9761498654042512,0.999668361474676,0.9797413209653152
2012-06-18 09:00:00,0.9973180641919848,0.9701870668770054,0.9996256435240389,0.9819491444620999
2012-06-18 10:00:00,0.9974866246476445,0.9625344422041353,0.9997101893378464,0.9805217602032339
2012-06-18 11:00:00,0.9982076306678506,0.9578461687462064,0.9998411708671849,0.9824716864133495
2012-06-18 12:00:00,0.9978772558494708,0.9541346491802034,0.9997984529165479,0.9830152602424063
2012-06-18 13:00:00,0.9975328016956692,0.9446246284446119,0.9997101893378466,0.981838969554369
2012-06-19 07:00:00,0.9971378457536259,0.9473873002059217,0.9997548061700333,0.9821268186118003
2012-06-19 08:00:00,0.9966518833351135,0.9446246284446119,0.9997548061700333,0.9821268186118003
2012-06-19 09:00:00,0.996807470935246,0.9446246284446119,0.9997548061700335,0.9811251460217378
2012-06-19 10:00:00,0.9961456148185918,0.9446246284446119,0.9995819967775245,0.9807405582339377
2012-06-19 11:00:00,0.9959617205589034,0.9473873002059217,0.9994917489215315,0.9817422308239998
2012-06-19 12:00:00,0.9961640188942308,0.9541346491802033,0.999578113618683,0.9820714665688304
2012-06-19 13:00:00,0.9955851686924989,0.9578461687462064,0.9994917489215315,0.9800269975077025
2012-06-20 07:00:00,0.9943444623741128,0.9578461687462064,0.99940538422438,0.9800269975077025
2012-06-20 08:00:00,0.9935327838489983,0.9578461687462064,0.99940538422438,0.979771272736077
2012-06-20 09:00:00,0.994018746267511,0.9596124632202999,0.9994917489215315,0.9783071329906085
2012-06-20 10:00:00,0.9947734901673845,0.9635535683271672,0.9994917489215315,0.9791541879338153
2012-06-20 11:00:00,0.994358236614176,0.9635535683271672,0.999668361474676,0.9773975679301186
2012-06-20 12:00:00,0.9959617205589034,0.9635535683271672,0.999668361474676,0.9788249521889846
2012-06-20 13:00:00,0.9964476829774159,0.957548570970558,0.999668361474676,0.9802890919344533
2012-06-21 07:00:00,0.9959617205589034,0.952531853589762,0.9996256435240389,0.9808694212501126
2012-06-21 08:00:00,0.9949233125758447,0.9535282308769779,0.999366228994191,0.9800957857280342
2012-06-21 09:00:00,0.9935327838489983,0.9480807557428935,0.9992432724966328,0.9797111979402336
2012-06-21 10:00:00,0.9932384921514352,0.9475976822688704,0.9989945842265513,0.977954577936537
2012-06-21 11:00:00,0.9932384921514352,0.9491416328683859,0.9989945842265512,0.9775699901487366
2012-06-21 12:00:00,0.9930255369335542,0.950318155200817,0.9993335203526256,0.9787462808367738
2012-06-21 13:00:00,0.9936334480934786,0.950318155200817,0.9992889035204388,0.9797890773078393
2012-06-22 07:00:00,0.9926657489757241,0.950318155200817,0.9991122909672943,0.9801736650956399
2012-06-22 08:00:00,0.9916273409926655,0.9431788343411401,0.9991122909672943,0.9784538005785458
2012-06-22 09:00:00,0.9909872895024529,0.950318155200817,0.9992432724966328,0.9784538005785458
2012-06-22 10:00:00,0.9903515046754797,0.9508314590140103,0.9992432724966326,0.9769896608330771
2012-06-22 11:00:00,0.9895967607756063,0.9508314590140103,0.999366228994191,0.9775699901487366
2012-06-22 12:00:00,0.9909872895024526,0.9579707798736873,0.999411860017997,0.9784170450919434
2012-06-22 13:00:00,0.9929600406732871,0.9639335784009331,0.9993682132714826,0.97926410003515
2012-06-25 07:00:00,0.9921797865572116,0.9567942575412561,0.9990686442207798,0.97926410003515
2012-06-25 08:00:00,0.9930255369335542,0.9633860050886336,0.999114275244586,0.9788795122473496
2012-06-25 09:00:00,0.9921797865572116,0.9639335784009331,0.9992452567739242,0.9765793184145961
2012-06-25 10:00:00,0.9909872895024529,0.9628727012754404,0.9992025388232872,0.9765793184145961
2012-06-25 11:00:00,0.991539735066999,0.9677011762996186,0.9994564768501838,0.9765793184145961
2012-06-25 12:00:00,0.9921797865572116,0.9731486514337033,0.9995819967775245,0.9755365219435307
2012-06-25 13:00:00,0.9930255369335542,0.9785638766486497,0.9997129783068628,0.9765793184145961
2012-06-26 07:00:00,0.994358236614176,0.9834980479695414,0.9997129783068628,0.9769639062023967
2012-06-26 08:00:00,0.9949661477741005,0.9834980479695414,0.9997129783068628,0.9756031376488185
2012-06-26 09:00:00,0.9947734901673845,0.9834980479695412,0.9997129783068628,0.9764501925920253
2012-06-26 10:00:00,0.9947734901673845,0.9834980479695412,0.9997566250533773,0.9782734283010094
2012-06-26 11:00:00,0.9947734901673845,0.9825842167422297,0.9997566250533773,0.9774263733578029
2012-06-26 12:00:00,0.9941946399656524,0.9834980479695414,0.9998002717998917,0.9774263733578029
2012-06-26 13:00:00,0.9947734901673843,0.986970814750822,0.9997566250533775,0.9766459341198839
2012-06-27 07:00:00,0.9938057910496298,0.9863840645600536,0.9997120082211904,0.9752851655663058
2012-06-27 08:00:00,0.9938057910496298,0.98258421674223,0.9998848176136994,0.9733352393561904
2012-06-27 09:00:00,0.9930255369335542,0.98258421674223,0.9998848176136994,0.9711762269929308
2012-06-27 10:00:00,0.9924466867318223,0.9863840645600536,0.9999275355643364,0.9703291720497244
2012-06-27 11:00:00,0.9930255369335542,0.9890347070005638,0.9998848176136994,0.9703291720497244
2012-06-27 12:00:00,0.9924466867318223,0.9870922485668979,0.9997984529165479,0.9703291720497244
2012-06-27 13:00:00,0.9932384921514352,0.9912887526200502,0.9997548061700333,0.9703291720497244
2012-06-28 07:00:00,0.9930255369335542,0.9919735055477046,0.9995819967775245,0.9703291720497244
2012-06-28 08:00:00,0.9920089335769371,0.9919735055477046,0.9994091873850157,0.971176226992931
2012-06-28 09:00:00,0.9924466867318225,0.9944566294668479,0.9992325748318712,0.9707916392051305
2012-06-28 10:00:00,0.9917848306151682,0.9937718765391936,0.9992782058556772,0.9738722722758026
2012-06-28 11:00:00,0.9913510533394557,0.9950886004378738,0.9992325748318712,0.9715216399713431
2012-06-28 12:00:00,0.9913510533394557,0.9950886004378738,0.9993607673921932,0.9709045551690811
2012-06-28 13:00:00,0.9909912653816254,0.9922025838473617,0.9994510152481861,0.9702874703668196
2012-06-29 07:00:00,0.9909912653816256,0.9937718765391934,0.9992782058556772,0.9702874703668196
2012-06-29 08:00:00,0.9909912653816256,0.994456629466848,0.9990597654393623,0.9692446738957542
2012-06-29 09:00:00,0.9909912653816256,0.9950886004378737,0.999232574831871,0.9702874703668196
2012-06-29 10:00:00,0.9899366913815227,0.9930247081881319,0.9990956345762741,0.970517532059841
2012-06-29 11:00:00,0.9902670661999027,0.9930247081881319,0.9993607673921932,0.9724056972088944
2012-06-29 12:00:00,0.9922893393177599,0.9937718765391934,0.9993189395290227,0.9730227820111563
2012-06-29 13:00:00,0.9930440832176335,0.9944566294668479,0.9992779654154897,0.9724424526954971
2012-07-02 07:00:00,0.9930440832176335,0.992887336775016,0.9991013528623452,0.9719799855400909
2012-07-02 08:00:00,0.9914370636529847,0.992887336775016,0.9989207658602338,0.9724424526954969
2012-07-02 09:00:00,0.9912347653176573,0.994456629466848,0.9989617399737669,0.9715953977522903
2012-07-02 10:00:00,0.9912347653176571,0.9912887526200502,0.9988789379970632,0.9715953977522903
2012-07-02 11:00:00,0.989936691381523,0.9950886004378738,0.9990973784133781,0.9721757270679496
2012-07-02 12:00:00,0.9899366913815227,0.9950886004378737,0.9991383525269112,0.9711329305968841
2012-07-02 13:00:00,0.9894989382266373,0.9912887526200501,0.9988789379970632,0.9702858756536774
2012-07-03 07:00:00,0.9911059577912862,0.990070031458256,0.9984848722156454,0.9714621663417148
2012-07-03 08:00:00,0.9904441016746323,0.9925531553773993,0.998784441266348,0.9731820308588087
2012-07-03 09:00:00,0.9898754900930421,0.9909838626855673,0.9986078287132037,0.975341043222068
2012-07-03 10:00:00,0.9898754900930421,0.9902991097579129,0.9986078287132037,0.975341043222068
2012-07-05 07:00:00,0.9898754900930421,0.9882352175081709,0.9986078287132037,0.974238171955159
2012-07-05 08:00:00,0.9898754900930419,0.9873213862808596,0.9988789379970632,0.9748552567574208
2012-07-05 09:00:00,0.9898754900930419,0.9911212340986831,0.9990973784133781,0.975341043222068
2012-07-05 10:00:00,0.9898754900930419,0.9882352175081712,0.9991801803900816,0.975341043222068
2012-07-05 11:00:00,0.9911059577912863,0.9917079842894516,0.9992268727896857,0.9758846170511248
2012-07-05 12:00:00,0.9932181945402703,0.9930247081881319,0.9990035678369373,0.9773120013099906
2012-07-05 13:00:00,0.9917460092814991,0.9911212340986831,0.9987384350210182,0.9781590562531973
2012-07-06 07:00:00,0.9901389897168502,0.9871008940051031,0.9983845237604554,0.9764391917361034
2012-07-06 08:00:00,0.989936691381523,0.9853649384370214,0.9983426958972845,0.9760546039483028
2012-07-06 09:00:00,0.9894989382266373,0.9864992619400892,0.9983017217837516,0.9746272196894368
2012-07-06 10:00:00,0.9894989382266373,0.9864992619400892,0.9983017217837516,0.9760913594349055
2012-07-06 11:00:00,0.9910218100997762,0.9878159858387695,0.9983017217837516,0.9760913594349055
2012-07-06 12:00:00,0.9910218100997762,0.9853328619196262,0.9983017217837516,0.9772676501229425
2012-07-06 13:00:00,0.9915501585132662,0.9853328619196262,0.9981360473355564,0.9760913594349055
2012-07-09 07:00:00,0.9935724316311233,0.9853328619196262,0.9981787652861934,0.9764759472227057
2012-07-09 08:00:00,0.9935724316311233,0.9811363578664739,0.9983017217837516,0.9771897707553369
2012-07-09 09:00:00,0.9930440832176334,0.9811363578664739,0.9984823087858631,0.9760134800672995
2012-07-09 10:00:00,0.9937650892378392,0.9811363578664739,0.9984823087858631,0.9760134800672997
2012-07-09 11:00:00,0.9935724316311233,0.975173559339228,0.9984823087858631,0.9760134800672995
2012-07-09 12:00:00,0.9943271755309968,0.969800532953645,0.9984823087858631,0.9771163513342085
2012-07-09 13:00:00,0.9952469152252219,0.9769398538133218,0.9987534180697227,0.9771163513342085
2012-07-10 07:00:00,0.9954228089233637,0.9751735593392281,0.9985440968750129,0.9774042003916398
2012-07-10 08:00:00,0.995799360789768,0.975173559339228,0.9987132635488679,0.9759768161327738
2012-07-10 09:00:00,0.9971320604703897,0.9751735593392281,0.9984421542650085,0.9770196126038392
2012-07-10 10:00:00,0.9967555086039853,0.9751735593392281,0.9984421542650084,0.9770196126038392
2012-07-10 11:00:00,0.9957993607897682,0.9698005329536448,0.9984421542650084,0.9770196126038392
2012-07-10 12:00:00,0.9957993607897682,0.9709348564567127,0.9983593522883049,0.9770196126038392
2012-07-10 13:00:00,0.9965796149058438,0.9763078828422959,0.9985440968750129,0.9772753373754649
2012-07-11 07:00:00,0.9973912934309581,0.9805043868954479,0.9988035114048607,0.9772753373754649
2012-07-11 08:00:00,0.9967555086039853,0.9805043868954483,0.9988035114048607,0.9767895509108179
2012-07-11 09:00:00,0.9965796149058436,0.984016138020946,0.9988035114048607,0.9747450818496899
2012-07-11 10:00:00,0.9967555086039853,0.9864992619400894,0.9990574494317577,0.9747450818496899
2012-07-11 11:00:00,0.9954228089233634,0.9853649384370214,0.9988436659257156,0.9730485366418368
2012-07-11 12:00:00,0.993748325329265,0.9816534188710185,0.9986779914775203,0.9687661210588427
2012-07-11 13:00:00,0.9935724316311232,0.9833893744391001,0.9987246838771243,0.967046256541749
2012-07-12 07:00:00,0.9937650892378392,0.9833893744391001,0.9988149317331173,0.9684736408006148
2012-07-12 08:00:00,0.9939673875731667,0.9816534188710185,0.9989840984069723,0.9684736408006148
2012-07-12 09:00:00,0.9943271755309968,0.9778535710531947,0.9987703149009304,0.9704558625508556
2012-07-12 10:00:00,0.9943271755309968,0.9833010461872795,0.9986779914775202,0.9704558625508556
2012-07-12 11:00:00,0.9943271755309967,0.9833010461872795,0.9985440968750129,0.9713029174940622
2012-07-12 12:00:00,0.9943271755309967,0.9798282794059989,0.9985440968750129,0.9713029174940622
2012-07-12 13:00:00,0.995799360789768,0.9806504037467692,0.9984496001442978,0.9704558625508556
2012-07-13 07:00:00,0.9957993607897682,0.9850370017553611,0.9985440968750128,0.9711696860834864
2012-07-13 08:00:00,0.995799360789768,0.9850370017553611,0.9983593522883049,0.9697055463380182
2012-07-13 09:00:00,0.9947037273974013,0.980503357848588,0.9981500310935951,0.9697055463380182
2012-07-13 10:00:00,0.9947037273974013,0.978372657058304,0.9979449895700282,0.9677556201279024
2012-07-13 11:00:00,0.9928944094974252,0.9728997320994694,0.9976130745457931,0.9642358392110651
2012-07-13 12:00:00,0.9923419639328791,0.978372657058304,0.9977978191325011,0.9642358392110651
2012-07-13 13:00:00,0.9935724316311233,0.980503357848588,0.9977978191325011,0.9647794130401218
2012-07-16 07:00:00,0.9941248771956696,0.980503357848588,0.9977978191325011,0.9650672620975532
2012-07-16 08:00:00,0.9937650892378393,0.9833893744391001,0.9978901425559111,0.9642202071543464
2012-07-16 09:00:00,0.993157178077915,0.9833893744391001,0.9981440805828078,0.9652630036254118
2012-07-16 10:00:00,0.9917428161199822,0.9833893744391001,0.9976819607895878,0.9603498202550522
2012-07-16 11:00:00,0.9937650892378393,0.9879230183458734,0.9976819607895879,0.9618139600005209
2012-07-16 12:00:00,0.9941248771956696,0.9871008940051031,0.997851127463443,0.9625277835331517
2012-07-16 13:00:00,0.9927105152377367,0.9848212957178162,0.9973040235809014,0.9586395331350572
2012-07-17 07:00:00,0.9927105152377367,0.9863905884096479,0.9977566307327278,0.9565950640739296
2012-07-17 08:00:00,0.9927105152377367,0.9863905884096481,0.997851127463443,0.9580224483327956
2012-07-17 09:00:00,0.9927105152377367,0.9901021079756511,0.9980695678797579,0.9565950640739296
2012-07-17 10:00:00,0.9927105152377367,0.9885328152838192,0.9978411765465353,0.9597028752341051
2012-07-17 11:00:00,0.9945198331377129,0.9893549396245894,0.9977955455227291,0.9597028752341051
2012-07-17 12:00:00,0.9947037273974014,0.9909242323164211,0.9980239368559517,0.9619106987308902
2012-07-17 13:00:00,0.9930967078327526,0.9863905884096481,0.9976169607279314,0.9642613310353497
2012-07-18 07:00:00,0.9943271755309968,0.9848212957178161,0.9977935732810758,0.965725470780818
2012-07-18 08:00:00,0.9941512818328552,0.9848212957178162,0.9977935732810758,0.9647237981907559
2012-07-18 09:00:00,0.9935724316311233,0.9848212957178162,0.9979741602831872,0.9657065198659778
2012-07-18 10:00:00,0.9950446168898945,0.9893549396245894,0.997881836859777,0.9678655322292371
2012-07-18 11:00:00,0.9958248710059701,0.9918059870263376,0.9979741602831872,0.9684458615448963
2012-07-18 12:00:00,0.9946848289320644,0.9918059870263376,0.9975752972999431,0.9674030650738309
2012-07-18 13:00:00,0.9950446168898945,0.9918059870263376,0.9975296662761369,0.9674030650738309
2012-07-19 07:00:00,0.9943236108696887,0.9918059870263376,0.9975296662761369,0.9661456677121432
2012-07-19 08:00:00,0.993355911751934,0.9930247081881317,0.9976199141321299,0.9666314541767902
2012-07-19 09:00:00,0.9946886114325559,0.9937718765391934,0.9976655451559359,0.9678077448648276
2012-07-19 10:00:00,0.9952965225924802,0.9960259221586797,0.9975752972999431,0.9690651422265153
2012-07-19 11:00:00,0.9946848289320642,0.9960259221586797,0.9970503346947867,0.9665348867007404
2012-07-19 12:00:00,0.9950446168898945,0.9973426460573602,0.9970503346947864,0.9668227357581717
2012-07-19 13:00:00,0.995799360789768,0.9973426460573602,0.9970503346947867,0.9672073235459723
2012-07-20 07:00:00,0.9945198331377127,0.994456629466848,0.996443456967576,0.9691895452962126
2012-07-20 08:00:00,0.9941248771956696,0.9912887526200501,0.9969133944391896,0.9706770043509222
2012-07-20 09:00:00,0.995799360789768,0.9912887526200501,0.9973044624418386,0.9732072598766972
2012-07-20 10:00:00,0.995799360789768,0.9878159858387696,0.9968697476926752,0.9729771981836755
2012-07-20 11:00:00,0.9967555086039853,0.9829875108145916,0.9967794998366822,0.9729771981836757
2012-07-20 12:00:00,0.9971320604703897,0.9815555895358755,0.9965561948839338,0.9735942829859373
2012-07-20 13:00:00,0.9971320604703897,0.9771689915272831,0.9965989128345707,0.9761313422275526
2012-07-23 07:00:00,0.9971320604703897,0.9786009128059995,0.9967794998366822,0.9771741386986182
2012-07-23 08:00:00,0.9971320604703897,0.9726381142787534,0.9965989128345707,0.9775587264864186
2012-07-23 09:00:00,0.9971320604703897,0.9672650878931702,0.9963756078818222,0.976711671543212
2012-07-23 10:00:00,0.9971320604703899,0.9700296706676065,0.9963278035507113,0.9771741386986184
2012-07-23 11:00:00,0.9965796149058438,0.973227886420416,0.9963756078818222,0.9758133701450402
2012-07-23 12:00:00,0.9956234670916265,0.9647142429720409,0.9957209258235006,0.9761426058898708
2012-07-23 13:00:00,0.9954395728319381,0.961516027219231,0.9957209258235006,0.9755255210876089
2012-07-24 07:00:00,0.995439572831938,0.9587514444447951,0.9957209258235006,0.9763725760308156
2012-07-24 08:00:00,0.9965796149058436,0.9629479484979472,0.9959442307762493,0.9759101088754094
2012-07-24 09:00:00,0.9967722725125596,0.9647142429720409,0.9963278035507113,0.9759101088754094
2012-07-24 10:00:00,0.9962198269480135,0.9636533658465484,0.9963278035507113,0.9759101088754094
2012-07-24 11:00:00,0.9965796149058436,0.9726803131081168,0.9965989128345707,0.9759101088754094
2012-07-24 12:00:00,0.9960512664923538,0.9733650660357712,0.9965989128345707,0.9759101088754093
2012-07-24 13:00:00,0.9962198269480135,0.9717174387195101,0.9963756078818222,0.9755255210876089
2012-07-25 07:00:00,0.9962198269480135,0.9739970370067971,0.9963756078818222,0.9755255210876089
2012-07-25 08:00:00,0.9948871272673916,0.9733650660357712,0.9957209258235008,0.9780625803292243
2012-07-25 09:00:00,0.994718566811732,0.9717174387195101,0.9957209258235006,0.9772155253860175
2012-07-25 10:00:00,0.9943236108696887,0.9717174387195101,0.9961044985979628,0.9743906170869708
2012-07-25 11:00:00,0.9932384921514352,0.9717174387195101,0.9957915614509327,0.9762138527959554
2012-07-25 12:00:00,0.9932384921514352,0.9717174387195101,0.9956947866008795,0.9751710563248898
2012-07-25 13:00:00,0.9913510533394556,0.9675209346663579,0.9949409389896576,0.9743240013816833
2012-07-26 07:00:00,0.9906891972228015,0.9580109139307665,0.9944363798114326,0.9734511918077958
2012-07-26 08:00:00,0.9913510533394557,0.9580109139307665,0.9941712469955136,0.9749153315532642
2012-07-26 09:00:00,0.9901205856412114,0.9520059165741573,0.9934329790448325,0.9749153315532642
2012-07-26 10:00:00,0.9906891972228012,0.9403870641305708,0.9928354278730529,0.9731587115495677
2012-07-26 11:00:00,0.9896725938661841,0.9390703402318905,0.9928354278730529,0.9711142424884399
2012-07-26 12:00:00,0.9905053029631129,0.9476622459568219,0.9932784641734127,0.9711142424884399
2012-07-26 13:00:00,0.9893128059083541,0.9476622459568221,0.9929245529128498,0.9714988302762405
2012-07-27 07:00:00,0.9877093219636267,0.9450753375884997,0.9924815166124897,0.9729262145351065
2012-07-27 08:00:00,0.9869883159434206,0.9438566164267054,0.9920384803121296,0.9712063500180124
2012-07-27 09:00:00,0.9845032086839681,0.9438566164267054,0.9912159887119938,0.9695098048101595
2012-07-27 10:00:00,0.984741244888559,0.9512719998192058,0.99105740301874,0.9695098048101595
2012-07-27 11:00:00,0.9861023023989778,0.9512719998192058,0.9910574030187398,0.9712063500180124
2012-07-27 12:00:00,0.9877093219636267,0.9512719998192058,0.9910574030187398,0.9718234348202741
2012-07-27 13:00:00,0.9877093219636267,0.9540346715805157,0.9902014499996665,0.9723670086493309
2012-07-30 07:00:00,0.9877093219636267,0.9524907209810002,0.9901620829242946,0.9717499238470692
2012-07-30 08:00:00,0.9868766128666979,0.9531754739086546,0.9909678409094101,0.9709028689038623
2012-07-30 09:00:00,0.985462250908765,0.9489789698555025,0.9900604055255751,0.9709028689038623
2012-07-30 10:00:00,0.9857365707927921,0.94639206148718,0.9892748378773437,0.9703592950748058
2012-07-30 11:00:00,0.9864877500313574,0.9457600905161542,0.9888318015769836,0.970129233381784
2012-07-30 12:00:00,0.9864877500313574,0.9457600905161542,0.9890786649188256,0.9705917005371902
2012-07-30 13:00:00,0.9847268419536276,0.9438566164267054,0.9891551561863673,0.9687684648282058
2012-07-31 07:00:00,0.9821236366863051,0.9470754957660537,0.9888318015769836,0.9701958490870718
2012-07-31 08:00:00,0.9806514514275337,0.9450753375884997,0.9890786649188258,0.9696522752580152
2012-07-31 09:00:00,0.9810852287032463,0.938483590041122,0.9891551561863671,0.9669129335790967
2012-07-31 10:00:00,0.9787349557496713,0.9364196977913799,0.9882992031672938,0.9673754007345029
2012-07-31 11:00:00,0.9757270974428746,0.9334006155985346,0.9875857936526007,0.9642947676638307
2012-07-31 12:00:00,0.9781663441680811,0.9454516418666442,0.9875857936526007,0.9642947676638305
2012-07-31 13:00:00,0.9770353241595301,0.938483590041122,0.9873140667528012,0.9642947676638305
2012-08-01 07:00:00,0.9738969825754442,0.9334006155985346,0.9866677973173595,0.9608851616547238
2012-08-01 08:00:00,0.9711686125678299,0.9248869721501594,0.9859380032924494,0.9559719782843642
2012-08-01 09:00:00,0.9706000009862398,0.9220009555596472,0.9849976550870859,0.9538129659211051
2012-08-01 10:00:00,0.9733380405594398,0.9293802755049544,0.9860451066209414,0.955240350179971
2012-08-01 11:00:00,0.9746175682114949,0.9352853742883122,0.9867428584211448,0.9562831466510365
2012-08-01 12:00:00,0.9768283555869207,0.9301846235834316,0.9874183865902629,0.9580030111681306
2012-08-01 13:00:00,0.9781893065624537,0.9301846235834316,0.9882743396093363,0.9603536434725901
2012-08-02 07:00:00,0.9777394272647579,0.9241796262268224,0.9882743396093363,0.9613363651478122
2012-08-02 08:00:00,0.977334624103442,0.9222948675370447,0.9882743396093363,0.9613363651478122
2012-08-02 09:00:00,0.9785196813808337,0.9243587597867866,0.9887567429850681,0.9613363651478122
2012-08-02 10:00:00,0.9773346241034422,0.9243587597867866,0.9889329651497621,0.9613363651478122
2012-08-02 11:00:00,0.977640034112035,0.9243587597867866,0.9891888297247116,0.9604893102046055
2012-08-02 12:00:00,0.9768145349278906,0.9202971600012213,0.9892599042130806,0.9594465137335401
2012-08-02 13:00:00,0.9776264092576424,0.9348325368772505,0.9894273112754187,0.958019129474674
2012-08-03 07:00:00,0.9776264092576424,0.9444512311432832,0.9894273112754187,0.958019129474674
2012-08-03 08:00:00,0.9753840016685407,0.944451231143283,0.9890564188227189,0.9571720745314672
2012-08-03 09:00:00,0.9768145349278906,0.9534753106927378,0.989259904213081,0.9553488388224829
2012-08-03 10:00:00,0.9753840016685407,0.9541072816637637,0.9890564188227187,0.9535256031134987
2012-08-03 11:00:00,0.974260721353066,0.9615226650562642,0.9896933370698703,0.9535256031134987
2012-08-03 12:00:00,0.9737747589345535,0.9608906940852383,0.9890564188227187,0.950115997104392
2012-08-03 13:00:00,0.9718582632566909,0.9643381187742027,0.9888351696211867,0.9488040396843395
2012-08-06 07:00:00,0.9709101913728714,0.9622074179839186,0.9888703923436368,0.9470841751672453
2012-08-06 08:00:00,0.9687407633812612,0.9573789429597407,0.9881792082406934,0.9421709917968859
2012-08-06 09:00:00,0.9652137504933732,0.9566941900320861,0.9870945783847519,0.939240030176767
2012-08-06 10:00:00,0.9634848559284955,0.9534753106927378,0.9868733291832198,0.9384663946546887
2012-08-06 11:00:00,0.9652137504933733,0.9573789429597407,0.9865119999826335,0.938137158909858
2012-08-06 12:00:00,0.9636378180934381,0.9608906940852385,0.9872195906335265,0.9411621771311643
2012-08-06 13:00:00,0.9636378180934381,0.9573789429597407,0.9877797759611331,0.9411621771311643
2012-08-07 07:00:00,0.9604013516536046,0.9547920345914183,0.9877797759611331,0.9404483535985331
2012-08-07 08:00:00,0.9604013516536046,0.9573789429597407,0.987779775961133,0.9402715040584763
2012-08-07 09:00:00,0.9627206020536747,0.9531754739086546,0.9886569865431585,0.939691174742817
2012-08-07 10:00:00,0.9632065644721872,0.9531754739086546,0.9882591075424833,0.9402347485718738
2012-08-07 11:00:00,0.9642736029204109,0.9559381456699645,0.9879935594671749,0.941585939728353
2012-08-07 12:00:00,0.9641237805119506,0.9559381456699645,0.9879935594671749,0.9443252814072716
2012-08-07 13:00:00,0.9641237805119506,0.9559381456699645,0.9879935594671749,0.94578942115274
2012-08-08 07:00:00,0.9669883480736327,0.9613856208040492,0.9888707700492007,0.9472168054116058
2012-08-08 08:00:00,0.9705781208650451,0.9697855939082873,0.9899553999051417,0.9517292826876217
2012-08-08 09:00:00,0.9741051337529333,0.9782992373566627,0.9906392295048719,0.9542918337535216
2012-08-08 10:00:00,0.9744225357157862,0.9782992373566627,0.991073944254035,0.9560484537572181
2012-08-08 11:00:00,0.9769264943732019,0.9811852539471748,0.9914621742311052,0.9563776895020486
2012-08-08 12:00:00,0.9769264943732019,0.9824039751089692,0.991073944254035,0.9523509986906802
2012-08-08 13:00:00,0.974422535715786,0.9805005010195204,0.9900835924654641,0.9483243078793119
2012-08-09 07:00:00,0.9712009328364909,0.9811852539471748,0.989340707520814,0.9400502707063327
2012-08-09 08:00:00,0.9700972733525386,0.9811852539471748,0.9888707700492004,0.939203215763126
2012-08-09 09:00:00,0.9683363652748087,0.9798685300484944,0.989340707520814,0.9322803697466263
2012-08-09 10:00:00,0.9635239664350399,0.9758481899549146,0.9889989626095225,0.9305605052295324
2012-08-09 11:00:00,0.9635239664350399,0.9758481899549146,0.9884282742163384,0.9314333148034197
2012-08-09 12:00:00,0.9665075005611262,0.9798685300484944,0.9889989626095225,0.9339607966479362
2012-08-09 13:00:00,0.9665075005611262,0.9798685300484944,0.989269633032445,0.9352181940096239
2012-08-10 07:00:00,0.9665075005611262,0.9798685300484944,0.9893407075208142,0.9346378646939647
2012-08-10 08:00:00,0.9652848745127699,0.9758481899549145,0.9881952322240268,0.9321008054523493
2012-08-10 09:00:00,0.964967472549917,0.9697855939082873,0.9881952322240268,0.9315232498179487
2012-08-10 10:00:00,0.9663519129609935,0.9704175648793134,0.9881952322240268,0.9302658524562606
2012-08-10 11:00:00,0.9611344093735987,0.9681379665920263,0.9872481835461338,0.9277355969304858
2012-08-10 12:00:00,0.9606671850022857,0.9704175648793134,0.9870790168722787,0.9265080597874833
2012-08-10 13:00:00,0.9606671850022859,0.9681379665920266,0.9869392983949955,0.926178824042653
2012-08-13 07:00:00,0.9611344093735988,0.9674532136643721,0.9874778798555233,0.9264345488142783
2012-08-13 08:00:00,0.9611344093735988,0.9704175648793134,0.987248183546134,0.9243900797531507
2012-08-13 09:00:00,0.9580353086668139,0.9681379665920263,0.9862113326294228,0.9226935345452978
2012-08-13 10:00:00,0.9621857738059849,0.9771649138535949,0.9870150630149185,0.9236952071353598
2012-08-13 11:00:00,0.9620239594432648,0.9758481899549145,0.9873702792516484,0.9248714978233971
2012-08-13 12:00:00,0.9620239594432648,0.9728838387399733,0.9873702792516484,0.9248714978233973
2012-08-13 13:00:00,0.9618683718431321,0.9758481899549145,0.9873702792516484,0.9254885826256589
2012-08-14 07:00:00,0.9649674725499172,0.9774174826467463,0.9884071301683596,0.9258731704134594
2012-08-14 08:00:00,0.964967472549917,0.9766703142956848,0.988322584354552,0.9258731704134594
2012-08-14 09:00:00,0.9649674725499172,0.9798685300484944,0.9892696330324448,0.9268748430035216
2012-08-14 10:00:00,0.964967472549917,0.9719024599124186,0.9893541788462524,0.9268748430035216
2012-08-14 11:00:00,0.966159969604676,0.9738059340018673,0.9901047681191558,0.9278575646787436
2012-08-14 12:00:00,0.9709723684444448,0.9817720041379431,0.9911893979750972,0.9340665871626123
2012-08-14 13:00:00,0.9673825956530323,0.9798685300484945,0.9911893979750972,0.9346469164782715
2012-08-15 07:00:00,0.966159969604676,0.9763957632672139,0.9910446400411067,0.9343590674208404
2012-08-15 08:00:00,0.9643316877229441,0.9763957632672141,0.9914282128155688,0.9349761522231022
2012-08-15 09:00:00,0.9656927452333631,0.9782992373566627,0.9918499700170903,0.9353053879679326
2012-08-15 10:00:00,0.9647365974191457,0.9776144844290082,0.9920509035119869,0.9364082592348417
2012-08-15 11:00:00,0.9664654919840234,0.9805005010195204,0.9920509035119869,0.9359457920794354
2012-08-15 12:00:00,0.961247988396629,0.9764801609259404,0.9920509035119869,0.9341891720757389
2012-08-15 13:00:00,0.960328248702404,0.9776144844290082,0.9920090756488165,0.9338599363309082
2012-08-16 07:00:00,0.960328248702404,0.9782992373566627,0.9920090756488165,0.9335307005860779
2012-08-16 08:00:00,0.9649124911172875,0.9848909849040401,0.9926929052485464,0.9360677598276931
2012-08-16 09:00:00,0.9638168577249207,0.9848909849040401,0.9928134009583056,0.942990605844193
2012-08-16 10:00:00,0.9655457522897984,0.9877770014945525,0.9929994274373877,0.9445059920446266
2012-08-16 11:00:00,0.9664654919840234,0.9838358963876852,0.9921564922059315,0.946329227753611
2012-08-16 12:00:00,0.9649124911172874,0.9764565764423778,0.9911070850724403,0.946329227753611
2012-08-16 13:00:00,0.9664654919840237,0.9764565764423778,0.9911070850724404,0.9460413786961797
2012-08-17 07:00:00,0.9682134452178537,0.9764565764423778,0.9918257099612121,0.9497802204501171
2012-08-17 08:00:00,0.9678689910640523,0.9764565764423778,0.9918675378243825,0.9500359452217426
2012-08-17 09:00:00,0.9678689910640523,0.9745531023529291,0.9917201212672674,0.9508435625491648
2012-08-17 10:00:00,0.9681744010726452,0.975185073323955,0.9918406169770269,0.9502999887201081
2012-08-17 11:00:00,0.9703631792748509,0.9744379049728933,0.9922836532773868,0.9533806217907803
2012-08-17 12:00:00,0.9739529520662634,0.9824039751089692,0.993333060410878,0.9576630373737743
2012-08-17 13:00:00,0.9746286288419473,0.9824039751089692,0.9925901754662282,0.9625762207441337
2012-08-20 07:00:00,0.9754403073670619,0.9824039751089692,0.9925090468318405,0.9632900442767648
2012-08-20 08:00:00,0.9754403073670619,0.983035946079995,0.9930926544017931,0.9653345133378927
2012-08-20 09:00:00,0.9785000958836371,0.9884089724655781,0.9938355393464428,0.9667618975967587
2012-08-20 10:00:00,0.9781556417298356,0.9884089724655781,0.9935226021994128,0.9676089525399653
2012-08-20 11:00:00,0.9798931445717735,0.9884089724655781,0.9937937114832722,0.968226037342227
2012-08-20 12:00:00,0.9826155186022578,0.9926054765187304,0.9947117078185137,0.970433860839012
2012-08-20 13:00:00,0.9843054806268134,0.9957733533655283,0.9947117078185137,0.9722570965479964
2012-08-21 07:00:00,0.9867447273520201,0.9980273989850145,0.9953381698350189,0.9736844808068624
2012-08-21 08:00:00,0.9873133389336103,0.9973426460573602,0.9954611263325772,0.9744649200447811
2012-08-21 09:00:00,0.9855359483250579,0.9973426460573602,0.9950670605511595,0.9736178651015744
2012-08-21 10:00:00,0.9860883938896039,0.9950886004378738,0.995338169835019,0.9750820048470429
2012-08-21 11:00:00,0.9863723487568561,0.9912887526200502,0.9955769846754904,0.976778550054896
2012-08-21 12:00:00,0.9873679215416592,0.9912887526200502,0.9952156554749041,0.9764493143100654
2012-08-21 13:00:00,0.9891453121502117,0.9912887526200502,0.9958002896282389,0.9779134540555339
2012-08-22 07:00:00,0.9892897814393145,0.9878159858387696,0.9955351568123199,0.9804437095813089
2012-08-22 08:00:00,0.990101459964429,0.9895519414068513,0.994788199086055,0.9800591217935085
2012-08-22 09:00:00,0.990101459964429,0.9895519414068513,0.9945066662949466,0.9803883575383389
2012-08-22 10:00:00,0.990101459964429,0.9895519414068513,0.9942782749617239,0.9796745340057079
2012-08-22 11:00:00,0.9891453121502117,0.9895519414068513,0.9933602786264828,0.979057449203446
2012-08-22 12:00:00,0.9916090318393845,0.9930247081881319,0.9939595624124052,0.980484833462312
2012-08-22 13:00:00,0.9920949942578972,0.994456629466848,0.9936822005602404,0.9813318884055188
2012-08-23 07:00:00,0.9920949942578972,0.9952787538076182,0.9934385491147065,0.9820457119381497
2012-08-23 08:00:00,0.9920949942578972,0.9952787538076182,0.9934385491147065,0.9825892857672065
2012-08-23 09:00:00,0.9920949942578972,0.9952787538076182,0.9934385491147065,0.9820457119381496
2012-08-23 10:00:00,0.9919110999982086,0.9960259221586797,0.9934385491147065,0.9816611241503493
2012-08-23 11:00:00,0.9926012627744186,0.99734264605736,0.9934385491147065,0.9811986569949431
2012-08-23 12:00:00,0.9946675808607413,0.99734264605736,0.99393681857089,0.982456054356631
2012-08-23 13:00:00,0.9946675808607415,0.9960259221586797,0.9934837417574266,0.9833031092998376
2012-08-24 07:00:00,0.9946675808607415,0.9980898144084217,0.9926602927636202,0.9825892857672065
2012-08-24 08:00:00,0.9936720080759384,0.99734264605736,0.992216812948189,0.9822046979794059
2012-08-24 09:00:00,0.9919110999982086,0.9960259221586797,0.9916720992491093,0.9791240649087337
2012-08-24 10:00:00,0.9919110999982086,0.9980898144084218,0.990754102913868,0.9787394771209331
2012-08-24 11:00:00,0.9919110999982086,0.99734264605736,0.9905645611253334,0.98049609712463
2012-08-24 12:00:00,0.9923783243695218,0.9950886004378738,0.9905645611253334,0.9816723878126672
2012-08-24 13:00:00,0.9915666458444071,0.99652052171659,0.9905287093594144,0.9804960971246298
2012-08-27 07:00:00,0.9912492438815547,0.994456629466848,0.990754102913868,0.9808253328694605
2012-08-27 08:00:00,0.9922448166663576,0.9930247081881319,0.9904748030339101,0.9813689066985172
2012-08-27 09:00:00,0.9941613123442199,0.9912887526200501,0.9909992475622451,0.9803261102274518
2012-08-27 10:00:00,0.994823168460874,0.9922025838473617,0.9914518547140715,0.9807106980152521
2012-08-27 11:00:00,0.9949849828235943,0.9928345548183876,0.9914518547140714,0.9818869887032895
2012-08-27 12:00:00,0.9946675808607416,0.9950886004378738,0.9914518547140714,0.9818869887032895
2012-08-27 13:00:00,0.995153543279254,0.9973426460573602,0.9908817791619305,0.9821748377607207
2012-08-28 07:00:00,0.995153543279254,0.9960259221586797,0.9898438820409232,0.9825594255485213
2012-08-28 08:00:00,0.9948361413164013,0.9952037978179096,0.989364550459573,0.9825594255485213
2012-08-28 09:00:00,0.995153543279254,0.9937718765391934,0.9894782214853247,0.9805149564873935
2012-08-28 10:00:00,0.993554449564244,0.9911212340986831,0.9887804696851213,0.9798011329547625
2012-08-28 11:00:00,0.9932240747458643,0.9861870627777917,0.987643321405888,0.9808028055448246
2012-08-28 12:00:00,0.9932240747458643,0.9861870627777917,0.987422072204356,0.9810906546022559
2012-08-28 13:00:00,0.9932240747458643,0.9861870627777917,0.9867851539572046,0.9814198903470863
2012-08-29 07:00:00,0.9937303432623857,0.9861870627777917,0.986370326363948,0.979955750601618
2012-08-29 08:00:00,0.993554449564244,0.9893549396245894,0.9855449534883581,0.9799557506016179
2012-08-29 09:00:00,0.9930684871457317,0.9918059870263376,0.9852890889134088,0.9789540780115558
2012-08-29 10:00:00,0.9923783243695218,0.9911212340986831,0.9854392636265716,0.9786662289541246
2012-08-29 11:00:00,0.9925622186292102,0.9925531553773993,0.9861370154267752,0.9774088315924366
2012-08-29 12:00:00,0.9929066727830117,0.9933752797181695,0.9864621949643981,0.9770795958476062
2012-08-29 13:00:00,0.9935685288996657,0.9925531553773993,0.9872506579490371,0.9777934193802372
2012-08-30 07:00:00,0.9935685288996657,0.9933003237284609,0.9874556994726043,0.9777934193802372
2012-08-30 08:00:00,0.9938989037180455,0.9952037978179096,0.9879767127703025,0.977793419380237
2012-08-30 09:00:00,0.9956598117957755,0.9980898144084218,0.9893166399496928,0.9755855958834522
2012-08-30 10:00:00,0.9954979974330554,0.9973426460573602,0.9891115984261258,0.973762360174468
2012-08-30 11:00:00,0.9938989037180457,0.9952787538076182,0.9891115984261258,0.9720057401707713
2012-08-30 12:00:00,0.9920468776892885,0.9960259221586797,0.9888903492245937,0.9685961341616648
2012-08-30 13:00:00,0.9920468776892885,0.9960259221586797,0.9886129873724291,0.9682668984168343
2012-08-31 07:00:00,0.9917165028709087,0.9960259221586797,0.9872384448196215,0.9682668984168343
2012-08-31 08:00:00,0.9910546467542546,0.9937718765391934,0.9860119158774059,0.9670095010551463
2012-08-31 09:00:00,0.9905483782377331,0.991121234098683,0.9858068743538387,0.9655453613096778
2012-08-31 10:00:00,0.9905483782377331,0.9871008940051031,0.9852356660221826,0.9661624461119398
2012-08-31 11:00:00,0.9905483782377331,0.9877856469327575,0.9836861388406378,0.9655453613096778
2012-08-31 12:00:00,0.9927178062293428,0.9918059870263375,0.984697084561655,0.96862599438035
2012-08-31 13:00:00,0.9932240747458643,0.9918059870263375,0.9843616920572847,0.9693398179129811
2012-09-04 07:00:00,0.9932240747458643,0.9877856469327575,0.98432381071171,0.9703414905030433
2012-09-04 08:00:00,0.9930684871457317,0.9832520030259844,0.9835732214388067,0.9703414905030433
2012-09-04 09:00:00,0.99256221862921,0.9800841261791866,0.9819902328383243,0.9681336670062586
2012-09-04 10:00:00,0.9918720558530002,0.9769162493323887,0.9817029346462762,0.9675900931772018
2012-09-04 11:00:00,0.9908764830681972,0.9699570735179266,0.981876114542497,0.9678779422346331
2012-09-04 12:00:00,0.9908764830681974,0.9639520761613176,0.9802187536673116,0.9684215160636899
2012-09-04 13:00:00,0.9915666458444072,0.9662061217808038,0.9802187536673116,0.9689650898927467
2012-09-05 07:00:00,0.9915666458444072,0.9721366703889117,0.9802187536673116,0.9693496776805473
2012-09-05 08:00:00,0.9908764830681974,0.9689687935421137,0.9802187536673116,0.9698121448359533
2012-09-05 09:00:00,0.9910263054766576,0.9677500723803193,0.9800126609495625,0.9723492040775686
2012-09-05 10:00:00,0.9910263054766575,0.963553568327167,0.980049840707773,0.9714763945036814
2012-09-05 11:00:00,0.9910263054766576,0.9540435475915758,0.9802924371129329,0.9700490102448154
2012-09-05 12:00:00,0.9898380750851387,0.9522772531174821,0.9800126609495625,0.9694319254425535
2012-09-05 13:00:00,0.9875188246850685,0.955039924878792,0.980049840707773,0.9672241019457689
2012-09-06 07:00:00,0.9847852862622987,0.955039924878792,0.980049840707773,0.9682668984168343
2012-09-06 08:00:00,0.9834525865816769,0.9521539082882797,0.980049840707773,0.9667794393621247
2012-09-06 09:00:00,0.9822118802632909,0.9511575310010637,0.980049840707773,0.9657777667720624
2012-09-06 10:00:00,0.9808213515364445,0.9395386785574771,0.980049840707773,0.9661070025168931
2012-09-06 11:00:00,0.9808213515364445,0.9327197485468077,0.9802924371129329,0.9668806380389716
2012-09-06 12:00:00,0.9806818659582951,0.932719748546808,0.9798489572975018,0.9648361689778437
2012-09-06 13:00:00,0.9806818659582951,0.9327197485468077,0.9788015057636461,0.9645483199204123
2012-09-07 07:00:00,0.9816674511472347,0.941751692622072,0.9788015057636461,0.9659757041792784
2012-09-07 08:00:00,0.9832709350919622,0.9485706226327413,0.979171302133456,0.966360291967079
2012-09-07 09:00:00,0.9828521459188322,0.9395465430832864,0.9782383179281094,0.9673619645571413
2012-09-07 10:00:00,0.9828521459188324,0.9365195963646316,0.9775740352561324,0.9679422938728005
2012-09-07 11:00:00,0.9840928522372182,0.9387736419841178,0.9775740352561324,0.9683268816606009
2012-09-07 12:00:00,0.9845116414103482,0.9406584006738954,0.9775740352561324,0.9689439664628628
2012-09-07 13:00:00,0.9868308918104183,0.9508246682522276,0.9790238855763408,0.9706638309799568
2012-09-10 07:00:00,0.9877137121933444,0.951571836603289,0.9794586003255044,0.9712809157822185
2012-09-10 08:00:00,0.9893881957874429,0.9589872199957896,0.9802999591416107,0.9722825883722809
2012-09-10 09:00:00,0.9895437833875755,0.9624346446847538,0.9803750202453959,0.9737467281177493
2012-09-10 10:00:00,0.9889544185117304,0.962434644684754,0.980617616650556,0.9709218198187026
2012-09-10 11:00:00,0.9882302193300074,0.9608906940852383,0.9790562015391513,0.9700490102448154
2012-09-10 12:00:00,0.9882302193300074,0.9633738180043816,0.9794444315162212,0.9705114774002216
2012-09-10 13:00:00,0.9898372388946564,0.9608906940852385,0.9800164743956863,0.9708407131450522
2012-09-11 07:00:00,0.9898372388946564,0.9512719998192058,0.9797317297082695,0.9696644224570148
2012-09-11 08:00:00,0.9878233985031789,0.9512719998192058,0.9798432944994657,0.969047337654753
2012-09-11 09:00:00,0.9862163789385302,0.9512719998192058,0.9790562015391513,0.9685037638256964
2012-09-11 10:00:00,0.9851998821167984,0.9492718416416519,0.9789087849820359,0.9670163047709868
2012-09-11 11:00:00,0.9858900448930084,0.9510077972097336,0.9797317297082695,0.9677301283036179
2012-09-11 12:00:00,0.9860827024997243,0.9556585978277979,0.9802601258412201,0.9665538376155806
2012-09-11 13:00:00,0.9866110509132143,0.9585446144183101,0.9806391650921045,0.9665538376155806
2012-09-12 07:00:00,0.9879347285284815,0.966259834594894,0.9823402986807924,0.9668830733604112
2012-09-12 08:00:00,0.9879347285284815,0.9697072592838583,0.9825453402043596,0.9668830733604112
2012-09-12 09:00:00,0.9879347285284815,0.9734187788498612,0.9825453402043596,0.9668830733604112
2012-09-12 10:00:00,0.9860827024997245,0.9741035317775159,0.9823402986807924,0.9611365180319487
2012-09-12 11:00:00,0.9842187953325214,0.9711391805625743,0.9823402986807924,0.9600336467650398
2012-09-12 12:00:00,0.9827847610301892,0.9669445875225484,0.9824101367766599,0.9578746344017804
2012-09-12 13:00:00,0.9829533214858491,0.966259834594894,0.9807430318034688,0.9568729618117181
2012-09-13 07:00:00,0.9822323154656433,0.9669445875225484,0.9804557336114207,0.9568729618117183
2012-09-13 08:00:00,0.9829533214858489,0.9676917558736101,0.9804557336114207,0.9568729618117181
2012-09-13 09:00:00,0.9842187953325213,0.9669445875225484,0.9800859372416107,0.9583371015571867
2012-09-13 10:00:00,0.9842187953325213,0.9655126662438323,0.9799820705302466,0.9596978701107649
2012-09-13 11:00:00,0.9842187953325213,0.963258620624346,0.9801582926949408,0.9584404727490771
2012-09-13 12:00:00,0.982232315465643,0.9577856956655114,0.97848070070231,0.9571285153290243
2012-09-13 13:00:00,0.9787260302922128,0.9509667656548422,0.9779205153747036,0.9552403501799711
2012-09-14 07:00:00,0.9787260302922128,0.9419348215795781,0.9770465414098058,0.9559352227977619
2012-09-14 08:00:00,0.9808314767234951,0.9441888671990644,0.9774991485616322,0.9574388001590147
2012-09-14 09:00:00,0.980831476723495,0.9441888671990644,0.9774991485616322,0.9578233879468153
2012-09-14 10:00:00,0.980831476723495,0.9441888671990644,0.9774991485616322,0.9578233879468153
2012-09-14 11:00:00,0.980110470703289,0.9419348215795781,0.9774991485616322,0.9564626193932371
2012-09-14 12:00:00,0.980110470703289,0.9457346693974017,0.9783044785376157,0.9568472071810373
2012-09-14 13:00:00,0.9790253519850357,0.9457346693974017,0.97848070070231,0.9568472071810374
2012-09-17 07:00:00,0.9776409115739595,0.9457346693974017,0.97837312252653,0.9568472071810374
2012-09-17 08:00:00,0.9765046520005453,0.9487537515902472,0.9783044785376157,0.9525647915980434
2012-09-17 09:00:00,0.9752639456821592,0.9487537515902472,0.9784807007023099,0.9480523143220279
2012-09-17 10:00:00,0.9713529706456224,0.9346289213359118,0.97837312252653,0.9458933019587685
2012-09-17 11:00:00,0.9700580100566761,0.9273994447035486,0.97837312252653,0.9440051368097152
2012-09-17 12:00:00,0.9700580100566761,0.9273994447035486,0.9777442932100092,0.9419401221206052
2012-09-17 13:00:00,0.9687599361205418,0.9308290735180883,0.9777442932100092,0.9404526630658956
2012-09-18 07:00:00,0.9671738216634715,0.9346289213359118,0.9781597206036251,0.9408372508536962
2012-09-18 08:00:00,0.9671738216634715,0.937514937926424,0.9781597206036251,0.9438622690750025
2012-09-18 09:00:00,0.9657201601272045,0.9405340201192695,0.9777442932100092,0.9372686588033332
2012-09-18 10:00:00,0.9637966311840438,0.9419659413979857,0.9785667848101451,0.9338590527942265
2012-09-18 11:00:00,0.9615049323287657,0.9419659413979857,0.9791269701377516,0.9272654425225575
2012-09-18 12:00:00,0.9573544671895945,0.9405340201192696,0.9785667848101451,0.9262226460514918
2012-09-18 13:00:00,0.9615049323287657,0.9516397681807596,0.9795257519140045,0.9262226460514918
2012-09-19 07:00:00,0.9640405992360978,0.953893813800246,0.9799411793076201,0.925375591108285
2012-09-19 08:00:00,0.9640405992360978,0.9553257350789617,0.9806950269188419,0.9275834146050701
2012-09-19 09:00:00,0.9676303720275103,0.9669445875225484,0.9806950269188419,0.9279680023928705
2012-09-19 10:00:00,0.9672151184743021,0.9676917558736101,0.9806950269188419,0.9272541788602394
2012-09-19 11:00:00,0.9621747974938106,0.9637881236066074,0.9805911602074777,0.9250463553634546
2012-09-19 12:00:00,0.9617075731224975,0.9637881236066074,0.9804437436503625,0.9232897353597582
2012-09-19 13:00:00,0.9638482840877864,0.9630409552555456,0.981026941943077,0.9243926066266672
2012-09-20 07:00:00,0.9627031459073004,0.9630409552555456,0.9809230752317128,0.9240633708818365
2012-09-20 08:00:00,0.9617075731224975,0.9669445875225482,0.9807370487526307,0.922575911827127
2012-09-20 09:00:00,0.9621747974938107,0.9711391805625743,0.9809230752317128,0.920416899463868
2012-09-20 10:00:00,0.9566200535924309,0.9711391805625743,0.9803064155200608,0.9192425578474456
2012-09-20 11:00:00,0.9554318232009118,0.9711391805625743,0.9804437436503625,0.9189547087900144
2012-09-20 12:00:00,0.9569916895632531,0.9634239603859904,0.9805911602074777,0.9180682162310232
2012-09-20 13:00:00,0.9569916895632531,0.9627392074583362,0.9804437436503625,0.9209991778511419
2012-09-21 07:00:00,0.9578745099461792,0.9657035586732774,0.981026941943077,0.922502755212395
2012-09-21 08:00:00,0.9578745099461792,0.9619920391072744,0.9809230752317128,0.9207461352086983
2012-09-21 09:00:00,0.9559017587753446,0.9606753152085941,0.9807370487526309,0.9192819954632299
2012-09-21 10:00:00,0.9514565875880658,0.9613072861796199,0.9802044503429411,0.9143688120928705
2012-09-21 11:00:00,0.9529794594612048,0.952265430367872,0.9807370487526307,0.9121609885960856
2012-09-21 12:00:00,0.9551201704264936,0.952265430367872,0.9811717635017942,0.912934624118164
2012-09-21 13:00:00,0.9541195015351104,0.9480708373278461,0.9808090418170389,0.913821116677155
2012-09-24 07:00:00,0.9523978208100491,0.9448519579884979,0.9808090418170389,0.9132884521519433
2012-09-24 08:00:00,0.9535078078746946,0.9474388663568203,0.9800904169282673,0.9140302028302986
2012-09-24 09:00:00,0.9551201704264936,0.9502015381181302,0.97863821849009,0.9142070523703556
2012-09-24 10:00:00,0.957756436991683,0.9502015381181302,0.9789221286296983,0.9144949014277867
2012-09-24 11:00:00,0.9582063162893787,0.9481376458683882,0.979245483239082,0.91364784648458
2012-09-24 12:00:00,0.9577564369916829,0.9481376458683883,0.9792454832390821,0.9148241371726171
2012-09-24 13:00:00,0.9569646315720701,0.9502015381181301,0.979245483239082,0.9130675171689207
2012-09-25 07:00:00,0.9533106745380844,0.9539130576841335,0.9800177798052598,0.9144949014277867
2012-09-25 08:00:00,0.957756436991683,0.9661531292486908,0.9816953717978909,0.9217055965017177
2012-09-25 09:00:00,0.9594853315565607,0.965405960897629,0.9819440600679723,0.9220348322465481
2012-09-25 10:00:00,0.9587125848059003,0.9629549134958809,0.9818043415906891,0.9217469831891171
2012-09-25 11:00:00,0.957756436991683,0.9594821467146005,0.9816147998021544,0.9220348322465481
2012-09-25 12:00:00,0.9594853315565609,0.949693122551791,0.9821097345161676,0.9228084677686265
2012-09-25 13:00:00,0.9587125848059003,0.9467287713368496,0.9819700160388843,0.9236949603276176
2012-09-26 07:00:00,0.9581008911454845,0.941794600015958,0.981740319729495,0.9241807467922648
2012-09-26 08:00:00,0.9596538920122204,0.9424793529436124,0.9821925364928712,0.9250672393512559
2012-09-26 09:00:00,0.9601681866203274,0.9424793529436124,0.9821925364928712,0.9260689119413182
2012-09-26 10:00:00,0.9609193658588928,0.9442456474177063,0.9807804925755487,0.9231379503211994
2012-09-26 11:00:00,0.9596538920122204,0.9447589512308995,0.9803282758121725,0.9220350790542904
2012-09-26 12:00:00,0.9596538920122204,0.9479268280776972,0.9809118833821249,0.9237916990579871
2012-09-26 13:00:00,0.9594853315565607,0.9447589512308995,0.9809118833821249,0.9230778755253558
2012-09-27 07:00:00,0.9594853315565607,0.9424793529436124,0.9810516018594081,0.9249660406744092
2012-09-27 08:00:00,0.9594853315565607,0.9447589512308995,0.9806575360779903,0.9230778755253557
2012-09-27 09:00:00,0.9594853315565607,0.9479268280776972,0.9808859274112128,0.9234624633131562
2012-09-27 10:00:00,0.963424234227318,0.960166899642255,0.9819440600679723,0.9260250143790562
2012-09-27 11:00:00,0.9626324288077052,0.9613856208040492,0.9819440600679723,0.9253111908464251
2012-09-27 12:00:00,0.9609035342428275,0.9619331941163487,0.9819440600679723,0.9230109970136718
2012-09-27 13:00:00,0.9580424697406336,0.960166899642255,0.9818043415906891,0.9192995961556341
2012-09-28 07:00:00,0.9521467503642755,0.960166899642255,0.9812322987112237,0.9110255589826554
2012-09-28 08:00:00,0.9513955711257105,0.960166899642255,0.9812322987112237,0.9110255589826554
2012-09-28 09:00:00,0.9530079336775096,0.960166899642255,0.9812322987112237,0.9104480033482547
2012-09-28 10:00:00,0.9530079336775096,0.9552327283213634,0.9812322987112237,0.9110650881505165
2012-09-28 11:00:00,0.9523177709012995,0.9552327283213634,0.979740733197675,0.9083734112620454
2012-09-28 12:00:00,0.9514565875880658,0.9552327283213634,0.9778092263579587,0.9124258567040947
2012-09-28 13:00:00,0.9529794594612045,0.960166899642255,0.9779493541124799,0.9141457212211886
2012-10-01 07:00:00,0.9588751788375625,0.9678821198188386,0.9790911606644946,0.918033971619283
2012-10-01 08:00:00,0.9602133714666177,0.9703331672205868,0.9787136146164536,0.9249568176357827
2012-10-01 09:00:00,0.9593250581352581,0.9703331672205868,0.97784256188666,0.9226566238030294
2012-10-01 10:00:00,0.9534293387589003,0.9703331672205869,0.9774606545737178,0.9213054326465504
2012-10-01 11:00:00,0.9520966390782785,0.9703331672205869,0.9777309970954637,0.9218490064756071
2012-10-01 12:00:00,0.9579923584546364,0.9763957632672139,0.9793727373221756,0.9249568176357827
2012-10-01 13:00:00,0.9602133714666174,0.9739126393480706,0.9797116734482498,0.9324232374813393
2012-10-02 07:00:00,0.9602133714666174,0.9714615919463222,0.9799501480891489,0.9349507193258556
2012-10-02 08:00:00,0.9602133714666174,0.9679498408208245,0.9801003228023116,0.9372509131586091
2012-10-02 09:00:00,0.9602133714666177,0.9654987934190764,0.9793727373221754,0.9369951883869834
2012-10-02 10:00:00,0.9602133714666174,0.9654987934190764,0.9786899641993229,0.9367073393295523
2012-10-02 11:00:00,0.9591749634835589,0.9587514444447951,0.9782657257516775,0.9328190889314578
2012-10-02 12:00:00,0.9563138989813651,0.9550399248787921,0.9779953832299315,0.9320454534093793
2012-10-02 13:00:00,0.9558801217056525,0.9473873002059219,0.9778838184387352,0.9314283686071175
2012-10-03 07:00:00,0.9563138989813651,0.9383553561306578,0.9772611277423172,0.9314283686071175
2012-10-03 08:00:00,0.9579923584546364,0.9414743368967547,0.9774117756599793,0.9292205451103328
2012-10-03 09:00:00,0.9633254286227299,0.9521539082882797,0.9792435332931299,0.9312650141714606
2012-10-03 10:00:00,0.9646581283033516,0.956687552195053,0.9800656155039813,0.9295083941677641
2012-10-03 11:00:00,0.9633199356742966,0.9521539082882797,0.9800656155039813,0.9282509968060761
2012-10-03 12:00:00,0.9649234196190241,0.9586300106287189,0.9800656155039813,0.9303160114951863
2012-10-03 13:00:00,0.9683513780477163,0.9671436540770941,0.9800656155039813,0.9322659377053021
2012-10-04 07:00:00,0.9729111735560666,0.9731486514337033,0.9800656155039813,0.940363125338224
2012-10-04 08:00:00,0.974295613967143,0.9742829749367711,0.9795556913796503,0.9450846887673833
2012-10-04 09:00:00,0.974295613967143,0.9737354016244717,0.9785829612511369,0.948395383531077
2012-10-04 10:00:00,0.9764843921693486,0.9775352494422954,0.9786846386498567,0.9490124683333387
2012-10-04 11:00:00,0.9795241681626858,0.9823637244664735,0.9801688196288214,0.9497929075712578
2012-10-04 12:00:00,0.9773301425456913,0.9823637244664735,0.9807277142720946,0.9497929075712578
2012-10-04 13:00:00,0.9775228001524072,0.9863840645600533,0.9813739837075364,0.95287354064193
2012-10-05 07:00:00,0.9813880753298889,0.9895519414068513,0.9821512143229031,0.9532581284297306
2012-10-05 08:00:00,0.9811954177231729,0.9918059870263376,0.9827101089661764,0.9517939886842619
2012-10-05 09:00:00,0.9795241681626856,0.9877856469327575,0.9823282016532342,0.9500741241671679
2012-10-05 10:00:00,0.9795241681626858,0.9855316013132712,0.9817191119760027,0.9472492158681214
2012-10-05 11:00:00,0.9773301425456913,0.9895519414068513,0.9821525448327922,0.9475370649255527
2012-10-05 12:00:00,0.9755363202855291,0.9895519414068511,0.9821525448327922,0.9442263701618587
2012-10-05 13:00:00,0.974295613967143,0.9895519414068511,0.9821525448327922,0.943609285359597
2012-10-08 07:00:00,0.9748239623806328,0.9902991097579129,0.9824988062830992,0.9438650101312225
2012-10-08 08:00:00,0.9770127405828384,0.9902991097579129,0.9834519219276978,0.9455848746483166
2012-10-08 09:00:00,0.9781556417298358,0.9902991097579129,0.983567780270611,0.945200286860516
2012-10-08 10:00:00,0.9767651130029893,0.9902991097579128,0.9834519219276978,0.9441574903894504
2012-10-08 11:00:00,0.9760749502267795,0.9895519414068511,0.983567780270611,0.9441574903894504
2012-10-08 12:00:00,0.9774654789536256,0.9895519414068513,0.9836645551206641,0.945331832005873
2012-10-08 13:00:00,0.9803496673468302,0.9895519414068513,0.9852411234949751,0.9473763010670005
2012-10-09 07:00:00,0.9818945125820518,0.9895519414068513,0.9856653619426201,0.9514029918783691
2012-10-09 08:00:00,0.9818945125820518,0.9895519414068513,0.9840887935683095,0.9492439795151099
2012-10-09 09:00:00,0.9805039838552055,0.9895519414068513,0.9836645551206642,0.9461633464444376
2012-10-09 10:00:00,0.9823866034864771,0.9895519414068511,0.98489108406288,0.9449615639321157
2012-10-09 11:00:00,0.9833721886754168,0.9922025838473615,0.9859703949653662,0.947986582153422
2012-10-09 12:00:00,0.9833721886754169,0.992887336775016,0.9865397374300426,0.9505236413950372
2012-10-09 13:00:00,0.9833721886754169,0.9928873367750162,0.9868458443594947,0.9518844099486155
2012-10-10 07:00:00,0.9833721886754169,0.994456629466848,0.9868458443594947,0.9552940159577223
2012-10-10 08:00:00,0.985224214704174,0.9937718765391936,0.9874471893998867,0.9564703066457595
2012-10-10 09:00:00,0.9866385766621069,0.9966578931297058,0.9873002195158754,0.9564703066457593
2012-10-10 10:00:00,0.9866385766621066,0.9937718765391934,0.9858927287148961,0.9555838140867682
2012-10-10 11:00:00,0.9866385766621069,0.9930247081881319,0.9854684902672508,0.9530535585609934
2012-10-10 12:00:00,0.9866385766621069,0.9937718765391934,0.985586621785444,0.951879216944571
2012-10-10 13:00:00,0.9866385766621069,0.9945940008799636,0.9860396985989074,0.9511653934119401
2012-10-11 07:00:00,0.9880691099214568,0.9917079842894515,0.9864940737552881,0.9511653934119402
2012-10-11 08:00:00,0.9887048947484296,0.9937718765391936,0.9864940737552881,0.9548767942699778
2012-10-11 09:00:00,0.987650320748327,0.9902991097579129,0.9864940737552881,0.9563041785288436
2012-10-11 10:00:00,0.9896725938661842,0.9937718765391936,0.9870266721649779,0.9571512334720503
2012-10-11 11:00:00,0.9905923335604093,0.9950886004378738,0.9870266721649779,0.9578650570046814
2012-10-11 12:00:00,0.9918330398787951,0.99652052171659,0.9870266721649776,0.9578650570046814
2012-10-11 13:00:00,0.9913046914653053,0.9950886004378738,0.9861192201951335,0.9593686343659344
2012-10-12 07:00:00,0.9915989831628684,0.99652052171659,0.9860396985989074,0.9608560934206436
2012-10-12 08:00:00,0.9924447335392111,0.99734264605736,0.986845844359495,0.958031185121597
2012-10-12 09:00:00,0.9918330398787951,0.9966578931297058,0.9868458443594947,0.9571446925626059
2012-10-12 10:00:00,0.9905923335604093,0.9980898144084218,0.9868458443594947,0.9560418212956971
2012-10-12 11:00:00,0.9917848306151682,0.9960259221586797,0.9874471893998867,0.9560418212956971
2012-10-12 12:00:00,0.9935327838489983,0.9960259221586797,0.9878388170854522,0.9574692055545629
2012-10-12 13:00:00,0.9941946399656525,0.9960259221586797,0.9878388170854522,0.9602085472334817
2012-10-15 07:00:00,0.9935327838489983,0.9960259221586797,0.9878388170854522,0.9612513437045471
2012-10-15 08:00:00,0.9943444623741129,0.9960259221586797,0.9874849058248891,0.9630745794135314
2012-10-15 09:00:00,0.9941946399656525,0.9960259221586797,0.986862215128471,0.9622275244703248
2012-10-15 10:00:00,0.9945250147840324,0.9973426460573602,0.9859773561085873,0.9605309792624717
2012-10-15 11:00:00,0.9948304247926255,0.99734264605736,0.9855174717983068,0.9615326518525338
2012-10-15 12:00:00,0.994168568675971,0.99734264605736,0.9855174717983067,0.9609523225368746
2012-10-15 13:00:00,0.9925650847312437,0.99734264605736,0.9848040622836136,0.9609523225368746
2012-10-16 07:00:00,0.9933198286311172,0.9960259221586797,0.9848040622836136,0.9621286132249119
2012-10-16 08:00:00,0.9923032252745001,0.9967730905097414,0.984804062283614,0.9581019224135434
2012-10-16 09:00:00,0.9933198286311172,0.9967730905097414,0.984804062283614,0.9588823616514622
2012-10-16 10:00:00,0.994131507156232,0.9960259221586797,0.984250521574333,0.9614449127173622
2012-10-16 11:00:00,0.9943444623741129,0.9952787538076182,0.9838356939810762,0.96348938177849
2012-10-16 12:00:00,0.9943444623741129,0.9930247081881319,0.9831026445288965,0.9634893817784902
2012-10-16 13:00:00,0.9927409784293855,0.9937718765391934,0.9829094519069181,0.9645321782495556
2012-10-17 07:00:00,0.9927409784293855,0.9937718765391934,0.9844486471196852,0.9657084689375928
2012-10-17 08:00:00,0.9927409784293855,0.9937718765391934,0.9841506649986081,0.9668828105540151
2012-10-17 09:00:00,0.9927409784293855,0.9937718765391934,0.9836096520539398,0.9664821044596713
2012-10-17 10:00:00,0.9943444623741129,0.9937718765391934,0.9836096520539398,0.9671959279923021
2012-10-17 11:00:00,0.9943444623741129,0.9937718765391934,0.9827842791783501,0.970126889612421
2012-10-17 12:00:00,0.9941946399656525,0.994456629466848,0.9824717808922571,0.9705893567678272
2012-10-17 13:00:00,0.9948304247926253,0.994456629466848,0.983054621700096,0.9733286984467459
2012-10-18 07:00:00,0.9943444623741129,0.994456629466848,0.9827842791783501,0.9733286984467459
2012-10-18 08:00:00,0.9941946399656525,0.9930247081881317,0.9823407993629187,0.9733286984467459
2012-10-18 09:00:00,0.9955851686924988,0.9930247081881317,0.9836096520539398,0.9748161575014552
2012-10-18 10:00:00,0.9954092749943573,0.9930247081881317,0.9827842791783501,0.975663212444662
2012-10-18 11:00:00,0.9966499813127431,0.9930247081881317,0.983127892323233,0.9765102673878687
2012-10-18 12:00:00,0.9972024268772894,0.9930247081881317,0.9846670875360003,0.9782068125957218
2012-10-18 13:00:00,0.9978925896534995,0.9936566791591578,0.9858325044021603,0.9799266771128158
2012-10-19 07:00:00,0.9982229644718792,0.9907706625686457,0.9859634859314985,0.9811840744745036
2012-10-19 08:00:00,0.9984156220785952,0.9922025838473617,0.986936216060012,0.9815686622623042
2012-10-19 09:00:00,0.9982229644718792,0.9950886004378738,0.9865144588584905,0.9805258657912386
2012-10-19 10:00:00,0.9987754100364254,0.9926054765187304,0.9860467937925339,0.9816287370581476
2012-10-19 11:00:00,0.9991198641902268,0.9933526448697922,0.9860467937925339,0.980781682114941
2012-10-19 12:00:00,0.998789489371847,0.9940373977974467,0.9862893901976938,0.9799346271717342
2012-10-19 13:00:00,0.9991198641902268,0.9940373977974467,0.9865235569332053,0.9799346271717342
2012-10-22 07:00:00,0.999479652148057,0.9940373977974467,0.9869356596331355,0.9799346271717342
2012-10-22 08:00:00,0.9991198641902268,0.993352644869792,0.9875077025126006,0.9813620114306002
2012-10-22 09:00:00,0.9989439704920852,0.9950886004378737,0.9875077025126006,0.9802591401636911
2012-10-22 10:00:00,0.9989439704920852,0.9966578931297058,0.9875077025126009,0.9807216073190974
2012-10-22 11:00:00,0.9986135956737053,0.9980898144084218,0.9872608391707586,0.9776965890977912
2012-10-22 12:00:00,0.9978925896534994,0.9987745673360762,0.9870220243302871,0.9781590562531973
2012-10-22 13:00:00,0.9978925896534994,0.99734264605736,0.9875411717610055,0.978488291998028
2012-10-23 07:00:00,0.9978925896534994,0.9966578931297058,0.9866944674441642,0.979591163264937
2012-10-23 08:00:00,0.9987754100364252,0.99734264605736,0.987022024330287,0.9802082480671988
2012-10-23 09:00:00,0.9991198641902268,0.99734264605736,0.9883971247800788,0.9797457809117925
2012-10-23 10:00:00,0.9989439704920853,0.99734264605736,0.9894605896136909,0.9810031782734803
2012-10-23 11:00:00,0.9992884246458864,0.99734264605736,0.9894605896136909,0.9810031782734803
2012-10-23 12:00:00,0.9996482126037167,0.99734264605736,0.9902328861798687,0.9829854000237211
2012-10-23 13:00:00,0.9996482126037167,0.9960259221586797,0.9904765376254023,0.9829854000237209
2012-10-24 07:00:00,0.9996482126037165,0.99734264605736,0.9902328861798687,0.9844495397691895
2012-10-24 08:00:00,0.9996482126037165,0.99652052171659,0.990693792278385,0.9849120069245958
2012-10-24 09:00:00,0.9996482126037167,0.9980898144084218,0.990693792278385,0.9849120069245956
2012-10-24 10:00:00,0.9992884246458866,0.9973426460573602,0.990693792278385,0.9849120069245956
2012-10-24 11:00:00,0.9992884246458866,0.9980898144084218,0.990693792278385,0.9849120069245958
2012-10-24 12:00:00,0.9991198641902268,0.9980898144084218,0.9899555243277041,0.9852412426694263
2012-10-24 13:00:00,0.9991198641902267,0.99734264605736,0.9902328861798686,0.9856258304572266
2012-10-25 07:00:00,0.9985915157767369,0.99734264605736,0.9911957221970906,0.9856258304572266
2012-10-25 08:00:00,0.9987600762323966,0.9960259221586797,0.9911957221970906,0.9856258304572266
2012-10-25 09:00:00,0.9984297014140168,0.9952037978179096,0.9904234256309127,0.9856258304572266
2012-10-25 10:00:00,0.9987600762323967,0.9937718765391934,0.9901797741853792,0.9849120069245958
2012-10-25 11:00:00,0.9992884246458866,0.9937718765391934,0.9898522172992563,0.9837357162365584
2012-10-25 12:00:00,0.9992884246458866,0.994456629466848,0.9892801744197912,0.9830218927039274
2012-10-25 13:00:00,0.9992884246458866,0.9950886004378737,0.9886196023777983,0.9827340436464963
2012-10-26 07:00:00,0.9989286366880564,0.9937718765391934,0.9879440645526245,0.9833143729621554
2012-10-26 08:00:00,0.9987600762323967,0.994456629466848,0.9873827555981455,0.9824415633882682
2012-10-26 09:00:00,0.9982076306678506,0.9930247081881319,0.9876253520033056,0.979360930317596
2012-10-26 10:00:00,0.9982076306678506,0.9930247081881319,0.9886632491243127,0.9786471067849649
2012-10-26 11:00:00,0.9973248102849245,0.9950886004378737,0.9892779415086406,0.9782625189971643
2012-10-26 12:00:00,0.9982076306678505,0.99734264605736,0.989559474299749,0.9782625189971643
2012-10-26 13:00:00,0.9974866246476445,0.9950886004378737,0.9889981653452702,0.9807995782387798
2012-10-31 07:00:00,0.9974866246476445,0.9950886004378737,0.9892779415086408,0.9797567817677143
2012-10-31 08:00:00,0.9973180641919848,0.9912887526200502,0.9898499843881057,0.9814766462848084
2012-10-31 09:00:00,0.9980390702121908,0.9927206738987662,0.9905105564300988,0.9814766462848085
2012-10-31 10:00:00,0.9980390702121906,0.9927206738987664,0.9905105564300986,0.9821904698174395
2012-10-31 11:00:00,0.9978772558494706,0.9920359209711119,0.9910661934695066,0.9810141791294021
2012-10-31 12:00:00,0.9984297014140168,0.9952037978179097,0.9915611281835198,0.9820569756004678
2012-10-31 13:00:00,0.9978772558494706,0.99652052171659,0.9917405014909274,0.9829040305436744
2012-11-01 07:00:00,0.9972153997328166,0.9950886004378738,0.9925639504847339,0.9831918796011054
2012-11-01 08:00:00,0.9977678452973627,0.99734264605736,0.9925639504847339,0.9836543467565116
2012-11-01 09:00:00,0.9973912934309581,0.9957733533655283,0.9925639504847339,0.9846971432275772
2012-11-01 10:00:00,0.9973912934309582,0.9950886004378737,0.9923466958317513,0.9857399396986427
2012-11-01 11:00:00,0.9975751876906467,0.9966578931297058,0.9925859891391726,0.9852774725432367
2012-11-01 12:00:00,0.9961846589638003,0.9966578931297058,0.9927445748324265,0.9852774725432365
2012-11-01 13:00:00,0.9965796149058438,0.9966578931297058,0.9927445748324265,0.9852774725432365
2012-11-02 07:00:00,0.9973912934309582,0.9973426460573602,0.9927445748324265,0.9856620603310369
2012-11-02 08:00:00,0.9973912934309582,0.99652052171659,0.9928328384111278,0.9869194576927248
2012-11-02 09:00:00,0.9975751876906467,0.99734264605736,0.9936213013957668,0.9887426934017091
2012-11-02 10:00:00,0.9977678452973627,0.99734264605736,0.9938263429193339,0.9882802262463029
2012-11-02 11:00:00,0.9984297014140168,0.9966578931297055,0.9933654368208176,0.9889940497789341
2012-11-02 12:00:00,0.9987600762323967,0.9966578931297058,0.9930361765549997,0.9894565169343402
2012-11-02 13:00:00,0.9980390702121906,0.9945940008799636,0.9924641336755344,0.9884137204632747
2012-11-05 07:00:00,0.9985674186256805,0.9960259221586797,0.9932698916606498,0.9884137204632748
2012-11-05 08:00:00,0.9978772558494706,0.9937718765391934,0.9941967030982476,0.988876187618681
2012-11-05 09:00:00,0.9987600762323967,0.9930247081881316,0.9947012559432784,0.9888761876186808
2012-11-05 10:00:00,0.9985915157767369,0.9918059870263375,0.9947012559432783,0.9892054233635115
2012-11-05 11:00:00,0.9980390702121908,0.9925531553773993,0.9947012559432784,0.9877412836180429
2012-11-05 12:00:00,0.9985674186256807,0.9893852785306013,0.9942693792196938,0.9877412836180429
2012-11-05 13:00:00,0.9980611501091591,0.9853649384370213,0.9937202095424762,0.9880291326754743
2012-11-06 07:00:00,0.9982229644718792,0.9860496913646759,0.9940154411927973,0.9890308052655363
2012-11-06 08:00:00,0.9985674186256807,0.9860496913646759,0.9938263429193339,0.9890308052655363
2012-11-06 09:00:00,0.9982229644718792,0.9853649384370213,0.9935330378170655,0.9902070959535738
2012-11-06 10:00:00,0.9985674186256805,0.9860496913646759,0.9936953613899956,0.9902070959535738
2012-11-06 11:00:00,0.9992884246458866,0.9885328152838191,0.9934865806627837,0.9902070959535738
2012-11-06 12:00:00,0.9992884246458866,0.9876189840565076,0.9934865806627837,0.9883838602445894
2012-11-06 13:00:00,0.9985674186256807,0.9830853401497344,0.9927483127121027,0.9876700367119583
2012-11-07 07:00:00,0.9980611501091592,0.9830853401497344,0.9922960959487265,0.9872854489241578
2012-11-07 08:00:00,0.9986135956737053,0.9885328152838192,0.9930683925149044,0.9872854489241579
2012-11-07 09:00:00,0.9980852472602155,0.9909838626855673,0.9940154411927973,0.9877479160795641
2012-11-07 10:00:00,0.9978925896534994,0.9909838626855676,0.9936953613899954,0.9869008611363573
2012-11-07 11:00:00,0.9980611501091592,0.9909838626855673,0.993356425263921,0.9872854489241579
2012-11-07 12:00:00,0.9980611501091591,0.9909838626855673,0.9936953613899956,0.9879992724567888
2012-11-07 13:00:00,0.9980611501091592,0.9860496913646759,0.9932771732421161,0.9879992724567888
2012-11-08 07:00:00,0.9980611501091592,0.9846177700859599,0.9935330378170655,0.98871309598942
2012-11-08 08:00:00,0.9982370438073008,0.9846177700859596,0.9940475921208658,0.98871309598942
2012-11-08 09:00:00,0.9986135956737053,0.9855316013132712,0.9940475921208658,0.9905363316984044
2012-11-08 10:00:00,0.9984297014140168,0.9823637244664735,0.9939166105915275,0.9905363316984042
2012-11-08 11:00:00,0.9986135956737053,0.9823637244664735,0.9939166105915275,0.9909209194862048
2012-11-08 12:00:00,0.9982538077158751,0.9817317534954476,0.9933459221983433,0.9894935352273387
2012-11-08 13:00:00,0.9972153997328166,0.9800841261791866,0.992785736870737,0.989493535227339
2012-11-09 07:00:00,0.9966870513193266,0.9823637244664735,0.9922145285390805,0.9898227709721694
2012-11-09 08:00:00,0.9977254593023852,0.9846177700859599,0.9927852169322646,0.9894935352273387
2012-11-09 09:00:00,0.9977254593023852,0.9846177700859599,0.9931269618435561,0.9883172445393016
2012-11-09 10:00:00,0.9974080573395324,0.9846177700859599,0.9931269618435561,0.9873155719492392
2012-11-09 11:00:00,0.9962198269480136,0.979170294951875,0.9929443225639909,0.9861392812612021
2012-11-09 12:00:00,0.9962198269480135,0.9800841261791866,0.9933564252639212,0.9864685170060327
2012-11-09 13:00:00,0.9962198269480135,0.9752556511550083,0.992944322563991,0.9847118970023361
2012-11-12 07:00:00,0.9966870513193266,0.9775352494422954,0.9927852169322646,0.9847118970023361
2012-11-12 08:00:00,0.9964943937126105,0.9817317534954476,0.9931627629803059,0.9847118970023361
2012-11-12 09:00:00,0.9970468392771566,0.9846177700859599,0.9935330378170655,0.9852922263179953
2012-11-12 10:00:00,0.9970468392771566,0.9886381101795398,0.994391205265749,0.9861392812612021
2012-11-12 11:00:00,0.9970468392771566,0.9873213862808596,0.9947395553177609,0.9858100455163716
2012-11-12 12:00:00,0.9965796149058436,0.9813585877536134,0.9945535288386789,0.9875666655200681
2012-11-12 13:00:00,0.9967722725125596,0.9845568035064233,0.9946969960883363,0.9875666655200681
2012-11-13 07:00:00,0.9977678452973627,0.9845568035064233,0.9954671033418697,0.9886094619911335
2012-11-13 08:00:00,0.9979437389955043,0.9845568035064233,0.9959603346761877,0.9893232855237646
2012-11-13 09:00:00,0.9981276332551926,0.9873213862808592,0.9961369472293321,0.99036608199483
2012-11-13 10:00:00,0.9971320604703899,0.9861870627777917,0.9954685173745185,0.9895190270516234
2012-11-13 11:00:00,0.9967722725125596,0.9893852785306013,0.9953028429263232,0.9890565598962172
2012-11-13 12:00:00,0.9967722725125596,0.9873213862808592,0.9956939109289721,0.9890565598962172
2012-11-13 13:00:00,0.9959920183964841,0.9813585877536136,0.9954685173745185,0.9895190270516234
2012-11-14 07:00:00,0.9959920183964841,0.9813585877536136,0.9953028429263232,0.9880916427927576
2012-11-14 08:00:00,0.9961759126561724,0.9833010461872795,0.9957821745076735,0.9883794918501887
2012-11-14 09:00:00,0.9969561667722484,0.980817922268136,0.9959323492208364,0.9895557825382258
2012-11-14 10:00:00,0.9977678452973627,0.980817922268136,0.9962510617701553,0.9899403703260264
2012-11-14 11:00:00,0.9981276332551928,0.9815650906191978,0.9967334651458871,0.990787425269233
2012-11-14 12:00:00,0.9977510813887882,0.9805364634128434,0.9967334651458871,0.989360041010367
2012-11-14 13:00:00,0.9969394028636737,0.9788888360965824,0.9961373907444033,0.988646217477736
2012-11-15 07:00:00,0.9965796149058436,0.9818531873115237,0.9959323492208364,0.9883169817329054
2012-11-15 08:00:00,0.9962198269480135,0.9829875108145916,0.9956047923347137,0.9888973110485648
2012-11-15 09:00:00,0.9948871272673919,0.9797892950617817,0.9951613125192824,0.9878956384585025
2012-11-15 10:00:00,0.9941661212471858,0.9744162686761986,0.9951613125192824,0.9870485835152956
2012-11-15 11:00:00,0.9948871272673917,0.9804212660328075,0.9951613125192824,0.9870485835152959
2012-11-15 12:00:00,0.9948871272673917,0.9826753116522939,0.9951613125192824,0.9870485835152958
2012-11-15 13:00:00,0.9948871272673917,0.9818531873115237,0.9951613125192824,0.9882248742033329
2012-11-16 07:00:00,0.9962198269480135,0.9826753116522937,0.9949220192118612,0.9886094619911335
2012-11-16 08:00:00,0.9962198269480136,0.9841072329310098,0.9951613125192824,0.9890719291465397
2012-11-16 09:00:00,0.9962198269480136,0.990070031458256,0.9958440856421351,0.9880291326754743
2012-11-16 10:00:00,0.9960512664923538,0.9912887526200501,0.996006409215065,0.987027460085412
2012-11-16 11:00:00,0.9965796149058438,0.9926054765187304,0.9961498764647224,0.9880291326754743
2012-11-16 12:00:00,0.9977678452973625,0.993352644869792,0.9966024836165488,0.9887429562081053
2012-11-16 13:00:00,0.9977678452973627,0.9891561408166398,0.9966024836165488,0.9897857526791709
2012-11-19 07:00:00,0.9977678452973627,0.9933526448697922,0.9969225634193506,0.9887429562081053
2012-11-19 08:00:00,0.9977678452973627,0.9940373977974465,0.9972923597891605,0.9893232855237647
2012-11-19 09:00:00,0.9977678452973627,0.9947221507251011,0.9976864255705784,0.9887429562081053
2012-11-19 10:00:00,0.9977678452973627,0.9972052746442445,0.9979148169038008,0.9893232855237647
2012-11-19 11:00:00,0.9975751876906465,0.99652052171659,0.9980839835776558,0.9893232855237647
2012-11-19 12:00:00,0.9972153997328164,0.99652052171659,0.9979148169038006,0.9893232855237647
2012-11-19 13:00:00,0.9974080573395324,0.9987745673360762,0.9983390553514458,0.9889386977359641
2012-11-20 07:00:00,0.9977678452973627,0.9980898144084218,0.9985082220253009,0.9899814942070296
2012-11-20 08:00:00,0.9977678452973627,0.9966578931297055,0.998645162280898,0.9899814942070296
2012-11-20 09:00:00,0.9979517395570511,0.9980898144084218,0.998598469881294,0.9891344392638228
2012-11-20 10:00:00,0.9981276332551928,0.9980898144084218,0.998598469881294,0.9885541099481636
2012-11-20 11:00:00,0.9971320604703899,0.9980898144084218,0.998598469881294,0.9873778192601264
2012-11-20 12:00:00,0.9965796149058436,0.99734264605736,0.9986779914775202,0.9866639957274954
2012-11-20 13:00:00,0.9965796149058436,0.99734264605736,0.9988917749835622,0.9866639957274954
2012-11-21 07:00:00,0.9975751876906467,0.9980898144084217,0.9988917749835622,0.985791186153608
2012-11-21 08:00:00,0.9975751876906467,0.9980898144084218,0.9984583421267726,0.9857911861536082
2012-11-21 09:00:00,0.9986135956737052,0.9980898144084217,0.9985984698812937,0.985791186153608
2012-11-21 10:00:00,0.9986135956737052,0.9987745673360762,0.9987266624416159,0.9857911861536082
2012-11-21 11:00:00,0.998789489371847,0.9987745673360762,0.9987712792738027,0.9832609306278332
2012-11-21 12:00:00,0.9979437389955043,0.9987745673360762,0.9982992364950465,0.9824138756846265
2012-11-21 13:00:00,0.9973912934309581,0.999521735687138,0.9981710439347246,0.9803694066234985
2012-11-23 07:00:00,0.9973912934309581,0.9988369827594833,0.9981264271025377,0.9786127866198022
2012-11-23 08:00:00,0.9972153997328166,0.9988369827594833,0.9984137252945857,0.976453774256543
2012-11-23 09:00:00,0.9960271693412976,0.9980898144084218,0.9982546196628597,0.9752774835685056
2012-11-23 10:00:00,0.9951038649857642,0.99734264605736,0.9980361792465448,0.9735576190514116
2012-11-26 07:00:00,0.9951038649857642,0.99734264605736,0.9984137252945857,0.9720934793059429
2012-11-26 08:00:00,0.9960271693412974,0.9980898144084218,0.9987266624416159,0.9720934793059431
2012-11-26 09:00:00,0.9962030630394392,0.9980898144084218,0.9985927678391083,0.9738500993096396
2012-11-26 10:00:00,0.996838847866412,0.9952037978179096,0.9985927678391084,0.974892895780705
2012-11-26 11:00:00,0.9973912934309581,0.9937718765391934,0.9986830156951014,0.9743125664650457
2012-11-26 12:00:00,0.9972153997328166,0.9922025838473617,0.9988453392680313,0.9751596214082525
2012-11-26 13:00:00,0.9975328016956694,0.9895519414068513,0.9985324021210013,0.9745425366059908
2012-11-27 07:00:00,0.9971378457536259,0.9857520935890275,0.9985324021210013,0.9752563601386218
2012-11-27 08:00:00,0.9968204437907732,0.9873213862808592,0.9983700785480714,0.9727193008970065
2012-11-27 09:00:00,0.9962920953772831,0.9886381101795397,0.9981934659949269,0.9734331244296374
2012-11-27 10:00:00,0.9969539514939373,0.9895519414068513,0.9980499987452696,0.9757333182623908
2012-11-27 11:00:00,0.9966365495310846,0.9922025838473615,0.9978908931135435,0.9735254947656058
2012-11-27 12:00:00,0.9958248710059703,0.9897194599282184,0.9975210967437336,0.9739100825534064
2012-11-27 13:00:00,0.9972153997328166,0.9912887526200502,0.9980799913870069,0.9745271673556681
2012-11-28 07:00:00,0.9975751876906465,0.988402736029538,0.9984119064112418,0.9759913071011366
2012-11-28 08:00:00,0.9972153997328166,0.989034707000564,0.9985324021210013,0.9763758948889372
2012-11-28 09:00:00,0.9978772558494705,0.9922025838473617,0.9987052115135102,0.9789129541305526
2012-11-28 10:00:00,0.9978772558494705,0.9922025838473617,0.9985324021210013,0.9803770938760209
2012-11-28 11:00:00,0.9982370438073008,0.9901386915976196,0.9986605946813233,0.9783326248148934
2012-11-28 12:00:00,0.9986135956737053,0.9930247081881319,0.9987550914120386,0.9800291700227465
2012-11-28 13:00:00,0.9986135956737052,0.9898568313413342,0.9988362200464261,0.9812054607107834
2012-11-29 07:00:00,0.9989439704920852,0.9869708147508217,0.9984823087858631,0.9822482571818488
2012-11-29 08:00:00,0.9991198641902268,0.9857520935890275,0.9986078287132037,0.9850731654808957
2012-11-29 09:00:00,0.9986135956737052,0.989224860370308,0.9982615672628969,0.9846885776930951
2012-11-29 10:00:00,0.9980611501091591,0.9892248603703083,0.9983426958972847,0.9835122870050578
2012-11-29 11:00:00,0.9980611501091591,0.9838096351553618,0.9983426958972847,0.9814678179439302
2012-11-29 12:00:00,0.9982370438073008,0.9803368683740812,0.9983845237604552,0.9825706892108392
2012-11-29 13:00:00,0.9973912934309582,0.9829875108145913,0.9983845237604552,0.9813943985228019
2012-11-30 07:00:00,0.9979437389955045,0.9838096351553618,0.9986556330443148,0.9816822475802331
2012-11-30 08:00:00,0.9979437389955045,0.9813585877536134,0.9985728310676111,0.9834021120973271
2012-11-30 09:00:00,0.9973912934309582,0.9747668402062362,0.9983017217837516,0.9848294963561931
2012-11-30 10:00:00,0.9978772558494706,0.973197547514404,0.9983845237604552,0.9844449085683925
2012-11-30 11:00:00,0.9982076306678506,0.9702331962994627,0.9982615672628969,0.9841570595109612
2012-11-30 12:00:00,0.9974866246476445,0.9707465001126558,0.9978996595969246,0.985004114454168
2012-11-30 13:00:00,0.9973180641919848,0.973197547514404,0.997941487460095,0.9852919635115993
2012-12-03 07:00:00,0.9965633202921113,0.9686639036076309,0.9977791638871654,0.9829917696788459
2012-12-03 08:00:00,0.9964015059293913,0.968663903607631,0.997326087073702,0.9837055932114771
2012-12-03 09:00:00,0.9972843263123171,0.9686639036076309,0.997326087073702,0.9826627967404115
2012-12-03 10:00:00,0.9974866246476445,0.9763165282805011,0.9978586854833916,0.9826627967404115
2012-12-03 11:00:00,0.9964015059293913,0.973197547514404,0.9978996595969246,0.9826627967404115
2012-12-03 12:00:00,0.9965633202921113,0.9700296706676065,0.997941487460095,0.981198656994943
2012-12-03 13:00:00,0.9974866246476445,0.9766214182149839,0.9979904579790373,0.9806183276792839
2012-12-04 07:00:00,0.9971562498292645,0.9766214182149839,0.9980715866134251,0.9820457119381497
2012-12-04 08:00:00,0.9969539514939374,0.9825842167422297,0.9984254978739884,0.9820457119381497
2012-12-04 09:00:00,0.9977086953938109,0.9863840645600536,0.9984254978739884,0.983222002626187
2012-12-04 10:00:00,0.996825875010885,0.9825842167422297,0.9983426958972847,0.983222002626187
2012-12-04 11:00:00,0.9961640188942308,0.9831709669329982,0.9979887846367215,0.983222002626187
2012-12-04 12:00:00,0.9972024268772894,0.9869708147508218,0.9983017217837516,0.9810141791294021
2012-12-04 13:00:00,0.9972024268772893,0.9907706625686457,0.9986556330443148,0.9805517119739959
2012-12-05 07:00:00,0.9968426389194593,0.9907706625686454,0.9983426958972845,0.9800892448185899
2012-12-05 08:00:00,0.9966870513193267,0.9907706625686457,0.9983017217837516,0.9800892448185898
2012-12-05 09:00:00,0.9968426389194593,0.9869708147508218,0.9982615672628969,0.9800892448185898
2012-12-05 10:00:00,0.9977254593023852,0.9898568313413342,0.9984421542650084,0.9822970683153746
2012-12-05 11:00:00,0.9975328016956692,0.9912887526200501,0.9986078287132036,0.9827595354707808
2012-12-05 12:00:00,0.9975328016956692,0.9930247081881317,0.9989207658602336,0.9823749476829802
2012-12-05 13:00:00,0.9975328016956692,0.9936566791591578,0.9988362200464261,0.9830887712156112
2012-12-06 07:00:00,0.9975328016956692,0.995910724778644,0.9991423269758782,0.9823083319776926
2012-12-06 08:00:00,0.9968117956754633,0.9936566791591578,0.9991423269758782,0.982692919765493
2012-12-06 09:00:00,0.9959660452991206,0.9907706625686457,0.9988771941599592,0.981979096232862
2012-12-06 10:00:00,0.9966870513193267,0.9907706625686454,0.9986966071578477,0.9816498604880315
2012-12-06 11:00:00,0.9956019326010733,0.9901386915976198,0.998696607157848,0.9810695311723718
2012-12-06 12:00:00,0.9966870513193267,0.9901386915976198,0.9986966071578478,0.9806849433845717
2012-12-06 13:00:00,0.9975328016956692,0.9901386915976196,0.9986966071578478,0.9813987669172027
2012-12-07 07:00:00,0.9975328016956692,0.9930247081881319,0.9989617399737667,0.9813987669172025
2012-12-07 08:00:00,0.9982538077158751,0.9945940008799636,0.9990035678369373,0.9805517119739959
2012-12-07 09:00:00,0.9987600762323966,0.9937718765391936,0.9992268727896857,0.9791243277151298
2012-12-07 10:00:00,0.9984156220785952,0.9922025838473617,0.9992268727896857,0.9786618605597236
2012-12-07 11:00:00,0.9984156220785952,0.994456629466848,0.9994453132060008,0.9782772727719232
2012-12-07 12:00:00,0.9984156220785952,0.9957733533655283,0.9996219257591451,0.9772344763008576
2012-12-07 13:00:00,0.9975328016956692,0.9950886004378737,0.9996219257591451,0.9772344763008578
2012-12-10 07:00:00,0.9966499813127433,0.9944566294668479,0.9996219257591451,0.97519000723973
2012-12-10 08:00:00,0.9966499813127433,0.9937718765391934,0.9994034853428301,0.97519000723973
2012-12-10 09:00:00,0.9964943937126105,0.9937718765391934,0.9993189395290226,0.9760370621829367
2012-12-10 10:00:00,0.9959155435108787,0.994456629466848,0.9995373799453376,0.97519000723973
2012-12-10 11:00:00,0.9959155435108787,0.994456629466848,0.9996256435240389,0.9732077854894893
2012-12-10 12:00:00,0.9947792839374645,0.9950886004378737,0.9996256435240389,0.9746351697483552
2012-12-10 13:00:00,0.9951558358038689,0.9926054765187304,0.9996256435240389,0.9728785497446588
2012-12-11 07:00:00,0.9942730154209428,0.9926054765187304,0.999366228994191,0.9728785497446588
2012-12-11 08:00:00,0.9951558358038688,0.9926054765187304,0.999366228994191,0.9734588790603182
2012-12-11 09:00:00,0.9966094973401359,0.9926054765187304,0.9993225822476764,0.97209811050674
2012-12-11 10:00:00,0.9970044532821793,0.9926054765187305,0.9993225822476764,0.9751231287280463
2012-12-11 11:00:00,0.9977254593023852,0.9950886004378738,0.9990992772949281,0.9769463644370304
2012-12-11 12:00:00,0.9975328016956692,0.99734264605736,0.998926467902419,0.9779891609080961
2012-12-11 13:00:00,0.9968426389194591,0.99734264605736,0.9985324021210011,0.9769874883180336
2012-12-12 07:00:00,0.9961216328992533,0.9980898144084218,0.9984421542650085,0.9761146787441464
2012-12-12 08:00:00,0.9958042309364006,0.9980898144084217,0.998523282899396,0.9730340456734742
2012-12-12 09:00:00,0.996356676500947,0.9987745673360762,0.9988362200464261,0.973577619502531
2012-12-12 10:00:00,0.9968426389194593,0.9987745673360762,0.9989207658602338,0.9739622072903313
2012-12-12 11:00:00,0.9958042309364006,0.9980898144084217,0.9989617399737669,0.9737064825187056
2012-12-12 12:00:00,0.9966870513193267,0.9980898144084217,0.9988771941599592,0.9740357182635363
2012-12-12 13:00:00,0.9962920953772831,0.9987745673360762,0.9987080274861042,0.9740357182635363
2012-12-13 07:00:00,0.9956019326010733,0.9980898144084217,0.9986670533725712,0.9757923382672329
2012-12-13 08:00:00,0.9966870513193267,0.9987745673360763,0.9989264679024191,0.9752120089515737
2012-12-13 09:00:00,0.9975328016956694,0.9972052746442445,0.9986268988517166,0.9764694063132614
2012-12-13 10:00:00,0.9978772558494706,0.99652052171659,0.9985064031419572,0.976853994101062
2012-12-13 11:00:00,0.9969539514939374,0.99652052171659,0.998241270326038,0.9761401705684308
2012-12-13 12:00:00,0.9971562498292648,0.9950886004378737,0.9986268988517164,0.976140170568431
2012-12-13 13:00:00,0.9971562498292648,0.9912887526200501,0.9986670533725712,0.9769872255116375
2012-12-14 07:00:00,0.9966499813127433,0.9912887526200501,0.9987080274861042,0.9787438455153342
2012-12-14 08:00:00,0.9975328016956692,0.993352644869792,0.9988003509095144,0.9805670812243186
2012-12-14 09:00:00,0.997532801695669,0.9885241698456142,0.9990187913258293,0.9816098776953839
2012-12-14 10:00:00,0.9968426389194591,0.9864602775958721,0.9987126843963773,0.9805670812243186
2012-12-14 11:00:00,0.9977254593023852,0.9858735274051037,0.9988436659257155,0.9814398907982058
2012-12-14 12:00:00,0.9980852472602155,0.9805005010195204,0.9984496001442978,0.9831597553152999
2012-12-14 13:00:00,0.9980852472602153,0.9776144844290082,0.9982839256961022,0.9831597553152999
2012-12-17 07:00:00,0.9975328016956692,0.9815555895358753,0.9985378637229991,0.9814398907982058
2012-12-17 08:00:00,0.9975328016956692,0.9850283563171559,0.9984496001442976,0.9783592577275336
2012-12-17 09:00:00,0.9975328016956694,0.9864602775958721,0.9986779914775202,0.9801824934365181
2012-12-17 10:00:00,0.9978925896534995,0.9858735274051037,0.9988873126722302,0.9801824934365181
2012-12-17 11:00:00,0.9977086953938108,0.987092248566898,0.9984932468908123,0.9797200262811119
2012-12-17 12:00:00,0.9964679890754249,0.987092248566898,0.9982839256961026,0.9776755572199841
2012-12-17 13:00:00,0.9966365495310848,0.9919207235910761,0.9985378637229991,0.9771897707553369
2012-12-18 07:00:00,0.9969539514939376,0.991920723591076,0.9985378637229991,0.9771897707553369
2012-12-18 08:00:00,0.9964679890754249,0.9898568313413342,0.9985378637229991,0.9776755572199841
2012-12-18 09:00:00,0.9969963374889149,0.989856831341334,0.9987471849177089,0.9773463214751535
2012-12-18 10:00:00,0.9969963374889149,0.991920723591076,0.99888731267223,0.9778087886305599
2012-12-18 11:00:00,0.9966518833351135,0.9919207235910761,0.99888731267223,0.9792361728894259
2012-12-18 12:00:00,0.9975751876906467,0.9891561408166398,0.99888731267223,0.9798532576916874
2012-12-18 13:00:00,0.9982370438073008,0.991920723591076,0.99888731267223,0.9811106550533752
2012-12-19 07:00:00,0.9978925896534994,0.993352644869792,0.9987534180697225,0.9811106550533752
2012-12-19 08:00:00,0.9986135956737052,0.9940373977974465,0.9989340050718342,0.9825380393122413
2012-12-19 09:00:00,0.9982370438073008,0.9940373977974465,0.9987534180697225,0.982075572156835
2012-12-19 10:00:00,0.9984297014140167,0.9940373977974465,0.9989340050718342,0.9833329695185228
2012-12-19 11:00:00,0.9984297014140168,0.9940373977974467,0.9987534180697227,0.983795436673929
2012-12-19 12:00:00,0.9984297014140168,0.993352644869792,0.9985440968750128,0.9847971092639916
2012-12-19 13:00:00,0.9987600762323966,0.988524169845614,0.9984645752787863,0.9854141940662531
2012-12-20 07:00:00,0.9978772558494706,0.987092248566898,0.9982507917727446,0.9833697250051255
2012-12-20 08:00:00,0.9982538077158752,0.9919207235910761,0.9981562950420294,0.982368052415063
2012-12-20 09:00:00,0.9984297014140168,0.9912887526200501,0.9982445586207307,0.9829483817307223
2012-12-20 10:00:00,0.9984297014140167,0.9926054765187304,0.9986779914775202,0.9815209974718564
2012-12-20 11:00:00,0.9984297014140167,0.9950886004378737,0.9989319295044169,0.9800936132129905
2012-12-20 12:00:00,0.9980852472602155,0.9965205217165898,0.9990574494317577,0.9783737486958964
2012-12-20 13:00:00,0.9982691415199039,0.9972052746442445,0.9993635563612095,0.979837888441365
2012-12-21 07:00:00,0.9982691415199039,0.9972052746442445,0.9992325748318712,0.9808395610314271
2012-12-21 08:00:00,0.9978925896534994,0.994722150725101,0.9994091873850157,0.9786317375346423
2012-12-21 09:00:00,0.9978925896534994,0.994722150725101,0.9993189395290227,0.9772043532757763
2012-12-21 10:00:00,0.9972024268772894,0.9940373977974467,0.9990595249991746,0.9775335890206069
2012-12-21 11:00:00,0.9980852472602155,0.9940373977974467,0.9990595249991746,0.9754891199594792
2012-12-21 12:00:00,0.9980852472602155,0.9940373977974467,0.9990595249991746,0.9743862486925702
2012-12-21 13:00:00,0.9980852472602153,0.9947221507251011,0.9990595249991746,0.9747708364803708
2012-12-24 07:00:00,0.9970468392771568,0.994722150725101,0.9990595249991748,0.9713612304712639
2012-12-24 08:00:00,0.9962920953772831,0.994722150725101,0.9993189395290226,0.9724641017381729
2012-12-24 09:00:00,0.9975328016956692,0.9972052746442445,0.9994091873850155,0.9727933374830036
2012-12-24 10:00:00,0.9972153997328166,0.99652052171659,0.9994510152481861,0.9723075510183565
2012-12-26 07:00:00,0.9962920953772834,0.9957733533655282,0.9994510152481861,0.9730811865404349
2012-12-26 08:00:00,0.9962920953772831,0.994456629466848,0.9992782058556772,0.9741239830115003
2012-12-26 09:00:00,0.9955710893570773,0.9922025838473617,0.9994091873850157,0.9719161595147154
2012-12-26 10:00:00,0.9964943937126105,0.9937718765391934,0.9994091873850155,0.9719161595147153
2012-12-26 11:00:00,0.9964943937126105,0.9945940008799636,0.9994091873850155,0.9732769280682935
2012-12-26 12:00:00,0.9955710893570773,0.9930247081881319,0.9993682132714825,0.9729476923234629
2012-12-26 13:00:00,0.9939676054123499,0.9886381101795398,0.999283667457675,0.9723673630078036
2012-12-27 07:00:00,0.9939676054123499,0.9873213862808592,0.9994974509637168,0.9720381272629732
2012-12-27 08:00:00,0.9939676054123499,0.9833010461872795,0.9992836674576748,0.9723673630078036
2012-12-27 09:00:00,0.9938057910496298,0.9838486194995788,0.999283667457675,0.9709032232623354
2012-12-27 10:00:00,0.9939984486563459,0.9873213862808596,0.9994564768501839,0.9706153742049041
2012-12-27 11:00:00,0.9943582366141761,0.9873213862808596,0.9996256435240389,0.9731779252708039
2012-12-27 12:00:00,0.9951699151392905,0.9899720287213698,0.9995373799453376,0.9753857487675889
2012-12-27 13:00:00,0.9958600779155006,0.9872074459469337,0.999668361474676,0.9774302178287166
2012-12-28 07:00:00,0.9966518833351132,0.9872074459469337,0.9997566250533773,0.9766497785907977
2012-12-28 08:00:00,0.9959617205589034,0.9845568035064233,0.9997129783068628,0.9776925750618631
2012-12-28 09:00:00,0.9966235766755577,0.9845568035064233,0.9997129783068628,0.9765162843738259
2012-12-28 10:00:00,0.9951699151392905,0.9774174826467463,0.9995819967775245,0.9761870486289955
2012-12-28 11:00:00,0.9949940214411488,0.9713548866001193,0.9996256435240389,0.9758991995715641
2012-12-28 12:00:00,0.9954092749943573,0.9758481899549145,0.9997984529165479,0.9776190640886582
2012-12-28 13:00:00,0.9964943937126106,0.9805364634128434,0.9998848176136992,0.9761916798297922
2012-12-31 07:00:00,0.9959155435108787,0.9805364634128434,0.9997965540349979,0.9769721190677111
2012-12-31 08:00:00,0.9962329454737315,0.9818531873115237,0.9996626594324904,0.9781484097557485
2012-12-31 09:00:00,0.9949922391553453,0.9818531873115235,0.9996199414818536,0.97668427001028
2012-12-31 10:00:00,0.9959155435108787,0.9818531873115235,0.9997538360843609,0.9781116542691458
2012-12-31 11:00:00,0.9955710893570773,0.9780533394936999,0.9995353956680461,0.9772388446952586
2012-12-31 12:00:00,0.9949922391553453,0.9797892950617817,0.9994917489215315,0.9758114604363927
2012-12-31 13:00:00,0.9948304247926255,0.9758481899549145,0.9994917489215315,0.975482224691562
2013-01-02 07:00:00,0.9948304247926255,0.9758481899549145,0.9993607673921932,0.9747684011589312
2013-01-02 08:00:00,0.9936941652192111,0.9739447158654657,0.9992779654154895,0.9734076326053529
2013-01-02 09:00:00,0.9932269408478979,0.9728838387399732,0.999054660462741,0.9734076326053529
2013-01-02 10:00:00,0.9948304247926253,0.9758481899549146,0.9991916007183381,0.9736954816627841
2013-01-02 11:00:00,0.9959155435108787,0.9744162686761986,0.9993682132714825,0.9744759209007028
2013-01-02 12:00:00,0.9955002899576704,0.967036948730891,0.9995819967775245,0.9755187173717682
2013-01-02 13:00:00,0.9956841842173588,0.962650350722299,0.999668361474676,0.9766950080598056
2013-01-03 07:00:00,0.9956841842173588,0.962650350722299,0.999454577968634,0.9792320673014209
2013-01-03 08:00:00,0.9946886114325557,0.9615894735968062,0.9992779654154895,0.9792320673014209
2013-01-03 09:00:00,0.9948645051306975,0.9561742483818598,0.9990973784133781,0.9792320673014211
2013-01-03 10:00:00,0.9951699151392905,0.9527014816005792,0.9987033126319604,0.9781291960345121
2013-01-03 11:00:00,0.9948645051306975,0.9527014816005792,0.9987033126319602,0.9768717986728241
2013-01-03 12:00:00,0.9939816847477714,0.9527014816005792,0.9984982711083933,0.9764872108850239
2013-01-03 13:00:00,0.9930255369335542,0.9527014816005792,0.9982798306920785,0.9764872108850237
2013-01-04 07:00:00,0.9938057910496298,0.9527014816005792,0.9980024688399137,0.9779513506304922
2013-01-04 08:00:00,0.9933198286311172,0.9527014816005792,0.99775881739438,0.9744315697136546
2013-01-04 09:00:00,0.9930255369335542,0.9527014816005792,0.997452710464928,0.9724816435035394
2013-01-04 10:00:00,0.9924466867318225,0.9527014816005793,0.9973057405809167,0.9710175037580707
2013-01-04 11:00:00,0.9913510533394556,0.9527014816005792,0.9970964193862069,0.9684804445164552
2013-01-04 12:00:00,0.9901585562846966,0.95215390828828,0.9972973528811037,0.9656555362174087
2013-01-04 13:00:00,0.9905923335604093,0.9425352140222474,0.9969654378568685,0.9641519588561557
2013-01-07 07:00:00,0.9922707930336807,0.9425352140222474,0.9971124077408797,0.9666822143819307
2013-01-07 08:00:00,0.9938057910496298,0.9425352140222474,0.9973663457677764,0.9662197472265245
2013-01-07 09:00:00,0.9939816847477716,0.9465555541158274,0.9977905842154215,0.9681079123755779
2013-01-07 10:00:00,0.9935318054500757,0.9415388367350312,0.9972973528811037,0.9660634433144502
2013-01-07 11:00:00,0.9923393083953168,0.9425352140222474,0.9968337678164115,0.962982810243778
2013-01-07 12:00:00,0.9914160040397836,0.9425352140222474,0.9968739223372662,0.962982810243778
2013-01-07 13:00:00,0.9914160040397836,0.9460079808035278,0.9971333368671144,0.9644469499892464
2013-01-08 07:00:00,0.9933887552106181,0.956687552195053,0.9973784815154912,0.9654486225793087
2013-01-08 08:00:00,0.9924326073964008,0.955039924878792,0.9971245434885947,0.967271858288293
2013-01-08 09:00:00,0.9909097355232621,0.955039924878792,0.9972040650848211,0.965911089734715
2013-01-08 10:00:00,0.9918658833374792,0.955039924878792,0.996958920436444,0.9654486225793087
2013-01-08 11:00:00,0.9929510020557325,0.955039924878792,0.996958920436444,0.9647347990466777
2013-01-08 12:00:00,0.9929510020557328,0.9587514444447949,0.9972128584633406,0.9654486225793087
2013-01-08 13:00:00,0.9929510020557325,0.956471846157508,0.9972128584633406,0.9659921964083655
2013-01-09 07:00:00,0.9929510020557325,0.956471846157508,0.996958920436444,0.9681512087716247
2013-01-09 08:00:00,0.9929510020557325,0.956471846157508,0.996958920436444,0.9654118670927061
2013-01-09 09:00:00,0.9933887552106181,0.9649854896058833,0.9972040650848213,0.9659921964083653
2013-01-09 10:00:00,0.9945250147840324,0.9726381142787536,0.9972040650848211,0.9659921964083655
2013-01-09 11:00:00,0.9959155435108787,0.9761498654042512,0.9972040650848211,0.9685292556499807
2013-01-09 12:00:00,0.9955710893570773,0.9726381142787536,0.9971646980094494,0.9697055463380182
2013-01-09 13:00:00,0.9955710893570773,0.9761498654042512,0.9970723745860394,0.9707483428090836
2013-01-10 07:00:00,0.9948809265808672,0.9750889882787586,0.9965276608869597,0.9711329305968841
2013-01-10 08:00:00,0.993795807862614,0.9780533394936999,0.9958521327178413,0.9719133698348029
2013-01-10 09:00:00,0.9926075774710948,0.9754026970531895,0.9958521327178413,0.9681745280808657
2013-01-10 10:00:00,0.9911539159348278,0.9689265947127503,0.995418699861052,0.9676309542518089
2013-01-10 11:00:00,0.9894754564615563,0.9689265947127503,0.995048903491242,0.966127376890556
2013-01-10 12:00:00,0.9872646690861308,0.9689265947127503,0.9951647618341551,0.9646399178358467
2013-01-10 13:00:00,0.9861336490775796,0.969673763063812,0.9955588276155729,0.9639260943032155
2013-01-11 07:00:00,0.9868494155329223,0.9750889882787586,0.9961957458627245,0.9639260943032155
2013-01-11 08:00:00,0.98641563825721,0.9761498654042513,0.9958016800813064,0.9676374951612533
2013-01-11 09:00:00,0.98641563825721,0.9761498654042513,0.9951647618341553,0.966863859639175
2013-01-11 10:00:00,0.9868494155329225,0.9786009128059994,0.995048903491242,0.9645132273347152
2013-01-11 11:00:00,0.98641563825721,0.9754026970531897,0.9950882705666136,0.9656875689511376
2013-01-11 12:00:00,0.9864156382572098,0.9694398985259435,0.9950882705666138,0.9651072396354783
2013-01-11 13:00:00,0.9840963878571397,0.9689265947127503,0.9951647618341551,0.9642601846922716
2013-01-14 07:00:00,0.9816571411319329,0.9666725490932643,0.99439708646367,0.963479745454353
2013-01-14 08:00:00,0.9794100700770713,0.9666725490932643,0.9940581503375956,0.9606548371553061
2013-01-14 09:00:00,0.9794100700770713,0.9666725490932643,0.9940581503375956,0.9534441420813751
2013-01-14 10:00:00,0.9794100700770713,0.9666725490932643,0.9940581503375957,0.9586103680941783
2013-01-14 11:00:00,0.9759826052105779,0.9595332282335871,0.9936339118899505,0.9591906974098378
2013-01-14 12:00:00,0.9737718178351522,0.9513975300866941,0.9936717932355253,0.9561656791885316
2013-01-14 13:00:00,0.9737718178351522,0.9513975300866941,0.9936717932355253,0.9561656791885316
2013-01-15 07:00:00,0.9743307598511567,0.9585368509463711,0.9939295444816795,0.9553186242453248
2013-01-15 08:00:00,0.9765001878427667,0.9666725490932643,0.9944015872604355,0.9572685504554406
2013-01-15 09:00:00,0.9780450330779884,0.9689265947127503,0.9948736300391917,0.9582702230455027
2013-01-15 10:00:00,0.9791157783795083,0.9689265947127503,0.9945680744619266,0.9582702230455027
2013-01-15 11:00:00,0.9771992827016457,0.966672549093264,0.9941438360142816,0.9587326902009088
2013-01-15 12:00:00,0.9780773703964496,0.9666725490932643,0.9940960316831704,0.9595797451441156
2013-01-15 13:00:00,0.976387408371894,0.9689265947127503,0.9937825068136954,0.9591172779887094
2013-01-16 07:00:00,0.9771992827016457,0.974341819927697,0.9941438360142816,0.9582702230455028
2013-01-16 08:00:00,0.9767944795403297,0.9754026970531895,0.9941438360142816,0.9604292354087619
2013-01-16 09:00:00,0.9765001878427667,0.9754026970531895,0.9941438360142816,0.9613020449826495
2013-01-16 10:00:00,0.9771992827016457,0.9771689915272832,0.9941438360142816,0.9603193233074272
2013-01-16 11:00:00,0.9754617798597081,0.9766214182149838,0.9941438360142817,0.9594465137335401
2013-01-16 12:00:00,0.9737718178351524,0.9780533394936999,0.9945680744619267,0.9576898937298436
2013-01-16 13:00:00,0.9743307598511569,0.9829875108145913,0.995297868486837,0.9562625094709774
2013-01-17 07:00:00,0.9767944795403297,0.9878159858387696,0.995297868486837,0.9597822903878149
2013-01-17 08:00:00,0.9776402299166724,0.9878159858387696,0.9956834970125155,0.9589352354446081
2013-01-17 09:00:00,0.9746453027409182,0.9878159858387696,0.9956834970125155,0.9583181506423466
2013-01-17 10:00:00,0.9735052606670125,0.9857520935890275,0.9952592585648702,0.9576232780245556
2013-01-17 11:00:00,0.9751765102274995,0.9869708147508218,0.9956368046129114,0.957238690236755
2013-01-17 12:00:00,0.9774601693525735,0.9898568313413342,0.9962343557846912,0.9575265392941863
2013-01-17 13:00:00,0.9803286922030624,0.989034707000564,0.9968184365591426,0.9602658809731048
2013-01-18 07:00:00,0.9799238890417464,0.989034707000564,0.9968184365591427,0.9592230845020394
2013-01-18 08:00:00,0.9802683431955479,0.989034707000564,0.9970322200651845,0.9594788092736649
2013-01-18 09:00:00,0.9802683431955479,0.9890347070005638,0.9965601772864283,0.9594788092736651
2013-01-18 10:00:00,0.9793121953813306,0.989034707000564,0.9965601772864283,0.9597666583310962
2013-01-18 11:00:00,0.9806731463568639,0.9852348591827402,0.9966883698467502,0.958590367643059
2013-01-18 12:00:00,0.9821036796162138,0.9852348591827402,0.9972595781784068,0.9597921501553809
2013-01-18 13:00:00,0.9823566119299613,0.9852348591827402,0.9976536439598247,0.9597921501553809
2013-01-22 07:00:00,0.9806731463568639,0.9852348591827402,0.9976963619104616,0.957584326658596
2013-01-22 08:00:00,0.9806731463568636,0.9865515830814204,0.9976963619104615,0.9547594183595494
2013-01-22 09:00:00,0.9831368660460367,0.9897194599282182,0.9976963619104616,0.9572964776011648
2013-01-22 10:00:00,0.9823566119299612,0.9897194599282182,0.9976963619104616,0.9598335368427802
2013-01-22 11:00:00,0.9834111859300638,0.993519307746042,0.9976536439598247,0.9596244506896366
2013-01-22 12:00:00,0.9856219733054894,0.9950886004378737,0.9975066740758134,0.961783463052896
2013-01-22 13:00:00,0.9856219733054894,0.99734264605736,0.9976271697855729,0.962785135642958
2013-01-23 07:00:00,0.9879722462590647,0.99734264605736,0.9980802465990363,0.963565574880877
2013-01-23 08:00:00,0.9891647433138235,0.9973426460573602,0.9983139617046866,0.9653221948845735
2013-01-23 09:00:00,0.991137494484658,0.99734264605736,0.9981704944550291,0.9670788148882701
2013-01-23 10:00:00,0.9901813466704408,0.99734264605736,0.9979110799251812,0.9676591442039294
2013-01-23 11:00:00,0.9889888496156819,0.9980898144084217,0.997911079925181,0.9649198025250106
2013-01-23 12:00:00,0.9909616007865163,0.9988369827594833,0.9979567109489872,0.9666163477328639
2013-01-23 13:00:00,0.9909616007865163,0.9988369827594833,0.9974634796146691,0.9669455834776943
2013-01-24 07:00:00,0.9925650847312437,0.9995217356871378,0.9974634796146691,0.9647377599809096
2013-01-24 08:00:00,0.9927409784293855,0.999521735687138,0.9977174176415656,0.9644085242360789
2013-01-24 09:00:00,0.9941946399656527,0.999521735687138,0.9982106489758837,0.9674891573067513
2013-01-24 10:00:00,0.9955851686924988,0.9980898144084218,0.9985725566418561,0.9694390835168668
2013-01-24 11:00:00,0.9949233125758447,0.99734264605736,0.9984496001442978,0.9694390835168667
2013-01-24 12:00:00,0.9933198286311172,0.99734264605736,0.9985324021210013,0.9688219987146052
2013-01-24 13:00:00,0.9929600406732871,0.9950886004378737,0.9984421542650085,0.9684927629697745
2013-01-25 07:00:00,0.9944137022095542,0.9958357687889353,0.9986187668181528,0.9699569027152429
2013-01-25 08:00:00,0.995409274994357,0.9966578931297058,0.9986187668181526,0.9702861384600734
2013-01-25 09:00:00,0.9949233125758447,0.9950886004378737,0.9981363634424211,0.969439083516867
2013-01-25 10:00:00,0.9933198286311172,0.9958357687889353,0.9979597508892768,0.9688219987146052
2013-01-25 11:00:00,0.9921797865572116,0.99652052171659,0.9978315583289548,0.9681081751819739
2013-01-25 12:00:00,0.9930255369335542,0.9987745673360762,0.9973784815154912,0.9661259534317334
2013-01-25 13:00:00,0.9921797865572116,0.9987745673360762,0.9967557908190732,0.9649496627436961
2013-01-28 07:00:00,0.9930255369335542,0.9995217356871378,0.9968337678164118,0.9689763535550645
2013-01-28 08:00:00,0.9933198286311175,0.9987745673360762,0.9967557908190732,0.9701526442431019
2013-01-28 09:00:00,0.9933198286311175,0.9987745673360762,0.9964496838896212,0.9692798346692144
2013-01-28 10:00:00,0.994131507156232,0.9995217356871378,0.9961957458627245,0.9681769634023054
2013-01-28 11:00:00,0.9933198286311172,0.9987745673360762,0.9956858217383935,0.9691786359923678
2013-01-28 12:00:00,0.991929299904271,0.9987745673360762,0.9956858217383935,0.968561551190106
2013-01-28 13:00:00,0.9925650847312437,0.9995217356871378,0.9958016800813067,0.9672495937700534
2013-01-29 07:00:00,0.9915695119464408,0.9995217356871378,0.9956858217383935,0.9666325089677914
2013-01-29 08:00:00,0.9914250426573381,0.9995217356871378,0.9956858217383935,0.9653751116061036
2013-01-29 09:00:00,0.9899528573985669,0.9988369827594833,0.9956858217383935,0.9657043473509342
2013-01-29 10:00:00,0.9888165978251525,0.9995217356871378,0.9950882705666136,0.9633537150464747
2013-01-29 11:00:00,0.9869883159434206,0.9987745673360762,0.99449219616513,0.9619263307876087
2013-01-29 12:00:00,0.9854654440702821,0.9973426460573602,0.9944528290897583,0.9575405440127244
2013-01-29 13:00:00,0.9839304460543328,0.995910724778644,0.9943026543765953,0.9562831466510365
2013-01-30 07:00:00,0.9854654440702818,0.995910724778644,0.99390477537592,0.9575405440127244
2013-01-30 08:00:00,0.9875776808192659,0.9950886004378737,0.9947461341920266,0.9587148856291468
2013-01-30 09:00:00,0.9891005526924048,0.9973426460573602,0.9951490159715319,0.9597576821002122
2013-01-30 10:00:00,0.988460501202192,0.99652052171659,0.9953583371662417,0.9666805281167119
2013-01-30 11:00:00,0.9888757547554005,0.9957733533655282,0.9955128520376615,0.9666805281167121
2013-01-30 12:00:00,0.9881999653959238,0.9957733533655283,0.9959764371023535,0.9671429952721181
2013-01-30 13:00:00,0.9889209714161299,0.9957733533655283,0.9964295139158167,0.9684003926338058
2013-01-31 07:00:00,0.9909872895024529,0.99734264605736,0.9964295139158167,0.9701202571508999
2013-01-31 08:00:00,0.9915989831628684,0.99734264605736,0.9963467119391133,0.9705048449387004
2013-01-31 09:00:00,0.9915989831628684,0.99734264605736,0.9961170156297238,0.9697910214060695
2013-01-31 10:00:00,0.9915989831628684,0.9957733533655283,0.9964295139158167,0.9680711568889753
2013-01-31 11:00:00,0.9926373911459272,0.9980273989850145,0.9964295139158167,0.9666437726301096
2013-01-31 12:00:00,0.993165739559417,0.9957733533655282,0.9964295139158169,0.9681079123755779
2013-01-31 13:00:00,0.9939774180845313,0.992887336775016,0.9963793188818587,0.9687249971778397
2013-02-01 07:00:00,0.9955002899576703,0.994456629466848,0.9966632290214671,0.9704215423856928
2013-02-01 08:00:00,0.9958600779155006,0.9960259221586797,0.9963793188818587,0.97416038413963
2013-02-01 09:00:00,0.9958600779155006,0.994456629466848,0.9959804558986146,0.9723371484306456
2013-02-01 10:00:00,0.9958600779155006,0.9950886004378738,0.9962101522080039,0.974874207672261
2013-02-01 11:00:00,0.9958600779155006,0.9950886004378738,0.9959804558986146,0.9754177815013177
2013-02-01 12:00:00,0.9960286383711603,0.994456629466848,0.9954758967203893,0.9779480370270928
2013-02-01 13:00:00,0.9953928535441873,0.9912887526200501,0.994996565139039,0.9779480370270928
2013-02-04 07:00:00,0.9960286383711603,0.9900700314582558,0.9952219586934927,0.978410504182499
2013-02-04 08:00:00,0.995033065586357,0.9886381101795397,0.9948736086414807,0.9776966806498677
2013-02-04 09:00:00,0.9955002899576703,0.9858735274051037,0.994996565139039,0.9776966806498677
2013-02-04 10:00:00,0.9955002899576703,0.9858735274051037,0.9944801426016471,0.9794165451669619
2013-02-04 11:00:00,0.9958600779155004,0.9878159858387695,0.9944801426016471,0.9768794859253465
2013-02-04 12:00:00,0.9966518833351135,0.9858735274051037,0.9946346574730668,0.9768794859253465
2013-02-04 13:00:00,0.9956841842173588,0.9826753116522939,0.9948600510275204,0.9768794859253465
2013-02-05 07:00:00,0.9962920953772834,0.9826753116522939,0.9954047647266001,0.9764170187699402
2013-02-05 08:00:00,0.9971378457536259,0.9861870627777917,0.9958482445420314,0.9767462545147709
2013-02-05 09:00:00,0.9974822999074273,0.9893852785306015,0.9962101522080037,0.9762837873593647
2013-02-05 10:00:00,0.9969963374889147,0.9864992619400894,0.9959804558986146,0.9766130231041952
2013-02-05 11:00:00,0.9966365495310846,0.9884027360295381,0.9956185482326423,0.9760694492751384
2013-02-05 12:00:00,0.9968204437907732,0.9901386915976196,0.9952831557282722,0.9757402135303079
2013-02-05 13:00:00,0.9974822999074273,0.9901386915976196,0.9955168708339225,0.9762837873593647
2013-02-06 07:00:00,0.9969963374889147,0.9857520935890275,0.9955168708339225,0.9766130231041952
2013-02-06 08:00:00,0.9966365495310846,0.9857520935890275,0.9953030873278805,0.9748564031004987
2013-02-06 09:00:00,0.9955002899576704,0.9863840645600533,0.9948600510275203,0.9757034580437055
2013-02-06 10:00:00,0.9947792839374644,0.9815555895358753,0.9950897473369097,0.973403264210952
2013-02-06 11:00:00,0.9952652463559769,0.9836194817856174,0.9955327836372698,0.9762281725099988
2013-02-06 12:00:00,0.9964015059293913,0.9836194817856174,0.995777928285647,0.977100982083886
2013-02-06 13:00:00,0.9971225119495971,0.9836194817856174,0.996230535437473,0.977100982083886
2013-02-07 07:00:00,0.9971225119495971,0.9836194817856174,0.9965844466980363,0.977100982083886
2013-02-07 08:00:00,0.997122511949597,0.9836194817856172,0.9968905536274882,0.977100982083886
2013-02-07 09:00:00,0.9956688504133301,0.9836194817856172,0.996192801827285,0.9767717463390556
2013-02-07 10:00:00,0.9955002899576704,0.9836194817856172,0.996151827713752,0.9757700737489933
2013-02-07 11:00:00,0.9939774180845313,0.9798196339677937,0.9963048658148754,0.9739468380400088
2013-02-07 12:00:00,0.9943077929029112,0.9738146366111845,0.9960864253985605,0.9708662049693366
2013-02-07 13:00:00,0.9936720080759384,0.9726803131081168,0.995335836125657,0.9708662049693366
2013-02-08 07:00:00,0.9939774180845313,0.9732278864204161,0.9949502075999789,0.9703226311402798
2013-02-08 08:00:00,0.9943077929029115,0.9738146366111845,0.9943385450932616,0.9734032642109519
2013-02-08 09:00:00,0.9941392324472516,0.9751313605098649,0.9942440483625463,0.9759403234525675
2013-02-08 10:00:00,0.9942948200473842,0.9757633314808908,0.9942440483625463,0.9747640327645302
2013-02-08 11:00:00,0.994934871537597,0.9823550790282682,0.9945962963394156,0.9750932685093607
2013-02-08 12:00:00,0.995817691920523,0.985522955875066,0.9946441006705268,0.9768498885130572
2013-02-08 13:00:00,0.9958176919205229,0.985522955875066,0.9940604931005742,0.9782772727719234
2013-02-11 07:00:00,0.9959862523761828,0.985522955875066,0.9934086760730023,0.9792789453619855
2013-02-11 08:00:00,0.9969539514939374,0.9897194599282182,0.9940998601759459,0.9799927688946167
2013-02-11 09:00:00,0.9976441142701473,0.9926054765187304,0.9944461216262527,0.980865578468504
2013-02-11 10:00:00,0.9973137394517676,0.9912887526200502,0.995029729196205,0.9801517549358729
2013-02-11 11:00:00,0.996807470935246,0.98997202872137,0.9948401874076706,0.9776146956942575
2013-02-11 12:00:00,0.9968074709352459,0.9912887526200502,0.9948000328868157,0.9776146956942575
2013-02-11 13:00:00,0.9971378457536259,0.9912887526200502,0.9943666000300263,0.9765718992231921
2013-02-12 07:00:00,0.9971378457536259,0.9920359209711118,0.9942231327803689,0.9765718992231921
2013-02-12 08:00:00,0.9971378457536259,0.9899720287213698,0.9933459221983433,0.9777481899112292
2013-02-12 09:00:00,0.9976441142701473,0.9912887526200501,0.9933459221983433,0.979792658972357
2013-02-12 10:00:00,0.9983988581700209,0.9922025838473615,0.9935045078915972,0.9815492789760536
2013-02-12 11:00:00,0.9983988581700209,0.9944566294668479,0.9929999487133722,0.9815492789760536
2013-02-12 12:00:00,0.9983988581700209,0.9925531553773993,0.99289284538488,0.9807688397381347
2013-02-12 13:00:00,0.9973137394517676,0.9937718765391934,0.9923326600572736,0.980439603993304
2013-02-13 07:00:00,0.9969539514939374,0.9912887526200501,0.9915470924090423,0.9783951349321764
2013-02-13 08:00:00,0.9959862523761828,0.9912887526200501,0.9915470924090422,0.9806029584289611
2013-02-13 09:00:00,0.995655877557803,0.9912887526200501,0.992300940020264,0.9810654255843673
2013-02-13 10:00:00,0.995655877557803,0.9950886004378737,0.9926622692208503,0.9828886612933516
2013-02-13 11:00:00,0.994934871537597,0.9950886004378737,0.9918388202270442,0.9847118970023361
2013-02-13 12:00:00,0.9952652463559769,0.9926054765187305,0.9914447544456263,0.9864685170060327
2013-02-13 13:00:00,0.9965633202921113,0.9950886004378737,0.9916591137622012,0.9874701895960948
2013-02-14 07:00:00,0.9972843263123171,0.99652052171659,0.9913455888927261,0.9881840131287261
2013-02-14 08:00:00,0.9969539514939374,0.99652052171659,0.9912008309587355,0.9885686009165264
2013-02-14 09:00:00,0.9976441142701473,0.99652052171659,0.9915470924090422,0.9885686009165264
2013-02-14 10:00:00,0.9969539514939374,0.9952037978179096,0.9915470924090423,0.9877215459733198
2013-02-14 11:00:00,0.9974822999074273,0.994456629466848,0.9915470924090423,0.9885686009165262
2013-02-14 12:00:00,0.9960286383711603,0.990070031458256,0.9907071470596414,0.9878547773838954
2013-02-14 13:00:00,0.9960286383711603,0.990070031458256,0.9902417578762264,0.9885686009165264
2013-02-15 07:00:00,0.9974822999074273,0.994456629466848,0.9910846931076824,0.9899959851753924
2013-02-15 08:00:00,0.9976581936055688,0.9930247081881319,0.9912984766137244,0.9903805729631928
2013-02-15 09:00:00,0.9973137394517676,0.9950886004378737,0.9910782320786866,0.9903805729631928
2013-02-15 10:00:00,0.9969963374889147,0.9922025838473615,0.9904950337859721,0.9903805729631928
2013-02-15 11:00:00,0.9969963374889147,0.9928345548183873,0.9907463170544516,0.9900927239057615
2013-02-15 12:00:00,0.9974822999074273,0.9928345548183873,0.9907463170544516,0.9905551910611679
2013-02-15 13:00:00,0.9978772558494706,0.9950886004378737,0.9918065069388903,0.9905551910611679
2013-02-19 07:00:00,0.9980390702121906,0.9950886004378737,0.9918065069388903,0.9925996601222956
2013-02-19 08:00:00,0.9980390702121906,0.9973426460573602,0.9918065069388903,0.9918858365896646
2013-02-19 09:00:00,0.9971562498292648,0.99734264605736,0.9918065069388903,0.9918858365896646
2013-02-19 10:00:00,0.9975328016956692,0.9950886004378738,0.99180650693889,0.9918858365896646
2013-02-19 11:00:00,0.9962920953772831,0.9922025838473617,0.9918065069388903,0.9915012488018641
2013-02-19 12:00:00,0.9955710893570773,0.989034707000564,0.9916095199615893,0.9900738645429982
2013-02-19 13:00:00,0.9948809265808672,0.988402736029538,0.9909117681613859,0.9878660410462132
2013-02-20 07:00:00,0.9935828526447328,0.9892248603703082,0.9903953456239937,0.9868232445751478
2013-02-20 08:00:00,0.9932774426361398,0.9892248603703082,0.9893351557395551,0.9868232445751478
2013-02-20 09:00:00,0.9932774426361398,0.9912887526200501,0.9895283483615336,0.9868232445751478
2013-02-20 10:00:00,0.9932774426361398,0.9937718765391934,0.9899937375449485,0.9864386567873474
2013-02-20 11:00:00,0.9941602630190659,0.9922025838473617,0.9905885382459723,0.985976189631941
2013-02-20 12:00:00,0.9941602630190659,0.9950886004378738,0.9913019477606652,0.987403573890807
2013-02-20 13:00:00,0.9941602630190659,0.99652052171659,0.99180650693889,0.9839939678817006
2013-02-21 07:00:00,0.993327553922137,0.9965205217165898,0.9925603545501117,0.9814569086400851
2013-02-21 08:00:00,0.9946886114325557,0.99734264605736,0.9931868165666171,0.9818414964278854
2013-02-21 09:00:00,0.9952169598460457,0.9966578931297058,0.9936661481479674,0.9826885513710921
2013-02-21 10:00:00,0.9942003564894284,0.9950886004378738,0.993855246421431,0.9818414964278855
2013-02-21 11:00:00,0.9942003564894284,0.9950886004378737,0.9935417215519556,0.9808398238378233
2013-02-21 12:00:00,0.9942003564894284,0.99734264605736,0.9943272892001872,0.9804552360500229
2013-02-21 13:00:00,0.9942003564894284,0.9966578931297058,0.9944582707295255,0.9808398238378233
2013-02-22 07:00:00,0.9953928535441875,0.9980898144084218,0.995299629545632,0.9823039635832918
2013-02-22 08:00:00,0.9952169598460457,0.9980898144084218,0.995299629545632,0.9831510185264986
2013-02-22 09:00:00,0.9952169598460457,0.9958357687889355,0.995299629545632,0.9834802542713291
2013-02-22 10:00:00,0.9952169598460457,0.9966578931297058,0.995299629545632,0.9823039635832918
2013-02-22 11:00:00,0.9946886114325559,0.9980898144084218,0.995299629545632,0.9814569086400851
2013-02-22 12:00:00,0.9936720080759387,0.99652052171659,0.9949940739683669,0.9814569086400851
2013-02-22 13:00:00,0.9950330655863572,0.9957733533655282,0.9954802165477434,0.9814569086400851
2013-02-25 07:00:00,0.9955002899576704,0.99734264605736,0.9955552776515287,0.9839939678817005
2013-02-25 08:00:00,0.9955002899576704,0.99734264605736,0.9957989290970624,0.9839939678817005
2013-02-25 09:00:00,0.9948645051306975,0.9966578931297058,0.995391952969042,0.98366473213687
2013-02-25 10:00:00,0.9950330655863572,0.9980898144084217,0.9946621589441318,0.98366473213687
2013-02-25 11:00:00,0.9955002899576704,0.9987745673360762,0.9946621589441318,0.9836647321368698
2013-02-25 12:00:00,0.9950330655863572,0.9980898144084217,0.9946621589441318,0.9836647321368698
2013-02-25 13:00:00,0.9955002899576704,0.99734264605736,0.9946621589441318,0.9836647321368698
2013-02-26 07:00:00,0.9964679890754249,0.9980898144084218,0.9954670140728272,0.9840493199246702
2013-02-26 08:00:00,0.9969963374889149,0.99652052171659,0.9957989290970624,0.9844339077124707
2013-02-26 09:00:00,0.9969963374889149,0.99652052171659,0.9956852580713106,0.9844339077124707
2013-02-26 10:00:00,0.9969963374889149,0.99652052171659,0.9956852580713106,0.9837200841798397
2013-02-26 11:00:00,0.9971722311870564,0.9950886004378737,0.9956852580713106,0.9845671391230467
2013-02-26 12:00:00,0.9971722311870564,0.994456629466848,0.9951494548324692,0.9842792900656154
2013-02-26 13:00:00,0.9969963374889149,0.9950886004378737,0.9955483178157135,0.9838947022778148
2013-02-27 07:00:00,0.9973912934309582,0.9957733533655283,0.9959365477927834,0.9838947022778148
2013-02-27 08:00:00,0.9975751876906467,0.99652052171659,0.9960502188185354,0.9849374987488803
2013-02-27 09:00:00,0.9978925896534994,0.9958357687889355,0.9960502188185354,0.9853220865366809
2013-02-27 10:00:00,0.9975328016956692,0.9958357687889355,0.9960502188185354,0.985784553692087
2013-02-27 11:00:00,0.9976946160583894,0.9980898144084217,0.9960502188185354,0.9851674688898251
2013-02-27 12:00:00,0.9984156220785952,0.99734264605736,0.9960502188185354,0.9837033291443568
2013-02-27 13:00:00,0.9989439704920852,0.99734264605736,0.9959192372891971,0.9851674688898251
2013-02-28 07:00:00,0.9980611501091592,0.9950886004378738,0.9959192372891971,0.9851674688898253
2013-02-28 08:00:00,0.9982370438073008,0.9950886004378738,0.9960397329989565,0.9847828811020247
2013-02-28 09:00:00,0.9977510813887884,0.9922025838473617,0.9958055662634451,0.9853999659042865
2013-02-28 10:00:00,0.9975751876906467,0.9908858599486813,0.9954619531185621,0.985729201649117
2013-02-28 11:00:00,0.9977678452973627,0.9908858599486813,0.9958055662634451,0.9864430251817481
2013-02-28 12:00:00,0.9972153997328166,0.9922025838473617,0.9952891437260531,0.9864430251817481
2013-02-28 13:00:00,0.9975751876906467,0.9950886004378737,0.995554276541972,0.9868276129695485
2013-03-01 07:00:00,0.9975751876906465,0.9944566294668479,0.995554276541972,0.9864430251817483
2013-03-01 08:00:00,0.9975751876906467,0.99734264605736,0.995554276541972,0.9864430251817481
2013-03-01 09:00:00,0.9975751876906467,0.99734264605736,0.9958082145688688,0.9859805580263419
2013-03-01 10:00:00,0.9965796149058438,0.99734264605736,0.9955785182594795,0.9851077484524545
2013-03-01 11:00:00,0.9958586088856377,0.99734264605736,0.9957067108198014,0.9847785127076238
2013-03-01 12:00:00,0.9943236108696887,0.9952787538076182,0.9953583607677895,0.9828285864975081
2013-03-01 13:00:00,0.9946680650234899,0.9960259221586797,0.9956648829566308,0.9836022220195867
2013-03-04 07:00:00,0.9954483191395657,0.9937718765391936,0.9957067108198014,0.9832729862747562
2013-03-04 08:00:00,0.9962030630394392,0.9958357687889355,0.996181305494023,0.9828883984869556
2013-03-04 09:00:00,0.996838847866412,0.9958357687889355,0.9964519759169452,0.9833508656423618
2013-03-04 10:00:00,0.996838847866412,0.9958357687889355,0.9964519759169452,0.9818867258968935
2013-03-04 11:00:00,0.9978772558494706,0.9958357687889355,0.9971497277171486,0.9807104352088561
2013-03-04 12:00:00,0.9975328016956692,0.9958357687889355,0.9971497277171486,0.9802479680534499
2013-03-04 13:00:00,0.9980390702121906,0.9958357687889355,0.9971497277171486,0.9814242587414872
2013-03-05 07:00:00,0.9985674186256805,0.99652052171659,0.99775881739438,0.9799601189960186
2013-03-05 08:00:00,0.9983988581700209,0.99652052171659,0.99775881739438,0.9795755312082183
2013-03-05 09:00:00,0.9991198641902268,0.9980898144084218,0.9981363634424211,0.9800379983636245
2013-03-05 10:00:00,0.9991198641902268,0.9980898144084217,0.9983091728349299,0.9791909434204179
2013-03-05 11:00:00,0.9991198641902268,0.99652052171659,0.9983528195814445,0.979478792477849
2013-03-05 12:00:00,0.9991198641902267,0.99652052171659,0.9985865346870947,0.9828883984869556
2013-03-05 13:00:00,0.9991198641902267,0.9957733533655282,0.9983091728349299,0.9823080691712964
2013-03-06 07:00:00,0.9993037584499153,0.9944566294668479,0.9985865346870948,0.9826926569590968
2013-03-06 08:00:00,0.9996482126037167,0.9957733533655282,0.9987915762106617,0.9831551241145031
2013-03-06 09:00:00,0.9993037584499153,0.99652052171659,0.9986292526377318,0.9831551241145031
2013-03-06 10:00:00,0.9993037584499153,0.99652052171659,0.9986292526377318,0.9816909843690345
2013-03-06 11:00:00,0.9991198641902268,0.9944566294668479,0.9988576439709542,0.9813063965812339
2013-03-06 12:00:00,0.9994643183440282,0.994456629466848,0.9987693803922527,0.9813063965812343
2013-03-06 13:00:00,0.9992884246458864,0.9950886004378737,0.9989317039651828,0.9790062027484807
2013-03-07 07:00:00,0.9990229170232081,0.9951958307027727,0.9989386712600029,0.9783052191567149
2013-03-07 08:00:00,0.9988531261992589,0.9926756452325973,0.9989386712600029,0.9780803075321843
2013-03-07 09:00:00,0.9981268573613872,0.9891114799111965,0.998503673663658,0.9765708120470349
2013-03-07 10:00:00,0.9976168934542341,0.9891114799111965,0.998503673663658,0.9748254680556133
2013-03-07 11:00:00,0.9985061577815613,0.9933706183532016,0.9987980376291113,0.9734445399679083
2013-03-07 12:00:00,0.9976168934542343,0.9926756452325973,0.9985484515674413,0.9741689386639858
2013-03-07 13:00:00,0.997219054622103,0.9941289384706972,0.9986351280505029,0.973778653279329
2013-03-08 07:00:00,0.997729018529256,0.9948239115913017,0.9985465458307231,0.9743675800663314
2013-03-08 08:00:00,0.9975518409355073,0.994128938470697,0.9983692956871344,0.973778653279329
2013-03-08 09:00:00,0.9968566404747996,0.9941289384706972,0.9978464014750038,0.9733093347586572
2013-03-08 10:00:00,0.9968566404747996,0.989869800028692,0.9978464014750038,0.972720407971655
2013-03-08 11:00:00,0.9968566404747996,0.9877751034170136,0.9972351129180714,0.9712718772793244
2013-03-08 12:00:00,0.9959673761474727,0.9863218101789135,0.9972351129180714,0.9710384072649247
2013-03-08 13:00:00,0.9954778665580221,0.9850848991490327,0.9969581219489971,0.9688474095333208
2013-03-11 07:00:00,0.9945031039430577,0.9863218101789135,0.9972351129180714,0.9692376949179776
2013-03-11 08:00:00,0.9926614769381015,0.9827972110576139,0.9968714454659355,0.96982662170498
2013-03-11 09:00:00,0.9928555408047205,0.9850848991490327,0.9969581219489971,0.9698266217049798
2013-03-11 10:00:00,0.9928555408047205,0.9856804068053352,0.9972351129180714,0.9720176194365839
2013-03-11 11:00:00,0.9946971678096768,0.9892445721267358,0.9974123630616604,0.9738678660449603
2013-03-11 12:00:00,0.9940567422175436,0.9857199730054359,0.9969581219489971,0.9745922647410382
2013-03-11 13:00:00,0.9935002642036211,0.9870563494996191,0.9972351129180714,0.974592264741038
2013-03-12 07:00:00,0.9948078131319901,0.9915084191202796,0.9973256865785987,0.9732113366533328
2013-03-12 08:00:00,0.9930471011154313,0.9879838199989801,0.9970486956095244,0.9732113366533328
2013-03-12 09:00:00,0.9936632596930763,0.9879838199989801,0.9973256865785987,0.9732113366533328
2013-03-12 10:00:00,0.9936632596930763,0.9915084191202799,0.9975658437607761,0.9706366913488788
2013-03-12 11:00:00,0.9925702204002372,0.9901720426260967,0.9973466147509004,0.9701673728282071
2013-03-12 12:00:00,0.9931024253714898,0.9901720426260967,0.9977098289427425,0.9706603561293677
2013-03-12 13:00:00,0.9945031039430577,0.9901720426260967,0.9981267560742416,0.97144545291844
2013-03-13 07:00:00,0.9940135943536071,0.9874818383581161,0.9980419050408894,0.9723050568237681
2013-03-13 08:00:00,0.9930107546141705,0.9830297687374554,0.9976249779093904,0.9715806581276907
2013-03-13 09:00:00,0.9935002642036211,0.9802239235335501,0.997907527064366,0.9696018441218696
2013-03-13 10:00:00,0.9926614769381015,0.9802239235335501,0.9980023649385131,0.9692115587372127
2013-03-13 11:00:00,0.9931321117062855,0.9821558076840353,0.9980023649385131,0.968153313429539
2013-03-13 12:00:00,0.9935730601396737,0.9876518571559213,0.9980023649385131,0.969169825613528
2013-03-13 13:00:00,0.9932654208609449,0.9870563494996191,0.9974905999328668,0.9681115803058541
2013-03-14 07:00:00,0.9928244724275567,0.9905809486209188,0.9976249779093906,0.9660999923074617
2013-03-14 08:00:00,0.9921292719668487,0.9892445721267358,0.9972206416830279,0.9668243910035393
2013-03-14 09:00:00,0.9905830695858198,0.9857199730054361,0.9970267516147607,0.9665322775156275
2013-03-14 10:00:00,0.99058306958582,0.9870563494996191,0.9966980122128036,0.9658271104886842
2013-03-14 11:00:00,0.9912277929847205,0.9870563494996191,0.9968323901893273,0.9654368251040275
2013-03-14 12:00:00,0.9921170573120475,0.9905809486209187,0.997026751614761,0.9671821690954489
2013-03-14 13:00:00,0.9925702204002372,0.9882932605294998,0.9973466147509004,0.969962093614055
2013-03-15 07:00:00,0.993877769328606,0.9915084191202796,0.9973466147509004,0.9702542071019669
2013-03-15 08:00:00,0.9948806090680429,0.9936031157319581,0.9977098289427427,0.9717637025871161
2013-03-15 09:00:00,0.9948806090680429,0.9936031157319581,0.9979495059306527,0.9729574198038653
2013-03-15 10:00:00,0.9961303716369281,0.9958908038233771,0.9980809603174976,0.9760836918829919
2013-03-15 11:00:00,0.9968566404747996,0.994128938470697,0.9980809603174976,0.9760836918829917
2013-03-15 12:00:00,0.9968566404747996,0.9948239115913017,0.9978464014750039,0.9748899746662429
2013-03-15 13:00:00,0.997219054622103,0.9948239115913017,0.998124764633494,0.9752240879776636
2013-03-18 07:00:00,0.9965238541613949,0.9905647731492965,0.9982844446537823,0.9752240879776636
2013-03-18 08:00:00,0.9965238541613949,0.9905647731492963,0.9978586746593946,0.9728898171992398
2013-03-18 09:00:00,0.9965238541613951,0.9933706183532017,0.9979961092841455,0.9743383478915704
2013-03-18 10:00:00,0.9965238541613951,0.9891114799111965,0.9978263319002766,0.9746724612029912
2013-03-18 11:00:00,0.9965238541613951,0.9891114799111965,0.9978263319002766,0.9761209918953216
2013-03-18 12:00:00,0.9950595819569802,0.9861823884461992,0.9978263319002766,0.9765112772799786
2013-03-18 13:00:00,0.9950595819569802,0.9854874153255947,0.9975714771296005,0.9747286332762273
2013-03-19 07:00:00,0.9959115056937339,0.9877751034170136,0.9980452240339118,0.975020746764139
2013-03-19 08:00:00,0.9952448185105349,0.9864387269228304,0.9976582033474907,0.975020746764139
2013-03-19 09:00:00,0.995754782417688,0.9864387269228304,0.9975676296869637,0.9754900652848103
2013-03-19 10:00:00,0.9947307585986135,0.9864387269228304,0.9977050643117142,0.9754900652848105
2013-03-19 11:00:00,0.9934669610844038,0.9864387269228304,0.9976582033474907,0.9754900652848105
2013-03-19 12:00:00,0.9939564706738542,0.9864387269228304,0.9977050643117145,0.9732495332917769
2013-03-19 13:00:00,0.9955672366057619,0.9913392687384142,0.9977977210326819,0.9735836466031976
2013-03-20 07:00:00,0.9971012243319891,0.9951958307027725,0.9977508600684584,0.9773778786053413
2013-03-20 08:00:00,0.9967684380185846,0.9931011340910941,0.9973719510382945,0.9763196332976675
2013-03-20 09:00:00,0.9965912604248361,0.9915084191202799,0.9977050643117145,0.976709918682324
2013-03-20 10:00:00,0.9964214696008871,0.9876518571559213,0.9972313174074032,0.9770440319937448
2013-03-20 11:00:00,0.9964214696008871,0.9897465537675999,0.9975714771296005,0.9764178051944125
2013-03-20 12:00:00,0.9960590554535836,0.9912887526200501,0.9977121107604919,0.9760836918829919
2013-03-20 13:00:00,0.9960590554535836,0.9912887526200501,0.9976663150037478,0.9771419371906656
2013-03-21 07:00:00,0.9964214696008871,0.9919207235910761,0.9975714771296007,0.9749014051976322
2013-03-21 08:00:00,0.9957262691401791,0.989856831341334,0.997107689033878,0.9741770065015547
2013-03-21 09:00:00,0.9961445537412211,0.9930247081881319,0.9974552005255217,0.9746463250222261
2013-03-21 10:00:00,0.9959673761474727,0.9950886004378737,0.9972206416830279,0.9746463250222261
2013-03-21 11:00:00,0.9965238541613951,0.9919207235910761,0.9974351969706801,0.9746463250222261
2013-03-21 12:00:00,0.9965238541613951,0.9891561408166398,0.9974351969706801,0.9768868570152597
2013-03-21 13:00:00,0.9968566404747995,0.9898408937442943,0.9974351969706801,0.9786322010066809
2013-03-22 07:00:00,0.9973666043819526,0.9905256466719486,0.9976249779093904,0.9774384837899323
2013-03-22 08:00:00,0.9962220509430391,0.9898408937442943,0.9974905999328669,0.9779078023106036
2013-03-22 09:00:00,0.9967542559142916,0.988524169845614,0.9979075270643658,0.9797580489189804
2013-03-22 10:00:00,0.9967542559142916,0.9873054486838196,0.9978148703433982,0.9792887303983089
2013-03-22 11:00:00,0.9962442920071385,0.9873054486838196,0.997532321188423,0.9786625035989766
2013-03-22 12:00:00,0.9948732997703664,0.9873054486838196,0.9971279849620603,0.9779381049028991
2013-03-22 13:00:00,0.9952202681880641,0.9858735274051037,0.9975323211884228,0.9741438729007554
2013-03-25 07:00:00,0.9967542559142916,0.9858735274051036,0.9979961092841455,0.9726953422084249
2013-03-25 08:00:00,0.9953832636775193,0.9858735274051036,0.9976888972755258,0.9726953422084247
2013-03-25 09:00:00,0.9952202681880641,0.988524169845614,0.9971771322698796,0.9767816876984802
2013-03-25 10:00:00,0.9952202681880641,0.9877770014945523,0.997303105337752,0.9762300609238078
2013-03-25 11:00:00,0.9952202681880641,0.9864602775958721,0.9978148703433983,0.975937947435896
2013-03-25 12:00:00,0.9947307585986135,0.9870922485668979,0.9978568492096849,0.975937947435896
2013-03-25 13:00:00,0.9948874818746596,0.9870922485668979,0.9978568492096851,0.975937947435896
2013-03-26 07:00:00,0.9964214696008871,0.989856831341334,0.9978568492096851,0.9740877008275194
2013-03-26 08:00:00,0.9952202681880641,0.991920723591076,0.9978568492096849,0.9736183823068478
2013-03-26 09:00:00,0.9952202681880641,0.991920723591076,0.9978568492096851,0.9726018701228588
2013-03-26 10:00:00,0.9952202681880641,0.9912887526200501,0.9974936350178427,0.9726018701228587
2013-03-26 11:00:00,0.9955530545014686,0.9870922485668979,0.9977177461256554,0.9726018701228587
2013-03-26 12:00:00,0.9952202681880641,0.9836194817856174,0.9978363041114232,0.9729921555075155
2013-03-26 13:00:00,0.9934465067667012,0.9836194817856174,0.9972630336558258,0.9719339101998417
2013-03-27 07:00:00,0.9936095022561564,0.987092248566898,0.9968397538651292,0.9719339101998418
2013-03-27 08:00:00,0.993247088108853,0.9870922485668979,0.9970170040087182,0.9712095115037642
2013-03-27 09:00:00,0.9923578237815263,0.9870922485668979,0.9970952625114622,0.9697609808114337
2013-03-27 10:00:00,0.9929143017954487,0.9870922485668979,0.9971390668274587,0.9708192261191074
2013-03-27 11:00:00,0.9925945830299473,0.9870922485668979,0.9971390668274585,0.9705597128323468
2013-03-27 12:00:00,0.9945250677273562,0.9870922485668979,0.9976857470019862,0.9731343581368007
2013-03-27 13:00:00,0.9945250677273562,0.9870922485668979,0.9976419426859897,0.9734684714482215
2013-03-28 07:00:00,0.9952202681880641,0.9850283563171559,0.9975513690254625,0.9747444969189715
2013-03-28 08:00:00,0.9955530545014686,0.9850283563171559,0.9978117200698586,0.9768192544106343
2013-03-28 09:00:00,0.9953832636775195,0.9870922485668979,0.997725043586797,0.9768192544106343
2013-03-28 10:00:00,0.995730232095217,0.9870922485668979,0.997725043586797,0.9768192544106344
2013-03-28 11:00:00,0.9955530545014686,0.9864602775958721,0.997725043586797,0.9791535251890582
2013-03-28 12:00:00,0.9969240467382406,0.9912887526200502,0.9979652007689743,0.9787632398044013
2013-03-28 13:00:00,0.9955530545014686,0.9926054765187305,0.9979652007689745,0.9761885944999472
2013-04-01 07:00:00,0.9955530545014686,0.993352644869792,0.9979652007689743,0.9754641958038698
2013-04-01 08:00:00,0.9953900590120133,0.993352644869792,0.9975516103336655,0.9757563092917815
2013-04-01 09:00:00,0.995220268188064,0.9920359209711118,0.997725043586797,0.9742704785871207
2013-04-01 10:00:00,0.9952202681880641,0.9912887526200501,0.9975058145769214,0.9716958332826666
2013-04-01 11:00:00,0.9939564706738542,0.993352644869792,0.9975058145769214,0.9716958332826666
2013-04-01 12:00:00,0.9942892569872587,0.9940373977974465,0.9975516103336652,0.9727123454666556
2013-04-01 13:00:00,0.9942892569872587,0.9919735055477046,0.997725043586797,0.973571949371984
2013-04-02 07:00:00,0.9942892569872587,0.9919735055477047,0.9982595647344278,0.9721234186796535
2013-04-02 08:00:00,0.9942892569872587,0.9912887526200501,0.9982595647344278,0.9746980639841075
2013-04-02 09:00:00,0.9942892569872587,0.9912887526200501,0.9985144195051038,0.9743639506726868
2013-04-02 10:00:00,0.9925935033442846,0.9912887526200501,0.9983910191212728,0.9738123238980144
2013-04-02 11:00:00,0.9925935033442846,0.9912887526200501,0.9985144195051038,0.9731860970986821
2013-04-02 12:00:00,0.9922607170308803,0.9919207235910761,0.9986010959881656,0.9723264931933538
2013-04-02 13:00:00,0.9924305078548294,0.989856831341334,0.9987708733720345,0.9735202104101028
2013-04-03 07:00:00,0.9925935033442846,0.9912887526200501,0.9983992618030122,0.9735202104101028
2013-04-03 08:00:00,0.9925935033442846,0.9919207235910761,0.9980188541793809,0.9723264931933538
2013-04-03 09:00:00,0.9925935033442846,0.9912887526200501,0.998103705212733,0.9718571746726824
2013-04-03 10:00:00,0.9925935033442846,0.991920723591076,0.9980188541793809,0.9730508918894313
2013-04-03 11:00:00,0.9925935033442846,0.9870922485668979,0.9980188541793809,0.9730508918894313
2013-04-03 12:00:00,0.9925935033442846,0.9810872512102888,0.9980188541793809,0.9726606065047743
2013-04-03 13:00:00,0.9925935033442846,0.9790233589605467,0.9980188541793809,0.9726606065047745
2013-04-04 07:00:00,0.9924237125203355,0.9784366087697782,0.9980617263464461,0.9726606065047747
2013-04-04 08:00:00,0.9924237125203355,0.9749638419884978,0.9980206043119256,0.9733850052008519
2013-04-04 09:00:00,0.9925935033442846,0.9784366087697782,0.9975023174332434,0.9738543237215234
2013-04-04 10:00:00,0.9925935033442846,0.9850283563171559,0.9980617263464461,0.9738543237215234
2013-04-04 11:00:00,0.9942892569872587,0.989856831341334,0.9984421339700774,0.9759469506103295
2013-04-04 12:00:00,0.9938989037180457,0.9892248603703083,0.998401011935557,0.9772454771567796
2013-04-04 13:00:00,0.9940607180807657,0.9857520935890275,0.9979777321448603,0.9760691864687424
2013-04-05 07:00:00,0.9940607180807657,0.9829875108145913,0.9975014241324649,0.9764537742565428
2013-04-05 08:00:00,0.9938989037180457,0.9818531873115237,0.9974594452661781,0.9767830100013734
2013-04-05 09:00:00,0.9938989037180457,0.9805364634128434,0.9972493683992851,0.9776558195752608
2013-04-05 10:00:00,0.9938989037180457,0.9845568035064233,0.9972493683992852,0.9762950510216826
2013-04-05 11:00:00,0.9938989037180457,0.9893852785306015,0.9978490767955119,0.9762950510216826
2013-04-05 12:00:00,0.9938989037180457,0.9937718765391936,0.9981409021993637,0.9785028745184676
2013-04-05 13:00:00,0.9953294369773955,0.9960259221586797,0.9983352636247971,0.9799302587773334
2013-04-08 07:00:00,0.995153543279254,0.9952787538076181,0.9983772424910838,0.9827551670763801
2013-04-08 08:00:00,0.9953294369773955,0.994456629466848,0.9979636520557746,0.9845784027853643
2013-04-08 09:00:00,0.994823168460874,0.9930247081881317,0.9974169718812468,0.9845784027853645
2013-04-08 10:00:00,0.9953294369773957,0.9937718765391936,0.9973338709804398,0.9845784027853645
2013-04-08 11:00:00,0.9963460403340129,0.9958357687889355,0.9978402516719436,0.9852922263179953
2013-04-08 12:00:00,0.9958397718174914,0.9937718765391936,0.9972540623026384,0.9839314577644173
2013-04-08 13:00:00,0.9949940214411488,0.9917079842894515,0.9971692112692865,0.982929785174355
2013-04-09 07:00:00,0.9939774180845313,0.9917079842894515,0.9969879723285392,0.9820827302311482
2013-04-09 08:00:00,0.9946675808607415,0.9937718765391936,0.9966327834099957,0.981620263075742
2013-04-09 09:00:00,0.9958600779155006,0.9958357687889355,0.997098042066979,0.98366473213687
2013-04-09 10:00:00,0.9955002899576703,0.99652052171659,0.9972609516455875,0.98366473213687
2013-04-09 11:00:00,0.9948645051306975,0.9944566294668479,0.9973020736801081,0.98366473213687
2013-04-09 12:00:00,0.994358236614176,0.9930247081881319,0.9971391641014996,0.9836647321368698
2013-04-09 13:00:00,0.9939816847477716,0.9945940008799636,0.9974532309855225,0.9829509086042387
2013-04-10 07:00:00,0.9930255369335542,0.9911212340986831,0.9975741616978442,0.9829509086042387
2013-04-10 08:00:00,0.9933198286311172,0.9911212340986831,0.9971391641014996,0.9823338238019772
2013-04-10 09:00:00,0.9929600406732871,0.9937718765391934,0.9974532309855225,0.9831808787451836
2013-04-10 10:00:00,0.9941482710648063,0.9960259221586797,0.9969879723285391,0.9820045880571466
2013-04-10 11:00:00,0.9933155619678774,0.994456629466848,0.9965116643161436,0.9823891758449468
2013-04-10 12:00:00,0.9933155619678774,0.9960259221586797,0.9965914729939449,0.9842124115539312
2013-04-10 13:00:00,0.9941482710648063,0.9980898144084218,0.9971508819071476,0.9846748787093373
2013-04-11 07:00:00,0.9956019326010733,0.9980898144084217,0.9976975620816754,0.9861390184548061
2013-04-11 08:00:00,0.9968426389194591,0.9966578931297055,0.9981111525169845,0.9868528419874373
2013-04-11 09:00:00,0.9975328016956694,0.9950886004378737,0.9981111525169845,0.9886094619911335
2013-04-11 10:00:00,0.9978925896534995,0.99734264605736,0.997755963598441,0.9903660819948301
2013-04-11 11:00:00,0.9977086953938109,0.99734264605736,0.9977970856329613,0.9895190270516234
2013-04-11 12:00:00,0.9964679890754249,0.9944566294668479,0.9973834951976523,0.9891344392638228
2013-04-11 13:00:00,0.9964679890754249,0.9950886004378737,0.9973834951976523,0.9882873843206161
2013-04-12 07:00:00,0.9959155435108787,0.99734264605736,0.9973834951976523,0.9871110936325791
2013-04-12 08:00:00,0.9966365495310846,0.99652052171659,0.9973423731631319,0.9867818578877484
2013-04-12 09:00:00,0.9973912934309581,0.99652052171659,0.9973423731631319,0.9879581485757857
2013-04-12 10:00:00,0.9977086953938108,0.9972052746442442,0.9972609516455876,0.9894222883212541
2013-04-12 11:00:00,0.9978772558494705,0.9987745673360762,0.9975330396633239,0.9894222883212541
2013-04-12 12:00:00,0.9978772558494705,0.9987745673360762,0.9978805511549675,0.9902693432644609
2013-04-12 13:00:00,0.9978772558494705,0.99734264605736,0.9979636520557746,0.9905985790092915
2013-04-15 07:00:00,0.9978772558494706,0.9987745673360762,0.9980047740902951,0.9898847554766603
2013-04-15 08:00:00,0.9982370438073008,0.9995217356871378,0.9980047740902951,0.9898847554766603
2013-04-15 09:00:00,0.9980611501091591,0.9987745673360762,0.9980047740902951,0.989304426161001
2013-04-15 10:00:00,0.9978772558494705,0.9972052746442445,0.9980047740902951,0.9896890139488016
2013-04-15 11:00:00,0.9987600762323966,0.9965205217165898,0.9984183645256042,0.9904028374814327
2013-04-15 12:00:00,0.9985915157767369,0.99652052171659,0.9983763856593174,0.989360041010367
2013-04-15 13:00:00,0.9987754100364254,0.9987745673360763,0.9985956146691932,0.988897573854961
2013-04-16 07:00:00,0.9978925896534994,0.9972052746442445,0.9984183645256042,0.9880505189117541
2013-04-16 08:00:00,0.9973863211369779,0.99652052171659,0.9984183645256042,0.9880505189117541
2013-04-16 09:00:00,0.9972024268772893,0.9957733533655283,0.9980047740902951,0.9883797546565847
2013-04-16 10:00:00,0.9965405707606353,0.9919735055477046,0.9979636520557746,0.9887643424443853
2013-04-16 11:00:00,0.9965405707606353,0.994456629466848,0.9981409021993637,0.9891489302321856
2013-04-16 12:00:00,0.9970468392771568,0.994456629466848,0.9978490767955119,0.9905763144910519
2013-04-16 13:00:00,0.9961640188942308,0.9928873367750162,0.9978490767955119,0.9902470787462212
2013-04-17 07:00:00,0.9965405707606352,0.994456629466848,0.9978910556617985,0.9888196944873552
2013-04-17 08:00:00,0.9970468392771568,0.9950886004378737,0.997932177696319,0.989533518019986
2013-04-17 09:00:00,0.9980852472602155,0.991920723591076,0.9983974363533025,0.9898627537648167
2013-04-17 10:00:00,0.9977678452973627,0.9898568313413342,0.9978910556617985,0.9884353695059507
2013-04-17 11:00:00,0.9970468392771566,0.991920723591076,0.9973727687831164,0.9877215459733198
2013-04-17 12:00:00,0.9956563105503103,0.9898568313413342,0.9972493683992852,0.9859649259696233
2013-04-17 13:00:00,0.9952797586839057,0.9936566791591578,0.997336044882347,0.9855803381818228
2013-04-18 07:00:00,0.9952797586839057,0.995910724778644,0.997336044882347,0.9864273931250294
2013-04-18 08:00:00,0.9947734901673843,0.99734264605736,0.997336044882347,0.9854257205349671
2013-04-18 09:00:00,0.9959617205589032,0.9980898144084218,0.9975023174332434,0.9854257205349672
2013-04-18 10:00:00,0.9964679890754249,0.9980898144084218,0.9974594452661781,0.9871823405386635
2013-04-18 11:00:00,0.9964679890754249,0.9966578931297058,0.9972493683992852,0.9871823405386637
2013-04-18 12:00:00,0.9964679890754249,0.9966578931297058,0.9972493683992852,0.9871823405386637
2013-04-18 13:00:00,0.9959617205589032,0.9966578931297055,0.9972493683992852,0.9848821467059103
2013-04-19 07:00:00,0.994358236614176,0.9966578931297058,0.9972493683992852,0.9845529109610797
2013-04-19 08:00:00,0.9951699151392905,0.9966578931297058,0.9970759351461536,0.9838390874284488
2013-04-19 09:00:00,0.9959617205589034,0.9966578931297058,0.9973749930149601,0.9830586481905299
2013-04-19 10:00:00,0.9966518833351132,0.9966578931297058,0.9974169718812468,0.9844860324493959
2013-04-19 11:00:00,0.9971378457536259,0.9937718765391934,0.9974572713642708,0.9844860324493959
2013-04-19 12:00:00,0.9968204437907732,0.9917079842894515,0.9973338709804396,0.9848152681942264
2013-04-19 13:00:00,0.9971378457536259,0.9937718765391934,0.9973338709804398,0.9848152681942265
2013-04-22 07:00:00,0.9962920953772831,0.9937718765391934,0.9972540623026384,0.9839682132510198
2013-04-22 08:00:00,0.9962920953772829,0.994456629466848,0.9969550044338317,0.9835057460956136
2013-04-22 09:00:00,0.9959617205589032,0.9919735055477046,0.9968701534004798,0.985328981804598
2013-04-22 10:00:00,0.9949661477741005,0.9919735055477044,0.9964912443703158,0.9846151582719668
2013-04-22 11:00:00,0.9956563105503106,0.9912887526200501,0.9967104733801915,0.9824073347751822
2013-04-22 12:00:00,0.994358236614176,0.9897194599282182,0.9961377247401006,0.9798770792494073
2013-04-22 13:00:00,0.9943582366141761,0.9912887526200501,0.9961377247401006,0.9792599944471453
2013-04-23 07:00:00,0.9936963804975218,0.9870922485668979,0.9960966027055801,0.9796445822349459
2013-04-23 08:00:00,0.9936963804975218,0.9836194817856174,0.9952701809717241,0.9793153464901152
2013-04-23 09:00:00,0.994358236614176,0.9843042347132717,0.9951415256223756,0.9790274974326841
2013-04-23 10:00:00,0.9953538093989789,0.9877770014945523,0.9952701809717239,0.9800291700227463
2013-04-23 11:00:00,0.9953538093989791,0.9877770014945523,0.9951415256223755,0.9786017857638805
2013-04-23 12:00:00,0.9943372060423616,0.988524169845614,0.9953113030062443,0.9771744015050144
2013-04-23 13:00:00,0.9936753499257074,0.9898408937442944,0.9954678790933472,0.9757470172461484
2013-04-24 07:00:00,0.9928636714005931,0.9885241698456142,0.9952701809717239,0.9747453446560859
2013-04-24 08:00:00,0.9936753499257074,0.9892089227732684,0.9947573159262096,0.9740315211234551
2013-04-24 09:00:00,0.9941613123442201,0.9877770014945523,0.9950836693971815,0.9754956608689234
2013-04-24 10:00:00,0.9944787143070726,0.9864602775958721,0.9951265415642467,0.9762094844015546
2013-04-24 11:00:00,0.9936329639307303,0.9810872512102888,0.9952048000669907,0.9748975269815021
2013-04-24 12:00:00,0.9944656730276588,0.9810872512102888,0.995972519883181,0.9771053504782866
2013-04-24 13:00:00,0.9953114234040016,0.9757718235147235,0.9953710726178872,0.9788619704819833
2013-04-25 07:00:00,0.9951558358038688,0.9737079312649813,0.9954105818126643,0.979191206226814
2013-04-25 08:00:00,0.9962920953772831,0.9790233589605467,0.9960120290779583,0.979191206226814
2013-04-25 09:00:00,0.9959155435108787,0.9790233589605467,0.9959253525948966,0.9806185904856799
2013-04-25 10:00:00,0.9955002899576703,0.9810872512102887,0.9960487529787277,0.9788619704819833
2013-04-25 11:00:00,0.9949940214411489,0.9776144844290082,0.9958858434001192,0.9783995033265771
2013-04-25 12:00:00,0.9949940214411489,0.9776144844290082,0.9959725198831811,0.9797114607466296
2013-04-25 13:00:00,0.9958397718174914,0.9776144844290082,0.9959296477161158,0.9817559298077574
2013-04-26 07:00:00,0.9964476829774158,0.9776144844290082,0.9965163924620618,0.9803285455488914
2013-04-26 08:00:00,0.996807470935246,0.9810872512102888,0.9967221742077355,0.9789677769953133
2013-04-26 09:00:00,0.9973137394517676,0.9824039751089692,0.9968052751085427,0.9789677769953133
2013-04-26 10:00:00,0.9973137394517676,0.9877770014945523,0.9972931727152817,0.9781873377573944
2013-04-26 11:00:00,0.9977086953938109,0.9919735055477046,0.9976828042446155,0.9771445412863289
2013-04-26 12:00:00,0.9978925896534994,0.9919735055477044,0.9977256764116808,0.9789677769953133
2013-04-26 13:00:00,0.9976168934542343,0.9920342418590188,0.9973005931802993,0.979119794149622
2013-04-29 07:00:00,0.9979032158213849,0.9935796602368,0.9974838415986184,0.9792912017985848
2013-04-29 08:00:00,0.9979032158213849,0.9914532257976719,0.9973163597928064,0.9794825619585069
2013-04-29 09:00:00,0.9979032158213849,0.9871295549550302,0.9975279644914582,0.9790893639963525
2013-04-29 10:00:00,0.9979032158213849,0.9892559893941585,0.9975279644914582,0.9810829452708738
2013-04-29 11:00:00,0.9974101068967178,0.9886048677876469,0.9968690367326765,0.9788256928898327
2013-04-29 12:00:00,0.9968227441920193,0.9878993647712756,0.9968690367326765,0.9780958882333367
2013-04-29 13:00:00,0.9973158531166864,0.9878993647712756,0.9969113208998089,0.9788256928898327
2013-04-30 07:00:00,0.9973158531166864,0.985168399832568,0.9962780247522146,0.977959674029987
2013-04-30 08:00:00,0.9971373727465132,0.9858739028489393,0.9961484337275981,0.9759660927554656
2013-04-30 09:00:00,0.9960836940578215,0.9871295549550302,0.9960266235191867,0.9737088403744246
2013-04-30 10:00:00,0.9960836940578213,0.9871295549550302,0.9952939128563246,0.9698862932080858
2013-04-30 11:00:00,0.9959126547719314,0.985168399832568,0.9950372045964072,0.9698862932080858
2013-04-30 12:00:00,0.9948115784254684,0.9810262312513036,0.9948731102208634,0.9657694526024332
2013-04-30 13:00:00,0.9951468116970597,0.9794093842354771,0.9950372045964072,0.9703829554891058
2013-05-01 07:00:00,0.9959126547719315,0.9761958889007104,0.9953337093907003,0.9700463487947639
2013-05-01 08:00:00,0.9965842440667717,0.9785182389329085,0.9955011911965123,0.9715056894176345
2013-05-01 09:00:00,0.9962621744279946,0.9778127359165372,0.9954208020919634,0.9720614328100283
2013-05-01 10:00:00,0.9959126547719315,0.9754640588932719,0.9953370968209686,0.9714305326763725
2013-05-01 11:00:00,0.9964057636965985,0.9792880487491538,0.9955011911965123,0.9714305326763727
2013-05-01 12:00:00,0.99680652781426,0.9866437126651847,0.9961070126237357,0.971903353574064
2013-05-01 13:00:00,0.9977023308498761,0.9866437126651847,0.9961070126237357,0.9722965515362181
2013-05-02 07:00:00,0.9980674098070862,0.9866437126651846,0.9961501965883797,0.9722965515362183
2013-05-02 08:00:00,0.9969663334606231,0.985168399832568,0.9961501965883794,0.971903353574064
2013-05-02 09:00:00,0.9961628838436629,0.9858739028489393,0.9961501965883797,0.971903353574064
2013-05-02 10:00:00,0.9968631960724642,0.9886048677876469,0.9955884980539964,0.9704064345805627
2013-05-02 11:00:00,0.9966847157022911,0.989374677603892,0.9955011911965123,0.9704064345805627
2013-05-02 12:00:00,0.9959844034734898,0.989374677603892,0.9952854739501094,0.9697755344469069
2013-05-02 13:00:00,0.9952840912446886,0.9866437126651846,0.9953251262941429,0.9689095155870613
2013-05-03 07:00:00,0.9959844034734899,0.9818133703145913,0.9953251262941432,0.9676239675381716
2013-05-03 08:00:00,0.9956491702018986,0.9803380574819747,0.9953251262941432,0.9668941628816757
2013-05-03 09:00:00,0.9939460275010789,0.9761958889007104,0.9953251262941432,0.9656915373274884
2013-05-03 10:00:00,0.992494456987915,0.9785182389329085,0.9953251262941432,0.9646253946667722
2013-05-03 11:00:00,0.9911513135253646,0.9792880487491538,0.9947059796171751,0.9650982155644635
2013-05-03 12:00:00,0.9906151952822645,0.980057858565399,0.9939385560620794,0.9665951345579649
2013-05-03 13:00:00,0.992494456987915,0.9874135224814298,0.9946189890888848,0.9676192326537747
2013-05-06 07:00:00,0.9942812607726704,0.9902618804914549,0.9953251262941432,0.9682125544167997
2013-05-06 08:00:00,0.9939460275010789,0.9902618804914549,0.9950296957925828,0.9682125544167997
2013-05-06 09:00:00,0.9926729373580883,0.9929928454301626,0.9949445373279506,0.9682125544167997
2013-05-06 10:00:00,0.9933732495868896,0.9922230356139173,0.9952399678295109,0.9667156354232984
2013-05-06 11:00:00,0.9931947692167165,0.9922230356139173,0.9952399678295109,0.9677397335191081
2013-05-06 12:00:00,0.9931947692167165,0.9906061885980906,0.9952399678295109,0.9677397335191081
2013-05-06 13:00:00,0.9931947692167165,0.9891308757654739,0.9952399678295109,0.9667156354232982
2013-05-07 07:00:00,0.9931947692167165,0.9923947488803565,0.9952399678295107,0.9653244019021027
2013-05-07 08:00:00,0.9931947692167165,0.9923947488803565,0.995450805844472,0.9653244019021027
2013-05-07 09:00:00,0.9926586509736164,0.9923947488803565,0.9956176808321472,0.9642582592413865
2013-05-07 10:00:00,0.9942812607726702,0.9940115958961833,0.9962213072541993,0.9649880638978824
2013-05-07 11:00:00,0.9946033304114473,0.9922230356139172,0.9960104692392381,0.9667464328444635
2013-05-07 12:00:00,0.9935496517227556,0.9894920706752097,0.9960104692392381,0.9667464328444637
2013-05-07 13:00:00,0.9930755564048054,0.9894920706752097,0.995799631224277,0.9664849828913836
2013-05-08 07:00:00,0.9942812607726704,0.9940115958961833,0.9955842985623939,0.9651994348424938
2013-05-08 08:00:00,0.9942812607726704,0.9961380303353115,0.9955042007227165,0.964469630185998
2013-05-08 09:00:00,0.9942812607726704,0.9961380303353115,0.9952429063774348,0.9659665491794992
2013-05-08 10:00:00,0.9946463397298805,0.9945211833194847,0.9955042007227165,0.9649424510836895
2013-05-08 11:00:00,0.9931947692167165,0.9938156803031133,0.9949445373279506,0.9628522103271633
2013-05-08 12:00:00,0.9916650271671289,0.9912573102046022,0.9949445373279506,0.9609881559082764
2013-05-08 13:00:00,0.9898614984613917,0.991257310204602,0.9947741448086329,0.9609881559082764
2013-05-09 07:00:00,0.9893477848196274,0.991257310204602,0.9947741448086329,0.9609881559082764
2013-05-09 08:00:00,0.9887026502157873,0.9906061885980906,0.9946940469689556,0.9599640578124664
2013-05-09 09:00:00,0.9883375712585772,0.9922230356139172,0.994774144808633,0.9618281122313536
2013-05-09 10:00:00,0.9903195803344873,0.9961380303353112,0.9955842985623939,0.9647162647460502
2013-05-09 11:00:00,0.9914672329902232,0.997754877351138,0.9960412385242453,0.9602322887150121
2013-05-09 12:00:00,0.9926729373580883,0.9961380303353112,0.9955842985623939,0.9597594678173206
2013-05-09 13:00:00,0.992672937358088,0.9961380303353112,0.9955842985623938,0.9582625488238191
2013-05-10 07:00:00,0.9926729373580883,0.9977548773511381,0.9960412385242453,0.9582625488238191
2013-05-10 08:00:00,0.9933732495868897,0.9961380303353115,0.9962970166817717,0.9608564078992021
2013-05-10 09:00:00,0.9938663585115566,0.9935796602368,0.996552794839298,0.9608564078992021
2013-05-10 10:00:00,0.9956531622963118,0.9961380303353115,0.9971688896830204,0.962141955948092
2013-05-10 11:00:00,0.9951394486545474,0.995890803823377,0.9971688896830204,0.9633445815022794
2013-05-10 12:00:00,0.9946033304114473,0.9950886004378738,0.9973392822023383,0.9651029504488605
2013-05-10 13:00:00,0.9959844034734899,0.9966578931297058,0.9978594469320302,0.9658327551053564
2013-05-13 07:00:00,0.9966847157022911,0.99734264605736,0.9980298394513478,0.9649667362455108
2013-05-13 08:00:00,0.9966847157022912,0.99734264605736,0.9981149979159802,0.9645735382833567
2013-05-13 09:00:00,0.9951394486545474,0.99734264605736,0.9980315959249526,0.9633709127291694
2013-05-13 10:00:00,0.9951394486545474,0.99734264605736,0.9980315959249527,0.9636652061684833
2013-05-13 11:00:00,0.9951394486545474,0.99734264605736,0.9980315959249527,0.9634037562154033
2013-05-13 12:00:00,0.9951394486545474,0.9980898144084218,0.9979446053966624,0.9654939969719297
2013-05-13 13:00:00,0.9951394486545474,0.99734264605736,0.9977777304089875,0.9654939969719297
2013-05-14 07:00:00,0.9953179290247206,0.9980898144084218,0.9972575656792954,0.9662238016284256
2013-05-14 08:00:00,0.9966990020867631,0.9980898144084217,0.9976036687745039,0.9680197489456377
2013-05-14 09:00:00,0.9972127157285277,0.9958357687889353,0.9977355994453592,0.9703714396552435
2013-05-14 10:00:00,0.9972127157285277,0.9958357687889353,0.997648608917069,0.9774492747616648
2013-05-14 11:00:00,0.9970342353583544,0.9937718765391934,0.9976036687745039,0.9783152936215106
2013-05-14 12:00:00,0.9970342353583543,0.9937718765391934,0.9977777304089875,0.9793393917173203
2013-05-14 13:00:00,0.9972127157285274,0.9958357687889353,0.9976036687745039,0.9788665708196288
2013-05-15 07:00:00,0.996002681952375,0.9937718765391934,0.9977355994453592,0.9774072301967583
2013-05-15 08:00:00,0.996002681952375,0.98997202872137,0.9978207579099911,0.9766774255402625
2013-05-15 09:00:00,0.9970342353583544,0.9912887526200501,0.9983694188097891,0.975218084917392
2013-05-15 10:00:00,0.9970342353583543,0.9920359209711118,0.998245571323118,0.9766774255402625
2013-05-15 11:00:00,0.9970342353583543,0.9958357687889353,0.9978207579099911,0.9766774255402625
2013-05-15 12:00:00,0.9970342353583544,0.9937718765391934,0.9973427241439276,0.9770706235024168
2013-05-15 13:00:00,0.9976510863882777,0.9930247081881317,0.9976888272391359,0.9767340168080748
2013-05-16 07:00:00,0.9976510863882775,0.9922025838473617,0.9975253274084311,0.9779366423622624
2013-05-16 08:00:00,0.9976510863882775,0.994456629466848,0.9975253274084311,0.9779366423622624
2013-05-16 09:00:00,0.9980161653454876,0.9973426460573602,0.9976888272391361,0.9794335613557636
2013-05-16 10:00:00,0.9981872046313776,0.9973426460573602,0.9975253274084311,0.9804997040164798
2013-05-16 11:00:00,0.9976510863882777,0.9973426460573602,0.9976466962755077,0.9804997040164798
2013-05-16 12:00:00,0.9973158531166864,0.99652052171659,0.9976466962755077,0.9776115515017829
2013-05-16 13:00:00,0.9968227441920194,0.9957733533655282,0.9975202667834762,0.9770558081093891
2013-05-17 07:00:00,0.9962058931620961,0.99734264605736,0.9970422330174126,0.9774490060715434
2013-05-17 08:00:00,0.996027412791923,0.9987745673360762,0.9970422330174126,0.9774490060715434
2013-05-17 09:00:00,0.996027412791923,0.9980898144084217,0.9971686625094439,0.9793130604904303
2013-05-17 10:00:00,0.996027412791923,0.9987745673360763,0.9970051626787391,0.9788402395927389
2013-05-17 11:00:00,0.9956623338347128,0.9980898144084217,0.997168662509444,0.9788402395927389
2013-05-17 12:00:00,0.9966442638218461,0.9980898144084217,0.9976036687745039,0.9788402395927387
2013-05-17 13:00:00,0.9971373727465134,0.9980898144084218,0.9976036687745037,0.9783674186950474
2013-05-20 07:00:00,0.9960836940578215,0.99652052171659,0.9976036687745037,0.9783674186950474
2013-05-20 08:00:00,0.9959126547719314,0.994456629466848,0.9976036687745039,0.9787040253893892
2013-05-20 09:00:00,0.9971716067714701,0.9957733533655283,0.9980706131512589,0.9776799272935791
2013-05-20 10:00:00,0.9965842440667717,0.9957733533655283,0.9980706131512589,0.977286729331425
2013-05-20 11:00:00,0.9959126547719315,0.9957733533655282,0.9979414916593402,0.9803794718412681
2013-05-20 12:00:00,0.9959126547719315,0.99734264605736,0.9976036687745037,0.9789882383200724
2013-05-20 13:00:00,0.9962947441657831,0.9957733533655283,0.9978505898333763,0.9783949165570477
2013-05-21 07:00:00,0.996830862408883,0.9950886004378737,0.9982235478211272,0.9794610592177637
2013-05-21 08:00:00,0.996830862408883,0.99734264605736,0.9985252876620523,0.9791244525234222
2013-05-21 09:00:00,0.996830862408883,0.9973426460573602,0.9984382971337622,0.9779218269692347
2013-05-21 10:00:00,0.9966442638218461,0.9980273989850145,0.9984382971337622,0.9770558081093891
2013-05-21 11:00:00,0.9950171992308727,0.9980273989850145,0.9983548951427345,0.9767192014150473
2013-05-21 12:00:00,0.9940469904193875,0.9957733533655282,0.9978580896683126,0.9759282456947136
2013-05-21 13:00:00,0.9940469904193875,0.994456629466848,0.9975166974833537,0.9759282456947136
2013-05-22 07:00:00,0.9958206488478327,0.994456629466848,0.99756066051064,0.9774490060715434
2013-05-22 08:00:00,0.996644263821846,0.992887336775016,0.99756066051064,0.9793130604904303
2013-05-22 09:00:00,0.996644263821846,0.9944566294668479,0.99756066051064,0.9793130604904303
2013-05-22 10:00:00,0.996644263821846,0.9944566294668479,0.9978219548559216,0.9800428651469262
2013-05-22 11:00:00,0.9956340502607958,0.9909838626855673,0.9975325747929166,0.980840776905097
2013-05-22 12:00:00,0.9944810809877728,0.9909838626855674,0.9974416729669527,0.9790448295878849
2013-05-22 13:00:00,0.9944810809877728,0.9922025838473617,0.9977276404264134,0.9784515078248601
2013-05-23 07:00:00,0.9944810809877728,0.9912887526200502,0.9979476637442959,0.977721703168364
2013-05-23 08:00:00,0.9956340502607961,0.9944566294668479,0.9982370438073009,0.9791810437912346
2013-05-23 09:00:00,0.995820648847833,0.9944566294668479,0.9984724525006731,0.9809769911084467
2013-05-23 10:00:00,0.9968308624088831,0.994456629466848,0.9982819839498659,0.9827729384256587
2013-05-23 11:00:00,0.9968308624088831,0.9944566294668479,0.9982370438073008,0.9823001175279674
2013-05-23 12:00:00,0.9968308624088831,0.9944566294668479,0.9987229428596682,0.9835027430821546
2013-05-23 13:00:00,0.9968308624088831,0.9944566294668479,0.9987678830022334,0.9835027430821546
2013-05-24 07:00:00,0.996185727805043,0.9925531553773993,0.9984724525006733,0.9855929838386808
2013-05-24 08:00:00,0.9965864919227047,0.994122448069231,0.998722942859668,0.9845268411779645
2013-05-24 09:00:00,0.9962044025288529,0.994122448069231,0.9985938213677495,0.9830675005550944
2013-05-24 10:00:00,0.995047595130331,0.9909242323164215,0.9981079223153823,0.982515471983036
2013-05-24 11:00:00,0.995508385547702,0.9909242323164211,0.9980170204894184,0.9827077721042514
2013-05-24 12:00:00,0.995439572831938,0.9893549396245894,0.9978466279701006,0.9839569495887017
2013-05-24 13:00:00,0.995439572831938,0.9893549396245894,0.9977086953938108,0.9857135695923984
2013-05-28 07:00:00,0.9967722725125596,0.9901021079756512,0.9979441040871834,0.9850964847901367
2013-05-28 08:00:00,0.9971320604703899,0.9941224480692313,0.9982524291827909,0.9840948122000743
2013-05-28 09:00:00,0.9961759126561728,0.994122448069231,0.9982524291827909,0.9849418671432809
2013-05-28 10:00:00,0.9973159547300783,0.994122448069231,0.9985029195417858,0.9858146767171685
2013-05-28 11:00:00,0.9981276332551926,0.994122448069231,0.9985938213677497,0.98643176151943
2013-05-28 12:00:00,0.998789489371847,0.994122448069231,0.9983584126743774,0.9868942286748364
2013-05-28 13:00:00,0.998789489371847,0.994122448069231,0.9983584126743772,0.9877412836180429
2013-05-29 07:00:00,0.9981276332551926,0.9909242323164211,0.9983584126743772,0.9877412836180429
2013-05-29 08:00:00,0.9986135956737053,0.994122448069231,0.9983584126743774,0.9880705193628736
2013-05-29 09:00:00,0.9993037584499153,0.994122448069231,0.9985029195417858,0.9871977097889862
2013-05-29 10:00:00,0.9996482126037167,0.9925531553773993,0.9985433650374292,0.9871977097889862
2013-05-29 11:00:00,0.9996482126037167,0.9925531553773993,0.9985433650374292,0.9875822975767867
2013-05-29 12:00:00,0.999472318905575,0.9893852785306015,0.9981945944461782,0.9879668853645871
2013-05-29 13:00:00,0.999472318905575,0.9893852785306015,0.9983210239382099,0.9879668853645871
2013-05-30 07:00:00,0.9996482126037167,0.9893852785306015,0.998507107253807,0.9864794263098778
2013-05-30 08:00:00,0.9996482126037167,0.9893852785306015,0.998507107253807,0.9861501905650474
2013-05-30 09:00:00,0.9996482126037167,0.9920359209711118,0.9985492382174354,0.9876376496197565
2013-05-30 10:00:00,0.9996482126037167,0.9937718765391936,0.99864223065116,0.9891017893652252
2013-05-30 11:00:00,0.9996482126037167,0.9930247081881317,0.9988980088086864,0.9891017893652252
2013-05-30 12:00:00,0.9993037584499153,0.9930247081881317,0.99864223065116,0.9891017893652252
2013-05-30 13:00:00,0.999472318905575,0.9930247081881317,0.9987239471742028,0.988387965832594
2013-05-31 07:00:00,0.9989439704920852,0.9937718765391936,0.9987239471742028,0.9880033780447934
2013-05-31 08:00:00,0.9987600762323967,0.9952037978179097,0.9987239471742028,0.9880033780447938
2013-05-31 09:00:00,0.9989286366880564,0.99652052171659,0.9987239471742028,0.9880033780447937
2013-05-31 10:00:00,0.9992884246458866,0.9987745673360762,0.9989852415194844,0.9877155289873625
2013-05-31 11:00:00,0.9991198641902267,0.9987745673360762,0.9987652182016018,0.9868684740441558
2013-05-31 12:00:00,0.9987433123238221,0.9987745673360762,0.998765218201602,0.9868684740441558
2013-05-31 13:00:00,0.9985674186256805,0.9987745673360762,0.9984568931059944,0.9872530618319562
2013-06-03 07:00:00,0.9991198641902268,0.9995217356871378,0.9987239471742028,0.9872530618319559
2013-06-03 08:00:00,0.9991198641902268,0.9980898144084217,0.998991001242411,0.9877155289873625
2013-06-03 09:00:00,0.9991198641902268,0.99734264605736,0.9988980088086864,0.9891429132462283
2013-06-03 10:00:00,0.999479652148057,0.9980273989850145,0.998802827319053,0.9891429132462283
2013-06-03 11:00:00,0.999479652148057,0.9957733533655283,0.998802827319053,0.9881001167751629
2013-06-03 12:00:00,0.9994796521480568,0.994456629466848,0.9989439704920852,0.9898567367788593
2013-06-03 13:00:00,0.9987894893718471,0.9909838626855674,0.999168893596665,0.9898567367788593
2013-06-04 07:00:00,0.998789489371847,0.994456629466848,0.999168893596665,0.988680446090822
2013-06-04 08:00:00,0.9986135956737053,0.994456629466848,0.9990020186089902,0.9882958583030216
2013-06-04 09:00:00,0.9986135956737053,0.9960259221586797,0.9988201230054139,0.987448803359815
2013-06-04 10:00:00,0.9984297014140167,0.9967730905097414,0.9988201230054139,0.9880291326754743
2013-06-04 11:00:00,0.9980852472602152,0.9980898144084218,0.9984787308204552,0.9885727065045312
2013-06-04 12:00:00,0.9987754100364252,0.9987745673360763,0.9984787308204552,0.9888605555619622
2013-06-04 13:00:00,0.9978925896534994,0.9973426460573602,0.9986606264240313,0.9880135006187554
2013-06-05 07:00:00,0.9980852472602152,0.99652052171659,0.9986135956737053,0.9880135006187554
2013-06-05 08:00:00,0.9980852472602153,0.9950886004378738,0.9982333137847362,0.988342736363586
2013-06-05 09:00:00,0.9980852472602153,0.9950886004378738,0.9982333137847362,0.9880548873061549
2013-06-05 10:00:00,0.9980852472602153,0.9937718765391934,0.9984582368893163,0.9873410637735239
2013-06-05 11:00:00,0.9977678452973625,0.9911212340986831,0.9988385187782853,0.9862982673024585
2013-06-05 12:00:00,0.9977678452973625,0.9925531553773993,0.9986606264240312,0.9851219766144211
2013-06-05 13:00:00,0.9974233911435613,0.9925531553773993,0.9984582368893162,0.9840791801433557
2013-06-06 07:00:00,0.9974233911435613,0.9925531553773993,0.9988385187782853,0.9840791801433557
2013-06-06 08:00:00,0.9970468392771566,0.9925531553773993,0.998751528249995,0.9834988508276964
2013-06-06 09:00:00,0.9961640188942306,0.9925531553773991,0.9983242156107003,0.9817422308239998
2013-06-06 10:00:00,0.9949233125758447,0.9900700314582558,0.9979517395570511,0.9817422308239998
2013-06-06 11:00:00,0.9949233125758447,0.9912887526200501,0.9979057778736523,0.9817422308239998
2013-06-06 12:00:00,0.9949233125758447,0.9897194599282182,0.9976387238054442,0.9829185215120372
2013-06-06 13:00:00,0.9959617205589034,0.9928873367750162,0.9974975806324119,0.9835356063142989
2013-06-07 07:00:00,0.9949661477741005,0.992887336775016,0.9974975806324119,0.9829920324852421
2013-06-07 08:00:00,0.9963566765009467,0.9928873367750162,0.997638723805444,0.9819903598951798
2013-06-07 09:00:00,0.9963566765009467,0.9897194599282184,0.9970876554020148,0.9822782089526109
2013-06-07 10:00:00,0.9949661477741005,0.9897194599282182,0.9966409619647324,0.9800703854558263
2013-06-07 11:00:00,0.9936334480934786,0.9853328619196262,0.9959676884153185,0.9806139592848829
2013-06-07 12:00:00,0.9943236108696887,0.9865515830814204,0.9964504934139251,0.9801514921294767
2013-06-07 13:00:00,0.9930255369335542,0.9859196121103947,0.996497524164251,0.9764126503755395
2013-06-10 07:00:00,0.9932384921514352,0.988402736029538,0.9965950002813336,0.9758323210598802
2013-06-10 08:00:00,0.9943236108696887,0.9922025838473617,0.9968150235992159,0.9770086117479175
2013-06-10 09:00:00,0.9943236108696887,0.9922025838473615,0.9970876554020146,0.9778556666911243
2013-06-10 10:00:00,0.9926491272755901,0.9908858599486813,0.9970876554020148,0.9781435157485554
2013-06-10 11:00:00,0.9935724316311233,0.9908858599486814,0.9970876554020148,0.9781435157485554
2013-06-10 12:00:00,0.992436172057709,0.9908858599486814,0.996990179284932,0.976679376003087
2013-06-10 13:00:00,0.9926491272755901,0.9908858599486814,0.9971806478357392,0.9762169088476808
2013-06-11 07:00:00,0.9914186595773457,0.9908858599486814,0.9969080160329405,0.9752152362576184
2013-06-11 08:00:00,0.9926491272755901,0.9908858599486814,0.9968620543495419,0.9755444720024491
2013-06-11 09:00:00,0.9937447606679567,0.988402736029538,0.9965950002813336,0.9762582955350801
2013-06-11 10:00:00,0.99264912727559,0.9857520935890277,0.9962862569172106,0.9762582955350801
2013-06-11 11:00:00,0.9914186595773457,0.9833010461872795,0.9962862569172106,0.9737212362934646
2013-06-11 12:00:00,0.9914186595773459,0.9864992619400894,0.9962862569172106,0.9737212362934646
2013-06-11 13:00:00,0.9917631137311471,0.984016138020946,0.9962862569172106,0.9737212362934646
2013-06-12 07:00:00,0.9909713083115342,0.9853328619196263,0.9961483243409209,0.9765461445925112
2013-06-12 08:00:00,0.9929935814293915,0.9878159858387696,0.9964213981848083,0.9783027645962078
2013-06-12 09:00:00,0.9929935814293915,0.9902991097579129,0.9969971956171396,0.9769419960426297
2013-06-12 10:00:00,0.9918573218559771,0.9882352175081709,0.9975368814881466,0.9775223253582889
2013-06-12 11:00:00,0.9916814281578354,0.9864992619400894,0.9974498909598564,0.9757657053545924
2013-06-12 12:00:00,0.9894343571029738,0.9853649384370214,0.9968620543495419,0.9749186504113858
2013-06-12 13:00:00,0.9894343571029738,0.9871008940051031,0.9968620543495419,0.9752064994688172
2013-06-13 07:00:00,0.9894343571029738,0.9833010461872795,0.996862054349542,0.9749186504113858
2013-06-13 08:00:00,0.9894343571029738,0.9815650906191978,0.996862054349542,0.9749186504113858
2013-06-13 09:00:00,0.9906648248012183,0.9815650906191977,0.996862054349542,0.9766752704150823
2013-06-13 10:00:00,0.9893667508650839,0.9789144481786874,0.997039946703796,0.9769631194725135
2013-06-13 11:00:00,0.9908896227382226,0.9838486194995788,0.9976277833141105,0.9769631194725136
2013-06-13 12:00:00,0.9908896227382226,0.980336868374081,0.9979927684019426,0.9778101744157202
2013-06-13 13:00:00,0.9914789876140678,0.980336868374081,0.9980377085445078,0.9771930896134584
2013-06-14 07:00:00,0.9924466867318223,0.9838096351553618,0.9980377085445077,0.9771930896134584
2013-06-14 08:00:00,0.9913510533394557,0.9797892950617817,0.9975347908803858,0.9761914170233962
2013-06-14 09:00:00,0.9932384921514354,0.9797892950617816,0.9977166864839617,0.9761914170233962
2013-06-14 10:00:00,0.9941946399656525,0.9780533394936999,0.9980377085445077,0.9770384719666029
2013-06-14 11:00:00,0.9941946399656525,0.9780533394936999,0.9976277833141103,0.9777522954992339
2013-06-14 12:00:00,0.9941946399656525,0.9780533394937001,0.9977166864839617,0.9773677077114333
2013-06-14 13:00:00,0.9941946399656525,0.9793700633923804,0.9975347908803858,0.9773677077114336
2013-06-17 07:00:00,0.9932269408478979,0.9751735593392281,0.9974898507378207,0.9773677077114336
2013-06-17 08:00:00,0.9932269408478981,0.975173559339228,0.9972167768939333,0.9765206527682267
2013-06-17 09:00:00,0.9912541896770634,0.972893961051941,0.9966289402836188,0.9765206527682267
2013-06-17 10:00:00,0.9927770615502023,0.9764057121774389,0.9969020141275062,0.9759035679659648
2013-06-17 11:00:00,0.9922707930336807,0.9764057121774389,0.9969469542700714,0.9770798586540023
2013-06-17 12:00:00,0.9938057910496298,0.9806022162305911,0.9971770006129551,0.9770798586540023
2013-06-17 13:00:00,0.9924447335392111,0.9828818145178781,0.9975787539076723,0.9774644464418027
2013-06-18 07:00:00,0.9929510020557326,0.978685310464726,0.997534790880386,0.9777522954992339
2013-06-18 08:00:00,0.9933887552106181,0.9828818145178781,0.997716686483962,0.9792164352447024
2013-06-18 09:00:00,0.9947792839374644,0.9878159858387696,0.9982196041480838,0.9814242587414872
2013-06-18 10:00:00,0.9959155435108787,0.9909838626855674,0.9982655658314825,0.9828883984869556
2013-06-18 11:00:00,0.9966365495310846,0.9918059870263376,0.9982655658314825,0.9834687278026149
2013-06-18 12:00:00,0.9973912934309582,0.9918059870263376,0.9982196041480838,0.9841825513352461
2013-06-18 13:00:00,0.9973912934309582,0.9952787538076182,0.9983105059740477,0.9846450184906523
2013-06-19 07:00:00,0.9960007647041118,0.9933752797181695,0.9979005807436503,0.9826005494295244
2013-06-19 08:00:00,0.9956563105503103,0.9918059870263375,0.9979005807436503,0.982215961641724
2013-06-19 09:00:00,0.9964679890754249,0.9886381101795398,0.9978096789176866,0.9812142890516616
2013-06-19 10:00:00,0.9977086953938109,0.990070031458256,0.9977626481673607,0.9807518218962555
2013-06-19 11:00:00,0.9980390702121906,0.994456629466848,0.9976717463413968,0.9807518218962555
2013-06-19 12:00:00,0.9985674186256805,0.9952037978179096,0.9978096789176866,0.979575531208218
2013-06-19 13:00:00,0.9989439704920852,0.9952037978179096,0.998219604148084,0.9821380822741181
2013-06-20 07:00:00,0.9991198641902268,0.9965205217165898,0.9985471400591678,0.9813576430361992
2013-06-20 08:00:00,0.9991198641902268,0.99652052171659,0.9988365201221728,0.9819747278384611
2013-06-20 09:00:00,0.9991198641902267,0.99734264605736,0.9986546245185968,0.9819747278384611
2013-06-20 10:00:00,0.9987600762323966,0.99734264605736,0.9986546245185968,0.9811276728952544
2013-06-20 11:00:00,0.9989286366880564,0.9987745673360763,0.9986546245185968,0.9823039635832918
2013-06-20 12:00:00,0.9989286366880563,0.9972052746442445,0.9986546245185965,0.9841271992922762
2013-06-20 13:00:00,0.9992884246458866,0.99652052171659,0.9986106614913106,0.9848410228249072
2013-06-21 07:00:00,0.9991198641902268,0.9958357687889355,0.9983857383867304,0.9853034899803134
2013-06-21 08:00:00,0.9983988581700209,0.9958357687889355,0.9981403213510116,0.9822784717590071
2013-06-21 09:00:00,0.9977086953938108,0.9958357687889353,0.997899775968218,0.9816981424433476
2013-06-21 10:00:00,0.9975328016956692,0.9958357687889353,0.9983652444555917,0.9816981424433481
2013-06-21 11:00:00,0.9964476829774158,0.9920359209711118,0.9982782539273014,0.982874433131385
2013-06-21 12:00:00,0.9971378457536259,0.9899720287213698,0.9982333137847365,0.9825451973865544
2013-06-21 13:00:00,0.9966518833351135,0.9893852785306013,0.9979181089772207,0.9835468699766169
2013-06-24 07:00:00,0.996807470935246,0.9912887526200501,0.9975905730661366,0.9828330464439857
2013-06-24 08:00:00,0.9971378457536259,0.9912887526200501,0.9975905730661366,0.9828330464439857
2013-06-24 09:00:00,0.9966518833351135,0.9900700314582558,0.9972822479705291,0.9828330464439857
2013-06-24 10:00:00,0.9971378457536259,0.9858735274051037,0.9970917794197218,0.9835468699766169
2013-06-24 11:00:00,0.9969539514939373,0.9878159858387696,0.9972654195868111,0.9835468699766169
2013-06-24 12:00:00,0.9962920953772834,0.9846177700859599,0.9970987967347066,0.9828330464439857
2013-06-24 13:00:00,0.9949940214411489,0.9860496913646759,0.9969457586335829,0.982215961641724
2013-06-25 07:00:00,0.9951558358038689,0.9878159858387696,0.9973081179294163,0.982215961641724
2013-06-25 08:00:00,0.9946886114325559,0.9846177700859599,0.9970541799025198,0.9803927259327395
2013-06-25 09:00:00,0.993165739559417,0.9846177700859599,0.9969011418013961,0.9799302587773335
2013-06-25 10:00:00,0.9926797771409046,0.9860496913646757,0.9969011418013961,0.9799302587773334
2013-06-25 11:00:00,0.9926797771409046,0.988500738766424,0.9969011418013961,0.9805473435795952
2013-06-25 12:00:00,0.9933155619678773,0.9885007387664241,0.997219854350715,0.9802181078347645
2013-06-25 13:00:00,0.9921273315763581,0.9835665674455326,0.9970541799025198,0.979601023032503
2013-06-26 07:00:00,0.9915989831628684,0.9828818145178781,0.997219854350715,0.9799302587773334
2013-06-26 08:00:00,0.9934272650446002,0.9818531873115237,0.9977787489939883,0.9821380822741181
2013-06-26 09:00:00,0.9941482710648061,0.9843042347132719,0.9981106640182235,0.9847006333400182
2013-06-26 10:00:00,0.9949940214411488,0.9878159858387695,0.9984496001442978,0.9861280175988842
2013-06-26 11:00:00,0.9946174695747443,0.9902991097579129,0.9985378637229991,0.9865904847542905
2013-06-26 12:00:00,0.9954092749943573,0.9893852785306013,0.9985378637229991,0.9869750725420908
2013-06-26 13:00:00,0.9951038649857642,0.9912887526200501,0.9982445586207309,0.9865904847542905
2013-06-27 07:00:00,0.994180560630231,0.9912887526200501,0.9983700785480712,0.9851263450088219
2013-06-27 08:00:00,0.9928824866940966,0.9858735274051036,0.9984496001442978,0.9845460156931625
2013-06-27 09:00:00,0.9922707930336807,0.9836194817856172,0.9981106640182232,0.9851631004954244
2013-06-27 10:00:00,0.9916814281578354,0.9829875108145916,0.9977787489939883,0.9851631004954244
2013-06-27 11:00:00,0.9924326073964008,0.9776144844290082,0.9974586691911866,0.9847785127076238
2013-06-27 12:00:00,0.9911345334602666,0.9726803131081168,0.9973357126936282,0.9827340436464963
2013-06-27 13:00:00,0.9898550058082113,0.9726803131081168,0.997219854350715,0.9815577529584589
2013-06-28 07:00:00,0.9882479862435624,0.9700296706676064,0.9969011418013961,0.9800936132129906
2013-06-28 08:00:00,0.9867251143704235,0.9711639941706742,0.9965735849152734,0.9788362158513026
2013-06-28 09:00:00,0.985046654897152,0.9706164208583749,0.9962273234649666,0.9765360220185494
2013-06-28 10:00:00,0.9824310643604105,0.9700296706676064,0.9960377816764319,0.9759189372162876
2013-06-28 11:00:00,0.9831301592192896,0.9711639941706742,0.9963502799625248,0.9759189372162876
2013-06-28 12:00:00,0.9829803368108292,0.9700296706676064,0.9962273234649666,0.9766327607489187
2013-06-28 13:00:00,0.9810405356335642,0.9700296706676065,0.996037781676432,0.9759189372162875
2013-07-01 07:00:00,0.9788711076419544,0.9711639941706742,0.9963502799625248,0.9726082424525937
2013-07-01 08:00:00,0.9785768159443912,0.9671436540770941,0.995956214181107,0.9715053711856847
2013-07-01 09:00:00,0.9788016138813956,0.962650350722299,0.9958055662634451,0.9704625747146193
2013-07-01 10:00:00,0.979292582399734,0.9626503507222988,0.995956214181107,0.9696821354767003
2013-07-01 11:00:00,0.976550587537727,0.961516027219231,0.9954671033418695,0.9692975476889
2013-07-01 12:00:00,0.9768448792352903,0.962650350722299,0.9952019705259508,0.9692975476889
2013-07-01 13:00:00,0.9795868740972972,0.9635641819496104,0.9956952018602686,0.9698778770045592
2013-07-02 07:00:00,0.9777585922155653,0.9591775839410183,0.9956952018602689,0.9717011127135436
2013-07-02 08:00:00,0.9777585922155653,0.9542434126201268,0.9952019705259508,0.9703891552934909
2013-07-02 09:00:00,0.9777585922155653,0.9477673102796877,0.994533540671137,0.9698455814644343
2013-07-02 10:00:00,0.9770829154398811,0.9408081344652256,0.9937282106951537,0.9685881841027465
2013-07-02 11:00:00,0.9739654155644518,0.9322162287402941,0.9929397477105147,0.9666382578926308
2013-07-02 12:00:00,0.9737273793598606,0.9396316121327947,0.9930389132634146,0.9674853128358376
2013-07-02 13:00:00,0.9768448792352901,0.9475976822688704,0.9928354278730528,0.9678699006236378
2013-07-03 07:00:00,0.9787613749131526,0.9547370031285473,0.9929397477105145,0.9678699006236378
2013-07-03 08:00:00,0.97804560845781,0.9547370031285473,0.9930389132634146,0.9648448824023317
2013-07-03 09:00:00,0.97804560845781,0.9547370031285473,0.9934329790448325,0.9639978274591251
2013-07-03 10:00:00,0.9798738903395418,0.9547370031285473,0.9942729243942334,0.9652552248208129
2013-07-05 07:00:00,0.9819400958420721,0.9547370031285473,0.9949765769714971,0.9663580960877219
2013-07-05 08:00:00,0.9816346858334792,0.9547370031285473,0.9948954483371093,0.968054641295575
2013-07-05 09:00:00,0.9828229162249982,0.9547370031285473,0.9952895141185272,0.9676700535077745
2013-07-05 10:00:00,0.9833721886754169,0.9462233596801722,0.9951665576209688,0.9687729247746834
2013-07-05 11:00:00,0.9833721886754169,0.9447707748149176,0.9943612276449855,0.9687729247746834
2013-07-05 12:00:00,0.9833721886754168,0.9447707748149176,0.994090118361126,0.9698757960415924
2013-07-05 13:00:00,0.9833721886754168,0.9376314539552406,0.9934532001139744,0.9687729247746834
2013-07-08 07:00:00,0.9824893682924907,0.9322162287402941,0.9934532001139744,0.9687729247746834
2013-07-08 08:00:00,0.981503783103551,0.9393555495999709,0.994090118361126,0.9681925954590241
2013-07-08 09:00:00,0.9793510267084051,0.9393555495999709,0.9940901183611258,0.9681925954590241
2013-07-08 10:00:00,0.9810885295503428,0.9467709329924716,0.9943612276449855,0.969449992820712
2013-07-08 11:00:00,0.9840963878571397,0.9547370031285473,0.9943612276449855,0.9700670776229738
2013-07-08 12:00:00,0.9842358734352891,0.9547370031285473,0.9939277947881959,0.9715312173684422
2013-07-08 13:00:00,0.9836465085594439,0.9473216197360468,0.993035011966095,0.9704884208973767
2013-07-09 07:00:00,0.9813628494343699,0.9473216197360468,0.9927639026822356,0.9694867483073142
2013-07-09 08:00:00,0.9792506126853858,0.949321777913601,0.9922428893845371,0.9694867483073144
2013-07-09 09:00:00,0.9792506126853858,0.9547370031285475,0.991985138138383,0.9694867483073146
2013-07-09 10:00:00,0.9821236366863051,0.9613287506759249,0.9920341086573252,0.97052954477838
2013-07-09 11:00:00,0.9842358734352891,0.9661572257001031,0.9922428893845371,0.9715723412494455
2013-07-09 12:00:00,0.9827636881765178,0.9575653199751715,0.9919916061160576,0.9715723412494455
2013-07-09 13:00:00,0.9803244414513114,0.9575653199751715,0.9916296984500854,0.9703960505614081
2013-07-10 07:00:00,0.9810852287032465,0.9661572257001031,0.9916296984500854,0.9718234348202741
2013-07-10 08:00:00,0.9831974654522305,0.9699570735179266,0.9916296984500854,0.9732875745657426
2013-07-10 09:00:00,0.9842358734352892,0.9731249503647244,0.9916296984500854,0.9765982693294364
2013-07-10 10:00:00,0.9866995931244621,0.9800841261791866,0.992112101825817,0.9774710789033237
2013-07-10 11:00:00,0.9866995931244621,0.9823637244664735,0.9924019950162632,0.9781849024359548
2013-07-10 12:00:00,0.9866995931244621,0.9823637244664735,0.9924019950162632,0.9776413286068982
2013-07-10 13:00:00,0.9866995931244621,0.9823637244664735,0.9924019950162632,0.9773120928620675
2013-07-11 07:00:00,0.9889103804998877,0.9855316013132712,0.9928354278730528,0.9781591478052739
2013-07-11 08:00:00,0.9902084544360222,0.9877856469327575,0.9933518504104448,0.9781591478052741
2013-07-11 09:00:00,0.9896005432760977,0.9877856469327575,0.993400820929387,0.9792019442763396
2013-07-11 10:00:00,0.9902084544360222,0.9877856469327575,0.993400820929387,0.9786216149606805
2013-07-11 11:00:00,0.9891377091345023,0.9868718157054461,0.9940901183611258,0.9790840821160864
2013-07-11 12:00:00,0.9912040272208251,0.9868718157054459,0.9940901183611258,0.9796276559451432
2013-07-11 13:00:00,0.9912040272208249,0.9846177700859599,0.9934532001139744,0.979165188789737
2013-07-12 07:00:00,0.9902084544360222,0.9846177700859599,0.993035011966095,0.9798790123223683
2013-07-12 08:00:00,0.9891377091345023,0.9853649384370214,0.992777260719941,0.9803414794777743
2013-07-12 09:00:00,0.9905282378613486,0.9876189840565078,0.9930350119660951,0.9803414794777743
2013-07-12 10:00:00,0.9905282378613486,0.9900700314582558,0.9927639026822356,0.9809218087934335
2013-07-12 11:00:00,0.9882089874612783,0.9912887526200502,0.9927639026822356,0.978971882583318
2013-07-12 12:00:00,0.986673989445329,0.9893852785306015,0.9927639026822356,0.9766716887505648
2013-07-12 13:00:00,0.9866739894453292,0.9900700314582558,0.9924019950162632,0.9746272196894368
2013-07-15 07:00:00,0.9839404510225597,0.9912887526200502,0.9918809817185648,0.9724682073261776
2013-07-15 08:00:00,0.9831486456029466,0.9926054765187305,0.9924019950162632,0.9717543837935467
2013-07-15 09:00:00,0.9848965988367767,0.993352644869792,0.9932947778383642,0.9709073288503399
2013-07-15 10:00:00,0.9839404510225597,0.9927206738987662,0.9929184175536554,0.9709073288503399
2013-07-15 11:00:00,0.9848965988367767,0.9933526448697922,0.9933518504104447,0.972627193367434
2013-07-15 12:00:00,0.9876301372595465,0.9950886004378738,0.994090118361126,0.9743838133711306
2013-07-15 13:00:00,0.9885534416150797,0.9950886004378738,0.9948954483371094,0.9765428257343899
2013-07-16 07:00:00,0.988408972325977,0.9950886004378738,0.9948954483371093,0.9756957707911831
2013-07-16 08:00:00,0.988408972325977,0.9922025838473617,0.9951187532898578,0.9771832298458927
2013-07-16 09:00:00,0.9894473803090357,0.9907706625686457,0.9956119846241759,0.9764694063132614
2013-07-16 10:00:00,0.9902276344251113,0.9936566791591576,0.9953886796714274,0.9775122027843269
2013-07-16 11:00:00,0.9919110999982087,0.995910724778644,0.9957425909319905,0.9775122027843269
2013-07-16 12:00:00,0.9897416720065989,0.99734264605736,0.9953886796714274,0.9770497356289207
2013-07-16 13:00:00,0.9890206659863928,0.99734264605736,0.9950757425243973,0.9764694063132614
2013-07-17 07:00:00,0.9908726920151498,0.9980898144084217,0.9954296537849606,0.9781892708303555
2013-07-17 08:00:00,0.99087269201515,0.99652052171659,0.9956952018602688,0.978518506575186
2013-07-17 09:00:00,0.9899165442009328,0.9958357687889355,0.9950267720054551,0.9792323301078173
2013-07-17 10:00:00,0.9889932398453993,0.9980898144084218,0.994672860744892,0.9780560394197799
2013-07-17 11:00:00,0.9879976670605964,0.9980898144084218,0.994179629410574,0.9780560394197799
2013-07-17 12:00:00,0.9861102282486168,0.9980898144084218,0.994179629410574,0.9766286551609139
2013-07-17 13:00:00,0.9852274078656909,0.9995217356871378,0.994179629410574,0.9756269825708518
2013-07-18 07:00:00,0.9854654440702821,0.9995217356871378,0.994179629410574,0.9760115703586522
2013-07-18 08:00:00,0.9875776808192658,0.9987745673360762,0.994179629410574,0.9800382611700207
2013-07-18 09:00:00,0.9891005526924046,0.9995217356871378,0.994179629410574,0.981502400915489
2013-07-18 10:00:00,0.9888165978251525,0.9995217356871378,0.9934257817993521,0.981502400915489
2013-07-18 11:00:00,0.9877314791068993,0.9987745673360762,0.9934257817993521,0.9808853161132273
2013-07-18 12:00:00,0.9877314791068993,0.9980273989850145,0.9940804638576736,0.9800382611700207
2013-07-18 13:00:00,0.9877314791068993,0.9987745673360762,0.9947990887464455,0.9800382611700207
2013-07-19 07:00:00,0.985709205989042,0.99652052171659,0.9947990887464455,0.9788619704819833
2013-07-19 08:00:00,0.985709205989042,0.9950886004378737,0.9947990887464455,0.9776045731202955
2013-07-19 09:00:00,0.9840307465157705,0.9965205217165898,0.9947990887464455,0.9766029005302332
2013-07-19 10:00:00,0.9840307465157706,0.9987745673360762,0.9952923200807634,0.9769874883180336
2013-07-19 11:00:00,0.985709205989042,0.99734264605736,0.9951453501967522,0.977567817633693
2013-07-19 12:00:00,0.985709205989042,0.9980898144084217,0.9953348919852869,0.976140433374827
2013-07-19 13:00:00,0.9840307465157706,0.99734264605736,0.9948416606509688,0.9747796648212488
2013-07-22 07:00:00,0.9840307465157705,0.9980898144084218,0.99498863053498,0.974779664821249
2013-07-22 08:00:00,0.9838809241073101,0.9958357687889353,0.9944560321252904,0.9768241338823765
2013-07-22 09:00:00,0.9844495356889004,0.99652052171659,0.9944560321252902,0.9764948981375461
2013-07-22 10:00:00,0.9844495356889003,0.99652052171659,0.9938724245553379,0.9767506229091716
2013-07-22 11:00:00,0.9840307465157705,0.9965205217165898,0.9931023173018044,0.9770798586540023
2013-07-22 12:00:00,0.9838809241073101,0.99652052171659,0.992518236527353,0.9758224612923144
2013-07-22 13:00:00,0.9819644284294476,0.9965205217165898,0.9919972232296546,0.973285402050699
2013-07-23 07:00:00,0.9838809241073102,0.9965205217165898,0.9919443857569545,0.9736699898384994
2013-07-23 08:00:00,0.9859031972251674,0.9965205217165898,0.992767330483188,0.9746716624285617
2013-07-23 09:00:00,0.9859031972251674,0.9952037978179096,0.992767330483188,0.9758479531165989
2013-07-23 10:00:00,0.9859031972251674,0.9952037978179097,0.992767330483188,0.9746716624285617
2013-07-23 11:00:00,0.9877314791068991,0.9980898144084217,0.9934501036060407,0.9746716624285617
2013-07-23 12:00:00,0.9877314791068991,0.9980898144084218,0.9939325069817725,0.9750562502163621
2013-07-23 13:00:00,0.9888165978251525,0.9980898144084217,0.9945551976781906,0.9755187173717684
2013-07-24 07:00:00,0.9907040366371322,0.9980898144084218,0.9945551976781906,0.9772385818888626
2013-07-24 08:00:00,0.9908596242372648,0.9966578931297058,0.9940341843804921,0.9797756411304779
2013-07-24 09:00:00,0.9907040366371322,0.9960259221586797,0.9934501036060407,0.9812397808759463
2013-07-24 10:00:00,0.9920367363177539,0.9952787538076182,0.9941478554062441,0.982086835819153
2013-07-24 11:00:00,0.9934272650446003,0.9973426460573602,0.9946302587819756,0.9839100715281373
2013-07-24 12:00:00,0.9948809265808674,0.9973426460573602,0.9945285813832561,0.984527156330399
2013-07-24 13:00:00,0.995036514181,0.9966578931297055,0.9944127230403429,0.985144241132661
2013-07-25 07:00:00,0.9948809265808672,0.9966578931297058,0.9943755432821324,0.9836801013871924
2013-07-25 08:00:00,0.9948809265808674,0.9945940008799636,0.9945285813832562,0.982215961641724
2013-07-25 09:00:00,0.9948809265808674,0.9937718765391934,0.9946302587819756,0.9822159616417238
2013-07-25 10:00:00,0.9936402202624813,0.9902991097579129,0.9941478554062442,0.9811731651706586
2013-07-25 11:00:00,0.992342146326347,0.9902991097579129,0.9941478554062442,0.9774343234167213
2013-07-25 12:00:00,0.9905138644446152,0.9902991097579129,0.9940341843804921,0.9757144588996273
2013-07-25 13:00:00,0.9893256340530961,0.9853649384370214,0.9940727943024588,0.9751708850705705
2013-07-26 07:00:00,0.9905138644446152,0.9853649384370214,0.9940727943024588,0.9758847086032015
2013-07-26 08:00:00,0.9905138644446152,0.9878159858387695,0.9933900211796063,0.9758847086032015
2013-07-26 09:00:00,0.9902084544360222,0.9860496913646757,0.9933514112576395,0.9756546469101798
2013-07-26 10:00:00,0.9905138644446152,0.9853649384370214,0.992767330483188,0.9741905071647115
2013-07-26 11:00:00,0.9917545707630011,0.9902991097579129,0.9928188128479497,0.9749641426867899
2013-07-26 12:00:00,0.9927501435478042,0.9909838626855674,0.9933900211796061,0.9755812274890517
2013-07-26 13:00:00,0.9924447335392111,0.9860496913646759,0.9933514112576395,0.9761983122913133
2013-07-29 07:00:00,0.9929510020557328,0.9860496913646759,0.9939839893465342,0.9747709280324472
2013-07-29 08:00:00,0.9936720080759387,0.9877856469327575,0.9939839893465342,0.975617982975654
2013-07-29 09:00:00,0.9943077929029115,0.9846177700859599,0.9938333414288721,0.975617982975654
2013-07-29 10:00:00,0.9938405685315982,0.979170294951875,0.9931199319141791,0.975617982975654
2013-07-29 11:00:00,0.9936720080759384,0.979170294951875,0.9926864990573896,0.9761615568047108
2013-07-29 12:00:00,0.9936720080759384,0.9741535775710789,0.9919887472571862,0.9770086117479174
2013-07-29 13:00:00,0.9936720080759387,0.9699570735179266,0.9919887472571862,0.9758323210598804
2013-07-30 07:00:00,0.9927158602617212,0.9667381941785783,0.9919522435697753,0.9748306484698179
2013-07-30 08:00:00,0.993165739559417,0.9699570735179266,0.9925358511397278,0.9745427994123868
2013-07-30 09:00:00,0.993525527517247,0.9699570735179266,0.9924287478112356,0.9762994194160832
2013-07-30 10:00:00,0.993165739559417,0.9699570735179266,0.9919567050324796,0.9780560394197799
2013-07-30 11:00:00,0.9936720080759387,0.9749737908987228,0.9919567050324796,0.9792323301078173
2013-07-30 12:00:00,0.9927158602617212,0.9668380927518297,0.9910960762804627,0.9792323301078173
2013-07-30 13:00:00,0.9933275539221372,0.9668380927518297,0.9902152597034318,0.9795201791652484
2013-07-31 07:00:00,0.9927158602617212,0.9613651677929952,0.9892017043358597,0.9805218517553107
2013-07-31 08:00:00,0.9931657395594169,0.9639520761613176,0.9892017043358597,0.9805218517553107
2013-07-31 09:00:00,0.9936720080759385,0.9668380927518297,0.9892017043358597,0.9809064395431112
2013-07-31 10:00:00,0.9936720080759385,0.9668380927518296,0.9884674488482451,0.9809064395431112
2013-07-31 11:00:00,0.9927158602617212,0.9668380927518296,0.9883579136367047,0.977825806472439
2013-07-31 12:00:00,0.9935485693586501,0.9668380927518296,0.989371469004277,0.9769787515292323
2013-07-31 13:00:00,0.992827563338444,0.9594587728065224,0.9899909283401483,0.9773633393170327
2013-08-01 07:00:00,0.9907153265894604,0.9568718644381999,0.9889415212066571,0.9753188702559049
2013-08-01 08:00:00,0.9905535122267402,0.9539858478476878,0.9884315970823261,0.9738914859970389
2013-08-01 09:00:00,0.9905535122267402,0.9603726040338338,0.9891293488825296,0.973177662464408
2013-08-01 10:00:00,0.9889544185117303,0.9513406599585696,0.989748808218401,0.9706406032227924
2013-08-01 11:00:00,0.9896754245319361,0.9542266765490819,0.9893571805328355,0.9706406032227924
2013-08-01 12:00:00,0.9886370165488775,0.9498400785404898,0.9882565359410128,0.9706406032227924
2013-08-01 13:00:00,0.9894827669252201,0.9557706271485975,0.9882565359410128,0.9709698389676231
2013-08-02 07:00:00,0.9889039167234883,0.959243393929878,0.9882565359410128,0.971750278205542
2013-08-02 08:00:00,0.9899890354417415,0.959243393929878,0.9888891140299076,0.9725973331487486
2013-08-02 09:00:00,0.9912436750029499,0.959243393929878,0.9899525788635197,0.9738547305104365
2013-08-02 10:00:00,0.9918330398787951,0.959243393929878,0.98998975862173,0.9738547305104365
2013-08-02 11:00:00,0.9923393083953168,0.9629549134958811,0.9899897586217302,0.9734701427226361
2013-08-02 12:00:00,0.9936720080759385,0.9643868347745972,0.9905368625042713,0.974183966255267
2013-08-02 13:00:00,0.9948645051306975,0.9745531023529291,0.9915375798670684,0.974183966255267
2013-08-05 07:00:00,0.9946886114325557,0.975185073323955,0.9914897755359573,0.9737993784674664
2013-08-05 08:00:00,0.9946886114325559,0.9744379049728933,0.9909989822974915,0.9752267627263325
2013-08-05 09:00:00,0.993165739559417,0.9715518883823812,0.9905368625042718,0.9769833827300289
2013-08-05 10:00:00,0.9938559023356269,0.9727706095441755,0.9909989822974915,0.9766541469851985
2013-08-05 11:00:00,0.9946886114325559,0.9801499294894829,0.9919618183147138,0.9772344763008578
2013-08-05 12:00:00,0.9962920953772831,0.9855229558750662,0.9928251989691231,0.9806440823099644
2013-08-05 13:00:00,0.9972153997328166,0.9897194599282182,0.9937060155461537,0.9831811415515799
2013-08-06 07:00:00,0.9966870513193267,0.9903514308992443,0.9932873187623429,0.9814245215478834
2013-08-06 08:00:00,0.9962920953772831,0.9926054765187304,0.9929016902366644,0.981753757292714
2013-08-06 09:00:00,0.9958248710059703,0.9912887526200501,0.9924395704434446,0.9826008122359203
2013-08-06 10:00:00,0.9952965225924802,0.987092248566898,0.9924395704434442,0.9828886612933516
2013-08-06 11:00:00,0.9962920953772831,0.988524169845614,0.9924395704434446,0.9828886612933516
2013-08-06 12:00:00,0.9956841842173586,0.988524169845614,0.9924395704434444,0.9832732490811522
2013-08-06 13:00:00,0.9953538093989789,0.988524169845614,0.9914625187632831,0.9832732490811522
2013-08-07 07:00:00,0.9951699151392905,0.9898408937442944,0.9909904759845269,0.9828886612933516
2013-08-07 08:00:00,0.9943372060423616,0.9898408937442943,0.9914147144321721,0.9828886612933516
2013-08-07 09:00:00,0.9943372060423616,0.988524169845614,0.9913410309865507,0.9832732490811522
2013-08-07 10:00:00,0.9935255275172472,0.982519172489005,0.9914147144321721,0.982810781925746
2013-08-07 11:00:00,0.9936753499257074,0.982519172489005,0.9912645397190092,0.9818091093356838
2013-08-07 12:00:00,0.9924207103644991,0.982519172489005,0.9912645397190092,0.9783995033265771
2013-08-07 13:00:00,0.9924207103644991,0.9838358963876852,0.9916799671126251,0.9766428833228805
2013-08-08 07:00:00,0.9936753499257074,0.9877770014945523,0.9926935224801973,0.9773567068555115
2013-08-08 08:00:00,0.9936753499257074,0.9892089227732684,0.9931655652589535,0.9751488833587267
2013-08-08 09:00:00,0.9936753499257074,0.9898408937442943,0.9930254375044324,0.9756113505141328
2013-08-08 10:00:00,0.9936753499257074,0.9933526448697922,0.9935364577116534,0.9766541469851984
2013-08-08 11:00:00,0.9943372060423616,0.9933526448697922,0.9931655652589535,0.9800637529943051
2013-08-08 12:00:00,0.9943372060423616,0.9933526448697922,0.9932792362847055,0.9803929887391357
2013-08-08 13:00:00,0.9939774180845318,0.9933526448697922,0.9932792362847055,0.9818203729980017
2013-08-09 07:00:00,0.993165739559417,0.9933526448697922,0.9929016902366642,0.9832845127434701
2013-08-09 08:00:00,0.9939774180845313,0.9940373977974467,0.9924239381079336,0.9835723618009014
2013-08-09 09:00:00,0.9946675808607415,0.9940373977974467,0.9928393655015495,0.9857801852976862
2013-08-09 10:00:00,0.9958600779155004,0.99652052171659,0.9937413560779256,0.98531771814228
2013-08-09 11:00:00,0.9960156655156331,0.9950886004378738,0.9928014841559745,0.986031541674911
2013-08-09 12:00:00,0.9963460403340129,0.9936566791591578,0.9923772457083294,0.986031541674911
2013-08-09 13:00:00,0.995817691920523,0.9930247081881317,0.9923007544407881,0.9864940088303171
2013-08-12 07:00:00,0.9953114234040016,0.9895519414068513,0.9912628573197808,0.9868785966181177
2013-08-12 08:00:00,0.9951558358038688,0.9895519414068513,0.9908294244629913,0.9877256515613243
2013-08-12 09:00:00,0.9942730154209428,0.9895519414068513,0.9908294244629913,0.9859690315576278
2013-08-12 10:00:00,0.9936329639307301,0.9872978957873649,0.9908294244629913,0.9859690315576278
2013-08-12 11:00:00,0.9936329639307301,0.9872978957873649,0.9913765283455326,0.9859690315576278
2013-08-12 12:00:00,0.993165739559417,0.9872978957873649,0.9914144096911074,0.9849673589675656
2013-08-12 13:00:00,0.9921273315763584,0.9834980479695414,0.9913393485873221,0.9839656863775033
2013-08-13 07:00:00,0.9915989831628684,0.9817317534954476,0.9913765283455326,0.9842535354349345
2013-08-13 08:00:00,0.9919043931714613,0.9800841261791866,0.9912628573197806,0.983406480491728
2013-08-13 09:00:00,0.9898380750851385,0.9846177700859599,0.9913393485873221,0.983406480491728
2013-08-13 10:00:00,0.9917545707630013,0.9846177700859596,0.9923772457083294,0.983868947647134
2013-08-13 11:00:00,0.992750143547804,0.9877856469327575,0.9924239381079336,0.9852297162007122
2013-08-13 12:00:00,0.9908336478699417,0.9823381717986728,0.9913860409869263,0.984767249045306
2013-08-13 13:00:00,0.9905282378613486,0.9788907471097085,0.9908502377480849,0.984053425512675
2013-08-14 07:00:00,0.9917164682528675,0.9816534188710183,0.9911891738741593,0.984767249045306
2013-08-14 08:00:00,0.9923783243695218,0.9861870627777916,0.9916134123218044,0.984767249045306
2013-08-14 09:00:00,0.9929066727830117,0.9813585877536134,0.9916134123218044,0.9853475783609653
2013-08-14 10:00:00,0.9948231684608743,0.9813585877536134,0.9921520098913811,0.9853475783609653
2013-08-14 11:00:00,0.995153543279254,0.9813585877536134,0.9921987022909853,0.9853475783609654
2013-08-14 12:00:00,0.9933926352015242,0.9813585877536136,0.9918130737653069,0.9825226700619187
2013-08-14 13:00:00,0.991540609172767,0.9813585877536136,0.9918130737653069,0.9815209974718566
2013-08-15 07:00:00,0.9912232072099142,0.9797109604373524,0.9912414187605465,0.9815209974718564
2013-08-15 08:00:00,0.9918850633265685,0.9776470681876105,0.9918130737653069,0.981136409684056
2013-08-15 09:00:00,0.9938989037180457,0.9797109604373524,0.9926764544197163,0.9785993504424406
2013-08-15 10:00:00,0.9920468776892885,0.9797109604373524,0.9926764544197163,0.9780190211267812
2013-08-15 11:00:00,0.991560915270776,0.9797109604373524,0.9921047994149558,0.9770173485367191
2013-08-15 12:00:00,0.9917165028709087,0.9861870627777917,0.9912414187605465,0.9770173485367191
2013-08-15 13:00:00,0.9917165028709087,0.9876189840565078,0.9907693759817904,0.9780190211267812
2013-08-16 07:00:00,0.9920468776892885,0.9861870627777917,0.9907693759817904,0.9780190211267812
2013-08-16 08:00:00,0.993730343262386,0.9861870627777917,0.9916713665581663,0.9751941128277347
2013-08-16 09:00:00,0.9920468776892887,0.9893852785306015,0.9916713665581663,0.9757744421433939
2013-08-16 10:00:00,0.9917294757264358,0.9876189840565078,0.9905867367022249,0.9753119749879877
2013-08-16 11:00:00,0.9918980361820955,0.9861870627777917,0.9910201695590144,0.975599824045419
2013-08-16 12:00:00,0.9935815017551929,0.9861870627777917,0.9918835502134239,0.9753440992737934
2013-08-16 13:00:00,0.9934129412995332,0.9876189840565078,0.9914501173566344,0.9758065664291995
2013-08-19 07:00:00,0.9934129412995332,0.9861870627777916,0.9914501173566344,0.9760944154866308
2013-08-19 08:00:00,0.9937303432623857,0.9876189840565076,0.9914501173566344,0.9764236512314615
2013-08-19 09:00:00,0.9937303432623857,0.9839074644905046,0.9914501173566344,0.9764236512314615
2013-08-19 10:00:00,0.9937303432623857,0.9848212957178162,0.9916713665581665,0.9755765962882547
2013-08-19 11:00:00,0.9938989037180457,0.9830853401497346,0.9921047994149558,0.9752887472308234
2013-08-19 12:00:00,0.9938989037180457,0.9816534188710183,0.9924904279406344,0.9752887472308234
2013-08-19 13:00:00,0.9938989037180457,0.9853649384370214,0.9924904279406341,0.9760025707634544
2013-08-20 07:00:00,0.9938989037180457,0.9853649384370214,0.9924510608652625,0.974245950759758
2013-08-20 08:00:00,0.9953294369773957,0.9871008940051031,0.9934414126538339,0.9764537742565428
2013-08-20 09:00:00,0.9954979974330554,0.9902991097579129,0.9934807797292056,0.9777111716182307
2013-08-20 10:00:00,0.9935815017551927,0.9885328152838192,0.9932553861747518,0.9772487044628246
2013-08-20 11:00:00,0.9929457169282199,0.9848212957178161,0.9929947698978481,0.9754920844591277
2013-08-20 12:00:00,0.9921654628121443,0.9848212957178161,0.9919345800134095,0.974874999656866
2013-08-20 13:00:00,0.9912457231179195,0.9813738710288518,0.991565165226737,0.9725748058241128
2013-08-21 07:00:00,0.990015255419675,0.9759009460700172,0.991565165226737,0.9720890193594658
2013-08-21 08:00:00,0.990015255419675,0.9759009460700174,0.991565165226737,0.9725514865148719
2013-08-21 09:00:00,0.990015255419675,0.9734178221508739,0.9917836056430519,0.9725514865148718
2013-08-21 10:00:00,0.9883317898465778,0.9788907471097085,0.9921128659088698,0.9715498139248097
2013-08-21 11:00:00,0.9883317898465778,0.9806267026777903,0.9924892261935785,0.9712619648673784
2013-08-21 12:00:00,0.9892178033910205,0.9788907471097085,0.9927104753951106,0.9726893491262443
2013-08-21 13:00:00,0.9893863638466804,0.9788907471097085,0.9930037804973788,0.9726893491262443
2013-08-22 07:00:00,0.9892178033910205,0.9773214544178767,0.9928832847876196,0.9726893491262443
2013-08-22 08:00:00,0.9893863638466804,0.9753789959842109,0.9930037804973788,0.9726893491262445
2013-08-22 09:00:00,0.9883317898465778,0.9714753637172081,0.9924892261935785,0.9726893491262445
2013-08-22 10:00:00,0.9883317898465778,0.9714753637172081,0.9917999287618399,0.9709928039183913
2013-08-22 11:00:00,0.9883317898465778,0.9746942430565563,0.9909365481074305,0.9719944765084535
2013-08-22 12:00:00,0.9881558961484361,0.9761261643352723,0.9900918436084014,0.9707370791467658
2013-08-22 13:00:00,0.9893863638466804,0.9769482886760426,0.9901863403391166,0.969890024203559
2013-08-23 07:00:00,0.9892178033910205,0.9753789959842109,0.9904815719894376,0.9707628337774462
2013-08-23 08:00:00,0.9893863638466804,0.9700059695986275,0.9904815719894376,0.971609888720653
2013-08-23 09:00:00,0.9893863638466804,0.9707531379496892,0.9907811410401403,0.9706082161305909
2013-08-23 10:00:00,0.9893863638466804,0.9757698553304853,0.9913880187673507,0.971609888720653
2013-08-23 11:00:00,0.9892178033910205,0.9787342065454266,0.9916134123218044,0.9718977377780843
2013-08-23 12:00:00,0.9888580154331906,0.9819324222982365,0.9919523484478788,0.9696899142812995
2013-08-23 13:00:00,0.9905414810062877,0.9873054486838199,0.9928372074677623,0.9710506828348775
2013-08-26 07:00:00,0.9914195687010918,0.9908171998093176,0.9938507628353347,0.9735877420764931
2013-08-26 08:00:00,0.992436172057709,0.9925531553773993,0.9947687591705758,0.9756322111376207
2013-08-26 09:00:00,0.993157178077915,0.9925531553773993,0.9950226971974727,0.9756322111376207
2013-08-26 10:00:00,0.9927973901200847,0.9933003237284609,0.9952364807035148,0.9781692703792363
2013-08-26 11:00:00,0.9927973901200847,0.9925531553773993,0.9955616602411375,0.9790163253224429
2013-08-26 12:00:00,0.9927973901200847,0.994456629466848,0.9955616602411375,0.9790163253224426
2013-08-26 13:00:00,0.9927973901200846,0.9950886004378737,0.9956462060549449,0.9786317375346423
2013-08-27 07:00:00,0.9917428161199822,0.9937718765391934,0.9956462060549449,0.9793455610672733
2013-08-27 08:00:00,0.9921026040778124,0.9912887526200501,0.9956462060549452,0.9798080282226794
2013-08-27 09:00:00,0.9941248771956697,0.994456629466848,0.9962308402082799,0.9803883575383389
2013-08-27 10:00:00,0.9941248771956696,0.9950886004378737,0.9960998586789416,0.9815646482263761
2013-08-27 11:00:00,0.9943087714553581,0.9950886004378737,0.9959769021813831,0.9798080282226794
2013-08-27 12:00:00,0.9941248771956696,0.9950886004378738,0.9961778356762799,0.9812354124815454
2013-08-27 13:00:00,0.9928944094974252,0.9950886004378737,0.9960998586789416,0.9800591217935083
2013-08-28 07:00:00,0.9943087714553581,0.9922025838473615,0.9959341842307463,0.981371079213561
2013-08-28 08:00:00,0.9959832550494566,0.9922025838473615,0.9965860012583181,0.9807907498979017
2013-08-28 09:00:00,0.995799360789768,0.9922025838473617,0.9965860012583181,0.9803282827424955
2013-08-28 10:00:00,0.9941248771956696,0.9922025838473617,0.9965860012583181,0.9803282827424954
2013-08-28 11:00:00,0.9927105152377367,0.9895519414068511,0.9965860012583181,0.9793455610672733
2013-08-28 12:00:00,0.990973012395799,0.9895519414068511,0.9965860012583181,0.9764145994471545
2013-08-28 13:00:00,0.9907971186976573,0.9895519414068511,0.9965860012583181,0.9757975146448927
2013-08-29 07:00:00,0.9915518625975308,0.9895519414068511,0.9965860012583181,0.9743333748994243
2013-08-29 08:00:00,0.9915518625975308,0.9911212340986831,0.9969742312353881,0.9743333748994243
2013-08-29 09:00:00,0.9919284144639354,0.9937718765391934,0.9968839833793951,0.9747179626872248
2013-08-29 10:00:00,0.9902571649034482,0.9925531553773993,0.9961705738647022,0.9750471984320555
2013-08-29 11:00:00,0.9902571649034482,0.9893549396245894,0.9958082145688688,0.9750471984320552
2013-08-29 12:00:00,0.9921210720706513,0.9861870627777917,0.995461953118562,0.9753350474894863
2013-08-29 13:00:00,0.9921210720706513,0.9846177700859596,0.9955483178157135,0.9756228965469177
2013-08-30 07:00:00,0.9919284144639352,0.9871008940051031,0.9955483178157135,0.9760853637023238
2013-08-30 08:00:00,0.9915518625975308,0.9895519414068511,0.9955483178157135,0.976085363702324
2013-08-30 09:00:00,0.9929128135730642,0.9895519414068513,0.996047617367144,0.9767991872349551
2013-08-30 10:00:00,0.9932893654394687,0.9895519414068513,0.9966451685389237,0.9767991872349551
2013-08-30 11:00:00,0.9927369198749223,0.9872978957873649,0.9965588038417722,0.975371802976089
2013-08-30 12:00:00,0.9930967078327526,0.9834980479695414,0.9965588038417722,0.9746579794434578
2013-08-30 13:00:00,0.9927369198749224,0.9796982001517176,0.9965588038417723,0.9736563068533957
2013-09-03 07:00:00,0.9921580696731905,0.9796982001517176,0.9966746621846854,0.9726546342633335
2013-09-03 08:00:00,0.9923603680085179,0.9840847981603097,0.9965377219290884,0.9718741950254146
2013-09-03 09:00:00,0.9904205668312527,0.9834980479695412,0.9958243124143954,0.9718741950254146
2013-09-03 10:00:00,0.9900053132780445,0.9834980479695414,0.9959612526699925,0.970117575021718
2013-09-03 11:00:00,0.9900053132780444,0.9857520935890277,0.9966746621846855,0.9672926667226714
2013-09-03 12:00:00,0.990973012395799,0.9878159858387696,0.9972193758837652,0.9687200509815375
2013-09-03 13:00:00,0.9927105152377367,0.9886381101795398,0.9972193758837652,0.9694338745141685
2013-09-04 07:00:00,0.9927105152377367,0.9857520935890275,0.9968731144334584,0.9704766709852339
2013-09-04 08:00:00,0.9927105152377367,0.989224860370308,0.9965377219290884,0.9708612587730343
2013-09-04 09:00:00,0.9937650892378393,0.9886381101795398,0.9963753983561583,0.9720375494610717
2013-09-04 10:00:00,0.9932126436732932,0.9886381101795398,0.9965763318510551,0.9703176849439777
2013-09-04 11:00:00,0.9932126436732932,0.9911212340986831,0.9969619603767337,0.970898014259637
2013-09-04 12:00:00,0.9948871272673917,0.991121234098683,0.9969619603767337,0.9731058377564219
2013-09-04 13:00:00,0.9941661212471858,0.9917079842894515,0.9969619603767337,0.9738862769943407
2013-09-05 07:00:00,0.9932428168916525,0.991121234098683,0.9965763318510551,0.9721664124772466
2013-09-05 08:00:00,0.9930810025289324,0.9917079842894515,0.9960599093136633,0.9706789534225372
2013-09-05 09:00:00,0.9926657489757241,0.9917079842894515,0.99619684956926,0.9706789534225372
2013-09-05 10:00:00,0.9944137022095543,0.9945940008799636,0.9964455378393418,0.9717217498936028
2013-09-05 11:00:00,0.9944137022095543,0.9966578931297055,0.9967844739654159,0.972723422483665
2013-09-05 12:00:00,0.9944137022095543,0.99734264605736,0.9967844739654159,0.971942983245746
2013-09-05 13:00:00,0.9944137022095543,0.994456629466848,0.9967844739654159,0.9737662189547304
2013-09-06 07:00:00,0.9930810025289326,0.994456629466848,0.9964455378393415,0.9723388346958644
2013-09-06 08:00:00,0.9921576981733992,0.9922025838473617,0.9963250421295821,0.9720095989510339
2013-09-06 09:00:00,0.9932428168916526,0.994456629466848,0.9961444551274707,0.9723941867388343
2013-09-06 10:00:00,0.9932428168916526,0.994456629466848,0.9954146611025604,0.9742823518878877
2013-09-06 11:00:00,0.9936926961893483,0.9930247081881319,0.9951710096570267,0.9760389718915842
2013-09-06 12:00:00,0.9945755165722744,0.9930247081881319,0.9954146611025604,0.9779888981016996
2013-09-06 13:00:00,0.9939638229118585,0.9944566294668479,0.9949426183238043,0.9774085687860407
2013-09-09 07:00:00,0.9928787041936051,0.9950886004378737,0.9947038034833326,0.9774085687860404
2013-09-09 08:00:00,0.9922707930336807,0.9950886004378737,0.9949426183238043,0.9774085687860408
2013-09-09 09:00:00,0.9926657489757241,0.9950886004378738,0.9952137276076637,0.9770239809982403
2013-09-09 10:00:00,0.9944137022095543,0.9928345548183876,0.9959435216325739,0.9797633226771588
2013-09-09 11:00:00,0.9958042309364006,0.9928345548183876,0.996619049801692,0.9817132488872743
2013-09-09 12:00:00,0.9961216328992533,0.9922025838473617,0.9965763318510551,0.983469868890971
2013-09-09 13:00:00,0.9959660452991206,0.9922025838473617,0.9961042890722989,0.9830852811031706
2013-09-10 07:00:00,0.9950832249161945,0.9922025838473615,0.9959033555774022,0.9827560453583399
2013-09-10 08:00:00,0.9948809265808674,0.9912887526200502,0.9961470070229359,0.9822935782029337
2013-09-10 09:00:00,0.9944137022095543,0.9912887526200502,0.9956259937252374,0.9835509755646216
2013-09-10 10:00:00,0.9944137022095543,0.9912887526200502,0.9949125842105444,0.9840134427200278
2013-09-10 11:00:00,0.9944137022095542,0.9920359209711119,0.9948698662599074,0.983166387776821
2013-09-10 12:00:00,0.9944137022095542,0.9920359209711119,0.9948698662599076,0.9848862522939151
2013-09-10 13:00:00,0.9945635246180146,0.9920359209711118,0.9942235968244657,0.9856000758265462
2013-09-11 07:00:00,0.9948809265808674,0.9912887526200502,0.9942235968244657,0.9830698203007712
2013-09-11 08:00:00,0.9948809265808674,0.9937718765391934,0.9948698662599076,0.9830698203007712
2013-09-11 09:00:00,0.9958042309364008,0.9958357687889353,0.9948698662599076,0.9827405845559405
2013-09-11 10:00:00,0.9966499813127433,0.9958357687889353,0.9948698662599076,0.9837422571460026
2013-09-11 11:00:00,0.9966499813127433,0.9958357687889353,0.9948698662599076,0.9828952022027961
2013-09-11 12:00:00,0.9954092749943573,0.9952037978179096,0.9940650111312119,0.9808507331416684
2013-09-11 13:00:00,0.9949233125758447,0.9937718765391936,0.9938261962907405,0.9783136739000531
2013-09-12 07:00:00,0.994131507156232,0.9937718765391934,0.9941021908894224,0.978313673900053
2013-09-12 08:00:00,0.9943444623741129,0.9966578931297055,0.9946610855326957,0.9774666189568464
2013-09-12 09:00:00,0.9943444623741129,0.99734264605736,0.9947038034833326,0.9795110880179739
2013-09-12 10:00:00,0.9955851686924989,0.9980898144084217,0.9952137276076637,0.9828217827816679
2013-09-12 11:00:00,0.9961640188942308,0.9980898144084218,0.9959435216325739,0.9821079592490367
2013-09-12 12:00:00,0.9966499813127433,0.99734264605736,0.9954146611025604,0.9806805749901708
2013-09-12 13:00:00,0.9954092749943573,0.9957733533655282,0.9945912121087542,0.9806805749901707
2013-09-13 07:00:00,0.9941685686759711,0.9944566294668479,0.9943475606632204,0.9800634901879092
2013-09-13 08:00:00,0.9941685686759711,0.9937718765391936,0.9945445476405214,0.9785993504424404
2013-09-13 09:00:00,0.9954092749943573,0.9937718765391934,0.9949687860881665,0.9778855269098097
2013-09-13 10:00:00,0.9957266769572101,0.9937718765391934,0.9942439823749036,0.9793496666552779
2013-09-13 11:00:00,0.9964476829774159,0.9930247081881319,0.9943342302308965,0.9793496666552779
2013-09-13 12:00:00,0.9957266769572098,0.9911212340986831,0.9944122072282349,0.9797342544430785
2013-09-13 13:00:00,0.9953114234040016,0.9895519414068514,0.9947055123305032,0.9776897853819507
2013-09-16 07:00:00,0.9959193345639261,0.9911212340986831,0.9954704705646209,0.976842730438744
2013-09-16 08:00:00,0.9966094973401359,0.9911212340986831,0.9954258537324339,0.9760622912008252
2013-09-16 09:00:00,0.9966094973401359,0.9895519414068513,0.9949148335252131,0.976062291200825
2013-09-16 10:00:00,0.995817691920523,0.9918059870263376,0.9950403534525537,0.9765247583562314
2013-09-16 11:00:00,0.995655877557803,0.9909838626855674,0.9949623764552152,0.9779888981016999
2013-09-16 12:00:00,0.9946174695747443,0.9909838626855674,0.9946808436641069,0.9767315007400119
2013-09-16 13:00:00,0.994131507156232,0.9928873367750162,0.9946808436641069,0.9761879269109554
2013-09-17 07:00:00,0.9955851686924989,0.9944566294668479,0.9953646732638367,0.9767682562266146
2013-09-17 08:00:00,0.9960711311110115,0.9925531553773991,0.9955616602411375,0.9780256535883024
2013-09-17 09:00:00,0.9954092749943573,0.9909838626855674,0.9955616602411375,0.9776964178434717
2013-09-17 10:00:00,0.9941685686759711,0.9878159858387696,0.9955616602411375,0.9776964178434717
2013-09-17 11:00:00,0.9936402202624813,0.9878159858387696,0.9955616602411375,0.9774085687860404
2013-09-17 12:00:00,0.9934903978540209,0.9878159858387696,0.9951918638713276,0.9753640997249129
2013-09-17 13:00:00,0.9932774426361399,0.9897194599282182,0.9952364807035148,0.9771873354338972
2013-09-18 07:00:00,0.9938057910496298,0.9912887526200501,0.9954056473773696,0.9786514751793656
2013-09-18 08:00:00,0.9938057910496298,0.9884027360295381,0.9951714806418581,0.9799088725410534
2013-09-18 09:00:00,0.9949940214411488,0.9884027360295378,0.9951714806418581,0.9819533416021813
2013-09-18 10:00:00,0.9964476829774158,0.9884027360295381,0.9951714806418581,0.982282577347012
2013-09-18 11:00:00,0.9966094973401359,0.9840161380209457,0.9950432880815362,0.9826671651348121
2013-09-18 12:00:00,0.9962920953772831,0.9840161380209457,0.9948295045754941,0.9843870296519063
2013-09-18 13:00:00,0.9969539514939374,0.9840161380209457,0.9949576971358163,0.9843870296519063
2013-09-19 07:00:00,0.9971378457536259,0.9840161380209457,0.9951714806418581,0.9843870296519063
2013-09-19 08:00:00,0.9971378457536259,0.984016138020946,0.9950432880815362,0.9839245624965001
2013-09-19 09:00:00,0.997299660116346,0.9821126639314971,0.9945998082661048,0.9839245624965
2013-09-19 10:00:00,0.997299660116346,0.9786009128059994,0.993875004552842,0.9849262350865624
2013-09-19 11:00:00,0.9966094973401359,0.9726381142787536,0.993875004552842,0.9836688377248745
2013-09-19 12:00:00,0.9966094973401359,0.9738568354405478,0.9940645463413768,0.9853887022419686
2013-09-19 13:00:00,0.9966094973401359,0.9715772371532608,0.9941047008622315,0.9853887022419686
2013-09-20 07:00:00,0.9966094973401359,0.9726381142787536,0.9936612210468002,0.9843870296519063
2013-09-20 08:00:00,0.9964476829774158,0.9738568354405478,0.9936612210468,0.985004114454168
2013-09-20 09:00:00,0.9962920953772831,0.9715772371532608,0.9936612210468,0.9832842499370741
2013-09-20 10:00:00,0.9964476829774158,0.9738568354405478,0.9938507628353347,0.983998073469705
2013-09-20 11:00:00,0.9956019326010733,0.9722092081242868,0.9938507628353347,0.9825106144149957
2013-09-20 12:00:00,0.9964476829774159,0.972893961051941,0.9938051318115287,0.9817967908823645
2013-09-20 13:00:00,0.9962920953772831,0.9728939610519413,0.9939188028372807,0.9825106144149957
2013-09-23 07:00:00,0.9955710893570773,0.9715772371532608,0.9937256102153024,0.9816378048411085
2013-09-23 08:00:00,0.9955710893570773,0.9668889636953321,0.9939742984853838,0.9821002719965143
2013-09-23 09:00:00,0.9968117956754633,0.9668889636953321,0.9945299355247915,0.9821002719965145
2013-09-23 10:00:00,0.9970044532821793,0.966888963695332,0.9948912647253779,0.9810574755254489
2013-09-23 11:00:00,0.9959660452991206,0.964758262905048,0.9947707690156185,0.9806728877376485
2013-09-23 12:00:00,0.9948809265808672,0.9634415390063676,0.9941871614456661,0.9787229615275329
2013-09-23 13:00:00,0.9934272650446002,0.9649854896058833,0.9937078298643158,0.9776801650564675
2013-09-24 07:00:00,0.9920367363177539,0.9649854896058833,0.9930041772870521,0.9754723415596825
2013-09-24 08:00:00,0.9911539159348278,0.9649854896058833,0.9930041772870521,0.974008201814214
2013-09-24 09:00:00,0.9895504319901004,0.9649854896058833,0.9930041772870521,0.9740082018142142
2013-09-24 10:00:00,0.9891005526924048,0.9649854896058833,0.9925859891391726,0.9748552567574208
2013-09-24 11:00:00,0.9869883159434206,0.9617872738530735,0.9917634975390367,0.9741414332247897
2013-09-24 12:00:00,0.9869883159434208,0.9527603265915049,0.9912351014060861,0.9735243484225279
2013-09-24 13:00:00,0.9861023023989778,0.9493129019025406,0.9902947532007227,0.9704437153518557
2013-09-25 07:00:00,0.9847412448885592,0.9453717967956737,0.9901608585982152,0.9690163310929898
2013-09-25 08:00:00,0.9845032086839681,0.9530244214685437,0.9908520427011589,0.9697967703309086
2013-09-25 09:00:00,0.9856394682573822,0.959983597283006,0.9918452283792221,0.9717466965410243
2013-09-25 10:00:00,0.9877057863437054,0.9690105445445742,0.9922242676301065,0.9723270258566836
2013-09-25 11:00:00,0.9877057863437051,0.9652990249785712,0.991828633123823,0.9733286984467457
2013-09-25 12:00:00,0.9877057863437052,0.9684972407313811,0.991828633123823,0.9707916392051305
2013-09-25 13:00:00,0.9861023023989778,0.9652990249785712,0.991828633123823,0.971176226992931
2013-09-26 07:00:00,0.9865695267702908,0.9592364289319442,0.992389942078302,0.9726636860476404
2013-09-26 08:00:00,0.9888165978251525,0.9637297322867394,0.9932458950973754,0.9735364956215278
2013-09-26 09:00:00,0.9902887830839238,0.9617872738530735,0.9933797896998828,0.9741535804237893
2013-09-26 10:00:00,0.9920367363177539,0.9677500723803194,0.9933797896998828,0.9747339097394488
2013-09-26 11:00:00,0.9924519898709622,0.9754026970531897,0.9933797896998828,0.975910200427486
2013-09-26 12:00:00,0.990704036637132,0.9724383458382482,0.9928077468204175,0.9750631454842792
2013-09-26 13:00:00,0.9891811647639932,0.974341819927697,0.9929769134942726,0.973599005738811
2013-09-27 07:00:00,0.9891811647639932,0.9762842783613629,0.99312038074393,0.9732697699939803
2013-09-27 08:00:00,0.9905138644446151,0.979170294951875,0.9929769134942726,0.9732697699939803
2013-09-27 09:00:00,0.9905138644446151,0.9762842783613629,0.9927174989644247,0.9742714425840426
2013-09-27 10:00:00,0.9912040272208249,0.979170294951875,0.9929769134942726,0.9742714425840426
2013-09-27 11:00:00,0.9912040272208249,0.9800841261791866,0.9937826714793879,0.9754477332720798
2013-09-27 12:00:00,0.990208454436022,0.9731249503647244,0.9937826714793879,0.9746006783288731
2013-09-27 13:00:00,0.9889103804998877,0.9699570735179266,0.9936487768768807,0.9739835935266113
2013-09-30 07:00:00,0.9893256340530961,0.9699570735179266,0.9934452914865188,0.9736543577817809
2013-09-30 08:00:00,0.9874091383752335,0.9661572257001031,0.9934871193496893,0.9736543577817809
2013-09-30 09:00:00,0.9856611851414036,0.9682879264903871,0.993897508249895,0.9711241022560059
2013-09-30 10:00:00,0.9853668934438403,0.9682879264903871,0.9932219865337703,0.9723003929440431
2013-09-30 11:00:00,0.9847268419536276,0.9720877743082106,0.9929164309565053,0.9709396243904649
2013-09-30 12:00:00,0.9864877500313574,0.9720877743082106,0.9931741822026592,0.9728895506005806
2013-09-30 13:00:00,0.988460501202192,0.9758876221260344,0.9932219865337703,0.9751897444333338
2013-10-01 07:00:00,0.9889103804998877,0.9775352494422954,0.9932219865337703,0.9765505129869121
2013-10-01 08:00:00,0.9895504319901004,0.9823637244664735,0.9934254719241322,0.9783737486958963
2013-10-01 09:00:00,0.9893256340530961,0.9846177700859599,0.9931741822026592,0.9777934193802372
2013-10-01 10:00:00,0.9871148466776704,0.9846177700859599,0.9921596434903318,0.9770795958476062
2013-10-01 11:00:00,0.9868308918104183,0.979170294951875,0.9910564183331553,0.976365772314975
2013-10-01 12:00:00,0.9861066926286953,0.9741535775710789,0.9902821404534149,0.9753640997249129
2013-10-01 13:00:00,0.9862622802288281,0.9762842783613629,0.9907503114037032,0.973644235207819
2013-10-02 07:00:00,0.9873473989470816,0.974341819927697,0.9910564183331553,0.973644235207819
2013-10-02 08:00:00,0.9871451006117542,0.974341819927697,0.9913275276170147,0.9702346291987121
2013-10-02 09:00:00,0.9880231883065579,0.9778535710531949,0.9924307527741915,0.9702346291987121
2013-10-02 10:00:00,0.9861066926286955,0.979170294951875,0.9921596434903318,0.9684113934897277
2013-10-02 11:00:00,0.9839539362335493,0.9741535775710789,0.99164105248649,0.9665881577807433
2013-10-02 12:00:00,0.9828110350865522,0.9667381941785783,0.99164105248649,0.965715348206856
2013-10-02 13:00:00,0.9814499775761335,0.9654214702798981,0.9912381707069847,0.9646124769399471
2013-10-03 07:00:00,0.981887730731019,0.9708943952387327,0.9913720653094922,0.9642278891521465
2013-10-03 08:00:00,0.983128437049405,0.9757228702629107,0.9917749470889974,0.967966730906084
2013-10-03 09:00:00,0.981887730731019,0.9757228702629107,0.9917749470889974,0.9675042637506778
2013-10-03 10:00:00,0.9798738903395418,0.9757228702629107,0.9922107361161359,0.9649417126847777
2013-10-03 11:00:00,0.97804560845781,0.9757228702629107,0.9919333742639711,0.9656555362174087
2013-10-03 12:00:00,0.97804560845781,0.9757228702629107,0.9908301491067945,0.9667584074843177
2013-10-03 13:00:00,0.9791307271760632,0.9788907471097087,0.9909736163564519,0.9672208746397238
2013-10-04 07:00:00,0.9814499775761333,0.9806267026777902,0.9912381707069847,0.9680679295829306
2013-10-04 08:00:00,0.9821256543518174,0.981373871028852,0.9906535365536502,0.9683971653277611
2013-10-04 09:00:00,0.9828466603720234,0.9821959953696222,0.9907503114037032,0.9689407391568179
2013-10-04 10:00:00,0.9849129784583465,0.9821959953696222,0.9918535365608799,0.9699424117468801
2013-10-04 11:00:00,0.9872905327904969,0.9813738710288518,0.9925625196959421,0.9742248273298741
2013-10-04 12:00:00,0.9876503207483269,0.9863905884096479,0.9929164309565051,0.9748419121321359
2013-10-04 13:00:00,0.9876503207483269,0.9863905884096481,0.9926512981405862,0.9751711478769663
2013-10-07 07:00:00,0.9861054755131052,0.981373871028852,0.991894510674413,0.9741694752869042
2013-10-07 08:00:00,0.9846749422537553,0.9788907471097085,0.9912270745443745,0.971088842216232
2013-10-07 09:00:00,0.9823556918536851,0.9788907471097085,0.9912270745443745,0.9680638239949257
2013-10-07 10:00:00,0.9798517331962693,0.9788907471097085,0.9912270745443745,0.9680638239949257
2013-10-07 11:00:00,0.9809946343432663,0.9816534188710183,0.9915897962291299,0.9686073978239828
2013-10-07 12:00:00,0.9803829406828507,0.9853649384370214,0.9919592110158025,0.9676057252339205
2013-10-07 13:00:00,0.9798517331962693,0.9830853401497344,0.9916299507499845,0.9676057252339205
2013-10-08 07:00:00,0.9809946343432663,0.9816534188710185,0.9915897962291299,0.9676057252339205
2013-10-08 08:00:00,0.9803829406828507,0.9853649384370214,0.9911869144496246,0.9676057252339205
2013-10-08 09:00:00,0.9815229827567562,0.9893852785306013,0.9912358849685671,0.9672764894890898
2013-10-08 10:00:00,0.9843915056072452,0.9937718765391934,0.9919434756194602,0.9679903130217209
2013-10-08 11:00:00,0.9836112514911696,0.9950886004378737,0.9919434756194598,0.9676610772768902
2013-10-08 12:00:00,0.9821807182318194,0.9950886004378737,0.9922727358852778,0.9680456650646908
2013-10-08 13:00:00,0.9832514635333397,0.9926054765187304,0.9929620333170165,0.967198610121484
2013-10-09 07:00:00,0.9813994375045823,0.9877770014945523,0.9929620333170167,0.9697356693630994
2013-10-09 08:00:00,0.9833721886754169,0.9877770014945523,0.9926007041164304,0.9700235184205308
2013-10-09 09:00:00,0.9840963878571397,0.986558280332758,0.9922150755907518,0.972323712253284
2013-10-09 10:00:00,0.9842358734352891,0.9877770014945523,0.9924756918676556,0.9720679874816585
2013-10-09 11:00:00,0.9842358734352892,0.986558280332758,0.992623108424771,0.9729407970555457
2013-10-09 12:00:00,0.9842358734352892,0.9877770014945523,0.9921407050490391,0.9736546205881769
2013-10-09 13:00:00,0.982763688176518,0.9870922485668979,0.9915212457131676,0.9716101515270492
2013-10-10 07:00:00,0.9810852287032465,0.9836194817856174,0.9909121560359363,0.9675834607156806
2013-10-10 08:00:00,0.9794107451091479,0.9776144844290084,0.9900692208044805,0.9652832668829274
2013-10-10 09:00:00,0.9782122047023274,0.9784366087697784,0.9901194158384385,0.9649540311380967
2013-10-10 10:00:00,0.9803244414513114,0.9798685300484945,0.9906783104817116,0.9669985001992247
2013-10-10 11:00:00,0.9803244414513113,0.9810872512102888,0.9899746579044479,0.9676155850014863
2013-10-10 12:00:00,0.9797558298697211,0.9790233589605467,0.9899746579044479,0.9676155850014865
2013-10-10 13:00:00,0.9800501215672841,0.9755505921792663,0.9893655682272164,0.9673277359440553
2013-10-11 07:00:00,0.978515123551335,0.9755505921792663,0.9884256963052658,0.9673277359440552
2013-10-11 08:00:00,0.9781103203900191,0.9711639941706742,0.9882463229978579,0.9667106511417934
2013-10-11 09:00:00,0.9765068364452917,0.9671436540770941,0.9883885165470554,0.9659968276091622
2013-10-11 10:00:00,0.9765068364452917,0.9671436540770941,0.9884256963052658,0.9647394302474744
2013-10-11 11:00:00,0.9740028777878758,0.9676912273893936,0.9882463229978579,0.9625316067506896
2013-10-11 12:00:00,0.972952967253533,0.9676912273893936,0.9882463229978579,0.9620691395952836
2013-10-11 13:00:00,0.9740028777878758,0.9742829749367711,0.9882463229978579,0.961684551807483
2013-10-14 07:00:00,0.9740028777878758,0.9786695729453632,0.9882463229978579,0.9636667735577237
2013-10-14 08:00:00,0.9740028777878758,0.9821423397266436,0.989034785982497,0.9670763795668303
2013-10-14 09:00:00,0.9772676236972271,0.9840847981603097,0.9893655682272164,0.9701570126375025
2013-10-14 10:00:00,0.977672426858543,0.9786695729453632,0.9884256963052658,0.9707740974397644
2013-10-14 11:00:00,0.9792759108032701,0.9777557417180516,0.9890347859824971,0.96895086173078
2013-10-14 12:00:00,0.976402886802351,0.9766214182149838,0.9884256963052658,0.9693354495185804
2013-10-14 13:00:00,0.9780773703964496,0.9726803131081168,0.9890347859824971,0.9699525343208422
2013-10-15 07:00:00,0.9803244414513113,0.9726803131081168,0.9897384385597607,0.9717091543245387
2013-10-15 08:00:00,0.9813628494343699,0.9739970370067971,0.990297333203034,0.9747897873952109
2013-10-15 09:00:00,0.9840963878571397,0.9793700633923802,0.9906783104817116,0.9747897873952108
2013-10-15 10:00:00,0.9859838266691192,0.9818531873115235,0.9906783104817116,0.9752522545506171
2013-10-15 11:00:00,0.9859838266691192,0.9818531873115237,0.9906783104817114,0.9742094580795517
2013-10-15 12:00:00,0.9859838266691193,0.9818531873115237,0.9911993237794101,0.9752522545506171
2013-10-15 13:00:00,0.987123868743025,0.9818531873115237,0.9907693759817903,0.9758325838662764
2013-10-16 07:00:00,0.9884475463582922,0.9818531873115237,0.9916713665581663,0.9758325838662764
2013-10-16 08:00:00,0.9859838266691193,0.9818531873115237,0.9918187831152817,0.9758325838662764
2013-10-16 09:00:00,0.9859838266691193,0.9818531873115237,0.9918187831152817,0.9755033481214458
2013-10-16 10:00:00,0.9853944617932741,0.9818531873115237,0.9918187831152817,0.9749597742923892
2013-10-16 11:00:00,0.9840963878571397,0.9818531873115235,0.9919303479064778,0.974245950759758
2013-10-16 12:00:00,0.9845116414103482,0.9818531873115237,0.9924774517890194,0.973532127227127
2013-10-16 13:00:00,0.9846614638188086,0.9818531873115237,0.9924774517890194,0.9747084179151642
2013-10-17 07:00:00,0.986335947412907,0.9858735274051036,0.9924774517890194,0.9744205688577329
2013-10-17 08:00:00,0.9873743553959656,0.9858735274051036,0.9929016902366644,0.975422241447795
2013-10-17 09:00:00,0.9895437833875755,0.9912887526200501,0.9937446254681206,0.9764650379188606
2013-10-17 10:00:00,0.9904266037705016,0.9912887526200501,0.9941302539937988,0.9768496257066612
2013-10-17 11:00:00,0.9898372388946564,0.9927206738987662,0.9936309544423686,0.9772342134944617
2013-10-17 12:00:00,0.9911167665467117,0.988524169845614,0.9939305234930713,0.9780812684376683
2013-10-17 13:00:00,0.9927158602617212,0.993352644869792,0.994677481219336,0.9792575591257057
2013-10-18 07:00:00,0.9940769177721399,0.99652052171659,0.9954823363480314,0.9806183276792837
2013-10-18 08:00:00,0.9944367057299702,0.9940373977974467,0.9959444561412515,0.9828261511760685
2013-10-18 09:00:00,0.9946125994281118,0.993352644869792,0.9961582396472934,0.9836732061192752
2013-10-18 10:00:00,0.9954044048477249,0.9965205217165898,0.9967557908190732,0.9822090663738068
2013-10-18 11:00:00,0.9959832550494566,0.9987745673360762,0.9970465664912563,0.9832518628448724
2013-10-18 12:00:00,0.9969394028636739,0.9980273989850146,0.9973059810211042,0.9838321921605316
2013-10-18 13:00:00,0.9969394028636739,0.99734264605736,0.9974787904136132,0.9833697250051255
2013-10-21 07:00:00,0.9969394028636739,0.9980898144084218,0.9976724526972286,0.9810695311723721
2013-10-21 08:00:00,0.9961846589638003,0.9958357687889355,0.9977180837210345,0.9815319983277783
2013-10-21 09:00:00,0.9960007647041118,0.9937718765391936,0.9978908931135433,0.9806849433845717
2013-10-21 10:00:00,0.9969963374889149,0.9937718765391936,0.9977180837210345,0.9824048079016656
2013-10-21 11:00:00,0.9969963374889149,0.9937718765391936,0.9971089940438035,0.9826926569590969
2013-10-21 12:00:00,0.9969963374889149,0.9937718765391934,0.9964112422435999,0.9824048079016656
2013-10-21 13:00:00,0.9969963374889147,0.9945940008799636,0.9958948197062079,0.9816909843690347
2013-10-22 07:00:00,0.9973912934309581,0.9959107247786441,0.996192801827285,0.9842280436106501
2013-10-22 08:00:00,0.9977086953938109,0.9945940008799636,0.996192801827285,0.9852297162007122
2013-10-22 09:00:00,0.9980390702121906,0.9917079842894515,0.996192801827285,0.9855589519455428
2013-10-22 10:00:00,0.9985674186256807,0.9917079842894515,0.996151827713752,0.9859435397333433
2013-10-22 11:00:00,0.9983988581700208,0.991121234098683,0.9960595042903418,0.9855589519455428
2013-10-22 12:00:00,0.9983988581700209,0.9893852785306013,0.9962125423914655,0.983351128448758
2013-10-22 13:00:00,0.9976441142701473,0.9908171998093175,0.9959365477927834,0.9808140692071426
2013-10-23 07:00:00,0.996507854696733,0.9873054486838196,0.995149454832469,0.980429481419342
2013-10-23 08:00:00,0.9968523088505344,0.9900700314582558,0.9948783455486098,0.980429481419342
2013-10-23 09:00:00,0.9979885684239488,0.986558280332758,0.995352940222831,0.9822527171283264
2013-10-23 10:00:00,0.9976441142701473,0.9843042347132717,0.9957470060042488,0.9817902499729203
2013-10-23 11:00:00,0.997299660116346,0.9843042347132719,0.9957470060042488,0.9807474535018549
2013-10-23 12:00:00,0.997299660116346,0.9843042347132719,0.9957470060042488,0.981749126091917
2013-10-23 13:00:00,0.997299660116346,0.980504386895448,0.9954957162827758,0.9811320412896554
2013-10-24 07:00:00,0.997299660116346,0.9805043868954479,0.995664882956631,0.9820048508635426
2013-10-24 08:00:00,0.9965078546967331,0.9843042347132719,0.9958945792660203,0.9812910273309114
2013-10-24 09:00:00,0.9963460403340129,0.9818531873115237,0.9962132918153392,0.9805772037982804
2013-10-24 10:00:00,0.9974822999074271,0.9804212660328075,0.9969267013300321,0.9800336299692236
2013-10-24 11:00:00,0.9969539514939374,0.9744162686761982,0.9970605959325396,0.9806507147714856
2013-10-24 12:00:00,0.9974822999074273,0.9766214182149838,0.9965860012583181,0.9810353025592862
2013-10-24 13:00:00,0.9976441142701473,0.9731486514337033,0.9961881222576429,0.9807474535018549
2013-10-25 07:00:00,0.9976441142701473,0.9731486514337032,0.9960153128651339,0.9810766892466852
2013-10-25 08:00:00,0.9979885684239488,0.9731486514337033,0.9960932898624725,0.9796493049878194
2013-10-25 09:00:00,0.9979885684239488,0.9677011762996186,0.9962983313860394,0.9784730142997821
2013-10-25 10:00:00,0.9987433123238221,0.9693488036158796,0.9968690197792236,0.9773701430328731
2013-10-25 11:00:00,0.9985674186256805,0.9731486514337033,0.9965300836531492,0.9783718156229354
2013-10-25 12:00:00,0.9987433123238223,0.9785638766486499,0.9964455378393415,0.9797991998818014
2013-10-25 13:00:00,0.9991198641902268,0.9796982001517176,0.9966968275608146,0.9812265841406672
2013-10-28 07:00:00,0.9991198641902268,0.9791114499609493,0.9968337678164115,0.9812265841406672
2013-10-28 08:00:00,0.9991198641902268,0.9791114499609493,0.9961968495692601,0.980646254825008
2013-10-28 09:00:00,0.9994643183440282,0.9834980479695414,0.995890742639808,0.981749126091917
2013-10-28 10:00:00,0.998911872779482,0.9834980479695414,0.995772611121615,0.981749126091917
2013-10-28 11:00:00,0.998911872779482,0.9863840645600533,0.9953005683428587,0.9810353025592862
2013-10-28 12:00:00,0.9985674186256807,0.9869708147508218,0.9954287609031807,0.981035302559286
2013-10-28 13:00:00,0.997812674725807,0.9863840645600533,0.995900803681937,0.9810353025592862
2013-10-29 07:00:00,0.9979885684239488,0.9886381101795398,0.9960599093136631,0.9805728354038797
2013-10-29 08:00:00,0.9978200079682891,0.9930247081881319,0.9957726111216147,0.9805728354038797
2013-10-29 09:00:00,0.9973137394517676,0.9930247081881319,0.9953301152887527,0.9795711628138175
2013-10-29 10:00:00,0.9977086953938108,0.9936566791591578,0.9953301152887527,0.9784682915469085
2013-10-29 11:00:00,0.9975328016956692,0.9930247081881317,0.995754353736398,0.9802249115506051
2013-10-29 12:00:00,0.9970468392771568,0.9930247081881317,0.9958388995502055,0.9795110880179742
2013-10-29 13:00:00,0.9980852472602155,0.989856831341334,0.996530083653149,0.9795110880179739
2013-10-30 07:00:00,0.9975328016956692,0.9863840645600536,0.9967066962062935,0.9799735551733803
2013-10-30 08:00:00,0.9980611501091591,0.9863840645600536,0.9963291501582524,0.9811498458614175
2013-10-30 09:00:00,0.9980611501091591,0.9863840645600536,0.996047617367144,0.9811498458614175
2013-10-30 10:00:00,0.9978772558494705,0.9898568313413342,0.9955187568371302,0.9811498458614175
2013-10-30 11:00:00,0.997532801695669,0.9907706625686457,0.9951331283114521,0.9808206101165868
2013-10-30 12:00:00,0.9978925896534994,0.9928345548183876,0.9948571337127698,0.9808206101165868
2013-10-30 13:00:00,0.9983988581700208,0.9950886004378737,0.9945860244289104,0.9808206101165868
2013-10-31 07:00:00,0.9985674186256805,0.994456629466848,0.9947707690156185,0.9793932258577208
2013-10-31 08:00:00,0.9980611501091591,0.9950886004378737,0.9950194572857,0.9789307587023148
2013-10-31 09:00:00,0.9986135956737052,0.9936566791591576,0.995461953118562,0.9801070493903521
2013-10-31 10:00:00,0.9982538077158751,0.995910724778644,0.9947707690156185,0.9790642529192866
2013-10-31 11:00:00,0.9989439704920852,0.99734264605736,0.9941871614456661,0.979837888441365
2013-10-31 12:00:00,0.9985674186256807,0.99734264605736,0.9941871614456661,0.979837888441365
2013-10-31 13:00:00,0.9985674186256805,0.99734264605736,0.993838811393654,0.9804549732436266
2013-11-01 07:00:00,0.998911872779482,0.9980898144084217,0.994001134966584,0.9813277828175141
2013-11-01 08:00:00,0.9981571288796085,0.9980898144084217,0.9941871614456661,0.9810399337600828
2013-11-01 09:00:00,0.9979885684239488,0.9952037978179096,0.993838811393654,0.981502400915489
2013-11-01 10:00:00,0.9979885684239488,0.9952037978179096,0.994001134966584,0.980788577382858
2013-11-01 11:00:00,0.9987433123238223,0.9960259221586797,0.9948783455486098,0.9813689066985172
2013-11-01 12:00:00,0.998911872779482,0.994456629466848,0.995149454832469,0.9817534944863177
2013-11-01 13:00:00,0.998911872779482,0.9952037978179096,0.9953587760271787,0.9807106980152521
2013-11-04 07:00:00,0.998911872779482,0.994456629466848,0.995149454832469,0.9814245215478832
2013-11-04 08:00:00,0.998911872779482,0.9925531553773993,0.9942722442504436,0.9826008122359206
2013-11-04 09:00:00,0.9985674186256805,0.9952037978179096,0.9937739747942602,0.9846452812970483
2013-11-04 10:00:00,0.9985674186256805,0.99652052171659,0.9933405419374707,0.9837982263538415
2013-11-04 11:00:00,0.9987433123238223,0.9965205217165898,0.9936888919894827,0.9852256106127075
2013-11-04 12:00:00,0.9985674186256807,0.9933526448697922,0.9934879584945859,0.9852256106127075
2013-11-04 13:00:00,0.9987433123238223,0.9919207235910761,0.9936888919894827,0.9864019013007449
2013-11-05 07:00:00,0.9987433123238223,0.991920723591076,0.9942724995594353,0.9866897503581759
2013-11-05 08:00:00,0.9979885684239488,0.9912887526200501,0.9942724995594353,0.9858426954149693
2013-11-05 09:00:00,0.9979885684239488,0.9890347070005638,0.9942724995594351,0.9843785556695008
2013-11-05 10:00:00,0.9979885684239488,0.988402736029538,0.9942724995594351,0.9843785556695008
2013-11-05 11:00:00,0.9979885684239488,0.988402736029538,0.9939600012733423,0.9840493199246702
2013-11-05 12:00:00,0.9979885684239488,0.9878159858387695,0.9936888919894827,0.9840493199246704
2013-11-05 13:00:00,0.9979885684239488,0.9897194599282182,0.9938736365761908,0.98366473213687
2013-11-06 07:00:00,0.9979885684239488,0.9843042347132719,0.993189806976461,0.9846664047269321
2013-11-06 08:00:00,0.9976441142701474,0.9843042347132719,0.9935754355021394,0.9829097847232356
2013-11-06 09:00:00,0.997299660116346,0.986558280332758,0.9939742984853838,0.9807019612264508
2013-11-06 10:00:00,0.9976946160583892,0.9919735055477044,0.9948922948206249,0.9786574921653229
2013-11-06 11:00:00,0.9982229644718791,0.9912887526200501,0.9947717991108656,0.9795045471085296
2013-11-06 12:00:00,0.9976946160583892,0.989034707000564,0.9946581280851136,0.9792166980510986
2013-11-06 13:00:00,0.9976946160583892,0.9878159858387696,0.9945299355247915,0.9792166980510983
2013-11-07 07:00:00,0.9982229644718792,0.9846481089919717,0.9941443069991132,0.977460078047402
2013-11-07 08:00:00,0.9980611501091591,0.9798196339677937,0.9937008271836818,0.978040407363061
2013-11-07 09:00:00,0.9985674186256805,0.9766214182149838,0.9929760234704189,0.9780404073630612
2013-11-07 10:00:00,0.998911872779482,0.9777557417180516,0.9929760234704189,0.9770387347729989
2013-11-07 11:00:00,0.9985674186256805,0.9742829749367711,0.9929760234704189,0.972756319190005
2013-11-07 12:00:00,0.9985674186256805,0.9742829749367711,0.9929760234704189,0.9707118501288772
2013-11-07 13:00:00,0.9985674186256807,0.9771689915272834,0.9933616519960973,0.9707118501288773
2013-11-08 07:00:00,0.9985674186256807,0.9712061930000374,0.9930620829453948,0.971328934931139
2013-11-08 08:00:00,0.9987600762323966,0.9712061930000374,0.9938270411795124,0.973048799448233
2013-11-08 09:00:00,0.9984297014140168,0.9726381142787536,0.9937803487799083,0.9716214151893672
2013-11-08 10:00:00,0.9984297014140168,0.9786009128059995,0.9940864557093602,0.9719092642467984
2013-11-08 11:00:00,0.9982370438073009,0.9732278864204161,0.9937803487799083,0.9715800285019677
2013-11-08 12:00:00,0.9983988581700209,0.9749638419884978,0.9933616519960975,0.9715800285019677
2013-11-08 13:00:00,0.9991198641902268,0.9815555895358753,0.9938270411795124,0.9715800285019679
2013-11-11 07:00:00,0.9987433123238224,0.9821423397266438,0.9934807797292056,0.9715800285019677
2013-11-11 08:00:00,0.9985674186256807,0.9815555895358753,0.9929091247244451,0.9730074127608337
2013-11-11 09:00:00,0.9983988581700209,0.9815555895358755,0.9929091247244451,0.9730074127608337
2013-11-11 10:00:00,0.9980390702121906,0.9815555895358755,0.9934807797292056,0.9740502092318991
2013-11-11 11:00:00,0.998591515776737,0.9834980479695412,0.9941883703800986,0.9722269735229149
2013-11-11 12:00:00,0.9991198641902268,0.9834980479695414,0.9934414126538339,0.9722269735229149
2013-11-11 13:00:00,0.9986135956737053,0.9823637244664735,0.9932553861747522,0.9716833996938579
2013-11-12 07:00:00,0.9975751876906467,0.9769162493323887,0.9932553861747522,0.9710663148915962
2013-11-12 08:00:00,0.9977510813887882,0.9758876221260344,0.9935148007046,0.9722426055796336
2013-11-12 09:00:00,0.9975751876906467,0.9758876221260344,0.9938610621549068,0.9722426055796336
2013-11-12 10:00:00,0.9975751876906467,0.9720877743082106,0.9941266102302151,0.9710663148915963
2013-11-12 11:00:00,0.9972153997328164,0.9689687935421137,0.9941266102302151,0.9698089175299084
2013-11-12 12:00:00,0.9962920953772831,0.9654960267608331,0.9938270411795123,0.968807244939846
2013-11-12 13:00:00,0.9962920953772834,0.9671436540770941,0.994016582968047,0.9730896605228401
2013-11-13 07:00:00,0.9962920953772834,0.9671436540770941,0.9934807797292056,0.9745538002683086
2013-11-13 08:00:00,0.9964476829774159,0.9671436540770941,0.9926764544197163,0.9745538002683086
2013-11-13 09:00:00,0.9969539514939374,0.9671436540770941,0.9926764544197164,0.9776344333389808
2013-11-13 10:00:00,0.9966235766755577,0.9671436540770941,0.9926764544197163,0.9796789024001086
2013-11-13 11:00:00,0.9969539514939374,0.9676912273893934,0.9922908258940377,0.9817233714612363
2013-11-13 12:00:00,0.9962920953772831,0.9627570560685021,0.9916713665581663,0.9821079592490367
2013-11-13 13:00:00,0.9954092749943573,0.9567942575412561,0.9916327566361994,0.9816454920936305
2013-11-14 07:00:00,0.9942730154209428,0.948280614092881,0.9918187831152815,0.9806438195035684
2013-11-14 08:00:00,0.9944656730276591,0.954243412620127,0.9922908258940377,0.979601023032503
2013-11-14 09:00:00,0.9953114234040016,0.9591775839410185,0.9926764544197161,0.9809617915860812
2013-11-14 10:00:00,0.9942730154209428,0.9591775839410185,0.9924904279406341,0.9809617915860812
2013-11-14 11:00:00,0.9925945559476714,0.9581167068155257,0.9924510608652625,0.9769351007747126
2013-11-14 12:00:00,0.9908336478699414,0.9586300106287191,0.9926764544197161,0.9756777034130246
2013-11-14 13:00:00,0.9898380750851385,0.9581167068155257,0.9926764544197161,0.9750973740973654
2013-11-15 07:00:00,0.9905138644446151,0.9654960267608331,0.9934414126538339,0.975481961885166
2013-11-15 08:00:00,0.9894431191430951,0.9700296706676061,0.9937803487799083,0.9692729394012971
2013-11-15 09:00:00,0.9871238687430248,0.962650350722299,0.9935148007045997,0.9692729394012971
2013-11-15 10:00:00,0.9875188246850682,0.9635641819496104,0.9935148007046,0.9679121708477191
2013-11-15 11:00:00,0.9884475463582922,0.9671436540770941,0.9941412627211053,0.9689549673187845
2013-11-15 12:00:00,0.9862781183666823,0.9671436540770941,0.9944477849099467,0.9679121708477191
2013-11-15 13:00:00,0.9849454186860607,0.9654960267608331,0.994014352053157,0.9679121708477192
2013-11-18 07:00:00,0.9845301651328522,0.9635535683271672,0.9935606994291607,0.9672950860454573
2013-11-18 08:00:00,0.9840963878571397,0.9620096177276517,0.9927177641977045,0.9672950860454573
2013-11-18 09:00:00,0.9850919606419426,0.9662042107676776,0.9928459567580264,0.9667515122164005
2013-11-18 10:00:00,0.9865456221782098,0.9710326857918558,0.993429564327979,0.9667515122164005
2013-11-18 11:00:00,0.9891488274455321,0.978685310464726,0.9943475606632204,0.9667515122164005
2013-11-18 12:00:00,0.9876412555705764,0.978685310464726,0.9946290934543288,0.9667515122164005
2013-11-18 13:00:00,0.9882201057723083,0.9836194817856172,0.995053331901974,0.9667515122164005
2013-11-19 07:00:00,0.9891488274455321,0.9878159858387696,0.9956379660553087,0.9663669244286
2013-11-19 08:00:00,0.9909097355232621,0.9909838626855674,0.9963677600802191,0.9725759469124686
2013-11-19 09:00:00,0.990117930103649,0.9909838626855674,0.996530083653149,0.971728891969262
2013-11-19 10:00:00,0.9912541896770634,0.9944566294668479,0.9968296527038517,0.9720581277140925
2013-11-19 11:00:00,0.9915845644954433,0.9944566294668479,0.9968706268173849,0.9734855119729585
2013-11-19 12:00:00,0.990833385256878,0.994456629466848,0.9968706268173849,0.973229787201333
2013-11-19 13:00:00,0.9915845644954433,0.9937718765391934,0.9963417662873714,0.9732297872013328
2013-11-20 07:00:00,0.989234291541868,0.9902991097579129,0.9955561986391399,0.9732297872013328
2013-11-20 08:00:00,0.9889039167234883,0.9864992619400894,0.9955561986391399,0.9712798609912173
2013-11-20 09:00:00,0.9889039167234883,0.9878159858387696,0.9955561986391399,0.9716090967360478
2013-11-20 10:00:00,0.9896550959620536,0.9878159858387696,0.995674330157333,0.9724819063099354
2013-11-20 11:00:00,0.9885594625696871,0.9878159858387696,0.9955152245256068,0.9721526705651047
2013-11-20 12:00:00,0.987767657150074,0.988500738766424,0.9956743301573329,0.9698524767323515
2013-11-20 13:00:00,0.9890657310862083,0.990070031458256,0.9958471395498417,0.9712132452859293
2013-11-21 07:00:00,0.9895285652278037,0.994456629466848,0.9963007921738382,0.9720603002291361
2013-11-21 08:00:00,0.987767657150074,0.994456629466848,0.995674330157333,0.9698524767323513
2013-11-21 09:00:00,0.9872613886335525,0.9944566294668479,0.9955513736597744,0.9703960505614081
2013-11-21 10:00:00,0.987695165909265,0.9957733533655283,0.9955513736597748,0.9709396243904651
2013-11-21 11:00:00,0.9864156382572098,0.994456629466848,0.9955513736597744,0.9719412969805272
2013-11-21 12:00:00,0.9868494155329225,0.9950886004378738,0.9954258537324341,0.9719412969805272
2013-11-21 13:00:00,0.9866995931244621,0.9919207235910761,0.9950869176063597,0.9698968279193995
2013-11-22 07:00:00,0.9845873563754781,0.989856831341334,0.9949687860881665,0.9688951553293371
2013-11-22 08:00:00,0.9845873563754781,0.9907706625686457,0.9953301152887529,0.9697422102725439
2013-11-22 09:00:00,0.9863482644532079,0.9930247081881319,0.995772611121615,0.9731518162816505
2013-11-22 10:00:00,0.9876277921052632,0.9912887526200501,0.9960212993916964,0.9745125848352285
2013-11-22 11:00:00,0.9854170047298374,0.9884027360295378,0.9960599093136633,0.9731518162816505
2013-11-22 12:00:00,0.9841374770777823,0.9864992619400894,0.995772611121615,0.9714319517645565
2013-11-22 13:00:00,0.9845873563754779,0.9878159858387696,0.995890742639808,0.9714319517645563
2013-11-25 07:00:00,0.9866995931244621,0.9909838626855673,0.9961968495692601,0.972474748235622
2013-11-25 08:00:00,0.9873897559006721,0.988500738766424,0.9964455378393415,0.9739388879810904
2013-11-25 09:00:00,0.9889932398453993,0.9885007387664241,0.9964455378393415,0.9745192172967497
2013-11-25 10:00:00,0.9882014344257865,0.9878159858387696,0.9959593952599649,0.9745192172967497
2013-11-25 11:00:00,0.9871058010334198,0.9853649384370214,0.9957157438144311,0.9745192172967497
2013-11-25 12:00:00,0.9882014344257865,0.9833010461872795,0.9959593952599649,0.9747492789897715
2013-11-25 13:00:00,0.9877342100544736,0.9815650906191978,0.9952124375337004,0.974168949674112
2013-11-26 07:00:00,0.9856219733054894,0.9799174633029368,0.9949687860881665,0.9722190234639962
2013-11-26 08:00:00,0.9837699472767324,0.9828818145178781,0.9950483076843928,0.9722190234639965
2013-11-26 09:00:00,0.9828137994625151,0.9835665674455324,0.9950483076843928,0.9701745544028687
2013-11-26 10:00:00,0.9803286922030624,0.9835665674455326,0.9949324493414798,0.9691317579318032
2013-11-26 11:00:00,0.9780450330779884,0.9835665674455324,0.995048307684393,0.9682847029885964
2013-11-26 12:00:00,0.9767655054259332,0.9835665674455324,0.9948389864896833,0.9665648384715024
2013-11-26 13:00:00,0.9767655054259332,0.9853328619196262,0.9944533579640047,0.9665648384715024
2013-11-27 07:00:00,0.9765001878427667,0.9828818145178781,0.9935725413869739,0.9665648384715024
2013-11-27 08:00:00,0.9771992827016459,0.9853328619196262,0.9935725413869739,0.9665648384715024
2013-11-27 09:00:00,0.9791157783795083,0.9878159858387696,0.9939581699126524,0.9688650323042556
2013-11-27 10:00:00,0.9802558204534138,0.9878159858387696,0.9941674911073621,0.9703524913589652
2013-11-27 11:00:00,0.980255820453414,0.9878159858387695,0.9941674911073621,0.9706082161305909
2013-11-27 12:00:00,0.9818493168022779,0.9895519414068513,0.9947231281467699,0.971070683285997
2013-11-27 13:00:00,0.9807785715007582,0.9857520935890275,0.9945861878911729,0.971070683285997
2013-11-29 07:00:00,0.9776402299166722,0.9846177700859599,0.9944331497900493,0.9698132859243093
2013-11-29 08:00:00,0.9776402299166722,0.9853649384370214,0.9945861878911729,0.9693274994596618
2013-11-29 09:00:00,0.9776402299166722,0.9878159858387696,0.9945861878911729,0.969327499459662
2013-11-29 10:00:00,0.9776402299166722,0.9863840645600536,0.9945861878911729,0.969327499459662
2013-12-02 07:00:00,0.9797065480029951,0.9907706625686457,0.9945861878911729,0.9697899666150682
2013-12-02 08:00:00,0.9828448895870809,0.9907706625686457,0.9945861878911729,0.9717398928251837
2013-12-02 09:00:00,0.9828448895870809,0.9922025838473617,0.9945861878911729,0.972453716357815
2013-12-02 10:00:00,0.9828448895870808,0.9922025838473617,0.9941527550343835,0.9727094411294404
2013-12-02 11:00:00,0.9832636787602107,0.9884027360295381,0.9933098198029274,0.9715331504414032
2013-12-02 12:00:00,0.9825028915082757,0.9884027360295381,0.9934945643896353,0.971070683285997
2013-12-02 13:00:00,0.9825028915082756,0.9869708147508217,0.9933098198029274,0.9702236283427903
2013-12-03 07:00:00,0.9825028915082756,0.989856831341334,0.9936637310634905,0.9694431891048717
2013-12-03 08:00:00,0.9847865506333497,0.9930247081881319,0.9945066662949466,0.9698277768926719
2013-12-03 09:00:00,0.9855982291584641,0.9930247081881319,0.994788199086055,0.9716510126016563
2013-12-03 10:00:00,0.9833511581036024,0.9930247081881319,0.9945912121087542,0.9671385353256406
2013-12-03 11:00:00,0.9833511581036024,0.9922025838473617,0.9947117078185137,0.9656510762709313
2013-12-03 12:00:00,0.9833511581036024,0.9884027360295381,0.9947117078185137,0.9671385353256406
2013-12-03 13:00:00,0.9833511581036024,0.9884027360295381,0.9947117078185137,0.9664247117930097
2013-12-04 07:00:00,0.9837699472767324,0.984016138020946,0.9947117078185137,0.9670417965952715
2013-12-04 08:00:00,0.9825394795784881,0.9786009128059995,0.9947117078185137,0.9685292556499807
2013-12-04 09:00:00,0.9832636787602109,0.9732278864204161,0.9947117078185137,0.9685292556499807
2013-12-04 10:00:00,0.9828137994625151,0.9700296706676065,0.9942782749617242,0.9685292556499807
2013-12-04 11:00:00,0.9828137994625151,0.9635535683271672,0.9934353397302681,0.9685292556499807
2013-12-04 12:00:00,0.9825394795784878,0.9595332282335873,0.9932011729947566,0.9685292556499807
2013-12-04 13:00:00,0.9832636787602107,0.9606675517366551,0.9934353397302681,0.9682414065925496
2013-12-05 07:00:00,0.9821236366863051,0.9585368509463711,0.9931538069391596,0.9682414065925494
2013-12-05 08:00:00,0.9842358734352891,0.9639520761613176,0.9936637310634905,0.96862599438035
2013-12-05 09:00:00,0.9853668934438403,0.9693251025469009,0.9942193681028985,0.96862599438035
2013-12-05 10:00:00,0.9836884339705688,0.9720877743082106,0.9943374996210915,0.9671986101214842
2013-12-05 11:00:00,0.9810852287032465,0.9720877743082106,0.9941443069991129,0.9660957388545752
2013-12-05 12:00:00,0.9805166171216564,0.9699570735179266,0.9939941322859502,0.9665815253192223
2013-12-05 13:00:00,0.9806514514275338,0.9661572257001031,0.9938736365761908,0.9665815253192223
2013-12-06 07:00:00,0.9832546566948562,0.9661572257001029,0.9947707690156185,0.9683013898363164
2013-12-06 08:00:00,0.9841374770777823,0.9651285984937485,0.9950194572857001,0.9691484447795232
2013-12-06 09:00:00,0.9862497138267664,0.9693251025469009,0.9952427622384485,0.9711929138406508
2013-12-06 10:00:00,0.9866995931244621,0.9720877743082106,0.9950194572857,0.9752196046520191
2013-12-06 11:00:00,0.9861102282486169,0.9720877743082106,0.9946205943024554,0.9752196046520193
2013-12-06 12:00:00,0.9861102282486169,0.9699570735179266,0.9946205943024554,0.9746760308229625
2013-12-06 13:00:00,0.9877137121933444,0.9731249503647246,0.9951563975412968,0.9742914430351619
2013-12-09 07:00:00,0.988591799888148,0.9800841261791866,0.9958082145688688,0.9749085278374239
2013-12-09 08:00:00,0.9896302078712068,0.9823381717986728,0.9958945792660203,0.9754888571530831
2013-12-09 09:00:00,0.9889544185117304,0.9803957133650069,0.9963471864178465,0.9754888571530831
2013-12-09 10:00:00,0.9880715981288043,0.9750226869794236,0.9964299883945503,0.9768496257066613
2013-12-09 11:00:00,0.9880715981288043,0.9742005626386534,0.9965609699238887,0.9754888571530831
2013-12-09 12:00:00,0.9889544185117303,0.9787342065454266,0.996842502714997,0.9743125664650457
2013-12-09 13:00:00,0.9877137121933443,0.9787342065454266,0.9966287192089551,0.9736954816627841
2013-12-10 07:00:00,0.9863900345780768,0.9801661278241429,0.9960998586789416,0.9736954816627842
2013-12-10 08:00:00,0.985922810206764,0.9787342065454269,0.9959769021813831,0.9724380843010962
2013-12-10 09:00:00,0.9870184435991305,0.9787342065454269,0.9958002896282389,0.9733108938749836
2013-12-10 10:00:00,0.9870184435991307,0.9758481899549145,0.995053331901974,0.9722080226080747
2013-12-10 11:00:00,0.9858821840257164,0.9744162686761983,0.995053331901974,0.9712063500180124
2013-12-10 12:00:00,0.9830091600247971,0.9744162686761983,0.9946290934543288,0.9707438828626062
2013-12-10 13:00:00,0.9830091600247971,0.9715302520856862,0.9946290934543289,0.9707438828626062
2013-12-11 07:00:00,0.9830091600247971,0.9715302520856862,0.9941191693299978,0.9717455554526683
2013-12-11 08:00:00,0.9846126439695245,0.9744162686761983,0.9943902786138574,0.9717455554526685
2013-12-11 09:00:00,0.9855982291584641,0.9804212660328075,0.9947038034833326,0.973502175456365
2013-12-11 10:00:00,0.9850919606419428,0.9815555895358753,0.9941191693299978,0.9754521016664804
2013-12-11 11:00:00,0.9850919606419428,0.9815555895358753,0.9938376365388892,0.9754521016664804
2013-12-11 12:00:00,0.9850919606419426,0.9844416061263876,0.9935602746867247,0.976324911240368
2013-12-11 13:00:00,0.9853759155091949,0.9844416061263876,0.9932415621374058,0.9777890509858366
2013-12-12 07:00:00,0.9847865506333497,0.9850283563171559,0.992595292701964,0.9770752274532055
2013-12-12 08:00:00,0.9871058010334198,0.989856831341334,0.992595292701964,0.9782515181412426
2013-12-12 09:00:00,0.987695165909265,0.989856831341334,0.992595292701964,0.9789653416738737
2013-12-12 10:00:00,0.9873897559006721,0.9863840645600533,0.992595292701964,0.979349929461674
2013-12-12 11:00:00,0.9873897559006721,0.9834980479695414,0.9925587890145529,0.9793499294616743
2013-12-12 12:00:00,0.9889888496156819,0.9872978957873649,0.9934559214539808,0.979349929461674
2013-12-12 13:00:00,0.9898005281407962,0.9863840645600536,0.9934559214539808,0.9801969844048807
2013-12-13 07:00:00,0.9915484813746264,0.9863840645600533,0.9941021908894225,0.9819168489219748
2013-12-13 08:00:00,0.9927409784293855,0.9895519414068513,0.9945446867222845,0.9813365196063154
2013-12-13 09:00:00,0.9927409784293855,0.9918059870263375,0.9946490065597462,0.9835443431031003
2013-12-13 10:00:00,0.9933198286311175,0.9944566294668479,0.9946490065597462,0.9841246724187597
2013-12-13 11:00:00,0.9939816847477714,0.99734264605736,0.9946490065597462,0.9845092602065603
2013-12-13 12:00:00,0.9941315071562318,0.994456629466848,0.9946490065597462,0.9859733999520285
2013-12-13 13:00:00,0.9933198286311175,0.9918059870263375,0.9939512547595427,0.9849717273619664
2013-12-16 07:00:00,0.9933198286311172,0.991121234098683,0.9932006654866393,0.9845871395741658
2013-12-16 08:00:00,0.9925650847312437,0.9937718765391934,0.9927581696537773,0.9828305195704692
2013-12-16 09:00:00,0.9935327838489983,0.9966578931297058,0.9930935621581471,0.9828305195704692
2013-12-16 10:00:00,0.9943444623741128,0.9950886004378738,0.9926299770934552,0.9846537552794536
2013-12-16 11:00:00,0.9927409784293854,0.9930247081881319,0.9917328446540278,0.9841912881240474
2013-12-16 12:00:00,0.9917732793116308,0.989856831341334,0.9910080409407647,0.9838067003362468
2013-12-16 13:00:00,0.991137494484658,0.9869708147508218,0.9905645611253334,0.9838067003362471
2013-12-17 07:00:00,0.9927409784293855,0.9878846459781334,0.9905645611253334,0.984520523868878
2013-12-17 08:00:00,0.9927409784293855,0.9907706625686457,0.9899944855731925,0.98513760867114
2013-12-17 09:00:00,0.9927409784293855,0.9901386915976196,0.989515153991842,0.984520523868878
2013-12-17 10:00:00,0.9935327838489982,0.9930247081881319,0.9897416163991,0.9840580567134719
2013-12-17 11:00:00,0.9927409784293855,0.9937718765391934,0.9899553999051417,0.9846383860291311
2013-12-17 12:00:00,0.9927409784293855,0.9966578931297055,0.9907424928654563,0.9851008531845373
2013-12-17 13:00:00,0.9927409784293855,0.99734264605736,0.9911048521612897,0.9839245624965001
2013-12-18 07:00:00,0.991137494484658,0.995910724778644,0.9911048521612897,0.9816243686637467
2013-12-18 08:00:00,0.9899449974298989,0.99734264605736,0.9903209931031067,0.9795798996026192
2013-12-18 09:00:00,0.9877342100544734,0.99734264605736,0.9899586338072732,0.9781525153437531
2013-12-18 10:00:00,0.9885260154740863,0.9987745673360763,0.9899586338072732,0.9773054604005464
2013-12-18 11:00:00,0.9889888496156819,0.9987745673360763,0.9907424928654563,0.9784817510885836
2013-12-18 12:00:00,0.9898215587126107,0.9987745673360763,0.9909098999277941,0.980781944921337
2013-12-18 13:00:00,0.9902887830839238,0.9987745673360762,0.9909098999277941,0.9811665327091376
2013-12-19 07:00:00,0.9895376038453586,0.9987745673360762,0.9909098999277941,0.9799902420211002
2013-12-19 08:00:00,0.9909912653816254,0.9987745673360762,0.9916604892006977,0.9802780910785315
2013-12-19 09:00:00,0.9919589644993803,0.9987745673360762,0.9925934734060442,0.982034711082228
2013-12-19 10:00:00,0.9932384921514354,0.99734264605736,0.9920952039498608,0.9840791801433557
2013-12-19 11:00:00,0.9947734901673845,0.99734264605736,0.9924305964542309,0.9845416472987618
2013-12-19 12:00:00,0.995279758683906,0.9960259221586797,0.992755775991854,0.9838278237661309
2013-12-19 13:00:00,0.9956563105503106,0.9966578931297055,0.9934385491147067,0.9838278237661306
2013-12-20 07:00:00,0.995279758683906,0.9960259221586797,0.9934385491147065,0.9823636840206623
2013-12-20 08:00:00,0.9948645051306975,0.9937718765391934,0.9934385491147065,0.9823636840206623
2013-12-20 09:00:00,0.9956563105503106,0.9922025838473615,0.9940650111312119,0.9838278237661309
2013-12-20 10:00:00,0.9964679890754249,0.9912887526200501,0.9936529084312816,0.9845416472987618
2013-12-20 11:00:00,0.9973137394517676,0.9912887526200501,0.9934385491147065,0.9859690315576278
2013-12-20 12:00:00,0.9974822999074273,0.9893852785306013,0.9934385491147065,0.985425457728571
2013-12-20 13:00:00,0.9968204437907732,0.9937718765391934,0.9934757288729169,0.9866017484166083
2013-12-23 08:00:00,0.9971378457536259,0.9944566294668479,0.9931133695770838,0.9857546934734017
2013-12-23 09:00:00,0.9974822999074273,0.9944566294668479,0.9933065621990621,0.9853701056856011
2013-12-23 10:00:00,0.9960286383711603,0.9960259221586797,0.9931133695770836,0.9836134856819047
2013-12-23 11:00:00,0.9942003564894282,0.9980898144084217,0.9924305964542312,0.9824371949938673
2013-12-23 12:00:00,0.9940317960337687,0.9980898144084217,0.9915126001189898,0.9824371949938675
2013-12-23 13:00:00,0.9958600779155004,0.9987745673360763,0.9921964297187197,0.9819747278384611
2013-12-24 07:00:00,0.9969963374889147,0.9980898144084218,0.9930570584707363,0.9834021120973271
2013-12-24 08:00:00,0.9975751876906467,0.9967730905097416,0.9930570584707363,0.9828217827816679
2013-12-24 09:00:00,0.9972153997328166,0.9960259221586797,0.9930570584707363,0.9845416472987618
2013-12-24 10:00:00,0.9965796149058436,0.994456629466848,0.9930570584707363,0.9839613179831026
2013-12-26 07:00:00,0.9958586088856377,0.994456629466848,0.9930570584707363,0.9842491670405339
2013-12-26 08:00:00,0.9958586088856377,0.994456629466848,0.9930570584707364,0.9848662518427956
2013-12-26 09:00:00,0.9952469152252219,0.994456629466848,0.9930570584707363,0.9834021120973271
2013-12-26 10:00:00,0.994718566811732,0.994456629466848,0.9923593066705327,0.9834021120973271
2013-12-26 11:00:00,0.9960512664923538,0.994456629466848,0.9927571856712082,0.9825550571541204
2013-12-26 12:00:00,0.9965796149058436,0.9912887526200501,0.9931641617992284,0.982939644941921
2013-12-26 13:00:00,0.996956166772248,0.9912887526200501,0.99358591900075,0.9849841140030486
2013-12-27 07:00:00,0.9979517395570511,0.9900700314582558,0.9936387564734499,0.9861604046910859
2013-12-27 08:00:00,0.9981276332551928,0.9893852785306013,0.9932505264963799,0.9857758169032853
2013-12-27 09:00:00,0.9977678452973627,0.9893852785306013,0.9928881672005465,0.9854879678458542
2013-12-27 10:00:00,0.9986135956737052,0.9937718765391934,0.992413572526325,0.9854879678458542
2013-12-27 11:00:00,0.999303758449915,0.9912887526200502,0.992359306670533,0.9869153521047203
2013-12-27 12:00:00,0.9994796521480568,0.9930247081881317,0.992186497278024,0.9886719721084166
2013-12-27 13:00:00,0.9993037584499153,0.9930247081881317,0.992186497278024,0.9880916427927574
2013-12-30 07:00:00,0.9989439704920852,0.9930247081881317,0.9925934734060444,0.9892679334807946
2013-12-30 08:00:00,0.9993037584499153,0.9936566791591578,0.9933277288936588,0.9898850182830563
2013-12-30 09:00:00,0.999479652148057,0.9930247081881319,0.9938984172868428,0.9902696060708569
2013-12-30 10:00:00,0.9993037584499153,0.9930247081881319,0.9942235968244659,0.9902696060708569
2013-12-30 11:00:00,0.9993037584499153,0.994456629466848,0.9942235968244657,0.9902696060708569
2013-12-30 12:00:00,0.999479652148057,0.9944566294668479,0.9946118268015357,0.9902696060708569
2013-12-30 13:00:00,0.9991198641902268,0.9944566294668479,0.9942764342971657,0.9911166610140637
2013-12-31 07:00:00,0.9992884246458864,0.992887336775016,0.9934893413368515,0.9904995762118017
2013-12-31 08:00:00,0.9996482126037165,0.9919735055477046,0.9934893413368515,0.9912133997444329
2013-12-31 09:00:00,0.9992884246458866,0.9944566294668479,0.9934893413368515,0.9900371090563955
2013-12-31 10:00:00,0.9989439704920852,0.99734264605736,0.9934893413368515,0.9896525212685952
2013-12-31 11:00:00,0.9989439704920852,0.99734264605736,0.9941120320332696,0.9896525212685949
2013-12-31 12:00:00,0.9989439704920852,0.994456629466848,0.9944672482699995,0.9893232855237646
2013-12-31 13:00:00,0.9987754100364254,0.9944566294668479,0.9941547499839066,0.9887797116947078
2014-01-02 07:00:00,0.9980852472602153,0.990070031458256,0.9943170735568365,0.989493535227339
2014-01-02 08:00:00,0.9987754100364254,0.9878159858387696,0.9949998466796892,0.9877369152236424
2014-01-02 09:00:00,0.9987754100364256,0.9909838626855674,0.9944709861496757,0.987156585907983
2014-01-02 10:00:00,0.9980852472602152,0.9928873367750162,0.9941584878635826,0.9875411736957834
2014-01-02 11:00:00,0.9984297014140168,0.9944566294668479,0.9937463851636523,0.9884139832696709
2014-01-02 12:00:00,0.9987600762323966,0.9960259221586797,0.9936258894538931,0.9877001597370398
2014-01-02 13:00:00,0.9982538077158752,0.99734264605736,0.9934398629748111,0.9873155719492392
2014-01-03 07:00:00,0.9989439704920852,0.99734264605736,0.9935469663033032,0.9869863362044088
2014-01-03 08:00:00,0.9984156220785952,0.9973426460573602,0.9935469663033032,0.9869863362044088
2014-01-03 09:00:00,0.9984156220785952,0.9980898144084217,0.9937329927823851,0.9878333911476154
2014-01-03 10:00:00,0.9984156220785952,0.99652052171659,0.9933419247797362,0.9878333911476156
2014-01-03 11:00:00,0.9984156220785952,0.99734264605736,0.9937329927823851,0.988162626892446
2014-01-03 12:00:00,0.9980852472602153,0.995910724778644,0.9933846427303732,0.988162626892446
2014-01-03 13:00:00,0.9975789787436938,0.9945940008799637,0.9937329927823851,0.9877780391046457
2014-01-06 07:00:00,0.9982691415199039,0.9945940008799637,0.9941120320332696,0.9871609543023837
2014-01-06 08:00:00,0.997230733536845,0.9911212340986831,0.9942325277430291,0.9868317185575531
2014-01-06 09:00:00,0.9970468392771566,0.9895519414068513,0.9947257590773471,0.9859589089836659
2014-01-06 10:00:00,0.9970468392771568,0.9902991097579129,0.9955128520376615,0.9859589089836659
2014-01-06 11:00:00,0.9970468392771568,0.9902991097579129,0.9959764371023535,0.9854964418282597
2014-01-06 12:00:00,0.9970468392771566,0.9937718765391936,0.9962951496516724,0.9859589089836659
2014-01-06 13:00:00,0.9970468392771566,0.9945940008799637,0.9961721931541142,0.9854964418282597
2014-01-07 07:00:00,0.9961640188942308,0.9945940008799636,0.9955259237186724,0.9850339746728534
2014-01-07 08:00:00,0.9970468392771568,0.9937718765391934,0.995104166517151,0.9862102653608907
2014-01-07 09:00:00,0.9974233911435613,0.9952037978179096,0.9949418429442208,0.9862102653608905
2014-01-07 10:00:00,0.9975789787436941,0.9908171998093175,0.994791668231058,0.9879301298779849
2014-01-07 11:00:00,0.9967332283673512,0.9893852785306013,0.995104166517151,0.9867538391899475
2014-01-07 12:00:00,0.9965405707606353,0.9911212340986831,0.9954317234032737,0.9854964418282597
2014-01-07 13:00:00,0.9965405707606353,0.9893852785306015,0.995597397851469,0.9849161125126005
2014-01-08 07:00:00,0.9965405707606352,0.990070031458256,0.9957504359525926,0.9849161125126005
2014-01-08 08:00:00,0.9956948203842925,0.9876189840565078,0.9954317234032737,0.9827082890158154
2014-01-08 09:00:00,0.9956948203842928,0.990070031458256,0.9955973978514691,0.982323701228015
2014-01-08 10:00:00,0.9967332283673512,0.9900700314582558,0.9957504359525927,0.9831965108019025
2014-01-08 11:00:00,0.9967332283673512,0.9925531553773993,0.9960705157553944,0.9827340436464961
2014-01-08 12:00:00,0.9967332283673512,0.9918059870263376,0.9963093305958658,0.981373275092918
2014-01-08 13:00:00,0.9955449979758324,0.9918059870263376,0.9955959210811728,0.9817025108377487
2014-01-09 07:00:00,0.9962351607520423,0.9918059870263376,0.9960277978047575,0.98199035989518
2014-01-09 08:00:00,0.9965405707606353,0.9895519414068513,0.9957504359525926,0.9827041834278109
2014-01-09 09:00:00,0.9974233911435613,0.9886381101795398,0.9960705157553944,0.9844608034315074
2014-01-09 10:00:00,0.9980852472602153,0.9918059870263375,0.9961721931541142,0.9844608034315074
2014-01-09 11:00:00,0.9980852472602153,0.9895519414068511,0.9957504359525926,0.984845391219308
2014-01-09 12:00:00,0.9987754100364254,0.9922025838473615,0.9960277978047575,0.9831255267022139
2014-01-09 13:00:00,0.9984156220785952,0.9937718765391934,0.9965725115038373,0.9827962909573832
2014-01-10 07:00:00,0.9982538077158752,0.9899720287213698,0.9966134856173702,0.9813689066985172
2014-01-10 08:00:00,0.9980611501091592,0.9937718765391936,0.9962106038378646,0.9817534944863178
2014-01-10 09:00:00,0.9980611501091592,0.9937718765391934,0.9956658901387851,0.9827962909573834
2014-01-10 10:00:00,0.9975328016956692,0.9937718765391934,0.9953035308429516,0.9827962909573834
2014-01-10 11:00:00,0.9980852472602155,0.9930247081881319,0.9955128520376615,0.981620000269346
2014-01-10 12:00:00,0.9978925896534994,0.9912887526200501,0.9959157338171666,0.9834432359783305
2014-01-10 13:00:00,0.9980611501091592,0.994456629466848,0.9960174112158866,0.9852664716873148
2014-01-13 07:00:00,0.9980611501091592,0.9950886004378737,0.9960174112158866,0.9848818838995143
2014-01-13 08:00:00,0.9978772558494706,0.9950886004378737,0.9966134856173702,0.9829319576893986
2014-01-13 09:00:00,0.9984297014140168,0.9950886004378737,0.9966980314311779,0.9836457812220297
2014-01-13 10:00:00,0.998789489371847,0.9958357687889353,0.9968540442949457,0.9822183969631637
2014-01-13 11:00:00,0.9982370438073008,0.9965205217165898,0.9970824356281681,0.9826029847509642
2014-01-13 12:00:00,0.9984297014140167,0.9972052746442442,0.9972079555555088,0.9829322204957948
2014-01-13 13:00:00,0.9980852472602155,0.9972052746442442,0.9976321940031541,0.9843596047546606
2014-01-14 07:00:00,0.9980852472602155,0.9972052746442442,0.9979597508892768,0.9857869890135266
2014-01-14 08:00:00,0.9984156220785952,0.9987745673360762,0.9984421542650085,0.9843596047546606
2014-01-14 09:00:00,0.9982538077158751,0.9987745673360762,0.9983139617046866,0.98403036900983
2014-01-14 10:00:00,0.9986135956737053,0.9972052746442445,0.9983139617046866,0.9844149567976306
2014-01-14 11:00:00,0.9986135956737053,0.99652052171659,0.9983541162255412,0.9848774239530367
2014-01-14 12:00:00,0.9980852472602152,0.9950886004378738,0.998399747249347,0.9844928361652365
2014-01-14 13:00:00,0.9987754100364254,0.9966578931297058,0.9984942439800623,0.9849553033206425
2014-01-15 07:00:00,0.9987754100364254,0.9980898144084217,0.9987593767959813,0.9844928361652365
2014-01-15 08:00:00,0.9987754100364254,0.9980898144084217,0.9989731603020231,0.9859202204241021
2014-01-15 09:00:00,0.9987754100364254,0.9987745673360762,0.9989731603020233,0.9850731654808956
2014-01-15 10:00:00,0.9991198641902267,0.99734264605736,0.9987192222751266,0.9870230916910113
2014-01-15 11:00:00,0.9992884246458866,0.9944566294668479,0.9985987265653671,0.9874076794788117
2014-01-15 12:00:00,0.9992884246458866,0.994456629466848,0.9983335937494481,0.9865606245356049
2014-01-15 13:00:00,0.9992884246458866,0.9937718765391934,0.9984645752787865,0.9883172445393016
2014-01-16 07:00:00,0.9987600762323967,0.9925531553773991,0.9984645752787865,0.9883172445393016
2014-01-16 08:00:00,0.9987600762323966,0.9885328152838192,0.9980403368311412,0.9883172445393016
2014-01-16 09:00:00,0.9991198641902267,0.9901021079756511,0.9976864255705782,0.9879880087944709
2014-01-16 10:00:00,0.9994796521480568,0.9925531553773993,0.9976864255705782,0.98727418526184
2014-01-16 11:00:00,0.998789489371847,0.9885328152838192,0.9975304127068101,0.9868895974740394
2014-01-16 12:00:00,0.9989733836315355,0.9893549396245894,0.9974048927794698,0.9880658881620767
2014-01-16 13:00:00,0.9989733836315355,0.9876189840565076,0.9977588040400327,0.9893232855237646
2014-01-17 07:00:00,0.9989733836315355,0.9925531553773993,0.9977588040400327,0.9893232855237646
2014-01-17 08:00:00,0.9989733836315355,0.9925531553773993,0.9974048927794698,0.9893232855237646
2014-01-17 09:00:00,0.9989733836315353,0.9925531553773993,0.9972201481927617,0.9872788164626368
2014-01-17 10:00:00,0.9983115275148812,0.9885328152838192,0.9968577888969282,0.9869495807178064
2014-01-17 11:00:00,0.9983115275148812,0.9830853401497346,0.9962252108080334,0.9862357571851753
2014-01-17 12:00:00,0.9973159547300783,0.9788907471097085,0.99555678095322,0.9847716174397066
2014-01-17 13:00:00,0.996359806915861,0.971475363717208,0.9948029333419981,0.9835142200780189
2014-01-21 07:00:00,0.9961759126561727,0.971475363717208,0.9945489953151014,0.9814697510168914
2014-01-21 08:00:00,0.9959920183964842,0.9742399464916441,0.9943097020076801,0.9819322181722975
2014-01-21 09:00:00,0.9959920183964841,0.9683348477082864,0.9937605323304624,0.9814697510168914
2014-01-21 10:00:00,0.995439572831938,0.969082016059348,0.9937605323304624,0.9814697510168914
2014-01-21 11:00:00,0.9952469152252219,0.9734178221508739,0.9937605323304624,0.9805969414430037
2014-01-21 12:00:00,0.9941512818328553,0.9683348477082864,0.9934312720646445,0.9805969414430037
2014-01-21 13:00:00,0.9941512818328553,0.9699041404001182,0.9937151822042527,0.9805969414430039
2014-01-22 07:00:00,0.9939673875731667,0.9742399464916441,0.9942537636647805,0.9783891179462191
2014-01-22 08:00:00,0.9921580696731905,0.9683348477082864,0.9942537636647802,0.9773463214751537
2014-01-22 09:00:00,0.9914370636529847,0.9663923892746202,0.9942537636647802,0.9776755572199839
2014-01-22 10:00:00,0.9910218100997762,0.9663923892746205,0.9944474259483957,0.9762481729611181
2014-01-22 11:00:00,0.9910218100997762,0.9699041404001182,0.9942537636647805,0.9740403494643334
2014-01-22 12:00:00,0.9918136155193891,0.975809239183476,0.9942537636647802,0.9748207887022521
2014-01-22 13:00:00,0.9910218100997762,0.9742399464916441,0.9942537636647802,0.9722837294606367
2014-01-23 07:00:00,0.9892843072578384,0.9699041404001182,0.9942537636647802,0.9718991416728361
2014-01-23 08:00:00,0.9914370636529847,0.9749871148427058,0.9949920316154616,0.9729008142628984
2014-01-23 09:00:00,0.9921580696731905,0.9749871148427058,0.9954451084289248,0.9752010080956518
2014-01-23 10:00:00,0.9921580696731906,0.9749871148427056,0.9954451084289248,0.9780259163946984
2014-01-23 11:00:00,0.9921580696731906,0.9681681848320364,0.9954451084289248,0.9785694902237554
2014-01-23 12:00:00,0.9930440832176335,0.9699041404001182,0.9954451084289248,0.9779524054214934
2014-01-23 13:00:00,0.9932126436732932,0.9663923892746205,0.9951175515428022,0.977079595847606
2014-01-24 07:00:00,0.9916056241086444,0.9600767438695689,0.9942776061934012,0.9756154561021377
2014-01-24 08:00:00,0.9916056241086444,0.9600767438695689,0.9943721029241163,0.9741880718432715
2014-01-24 09:00:00,0.9916056241086444,0.9569577631034718,0.9952120482735172,0.9741880718432717
2014-01-24 10:00:00,0.9906823197531112,0.9547037174839855,0.9952538761366877,0.9747684011589309
2014-01-24 11:00:00,0.9906823197531112,0.9479970904653043,0.9948356879888084,0.9747684011589308
2014-01-24 12:00:00,0.9894972624757195,0.9364239629177543,0.9941123619415727,0.9747684011589309
2014-01-24 13:00:00,0.9883543613287225,0.9364239629177543,0.9934033788065105,0.9742826146942837
2014-01-27 07:00:00,0.9896658229313792,0.9435037871105092,0.9930414711405382,0.9732809421042216
2014-01-27 08:00:00,0.9904205668312527,0.9479970904653043,0.9930414711405382,0.9732809421042214
2014-01-27 09:00:00,0.9900053132780444,0.9502511360847906,0.9934033788065105,0.9721046514161842
2014-01-27 10:00:00,0.9902182684959253,0.9502511360847906,0.9935025443594107,0.9698968279193995
2014-01-27 11:00:00,0.9904205668312529,0.9502511360847906,0.9943083023445262,0.9713242121782655
2014-01-27 12:00:00,0.9894972624757197,0.9435037871105092,0.9943083023445262,0.970743882862606
2014-01-27 13:00:00,0.9872181017553081,0.935510131690443,0.9938226241622125,0.9690240183455122
2014-01-28 07:00:00,0.9872181017553081,0.9377641773099292,0.9943083023445262,0.9659433852748398
2014-01-28 08:00:00,0.9872181017553081,0.9425899558831976,0.9943083023445262,0.9659433852748398
2014-01-28 09:00:00,0.9850293235531024,0.9335676732567768,0.9938226241622125,0.9656555362174087
2014-01-28 10:00:00,0.9851978840087622,0.9349995945354929,0.9943083023445262,0.9646127397463431
2014-01-28 11:00:00,0.9850293235531024,0.9296265681499097,0.9947605191079023,0.9656555362174085
2014-01-28 12:00:00,0.9838368264983434,0.9280572754580778,0.9947605191079023,0.9674121562211052
2014-01-28 13:00:00,0.9840616244353478,0.9316367475855615,0.995031628391762,0.9674121562211053
2014-01-29 07:00:00,0.9815409244508573,0.919706659297665,0.994259331825584,0.9682592111643119
2014-01-29 08:00:00,0.9801798669404385,0.92488939861128,0.9939463946785538,0.9668318269054459
2014-01-29 09:00:00,0.9813161265138528,0.9328830540313463,0.9942593318255839,0.9668318269054459
2014-01-29 10:00:00,0.9815409244508573,0.9328830540313464,0.9942593318255839,0.9668318269054459
2014-01-29 11:00:00,0.981316126513853,0.9364625261588301,0.9943083023445262,0.9668318269054459
2014-01-29 12:00:00,0.9825086235686118,0.9376390484912612,0.9945794116283857,0.9696567352044926
2014-01-29 13:00:00,0.9826771840242715,0.9370070775202354,0.9945366936777487,0.9724816435035392
2014-01-30 07:00:00,0.9851978840087622,0.9456561629725825,0.9952600197249843,0.9739691025582485
2014-01-30 08:00:00,0.9864633578554346,0.9497177627581478,0.9957209258235006,0.9743536903460491
2014-01-30 09:00:00,0.9864633578554346,0.9587418423076024,0.9957209258235008,0.9743536903460491
2014-01-30 10:00:00,0.9864633578554346,0.9635703173317807,0.9956731214923896,0.9743536903460491
2014-01-30 11:00:00,0.9850293235531025,0.959919264167909,0.9952122153938734,0.9743536903460491
2014-01-30 12:00:00,0.9845915703982171,0.9677668213849329,0.9959015128256122,0.9743536903460491
2014-01-30 13:00:00,0.9835064516799636,0.9709857007242811,0.9963278035507113,0.9743536903460491
2014-01-31 07:00:00,0.9822838256316073,0.9677668213849329,0.9956731214923898,0.9718234348202741
2014-01-31 08:00:00,0.9822838256316073,0.9677668213849329,0.9954079886764707,0.9710497992981958
2014-01-31 09:00:00,0.9832071299871407,0.9741535775710789,0.9953590181575285,0.9713790350430261
2014-01-31 10:00:00,0.9859526279086357,0.9773214544178768,0.9953112138264173,0.9724819063099354
2014-01-31 11:00:00,0.9865314781103675,0.9773214544178767,0.9954079886764706,0.9724819063099354
2014-01-31 12:00:00,0.9867444333282487,0.9773214544178768,0.9956731214923896,0.9739092905688014
2014-01-31 13:00:00,0.984223733343758,0.9734178221508739,0.9952122153938734,0.9739092905688014
2014-02-03 07:00:00,0.9863291797750402,0.9749871148427058,0.9954833246777328,0.9735800548239707
2014-02-03 08:00:00,0.9869370909349645,0.9804600398015405,0.9955735725337257,0.9744271097671775
2014-02-03 09:00:00,0.9872968788927948,0.9846546328415665,0.9962150656343536,0.9736466705292585
2014-02-03 10:00:00,0.9874991772281221,0.9901021079756511,0.9964434569675762,0.9736466705292585
2014-02-03 11:00:00,0.9865314781103675,0.9925531553773993,0.9964434569675762,0.9736466705292585
2014-02-03 12:00:00,0.9865314781103675,0.9918059870263376,0.9970036422951827,0.9742269998449178
2014-02-03 13:00:00,0.9858914266201549,0.9918059870263376,0.9975752972999429,0.9742269998449178
2014-02-04 07:00:00,0.9858914266201545,0.9944566294668479,0.9976655451559359,0.9742269998449178
2014-02-04 08:00:00,0.9867241357170837,0.994456629466848,0.9976655451559359,0.973379944901711
2014-02-04 09:00:00,0.9865314781103675,0.9937718765391934,0.998109024971367,0.9737645326895116
2014-02-04 10:00:00,0.9865314781103675,0.9950886004378737,0.9981090249713671,0.9745381682115899
2014-02-04 11:00:00,0.9865314781103675,0.994456629466848,0.9976199141321299,0.9743081065185686
2014-02-04 12:00:00,0.9865314781103675,0.9960259221586797,0.9975752972999429,0.9728807222597026
2014-02-04 13:00:00,0.9865314781103675,0.9973426460573602,0.9980187771153742,0.9743081065185684
2014-02-05 07:00:00,0.9865314781103675,0.9944566294668479,0.9980187771153742,0.9729961490985156
2014-02-05 08:00:00,0.9859526279086357,0.9930247081881317,0.9980633939475612,0.9709516800373881
2014-02-05 09:00:00,0.985312576418423,0.9922025838473617,0.9980633939475609,0.9705670922495875
2014-02-05 10:00:00,0.9849681222646215,0.9922025838473617,0.9980187771153742,0.9708963279944182
2014-02-05 11:00:00,0.985312576418423,0.9922025838473617,0.9980187771153742,0.9713587951498244
2014-02-05 12:00:00,0.987939107775514,0.9950886004378737,0.9980633939475612,0.9728229348952926
2014-02-05 13:00:00,0.9869714086577593,0.9950886004378737,0.9984257532433946,0.9728229348952928
2014-02-06 07:00:00,0.9873311966155897,0.9950886004378737,0.9988411806370104,0.9738056565705149
2014-02-06 08:00:00,0.9886426582182465,0.9950886004378737,0.9988411806370104,0.974093505627946
2014-02-06 09:00:00,0.9873311966155897,0.9950886004378737,0.9984257532433946,0.9727815482078933
2014-02-06 10:00:00,0.9873311966155897,0.9912887526200501,0.9983811364112076,0.9687548573965249
2014-02-06 11:00:00,0.9871063986785852,0.9920359209711118,0.9984257532433946,0.9687548573965251
2014-02-06 12:00:00,0.987939107775514,0.9952037978179096,0.9984257532433946,0.9687548573965249
2014-02-06 13:00:00,0.9869714086577595,0.99652052171659,0.9983811364112076,0.9677120609254595
2014-02-07 07:00:00,0.987939107775514,0.99734264605736,0.9982928728325061,0.9696942826757003
2014-02-07 08:00:00,0.9883543613287225,0.99734264605736,0.9983811364112076,0.9711216669345664
2014-02-07 09:00:00,0.9873866622109678,0.9960259221586797,0.9983811364112076,0.9711216669345664
2014-02-07 10:00:00,0.9872181017553081,0.9952787538076181,0.9983374896646932,0.9689138434377813
2014-02-07 11:00:00,0.9864633578554346,0.9918059870263376,0.9982472418087002,0.9689138434377813
2014-02-07 12:00:00,0.9849404859822959,0.9895519414068513,0.9981162602793618,0.9682000199051504
2014-02-07 13:00:00,0.9860833871292929,0.9871008940051031,0.9981589782299989,0.9690728294790377
2014-02-10 07:00:00,0.9884609414614434,0.9895519414068514,0.9981589782299989,0.9694020652238682
2014-02-10 08:00:00,0.9863081850662972,0.9895519414068511,0.99784026568068,0.9694020652238684
2014-02-10 09:00:00,0.9876062590024317,0.9886381101795398,0.9982928728325061,0.9690728294790377
2014-02-10 10:00:00,0.9874444446397116,0.9886381101795398,0.9982928728325063,0.9702491201670749
2014-02-10 11:00:00,0.9863081850662974,0.9846177700859599,0.9981122858303949,0.9668395141579681
2014-02-10 12:00:00,0.9860833871292931,0.9855316013132711,0.9982928728325063,0.9686627498669527
2014-02-10 13:00:00,0.9874444446397116,0.9855316013132714,0.9982472418087003,0.9693765733995837
2014-02-11 07:00:00,0.9885295633579649,0.9846177700859599,0.9982928728325063,0.972115915078502
2014-02-11 08:00:00,0.9893842458169766,0.9823637244664735,0.9985744056236148,0.9731175876685644
2014-02-11 09:00:00,0.989936691381523,0.9846177700859599,0.9985744056236148,0.9753254111653491
2014-02-11 10:00:00,0.9912347653176573,0.9817317534954475,0.9984820822002046,0.9761724661085559
2014-02-11 11:00:00,0.9912347653176573,0.9800841261791866,0.9984393642495678,0.9775998503674219
2014-02-11 12:00:00,0.9912347653176573,0.9781416677455207,0.9988636026972129,0.9775998503674219
2014-02-11 13:00:00,0.9910218100997762,0.974341819927697,0.9987733548412199,0.9806248685887281
2014-02-12 07:00:00,0.9906268541577328,0.9752556511550086,0.9987266624416159,0.9810873357441343
2014-02-12 08:00:00,0.992436172057709,0.9752556511550086,0.9987266624416159,0.9820890083341967
2014-02-12 09:00:00,0.993355911751934,0.9752556511550083,0.9987266624416159,0.9828028318668276
2014-02-12 10:00:00,0.9943236108696887,0.9781416677455205,0.9987266624416159,0.9832652990222338
2014-02-12 11:00:00,0.9930255369335542,0.9749737908987229,0.9984982711083933,0.9804403907231873
2014-02-12 12:00:00,0.9909133001845704,0.9769162493323889,0.9979772578106949,0.9797455181053963
2014-02-12 13:00:00,0.9914195687010918,0.9800841261791866,0.9980218746428816,0.9810574755254491
2014-02-13 07:00:00,0.992891753959863,0.9817317534954476,0.9983091728349299,0.9813867112702794
2014-02-13 08:00:00,0.9936720080759385,0.9846177700859599,0.9985578611050114,0.98177129905808
2014-02-13 09:00:00,0.9939774180845315,0.9804212660328075,0.99847149640786,0.9824851225907111
2014-02-13 10:00:00,0.9939774180845315,0.9804212660328074,0.9983433038475379,0.9821005348029105
2014-02-13 11:00:00,0.9955002899576704,0.9826753116522937,0.9987052115135102,0.9835879938576201
2014-02-13 12:00:00,0.9963460403340129,0.9766703142956847,0.9987915762106617,0.9854112295666044
2014-02-13 13:00:00,0.9963460403340129,0.9797892950617817,0.9984982711083932,0.9857958173544048
2014-02-14 07:00:00,0.9963460403340129,0.9797892950617817,0.9985865346870948,0.9850819938217739
2014-02-14 08:00:00,0.9974822999074273,0.9826753116522937,0.9990199675438843,0.9846195266663677
2014-02-14 09:00:00,0.9976441142701473,0.9844416061263874,0.9990626854945214,0.9843316776089364
2014-02-14 10:00:00,0.9971378457536259,0.9886381101795398,0.9988139972244398,0.982844218554227
2014-02-14 11:00:00,0.9963460403340129,0.9858735274051036,0.9988139972244398,0.9803071593126116
2014-02-14 12:00:00,0.9956558775578028,0.9864602775958721,0.9985428879405803,0.9803071593126116
2014-02-14 13:00:00,0.9949940214411488,0.9899720287213698,0.9982109729163452,0.9786106141047585
2014-02-18 07:00:00,0.9951558358038689,0.9899720287213698,0.9982109729163452,0.976853994101062
2014-02-18 08:00:00,0.9966094973401359,0.9899720287213698,0.9983054696470604,0.9760069391578553
2014-02-18 09:00:00,0.997299660116346,0.9912887526200501,0.9983511006708663,0.9749641426867899
2014-02-18 10:00:00,0.9971378457536259,0.9912887526200501,0.9983511006708663,0.972756319190005
2014-02-18 11:00:00,0.9973137394517676,0.9890347070005638,0.9986830156951014,0.972042495657374
2014-02-18 12:00:00,0.9964679890754249,0.9846481089919717,0.9986830156951014,0.9717132599125432
2014-02-18 13:00:00,0.9959617205589034,0.9840161380209459,0.9984119064112418,0.9713286721247428
2014-02-19 07:00:00,0.9961456148185918,0.9859196121103947,0.9982228081377784,0.9730852921284395
2014-02-19 08:00:00,0.9965405707606353,0.9897194599282182,0.9985428879405803,0.9726228249730333
2014-02-19 09:00:00,0.9970468392771568,0.985522955875066,0.9987915762106616,0.9726228249730333
2014-02-19 10:00:00,0.9960512664923539,0.9836194817856172,0.9987915762106616,0.9737991156610702
2014-02-19 11:00:00,0.9972394968838727,0.9858735274051036,0.9987915762106617,0.9734698799162399
2014-02-19 12:00:00,0.9972394968838727,0.9805005010195204,0.9987052115135102,0.9739090277624052
2014-02-19 13:00:00,0.9972394968838728,0.9870922485668979,0.9985428879405801,0.9725970703423524
2014-02-20 07:00:00,0.9972394968838728,0.9855229558750662,0.9984982711083933,0.9722124825545521
2014-02-20 08:00:00,0.9972394968838728,0.9877770014945523,0.9987266624416158,0.9722124825545521
2014-02-20 09:00:00,0.9967332283673512,0.9884089724655781,0.998508222025301,0.9702625563444365
2014-02-20 10:00:00,0.9967332283673512,0.9877770014945523,0.9985082220253009,0.9695487328118053
2014-02-20 11:00:00,0.9967332283673512,0.9877770014945523,0.9981543107647379,0.9712452780196584
2014-02-20 12:00:00,0.9955449979758324,0.9848909849040401,0.9982798306920786,0.9706281932173965
2014-02-20 13:00:00,0.9963566765009467,0.985522955875066,0.9984137252945857,0.9691640534719282
2014-02-21 07:00:00,0.9961640188942309,0.9801499294894829,0.9982798306920785,0.9706515125266377
2014-02-21 08:00:00,0.9961640188942309,0.9801499294894829,0.9983593522883049,0.9726014387367533
2014-02-21 09:00:00,0.9961640188942309,0.9855229558750662,0.9981543107647377,0.9739622072903313
2014-02-21 10:00:00,0.996356676500947,0.9897194599282182,0.9980361792465448,0.9753229758439096
2014-02-21 11:00:00,0.9960512664923539,0.9897194599282184,0.9982798306920785,0.976195785417797
2014-02-21 12:00:00,0.9954988209278076,0.9890347070005638,0.9986187668181526,0.9753229758439096
2014-02-21 13:00:00,0.9954988209278076,0.9878159858387695,0.9985324021210013,0.9764992665319467
2014-02-24 07:00:00,0.9954988209278076,0.9912887526200501,0.9985324021210013,0.9782191310490409
2014-02-24 08:00:00,0.9954988209278076,0.9912887526200501,0.9981295203414962,0.9751384979783687
2014-02-24 09:00:00,0.9939638229118585,0.9912887526200501,0.9977174176415656,0.9720578649076965
2014-02-24 10:00:00,0.9928275633384441,0.9912887526200501,0.9977174176415656,0.9675453876316809
2014-02-24 11:00:00,0.9928275633384441,0.9950886004378737,0.9977174176415656,0.9665025911606153
2014-02-24 12:00:00,0.9928275633384441,0.9957733533655283,0.9977174176415656,0.9657887676279843
2014-02-24 13:00:00,0.9928275633384441,0.9926054765187304,0.9979312011476076,0.9665025911606153
2014-02-25 07:00:00,0.992827563338444,0.9912887526200501,0.9979713556684625,0.9668871789484158
2014-02-25 08:00:00,0.992827563338444,0.9920359209711119,0.9982106489758837,0.9638621607271096
2014-02-25 09:00:00,0.9917424446201908,0.993352644869792,0.9977575721624206,0.9638621607271096
2014-02-25 10:00:00,0.9911530797443456,0.9912887526200502,0.9975036341355238,0.9633763742624626
2014-02-25 11:00:00,0.9896302078712068,0.9912887526200502,0.9977575721624206,0.959856593345625
2014-02-25 12:00:00,0.9902702593614195,0.9930247081881317,0.9972128584633406,0.9590095384024183
2014-02-25 13:00:00,0.9893842458169767,0.9911212340986831,0.9969589204364441,0.9555999323933116
2014-02-26 07:00:00,0.9880231883065579,0.9895519414068513,0.9966593513857414,0.9559291681381423
2014-02-26 08:00:00,0.9880231883065579,0.9918059870263376,0.9969589204364441,0.9553488388224832
2014-02-26 09:00:00,0.9880231883065579,0.9930247081881317,0.996958920436444,0.955348838822483
2014-02-26 10:00:00,0.9860833871292929,0.9895519414068513,0.9969589204364441,0.95365229361463
2014-02-26 11:00:00,0.9860833871292929,0.9895519414068513,0.9969132894126381,0.9521487162533772
2014-02-26 12:00:00,0.9860833871292929,0.9895519414068513,0.9966199843103696,0.9521487162533769
2014-02-26 13:00:00,0.9860833871292929,0.9911212340986831,0.9969195533610723,0.9517641284655768
2014-02-27 07:00:00,0.9847853131931585,0.9917079842894516,0.9963220021892923,0.9513016613101704
2014-02-27 08:00:00,0.9858704319114118,0.98997202872137,0.9962763711654864,0.9517641284655766
2014-02-27 09:00:00,0.9865695267702909,0.98997202872137,0.9959830660632182,0.9532677058268294
2014-02-27 10:00:00,0.9879305842807096,0.9899720287213698,0.995253272038308,0.9562927240481358
2014-02-27 11:00:00,0.9879305842807097,0.9899720287213698,0.9951609486148979,0.9576534926017136
2014-02-27 12:00:00,0.9865695267702909,0.9899720287213698,0.995253272038308,0.9589108899634017
2014-02-27 13:00:00,0.9858704319114118,0.9873213862808596,0.9952926391136797,0.9598936116386237
2014-02-28 07:00:00,0.9882479862435624,0.9911212340986831,0.9960224331385898,0.9612055690586763
2014-02-28 08:00:00,0.9879305842807097,0.9917079842894516,0.9960224331385898,0.9603327594847888
2014-02-28 09:00:00,0.9879305842807097,0.9899720287213698,0.9959830660632182,0.9597156746825272
2014-02-28 10:00:00,0.9899528573985668,0.989224860370308,0.9955588276155729,0.9631252806916337
2014-02-28 11:00:00,0.991193563716953,0.9892248603703083,0.9951434002219572,0.9659501889906804
2014-02-28 12:00:00,0.991193563716953,0.986970814750822,0.9945962963394156,0.9651697497527615
2014-02-28 13:00:00,0.991193563716953,0.9850283563171559,0.9948557108692637,0.9659501889906804
2014-03-03 07:00:00,0.9898325062065341,0.9870922485668979,0.9952891437260531,0.9645228047318144
2014-03-03 08:00:00,0.9889464926620911,0.9858735274051036,0.9950297291962052,0.9645228047318144
2014-03-03 09:00:00,0.9895151042436813,0.9829875108145913,0.995029729196205,0.9656256759987234
2014-03-03 10:00:00,0.9900675498082274,0.9858735274051036,0.9954823363480314,0.9656256759987234
2014-03-03 11:00:00,0.9886770210813812,0.9845568035064233,0.995143400221957,0.9649118524660922
2014-03-03 12:00:00,0.9903515046754797,0.9864602775958721,0.9943385450932618,0.9679924855367646
2014-03-03 13:00:00,0.9907280565418841,0.9810872512102888,0.9937549375233092,0.9679924855367644
2014-03-04 07:00:00,0.99186809861579,0.9810872512102888,0.9942440483625464,0.9694198697956304
2014-03-04 08:00:00,0.9896573112403644,0.9805005010195204,0.9938665023145054,0.9696755945672562
2014-03-04 09:00:00,0.9907973533142702,0.9776144844290084,0.9937549375233092,0.972205850093031
2014-03-04 10:00:00,0.9907973533142702,0.9776144844290084,0.9934086760730023,0.972205850093031
2014-03-04 11:00:00,0.9892897814393145,0.9810872512102888,0.9934086760730023,0.9647394302474745
2014-03-04 12:00:00,0.987512390830762,0.9810872512102887,0.993754937523309,0.96291619453849
2014-03-04 13:00:00,0.9865562430165447,0.973121181074213,0.9932339242256107,0.9646728145421867
2014-03-05 07:00:00,0.9873679215416592,0.9696484142929326,0.9929683761503022,0.9655198694853931
2014-03-05 08:00:00,0.9881481756577347,0.9703331672205869,0.9925603545501117,0.9655198694853931
2014-03-05 09:00:00,0.9871920278435175,0.960166899642255,0.991679537973081,0.9666961601734306
2014-03-05 10:00:00,0.9873679215416592,0.960166899642255,0.9915347800390906,0.9662336930180242
2014-03-05 11:00:00,0.9881481756577347,0.960166899642255,0.9915347800390906,0.9666182808058246
2014-03-05 12:00:00,0.987512390830762,0.9594821467146005,0.9912753655092426,0.9666182808058246
2014-03-05 13:00:00,0.990101459964429,0.9594821467146005,0.9921183007406984,0.9666182808058246
2014-03-06 07:00:00,0.990101459964429,0.969100840980633,0.9930865076684955,0.9738289758797558
2014-03-06 08:00:00,0.9909131384895435,0.9713548866001193,0.9931832825185488,0.9761291697125092
2014-03-06 09:00:00,0.9909131384895435,0.9719868575711452,0.9927402462181887,0.9778490342296031
2014-03-06 10:00:00,0.990101459964429,0.9713548866001193,0.9926622692208501,0.977849034229603
2014-03-06 11:00:00,0.9905874223829415,0.9668212426933461,0.9924796299412849,0.9770019792863966
2014-03-06 12:00:00,0.9886341380762473,0.9668212426933461,0.9930865076684954,0.9781782699744336
2014-03-06 13:00:00,0.9886341380762471,0.9668212426933461,0.9926622692208501,0.9790253249176404
2014-03-07 07:00:00,0.9881481756577347,0.9691008409806331,0.9927402462181887,0.9777679275559525
2014-03-07 08:00:00,0.9888100317743891,0.973121181074213,0.9934086760730023,0.9777679275559525
2014-03-07 09:00:00,0.9884655776205876,0.9738059340018674,0.9937549375233092,0.9777679275559525
2014-03-07 10:00:00,0.9878538839601717,0.9703331672205869,0.993754937523309,0.9787696001460147
2014-03-07 11:00:00,0.9886341380762471,0.9678821198188388,0.9931832825185486,0.9783850123582143
2014-03-07 12:00:00,0.9886341380762473,0.9594821467146005,0.9928219533179623,0.9780557766133838
2014-03-07 13:00:00,0.9902276344251113,0.9691008409806331,0.9930865076684954,0.9790985730844493
2014-03-10 07:00:00,0.9909177972013213,0.9699229653214033,0.9934893894480007,0.9813063965812343
2014-03-10 08:00:00,0.9913850215726343,0.9653893214146302,0.9925211825202038,0.982563793942922
2014-03-10 09:00:00,0.9913850215726343,0.967036948730891,0.9923777152705465,0.982563793942922
2014-03-10 10:00:00,0.993554449564244,0.9744162686761983,0.9930041772870519,0.9840279336883904
2014-03-10 11:00:00,0.9937303432623857,0.9744162686761983,0.9927396229365189,0.9860724027495182
2014-03-10 12:00:00,0.9935544495642442,0.9744162686761983,0.9923777152705465,0.9860724027495182
2014-03-10 13:00:00,0.9932370476013915,0.9664501985401225,0.9925603545501117,0.9860724027495182
2014-03-11 07:00:00,0.9932370476013914,0.96538932141463,0.9925603545501119,0.9853585792168871
2014-03-11 08:00:00,0.9935544495642442,0.9625033048241178,0.9925603545501119,0.9860724027495182
2014-03-11 09:00:00,0.993730343262386,0.9625033048241178,0.9930813678478104,0.9856878149617178
2014-03-11 10:00:00,0.9920468776892885,0.967036948730891,0.9930813678478104,0.9842604307028517
2014-03-11 11:00:00,0.9935544495642442,0.9715302520856862,0.9930813678478104,0.9842604307028517
2014-03-11 12:00:00,0.9938989037180455,0.9744162686761986,0.9930813678478104,0.9860170507065483
2014-03-11 13:00:00,0.9940607180807657,0.9773022852667106,0.9930813678478104,0.9855545835511422
2014-03-12 07:00:00,0.9940607180807657,0.9787342065454269,0.9935148007046,0.9849374987488803
2014-03-12 08:00:00,0.9940607180807657,0.9758481899549145,0.9939941322859502,0.9853220865366809
2014-03-12 09:00:00,0.9938989037180457,0.9744162686761983,0.9938736365761908,0.9853220865366806
2014-03-12 10:00:00,0.9920468776892885,0.9784366087697784,0.99399413228595,0.9835654665329844
2014-03-12 11:00:00,0.9920468776892885,0.9805005010195204,0.9942592651018691,0.9823080691712964
2014-03-12 12:00:00,0.9917165028709087,0.9819324222982365,0.9935754355021392,0.9819234813834958
2014-03-12 13:00:00,0.9932240747458645,0.9873054486838196,0.9935754355021392,0.9827705363267025
2014-03-13 07:00:00,0.9930684871457317,0.9873054486838199,0.993189806976461,0.9815942456386652
2014-03-13 08:00:00,0.9910546467542545,0.9873054486838196,0.993189806976461,0.9819234813834958
2014-03-13 09:00:00,0.9912102343543873,0.9873054486838196,0.9934195032858503,0.9823080691712964
2014-03-13 10:00:00,0.9917165028709087,0.9873054486838196,0.9937256102153021,0.981534433649218
2014-03-13 11:00:00,0.9917165028709087,0.9873054486838196,0.9931109178309743,0.9810719664938119
2014-03-13 12:00:00,0.9910546467542545,0.9819324222982365,0.9921480818137524,0.9806873787060113
2014-03-13 13:00:00,0.9910546467542545,0.9819324222982366,0.9923917332592859,0.981534433649218
2014-03-14 07:00:00,0.9910546467542545,0.9831511434600309,0.9924667943630713,0.9818636693940487
2014-03-14 08:00:00,0.9910546467542545,0.9844678673587111,0.9926228072268393,0.9801070493903521
2014-03-14 09:00:00,0.9910546467542545,0.9898408937442943,0.9935856432440613,0.9782838136813676
2014-03-14 10:00:00,0.9910546467542545,0.9898408937442943,0.9937195378465687,0.9796445822349459
2014-03-14 11:00:00,0.9910546467542545,0.9905256466719486,0.9937195378465687,0.9804916371781526
2014-03-14 12:00:00,0.9905483782377331,0.9898408937442943,0.9937195378465687,0.9796445822349459
2014-03-14 13:00:00,0.9887709876291805,0.9891561408166398,0.9939631892921024,0.9796445822349459
2014-03-17 07:00:00,0.9912102343543873,0.9933526448697922,0.9946215284229448,0.9801070493903521
2014-03-17 08:00:00,0.9917165028709087,0.9940373977974467,0.994914833525213,0.9805695165457582
2014-03-17 09:00:00,0.9910546467542545,0.9940373977974467,0.9949542006005848,0.9805695165457582
2014-03-17 10:00:00,0.9910546467542545,0.9947221507251011,0.9947055123305034,0.9797224616025515
2014-03-17 11:00:00,0.9910546467542545,0.9947221507251011,0.9938421316760939,0.9787207890124894
2014-03-17 12:00:00,0.9917165028709087,0.9947221507251011,0.9937975148439071,0.9768975533035049
2014-03-17 13:00:00,0.9897632185642143,0.9940373977974465,0.9938421316760939,0.9768975533035049
2014-03-18 07:00:00,0.9897632185642145,0.9933526448697922,0.9940908199461755,0.9772821410913055
2014-03-18 08:00:00,0.9896076309640819,0.9933526448697922,0.9940908199461755,0.9780557766133838
2014-03-18 09:00:00,0.9891013624475602,0.9940373977974465,0.9940514528708037,0.9770541040233216
2014-03-18 10:00:00,0.9896076309640817,0.9940373977974465,0.9942206195446587,0.9759512327564126
2014-03-18 11:00:00,0.9897632185642145,0.9933526448697922,0.9940615139129326,0.9754887656010062
2014-03-18 12:00:00,0.989277256145702,0.9926054765187305,0.9937742157208843,0.9746417106577995
2014-03-18 13:00:00,0.9867044737382205,0.993352644869792,0.9936460231605624,0.9732809421042216
2014-03-19 07:00:00,0.9865285800400787,0.993352644869792,0.9937742157208843,0.9728963543164211
2014-03-19 08:00:00,0.9862231700314856,0.9926054765187304,0.9934490361832614,0.9688696635050527
2014-03-19 09:00:00,0.983338981638281,0.9897194599282182,0.9934490361832614,0.9676122661433649
2014-03-19 10:00:00,0.9865285800400787,0.9935193077460418,0.9941500932647408,0.9667652112001581
2014-03-19 11:00:00,0.9862231700314856,0.990351430899244,0.9941500932647408,0.9671497989879587
2014-03-19 12:00:00,0.9858927952131059,0.9884089724655781,0.9943889081052122,0.9665694696722993
2014-03-19 13:00:00,0.9828530192197686,0.9898408937442943,0.9943889081052122,0.9658556461396682
2014-03-20 07:00:00,0.9834888040467414,0.9898408937442943,0.9943889081052122,0.9667284557135557
2014-03-20 08:00:00,0.9863729924399459,0.9940373977974467,0.9943889081052122,0.9681558399724215
2014-03-20 09:00:00,0.9863729924399459,0.9926054765187305,0.9940191117354024,0.969157512562484
2014-03-20 10:00:00,0.986372992439946,0.9926054765187305,0.9940191117354024,0.969643299027131
2014-03-20 11:00:00,0.9863729924399459,0.9926054765187305,0.9943889081052122,0.9681558399724217
2014-03-20 12:00:00,0.9857372076129732,0.9940373977974465,0.9943889081052122,0.9681558399724215
2014-03-20 13:00:00,0.9862231700314856,0.9940373977974465,0.9946762062972604,0.9684436890298528
2014-03-21 07:00:00,0.9863729924399459,0.9940373977974465,0.9937363343753095,0.967900115200796
2014-03-21 08:00:00,0.9865285800400787,0.9940373977974465,0.9937742157208843,0.9661802506837021
2014-03-21 09:00:00,0.9862231700314856,0.9926054765187304,0.9935354008804129,0.9672831219506108
2014-03-21 10:00:00,0.985377419655143,0.9933526448697922,0.9934490361832614,0.9668206547952046
2014-03-21 11:00:00,0.98491019528383,0.9898408937442943,0.9936460231605624,0.9664914190503742
2014-03-21 12:00:00,0.9821878212533455,0.9898408937442944,0.9937742157208843,0.9654897464603118
2014-03-21 13:00:00,0.9821878212533455,0.988524169845614,0.9937363343753095,0.9652596847672903
2014-03-24 07:00:00,0.9818574464349655,0.988524169845614,0.9930171498036213,0.9669795492843845
2014-03-24 08:00:00,0.9818574464349655,0.9838358963876852,0.9933423293412442,0.9669795492843845
2014-03-24 09:00:00,0.9824932312619383,0.982519172489005,0.9931413958463476,0.967596634086646
2014-03-24 10:00:00,0.985377419655143,0.988524169845614,0.9938605804180358,0.9706216523079523
2014-03-24 11:00:00,0.9870673816796985,0.9933526448697922,0.9944752728023638,0.972603874058193
2014-03-24 12:00:00,0.986287127563623,0.9912887526200501,0.9941937400112554,0.972603874058193
2014-03-24 13:00:00,0.9834089351475483,0.9920359209711118,0.9941937400112552,0.9716022014681308
2014-03-25 07:00:00,0.9838588144452443,0.9912887526200501,0.994437391456789,0.9718900505255619
2014-03-25 08:00:00,0.9842353663116488,0.9927206738987662,0.993822699072461,0.9728917231156242
2014-03-25 09:00:00,0.9838588144452441,0.988524169845614,0.992859863055239,0.9734720524312837
2014-03-25 10:00:00,0.9867370068613188,0.9912887526200501,0.9938605804180358,0.9742524916692022
2014-03-25 11:00:00,0.9885143974698714,0.9944566294668479,0.9944752728023638,0.9764603151659872
2014-03-25 12:00:00,0.9897026278613904,0.9944566294668479,0.9944752728023638,0.9778210837195654
2014-03-25 13:00:00,0.9902088963779119,0.9937718765391934,0.9944373914567891,0.9778210837195654
2014-03-26 07:00:00,0.9923783243695217,0.9966578931297055,0.9949484116640099,0.9785349072521963
2014-03-26 08:00:00,0.9925622186292102,0.9980898144084217,0.9948620469668584,0.9802915272558929
2014-03-26 09:00:00,0.9923783243695217,0.9966578931297058,0.9947483759411065,0.9785349072521965
2014-03-26 10:00:00,0.9923783243695217,0.9960259221586797,0.9944550708388381,0.9788641429970268
2014-03-26 11:00:00,0.992060922406669,0.9944566294668479,0.9945860523681764,0.9774367587381608
2014-03-26 12:00:00,0.9923783243695217,0.9957733533655283,0.9945860523681764,0.9756801387344645
2014-03-26 13:00:00,0.9929066727830117,0.9965205217165898,0.9944550708388381,0.9734723152376796
2014-03-27 07:00:00,0.9932370476013914,0.9965205217165898,0.9935005708161858,0.9734723152376796
2014-03-27 08:00:00,0.995153543279254,0.99734264605736,0.9941425725527452,0.9738015509825103
2014-03-27 09:00:00,0.9953294369773957,0.9980898144084217,0.9944550708388381,0.9746486059257168
2014-03-27 10:00:00,0.9949849828235943,0.9980898144084217,0.9941425725527452,0.9746486059257167
2014-03-27 11:00:00,0.994823168460874,0.9966578931297058,0.9937650265047041,0.9743193701808864
2014-03-27 12:00:00,0.9932240747458643,0.9960259221586797,0.9927746747161329,0.973143079492849
2014-03-27 13:00:00,0.9949849828235943,0.9980898144084217,0.9936176099475887,0.974570463751715
2014-03-28 07:00:00,0.996507854696733,0.9980898144084217,0.9945505941529357,0.9763270837554117
2014-03-28 08:00:00,0.9963460403340129,0.9966578931297058,0.9943069427074019,0.9771741386986184
2014-03-28 09:00:00,0.9963460403340129,0.9966578931297058,0.9943069427074019,0.9767895509108179
2014-03-28 10:00:00,0.9960156655156331,0.9945940008799636,0.9943069427074018,0.9782169351696837
2014-03-28 11:00:00,0.9960156655156331,0.9937718765391936,0.9945505941529355,0.9775031116370526
2014-03-28 12:00:00,0.9953538093989789,0.9911212340986831,0.9940256315477791,0.9785047842271147
2014-03-28 13:00:00,0.996807470935246,0.9911212340986831,0.9943311871250444,0.9788340199719455
2014-03-31 07:00:00,0.9978925896534994,0.9930247081881319,0.9943311871250443,0.9774732514183674
2014-03-31 08:00:00,0.9977086953938109,0.994456629466848,0.9943311871250443,0.9744482331970613
2014-03-31 09:00:00,0.9978772558494706,0.994456629466848,0.9948561497302008,0.9762048532007577
2014-03-31 10:00:00,0.9982370438073008,0.994456629466848,0.9950367367323122,0.9747407134552892
2014-03-31 11:00:00,0.9980611501091591,0.994456629466848,0.9949028421298047,0.9747407134552892
2014-03-31 12:00:00,0.9972153997328166,0.9900700314582558,0.9949028421298047,0.9675300183813582
2014-03-31 13:00:00,0.9972153997328164,0.9900700314582558,0.9946591906842711,0.9672007826365276
2014-04-01 07:00:00,0.9972153997328166,0.9944566294668479,0.9951483015235083,0.9679812218744466
2014-04-01 08:00:00,0.9975328016956692,0.9944566294668479,0.9946621589441318,0.968310457619277
2014-04-01 09:00:00,0.9980611501091591,0.99652052171659,0.9950397049921729,0.968310457619277
2014-04-01 10:00:00,0.9980611501091591,0.9980898144084218,0.9954466811201931,0.9685405193122986
2014-04-01 11:00:00,0.9986135956737052,0.9966578931297058,0.9954466811201931,0.969002986467705
2014-04-01 12:00:00,0.9982538077158752,0.9950886004378737,0.994661113471962,0.9702603838293926
2014-04-01 13:00:00,0.9982538077158751,0.9966578931297055,0.9947047602184762,0.972560577662146
2014-04-02 07:00:00,0.9980852472602155,0.9973426460573602,0.9949862930095846,0.971384286974109
2014-04-02 08:00:00,0.9977086953938109,0.9987745673360763,0.9952299444551185,0.9708039576584495
2014-04-02 09:00:00,0.9966235766755575,0.9973426460573602,0.995053331901974,0.967979049359403
2014-04-02 10:00:00,0.9977086953938109,0.9973426460573602,0.9951872265044814,0.9683636371472034
2014-04-02 11:00:00,0.9977086953938109,0.99734264605736,0.9954805316067499,0.9689439664628631
2014-04-02 12:00:00,0.9969539514939374,0.99734264605736,0.9953922680280484,0.9679011699917974
2014-04-02 13:00:00,0.9972843263123171,0.9980898144084217,0.9954308779500152,0.9741101924756659
2014-04-03 07:00:00,0.9972843263123171,0.99734264605736,0.9947888762134559,0.9752864831637033
2014-04-03 08:00:00,0.9969539514939374,0.9960259221586797,0.9949093719232154,0.9744136735898157
2014-04-03 09:00:00,0.9962329454737313,0.99734264605736,0.9949093719232154,0.9744136735898157
2014-04-03 10:00:00,0.9971562498292645,0.9957733533655282,0.9955932015229452,0.9758778133352842
2014-04-03 11:00:00,0.9975328016956692,0.9950886004378738,0.9963401592492098,0.9770541040233214
2014-04-03 12:00:00,0.9978772558494705,0.9950886004378738,0.9955932015229452,0.9770541040233216
2014-04-03 13:00:00,0.9980390702121906,0.9950886004378738,0.9957136972327046,0.9765916368679154
2014-04-04 07:00:00,0.9985674186256807,0.9922025838473617,0.9961217188328949,0.9773054604005464
2014-04-04 08:00:00,0.9980611501091592,0.9884027360295381,0.9962028474672827,0.9758780761416804
2014-04-04 09:00:00,0.9980611501091591,0.988402736029538,0.9964212878835976,0.9764951609439423
2014-04-04 10:00:00,0.9978925896534995,0.988402736029538,0.99634015924921,0.9783183966529267
2014-04-04 11:00:00,0.9978925896534994,0.9840161380209459,0.9969919762767818,0.9787029844407271
2014-04-04 12:00:00,0.9983988581700209,0.9857520935890275,0.9968690197792236,0.9783737486958964
2014-04-04 13:00:00,0.9973137394517676,0.9863840645600533,0.9967066962062935,0.9771974580078593
2014-04-07 07:00:00,0.9968074709352459,0.9857520935890275,0.9968690197792236,0.9763504030646525
2014-04-07 08:00:00,0.9972024268772894,0.9901386915976196,0.9971229578061201,0.9759658152768521
2014-04-07 09:00:00,0.9970468392771568,0.9907706625686454,0.9971229578061201,0.9770086117479174
2014-04-07 10:00:00,0.9978925896534995,0.9869708147508218,0.9976803544570453,0.9770086117479174
2014-04-07 11:00:00,0.997386321136978,0.9825842167422297,0.9977614830914331,0.9751853760389332
2014-04-07 12:00:00,0.996807470935246,0.98258421674223,0.9978033109546035,0.9746050467232737
2014-04-07 13:00:00,0.996807470935246,0.986970814750822,0.9975895274485617,0.9751486205523306
2014-04-08 07:00:00,0.9966518833351135,0.986970814750822,0.9974665709510033,0.9736844808068622
2014-04-08 08:00:00,0.9973137394517676,0.986970814750822,0.9979711301292282,0.9736844808068622
2014-04-08 09:00:00,0.9973137394517676,0.986970814750822,0.9984643614635463,0.9736844808068622
2014-04-08 10:00:00,0.9973137394517676,0.986970814750822,0.998052258763616,0.97572894986799
2014-04-08 11:00:00,0.9978200079682891,0.988402736029538,0.9980940866267864,0.9761135376557906
2014-04-08 12:00:00,0.9978200079682891,0.9878159858387695,0.998052258763616,0.9748561402941025
2014-04-08 13:00:00,0.9973137394517676,0.989034707000564,0.9979711301292282,0.9745682912366714
2014-04-09 07:00:00,0.9973137394517676,0.9912887526200501,0.9978865843154208,0.9751853760389332
2014-04-09 08:00:00,0.9983988581700208,0.9922025838473617,0.9980593937079295,0.9770086117479174
2014-04-09 09:00:00,0.9987433123238223,0.9897194599282182,0.9982250681561248,0.9790530808090453
2014-04-09 10:00:00,0.9989118727794821,0.9912887526200501,0.9977205089778999,0.9787238450642147
2014-04-09 11:00:00,0.9992884246458866,0.9950886004378737,0.9978068736750514,0.9790530808090453
2014-04-09 12:00:00,0.9992884246458866,0.9950886004378737,0.9978068736750514,0.9799001357522519
2014-04-09 13:00:00,0.9987359790813403,0.9965205217165898,0.9976411992268561,0.9818823575024925
2014-04-10 07:00:00,0.9992884246458866,0.9987745673360763,0.9977667191541968,0.9810353025592857
2014-04-10 08:00:00,0.9996482126037167,0.9987745673360763,0.9972921244799753,0.981035302559286
2014-04-10 09:00:00,0.9996482126037167,0.9987745673360763,0.9973322790008299,0.9827919225629824
2014-04-10 10:00:00,0.9996482126037167,0.99734264605736,0.9973749969514669,0.9832543897183887
2014-04-10 11:00:00,0.9996482126037167,0.9966578931297058,0.9973749969514669,0.9841014446615953
2014-04-10 12:00:00,0.9996482126037167,0.9966578931297055,0.9972093225032717,0.9844306804064259
2014-04-10 13:00:00,0.9996482126037165,0.9966578931297058,0.9970436480550763,0.983716856873795
2014-04-11 07:00:00,0.9996482126037167,0.9966578931297058,0.9976411992268561,0.9822894726149289
2014-04-11 08:00:00,0.9998241063018583,0.995910724778644,0.9981859129259358,0.9822894726149289
2014-04-11 09:00:00,0.9994643183440282,0.995910724778644,0.9978068736750514,0.9818270054595227
2014-04-11 10:00:00,0.9987433123238223,0.995910724778644,0.9976411992268561,0.9803628657140543
2014-04-11 11:00:00,0.9983988581700208,0.9945940008799636,0.9976411992268561,0.9793200692429889
2014-04-11 12:00:00,0.9978925896534995,0.9945940008799636,0.9973925109567747,0.978062671881301
2014-04-11 13:00:00,0.9982370438073009,0.9966578931297058,0.9973925109567747,0.9786062457103576
2014-04-14 07:00:00,0.9985674186256807,0.9950886004378737,0.9978970701349996,0.9782770099655271
2014-04-14 08:00:00,0.9982229644718792,0.9950886004378738,0.998180980274608,0.9754521016664807
2014-04-14 09:00:00,0.9972996601163459,0.9950886004378738,0.9980499987452697,0.9772087216701771
2014-04-14 10:00:00,0.9966094973401359,0.9950886004378737,0.9978908931135435,0.9789285861872713
2014-04-14 11:00:00,0.9966094973401359,0.9922025838473615,0.9977180837210344,0.9780815312440643
2014-04-14 12:00:00,0.9955710893570773,0.9922025838473617,0.9977180837210344,0.9784661190318649
2014-04-14 13:00:00,0.9948809265808674,0.9922025838473617,0.9977180837210345,0.9791799425644961
2014-04-15 07:00:00,0.9948809265808672,0.9878159858387696,0.9980799913870069,0.9783071329906087
2014-04-15 08:00:00,0.9948809265808672,0.9857520935890275,0.9982390970187329,0.9797712727360772
2014-04-15 09:00:00,0.9948809265808672,0.986970814750822,0.9980799913870069,0.9793866849482766
2014-04-15 10:00:00,0.9948809265808672,0.986970814750822,0.9982390970187329,0.9797712727360772
2014-04-15 11:00:00,0.9944656730276591,0.986970814750822,0.998411906411242,0.9801558605238776
2014-04-15 12:00:00,0.9942730154209428,0.989856831341334,0.9982390970187329,0.981979096232862
2014-04-15 13:00:00,0.9948809265808672,0.9907706625686457,0.9980499987452697,0.9841869197296468
2014-04-16 07:00:00,0.9957637469637934,0.9930247081881319,0.998180980274608,0.9838023319418462
2014-04-16 08:00:00,0.9959193345639261,0.989856831341334,0.9983433038475379,0.9829295223679589
2014-04-16 09:00:00,0.995036514181,0.9850283563171559,0.9978107054378483,0.9819278497778967
2014-04-16 10:00:00,0.9946212606277915,0.9842062319763857,0.9978107054378483,0.9805004655190308
2014-04-16 11:00:00,0.9929428011545203,0.9815555895358753,0.9974787904136132,0.9805004655190307
2014-04-16 12:00:00,0.9919043931714613,0.9771689915272832,0.9977180837210344,0.9776755572199841
2014-04-16 13:00:00,0.9919043931714615,0.9754026970531895,0.9977180837210344,0.9761880981652746
2014-04-17 07:00:00,0.9908659851884026,0.9766214182149838,0.9977180837210344,0.9765726859530751
2014-04-17 08:00:00,0.9919043931714615,0.9815555895358755,0.9980499987452696,0.9770351531084813
2014-04-17 09:00:00,0.99294280115452,0.9842062319763857,0.9980499987452696,0.9770351531084811
2014-04-17 10:00:00,0.9910263054766576,0.9815555895358755,0.9980499987452696,0.9766505653206807
2014-04-17 11:00:00,0.9898380750851387,0.9771689915272832,0.998411906411242,0.975393167958993
2014-04-17 12:00:00,0.9887996671020798,0.9777557417180517,0.9982390970187329,0.9757777557467934
2014-04-17 13:00:00,0.9907161627799423,0.9825842167422297,0.9983700785480712,0.976162343534594
2014-04-21 07:00:00,0.9905138644446151,0.9815555895358755,0.9983700785480712,0.9756998763791878
2014-04-21 08:00:00,0.9884475463582922,0.9821423397266438,0.9981106640182232,0.9723891816154938
2014-04-21 09:00:00,0.9862781183666823,0.9815555895358753,0.9981106640182232,0.9711317842538062
2014-04-21 10:00:00,0.9864804167020099,0.9815555895358755,0.9981934659949269,0.9702847293105994
2014-04-21 11:00:00,0.9850898879751634,0.9815555895358755,0.9981934659949269,0.969900141522799
2014-04-21 12:00:00,0.9850898879751634,0.9836194817856172,0.9978315583289546,0.9706737770448775
2014-04-21 13:00:00,0.9874091383752335,0.9836194817856174,0.9980499987452697,0.9729739708776306
2014-04-22 07:00:00,0.9887996671020798,0.9870922485668979,0.998298687015351,0.9746938353947248
2014-04-22 08:00:00,0.989987897493599,0.9877770014945523,0.9982986870153511,0.9772240909204996
2014-04-22 09:00:00,0.9919043931714615,0.9919735055477046,0.9982986870153511,0.9772240909204998
2014-04-22 10:00:00,0.9907161627799423,0.988500738766424,0.9980499987452696,0.9772240909204996
2014-04-22 11:00:00,0.9886498446936196,0.9878159858387696,0.9980499987452696,0.9767616237650933
2014-04-22 12:00:00,0.9893256340530963,0.9922025838473617,0.9983433038475379,0.9776344333389808
2014-04-22 13:00:00,0.991153915934828,0.9937718765391934,0.9980593937079297,0.9798422568357656
2014-04-23 07:00:00,0.991153915934828,0.9911212340986831,0.9979388979981703,0.9808439294258279
2014-04-23 08:00:00,0.991153915934828,0.9925531553773993,0.9984714964078599,0.9821013267875159
2014-04-23 09:00:00,0.9920367363177539,0.9900700314582558,0.9984296685446894,0.982563793942922
2014-04-23 10:00:00,0.9934903978540209,0.9908171998093175,0.9984296685446894,0.983026261098328
2014-04-23 11:00:00,0.9948809265808674,0.9927206738987662,0.9985953429928847,0.9840690575693937
2014-04-23 12:00:00,0.9944137022095543,0.9908171998093175,0.9985142143584969,0.983222002626187
2014-04-23 13:00:00,0.9951038649857642,0.9908171998093175,0.998341404965988,0.983222002626187
2014-04-24 07:00:00,0.9964943937126105,0.9908171998093175,0.9985142143584971,0.9842236752162491
2014-04-24 08:00:00,0.9959660452991206,0.9908171998093175,0.998957250658857,0.985004114454168
2014-04-24 09:00:00,0.9948809265808672,0.9893852785306013,0.9991856419920796,0.9832842499370741
2014-04-24 10:00:00,0.993795807862614,0.9858735274051037,0.9991856419920796,0.9839013347393358
2014-04-24 11:00:00,0.9948809265808674,0.9858735274051037,0.9990973784133781,0.9839013347393359
2014-04-24 12:00:00,0.9961216328992533,0.9886381101795397,0.9992283599427166,0.9839013347393358
2014-04-24 13:00:00,0.9968117956754633,0.9878159858387695,0.9990973784133781,0.9847483896825423
2014-04-25 07:00:00,0.9975328016956692,0.9912887526200501,0.9990973784133781,0.9861757739414083
2014-04-25 08:00:00,0.9975328016956692,0.9893852785306013,0.9989744219158199,0.9861757739414083
2014-04-25 09:00:00,0.9968426389194591,0.9845568035064233,0.9990211143154238,0.9870228288846151
2014-04-25 10:00:00,0.9975328016956692,0.9845568035064233,0.9989783963647868,0.9877366524172463
2014-04-25 11:00:00,0.9982229644718791,0.9872074459469337,0.9991013528623452,0.9889940497789341
2014-04-25 12:00:00,0.9985674186256805,0.9885241698456142,0.9988362200464261,0.9894565169343402
2014-04-25 13:00:00,0.9987600762323967,0.9927206738987662,0.9990128325995706,0.9888761876186808
2014-04-28 07:00:00,0.9984156220785952,0.9912887526200501,0.9992779654154895,0.9906328076223775
2014-04-28 08:00:00,0.9989439704920852,0.9926054765187304,0.9992779654154895,0.9906328076223777
2014-04-28 09:00:00,0.9991198641902267,0.990351430899244,0.9992779654154895,0.9912131369380367
2014-04-28 10:00:00,0.9991198641902267,0.990351430899244,0.9991122909672943,0.9900368462499995
2014-04-28 11:00:00,0.9994643183440282,0.9903514308992443,0.9988938505509793,0.9903246953074308
2014-04-28 12:00:00,0.9998241063018585,0.9928345548183876,0.9989840984069721,0.9899401075196302
2014-04-28 13:00:00,0.9996482126037167,0.9928345548183876,0.999283667457675,0.9911163982076676
2014-04-29 07:00:00,0.999472318905575,0.9890347070005638,0.999283667457675,0.9902693432644609
2014-04-29 08:00:00,0.9992884246458866,0.9884027360295381,0.9991497728551676,0.9914456339524981
2014-04-29 09:00:00,0.9987600762323967,0.9842062319763857,0.9990686442207798,0.9904439613624357
2014-04-29 10:00:00,0.9987600762323966,0.9848909849040404,0.9991569077994811,0.990443961362436
2014-04-29 11:00:00,0.9991198641902268,0.9884027360295378,0.9991569077994812,0.9908285491502363
2014-04-29 12:00:00,0.9985674186256807,0.9857520935890275,0.9990199675438841,0.9904993134054058
2014-04-29 13:00:00,0.9980390702121906,0.9815555895358755,0.9988576439709541,0.989955739576349
2014-04-30 07:00:00,0.9983988581700209,0.9857520935890275,0.9988139972244398,0.9889129431052833
2014-04-30 08:00:00,0.9983988581700209,0.9886381101795398,0.9991996257501182,0.9884504759498773
2014-04-30 09:00:00,0.9985674186256805,0.9857520935890275,0.9991569077994812,0.9888350637376777
2014-04-30 10:00:00,0.9982370438073008,0.9863840645600536,0.9987712792738027,0.9884504759498771
2014-04-30 11:00:00,0.9976581936055688,0.9907706625686457,0.9988139972244398,0.9880658881620767
2014-04-30 12:00:00,0.9982370438073008,0.9907706625686457,0.9989063206478499,0.9880658881620767
2014-04-30 13:00:00,0.9974822999074273,0.986970814750822,0.9986830156951014,0.9872188332188702
2014-05-01 07:00:00,0.9971225119495971,0.9857520935890275,0.9988139972244398,0.9876034210066705
2014-05-01 08:00:00,0.9978772558494706,0.9886381101795395,0.9989063206478499,0.9881837503223299
2014-05-01 09:00:00,0.9975328016956694,0.9873213862808596,0.9987297080947054,0.9870074596342926
2014-05-01 10:00:00,0.9962920953772831,0.9857520935890275,0.9987297080947054,0.9852508396305962
2014-05-01 11:00:00,0.9968204437907732,0.9857520935890275,0.9985987265653671,0.9840745489425587
2014-05-01 12:00:00,0.9952169598460457,0.98258421674223,0.998221180517326,0.9830317524714933
2014-05-01 13:00:00,0.9946886114325559,0.9834980479695414,0.9983977930704705,0.9824514231558341
2014-05-02 07:00:00,0.9949940214411488,0.9863840645600533,0.9987297080947054,0.9821635740984028
2014-05-02 08:00:00,0.9956841842173588,0.9895519414068513,0.9987297080947055,0.9836277138438713
2014-05-02 09:00:00,0.9952169598460457,0.9872978957873649,0.9983054696470604,0.9832431260560709
2014-05-02 10:00:00,0.9952169598460457,0.9834980479695414,0.9980821646943118,0.9814865060523743
2014-05-02 11:00:00,0.9942003564894282,0.9834980479695414,0.9983054696470601,0.9800591217935083
2014-05-02 12:00:00,0.9953928535441873,0.9834980479695412,0.9987297080947054,0.9805215889489146
2014-05-02 13:00:00,0.9948645051306975,0.9780828227545948,0.9987297080947055,0.98156438541998
2014-05-05 07:00:00,0.9948645051306975,0.9763165282805011,0.9986830156951014,0.9824371949938673
2014-05-05 08:00:00,0.9964679890754249,0.9797892950617817,0.9989063206478499,0.9832842499370741
2014-05-05 09:00:00,0.9959617205589034,0.977885820972333,0.9987297080947055,0.9832842499370741
2014-05-05 10:00:00,0.9962920953772834,0.9768249438468404,0.9986830156951014,0.9832842499370741
2014-05-05 11:00:00,0.9962920953772834,0.9797892950617817,0.9983511006708663,0.9827406761080173
2014-05-05 12:00:00,0.9959155435108787,0.9797892950617816,0.9984393642495676,0.9822782089526109
2014-05-05 13:00:00,0.9964679890754249,0.9846177700859596,0.9983054696470604,0.9835356063142989
2014-05-06 07:00:00,0.9969539514939374,0.9846177700859599,0.9982109729163452,0.983998073469705
2014-05-06 08:00:00,0.9962920953772831,0.9846177700859599,0.9978411765465353,0.9827406761080173
2014-05-06 09:00:00,0.9959155435108787,0.9818531873115237,0.9979294401252365,0.9827406761080171
2014-05-06 10:00:00,0.9946174695747443,0.9829875108145913,0.9981264271025375,0.9839169667960544
2014-05-06 11:00:00,0.9947792839374644,0.9829875108145913,0.9982992364950465,0.9835877310512239
2014-05-06 12:00:00,0.9962329454737315,0.9845568035064235,0.9984393642495678,0.9835877310512239
2014-05-06 13:00:00,0.9957266769572101,0.9819061610659129,0.9981264271025377,0.9843015545838548
2014-05-07 07:00:00,0.9961216328992533,0.9845568035064235,0.9983111716892457,0.9848818838995143
2014-05-07 08:00:00,0.9961216328992533,0.98997202872137,0.9985984698812937,0.9854622132151736
2014-05-07 09:00:00,0.9961216328992533,0.9912887526200501,0.9986907933047039,0.9848818838995143
2014-05-07 10:00:00,0.9961216328992533,0.9930247081881319,0.9986907933047039,0.9863092681583803
2014-05-07 11:00:00,0.9961216328992533,0.9950886004378737,0.9986907933047039,0.9866385039032107
2014-05-07 12:00:00,0.9968117956754633,0.9958357687889353,0.9987354101368909,0.9873523274358418
2014-05-07 13:00:00,0.9966499813127433,0.9937718765391934,0.9984293032074388,0.9868898602804356
2014-05-08 07:00:00,0.9966499813127433,0.9922025838473617,0.9987354101368907,0.9877369152236424
2014-05-08 08:00:00,0.9975328016956692,0.9922025838473617,0.9989840984069723,0.9889132059116795
2014-05-08 09:00:00,0.9970468392771568,0.992887336775016,0.9987354101368907,0.9889132059116797
2014-05-08 10:00:00,0.9966518833351135,0.994456629466848,0.9989840984069723,0.9881993823790485
2014-05-08 11:00:00,0.9968204437907732,0.9950886004378737,0.9989840984069723,0.9885839701668491
2014-05-08 12:00:00,0.9968204437907732,0.9950886004378737,0.9991122909672945,0.9885839701668491
2014-05-08 13:00:00,0.9975751876906467,0.9950886004378737,0.9992025388232872,0.9908841639996023
2014-05-09 07:00:00,0.9978925896534995,0.9912887526200501,0.9992836674576748,0.9912133997444329
2014-05-09 08:00:00,0.9970468392771566,0.9926054765187304,0.9990743462629651,0.9903663448012262
2014-05-09 09:00:00,0.9964679890754249,0.9957733533655283,0.9990287152391593,0.9903663448012262
2014-05-09 10:00:00,0.9966365495310848,0.99734264605736,0.9991569077994811,0.9900371090563955
2014-05-09 11:00:00,0.9974822999074273,0.9980898144084217,0.9990199675438841,0.9904995762118017
2014-05-09 12:00:00,0.9969963374889149,0.9958357687889353,0.9988576439709542,0.9916758668998391
2014-05-09 13:00:00,0.9969963374889147,0.9980898144084218,0.9990626854945212,0.9912133997444329
2014-05-12 07:00:00,0.9966365495310848,0.9980898144084218,0.9990626854945212,0.9908841639996024
2014-05-12 08:00:00,0.9974822999074273,0.9987745673360763,0.9990626854945212,0.9912687517874029
2014-05-12 09:00:00,0.9966365495310848,0.9980898144084217,0.9987693803922527,0.9912687517874029
2014-05-12 10:00:00,0.9974822999074273,0.9966578931297058,0.9986354857897454,0.9908841639996023
2014-05-12 11:00:00,0.9982370438073008,0.9966578931297055,0.9986354857897455,0.9920604546876395
2014-05-12 12:00:00,0.9978925896534994,0.9966578931297055,0.9985927678391084,0.9924450424754401
2014-05-12 13:00:00,0.9975328016956692,0.9966578931297055,0.9987266624416159,0.991731218942809
2014-05-13 07:00:00,0.9977254593023854,0.99734264605736,0.9991122909672943,0.9921936860982152
2014-05-13 08:00:00,0.9984156220785951,0.99734264605736,0.9991550089179313,0.9936210703570812
2014-05-13 09:00:00,0.9984156220785951,0.99734264605736,0.9990211143154238,0.993158603201675
2014-05-13 10:00:00,0.9984156220785951,0.9950886004378737,0.9986354857897455,0.9940056581448818
2014-05-13 11:00:00,0.9977254593023854,0.9957733533655283,0.9985927678391084,0.9932918346122506
2014-05-13 12:00:00,0.9968426389194591,0.9957733533655283,0.9981207250603522,0.99290724682445
2014-05-13 13:00:00,0.9958042309364006,0.9950886004378737,0.9981207250603522,0.9914431070789818
2014-05-14 07:00:00,0.9959660452991206,0.99734264605736,0.9984982711083933,0.9920601918812435
2014-05-14 08:00:00,0.9961216328992533,0.99734264605736,0.9982109729163452,0.9903403273641495
2014-05-14 09:00:00,0.9961216328992533,0.9980898144084217,0.9984119064112418,0.989955739576349
2014-05-14 10:00:00,0.9968117956754633,0.99734264605736,0.9983700785480712,0.9906695631089799
2014-05-14 11:00:00,0.9966499813127433,0.99734264605736,0.9981934659949269,0.9902849753211793
2014-05-14 12:00:00,0.9957266769572101,0.99734264605736,0.9980499987452696,0.9891086846331424
2014-05-14 13:00:00,0.994485970638824,0.9944566294668479,0.9978490652503729,0.9871587584230267
2014-05-15 07:00:00,0.9957266769572098,0.9944566294668479,0.9981363634424211,0.987487994167857
2014-05-15 08:00:00,0.9955710893570773,0.9944566294668479,0.9979772578106949,0.9883350491110638
2014-05-15 09:00:00,0.9962329454737315,0.9937718765391936,0.9978927119968872,0.9883350491110636
2014-05-15 10:00:00,0.9962329454737315,0.9937718765391936,0.9976332974670393,0.9883350491110638
2014-05-15 11:00:00,0.9957266769572101,0.9950886004378738,0.997452710464928,0.9871587584230267
2014-05-15 12:00:00,0.994485970638824,0.9944566294668479,0.9968436207876967,0.9863117034798199
2014-05-15 13:00:00,0.9930323091025568,0.9930247081881319,0.9969264227644002,0.9855978799471888
2014-05-16 07:00:00,0.9931878967026896,0.9950886004378737,0.9971497277171488,0.9852686442023585
2014-05-16 08:00:00,0.9931878967026896,0.9957733533655283,0.9975651551107645,0.9852686442023583
2014-05-16 09:00:00,0.9937958078626141,0.99734264605736,0.9978490652503729,0.984225847731293
2014-05-16 10:00:00,0.9937958078626141,0.99652052171659,0.99775881739438,0.984688314886699
2014-05-16 11:00:00,0.9937958078626141,0.9952037978179096,0.9971497277171488,0.9846883148866992
2014-05-16 12:00:00,0.9931878967026896,0.9937718765391934,0.9970242077898082,0.9835120241986618
2014-05-16 13:00:00,0.9917342351664225,0.9912887526200501,0.9973057405809166,0.9820478844531934
2014-05-19 07:00:00,0.9917342351664225,0.9920359209711119,0.997439635183424,0.9817600353957622
2014-05-19 08:00:00,0.9915844127579622,0.9920359209711119,0.997439635183424,0.9817600353957622
2014-05-19 09:00:00,0.9928824866940966,0.9958357687889355,0.9976332974670394,0.9817600353957621
2014-05-19 10:00:00,0.994180560630231,0.99652052171659,0.9973057405809166,0.9832241751412305
2014-05-19 11:00:00,0.994485970638824,0.9952037978179096,0.9969805610432937,0.9840712300844373
2014-05-19 12:00:00,0.9931878967026896,0.9944566294668479,0.9966451685389237,0.9832241751412307
2014-05-19 13:00:00,0.9930323091025568,0.994456629466848,0.9963264559896048,0.9839379986738616
2014-05-20 07:00:00,0.9942730154209428,0.9944566294668479,0.9966451685389235,0.9847116341959401
2014-05-20 08:00:00,0.9957266769572101,0.9960259221586797,0.9971497277171488,0.985887924883977
2014-05-20 09:00:00,0.9946415582389566,0.9944566294668479,0.9972342735309563,0.985425457728571
2014-05-20 10:00:00,0.9946415582389566,0.994456629466848,0.9973681681334637,0.9847116341959401
2014-05-20 11:00:00,0.9946415582389566,0.9952037978179096,0.9973681681334637,0.9859690315576278
2014-05-20 12:00:00,0.9957266769572098,0.9952037978179096,0.9973681681334635,0.9862982673024585
2014-05-20 13:00:00,0.9957266769572101,0.9952037978179096,0.9972836223196561,0.9877624070479267
2014-05-21 07:00:00,0.9962329454737315,0.9920359209711118,0.997439635183424,0.9880916427927574
2014-05-21 08:00:00,0.9973180641919848,0.9920359209711118,0.9975651551107645,0.9885541099481637
2014-05-21 09:00:00,0.9973180641919848,0.993352644869792,0.9977379645032735,0.9900182496936321
2014-05-21 10:00:00,0.9980390702121906,0.99652052171659,0.9980655213893962,0.9908653046368386
2014-05-21 11:00:00,0.9980390702121906,0.9965205217165898,0.9983091728349299,0.9894379203779728
2014-05-21 12:00:00,0.9973180641919848,0.9927206738987662,0.9981082393400333,0.9885908654347663
2014-05-21 13:00:00,0.9968117956754633,0.9919735055477046,0.9980218746428818,0.988590865434766
2014-05-22 07:00:00,0.9970044532821793,0.9957733533655282,0.9985428879405803,0.9878104261968472
2014-05-22 08:00:00,0.9957637469637933,0.993519307746042,0.9985428879405803,0.9878104261968472
2014-05-22 09:00:00,0.9957637469637933,0.993519307746042,0.9985428879405803,0.9863462864513788
2014-05-22 10:00:00,0.9948809265808674,0.9935193077460418,0.9983091728349299,0.9867308742391794
2014-05-22 11:00:00,0.9959193345639259,0.993519307746042,0.9984982711083935,0.9870187232966104
2014-05-22 12:00:00,0.9957637469637933,0.993519307746042,0.998618766818153,0.9873479590414411
2014-05-22 13:00:00,0.9956019326010733,0.993519307746042,0.9986187668181526,0.9867308742391794
2014-05-23 07:00:00,0.9954092749943573,0.9950886004378738,0.9987132635488679,0.9864430251817479
2014-05-23 08:00:00,0.9964476829774159,0.9950886004378738,0.9988789379970632,0.9872900801249547
2014-05-23 09:00:00,0.9975328016956692,0.9950886004378738,0.9990973784133781,0.989113315833939
2014-05-23 10:00:00,0.9975328016956692,0.9950886004378738,0.9990973784133781,0.9901149884240014
2014-05-23 11:00:00,0.9977254593023852,0.995910724778644,0.9991856419920794,0.9889386977359641
2014-05-23 12:00:00,0.9975328016956692,0.9950886004378738,0.9993225822476764,0.9893232855237647
2014-05-23 13:00:00,0.9975328016956692,0.9922025838473617,0.9993225822476764,0.9896111345811959
2014-05-27 07:00:00,0.9977086953938111,0.9922025838473615,0.9994564768501839,0.9904581895244026
2014-05-27 08:00:00,0.9973912934309579,0.9878159858387695,0.999497450963717,0.9908427773122029
2014-05-27 09:00:00,0.9978772558494706,0.9864992619400892,0.9994091873850157,0.9893786375667345
2014-05-27 10:00:00,0.9975328016956692,0.9884027360295381,0.9994091873850157,0.9879512533078687
2014-05-27 11:00:00,0.9975328016956692,0.9912887526200502,0.9994091873850157,0.9884137204632748
2014-05-27 12:00:00,0.9975328016956692,0.9886381101795398,0.9991954038789738,0.9894153930533369
2014-05-27 13:00:00,0.9977086953938109,0.9878159858387695,0.9991497728551677,0.9902624479965437
2014-05-28 07:00:00,0.9982370438073008,0.9878159858387695,0.999283667457675,0.9897999808411375
2014-05-28 08:00:00,0.9973137394517676,0.9878159858387695,0.999069883951633,0.9875921573443526
2014-05-28 09:00:00,0.9977086953938108,0.9912887526200501,0.999024252927827,0.9861647730854866
2014-05-28 10:00:00,0.9970468392771566,0.9893852785306013,0.9989840984069723,0.9857801852976862
2014-05-28 11:00:00,0.9972153997328166,0.9912887526200501,0.9992380364338692,0.9864940088303171
2014-05-28 12:00:00,0.9972153997328164,0.9944566294668479,0.999283667457675,0.9861094210425166
2014-05-28 13:00:00,0.9973912934309581,0.9930247081881317,0.9991497728551676,0.9878660410462132
2014-05-29 07:00:00,0.9978772558494706,0.9907706625686457,0.9992380364338692,0.9872489562439513
2014-05-29 08:00:00,0.9973912934309581,0.9863840645600536,0.9989840984069723,0.9872489562439515
2014-05-29 09:00:00,0.996838847866412,0.989034707000564,0.9987703149009304,0.9864019013007449
2014-05-29 10:00:00,0.9973912934309582,0.9922025838473617,0.999024252927827,0.9872489562439515
2014-05-29 11:00:00,0.9973912934309582,0.9895519414068513,0.9987246838771243,0.9872489562439515
2014-05-29 12:00:00,0.9972153997328164,0.9857520935890277,0.9986779914775202,0.9858215719850855
2014-05-29 13:00:00,0.9965796149058438,0.9817317534954476,0.9983390553514458,0.9851077484524545
2014-05-30 07:00:00,0.9973912934309582,0.9785638766486497,0.9981106640182235,0.9847785127076238
2014-05-30 08:00:00,0.9973912934309582,0.9731486514337033,0.9982445586207307,0.9858213091786895
2014-05-30 09:00:00,0.9960007647041118,0.9731486514337033,0.9979572604286824,0.9853588420232833
2014-05-30 10:00:00,0.9958248710059701,0.9693488036158796,0.9978670125726896,0.9847417572210215
2014-05-30 11:00:00,0.9951038649857642,0.9693488036158797,0.9982445586207307,0.9852042243764275
2014-05-30 12:00:00,0.9935688669698152,0.9682144801128116,0.9978670125726896,0.9837400846309593
2014-05-30 13:00:00,0.9922707930336807,0.9659348818255248,0.9977235453230324,0.9819834646272628
2014-06-02 07:00:00,0.9928787041936051,0.9713823569596096,0.9981264271025377,0.9812696410946317
2014-06-02 08:00:00,0.9934903978540209,0.9682144801128119,0.9980381635238361,0.9817321082500378
2014-06-02 09:00:00,0.9931729958911683,0.9617383777723726,0.9979925325000303,0.9800122437329438
2014-06-02 10:00:00,0.9928787041936051,0.9540857530995025,0.9979925325000303,0.9800122437329438
2014-06-02 11:00:00,0.994018746267511,0.9605618554399417,0.9977787489939883,0.9806293285352056
2014-06-02 12:00:00,0.9947734901673843,0.965934881825525,0.9977787489939883,0.9818867258968935
2014-06-02 13:00:00,0.9956563105503103,0.9694466329510226,0.9976352817443309,0.9828883984869556
2014-06-03 07:00:00,0.9970468392771566,0.9748941080851073,0.9979126435964958,0.9828883984869556
2014-06-03 08:00:00,0.9970468392771566,0.9748941080851073,0.9979126435964958,0.9817121077989183
2014-06-03 09:00:00,0.9972307335368452,0.9748941080851073,0.9979126435964956,0.9813275200111179
2014-06-03 10:00:00,0.9972307335368452,0.9789144481786874,0.9982445586207307,0.9779179140020112
2014-06-03 11:00:00,0.9958402048099988,0.9729516496514414,0.9981264271025375,0.9764537742565428
2014-06-03 12:00:00,0.9958402048099989,0.9694398985259437,0.9978490652503729,0.9758734449408836
2014-06-03 13:00:00,0.9958402048099989,0.9754026970531897,0.9977235453230324,0.976453774256543
2014-06-04 07:00:00,0.9962351607520421,0.9813654955804356,0.9981264271025377,0.9774554468466051
2014-06-04 08:00:00,0.9965405707606352,0.9789144481786873,0.9981264271025375,0.9786317375346425
2014-06-04 09:00:00,0.9955449979758321,0.9757162324258776,0.9975675324592644,0.9765872684735145
2014-06-04 10:00:00,0.9960512664923538,0.9806504037467692,0.9973537489532225,0.9768751175309458
2014-06-04 11:00:00,0.9972394968838728,0.9815642349740805,0.9979126435964956,0.9772043532757763
2014-06-04 12:00:00,0.9977678452973627,0.9798282794059989,0.9980381635238362,0.9783806439638134
2014-06-04 13:00:00,0.9970468392771568,0.9748941080851073,0.9979925325000303,0.978960973279473
2014-06-05 07:00:00,0.9975751876906467,0.976630063653189,0.9979925325000303,0.9803883575383388
2014-06-05 08:00:00,0.9961846589638004,0.9761167598399959,0.9974336378567569,0.9775634492392922
2014-06-05 09:00:00,0.9958402048099989,0.976630063653189,0.9974336378567569,0.9772342134944616
2014-06-05 10:00:00,0.9947001627360931,0.9711825885191044,0.9967873684213154,0.9772342134944616
2014-06-05 11:00:00,0.9956563105503102,0.9748941080851073,0.9968291962844859,0.9772342134944617
2014-06-05 12:00:00,0.9958248710059701,0.9773451554868556,0.9970633630199973,0.9772342134944617
2014-06-05 13:00:00,0.9946886114325559,0.9773451554868556,0.9971915555803192,0.978410504182499
2014-06-06 07:00:00,0.9946886114325559,0.9789144481786874,0.9972818034363122,0.9792575591257057
2014-06-06 08:00:00,0.9927158602617212,0.9757162324258776,0.9972818034363122,0.9777934193802372
2014-06-06 09:00:00,0.9927158602617212,0.9789144481786874,0.9972818034363122,0.9767917467901749
2014-06-06 10:00:00,0.9923854854433413,0.9789144481786874,0.9972818034363122,0.977793419380237
2014-06-06 11:00:00,0.9917961205674963,0.9757162324258776,0.9972818034363122,0.977793419380237
2014-06-06 12:00:00,0.9927158602617212,0.9789144481786873,0.9972818034363122,0.9772498455511804
2014-06-06 13:00:00,0.9918330398787951,0.9748941080851073,0.9973681681334635,0.9752053764900527
2014-06-09 07:00:00,0.9918330398787951,0.9729516496514413,0.9974991496628021,0.975589964277853
2014-06-09 08:00:00,0.99055351222674,0.9664755473110024,0.9968013978625987,0.9738700997607591
2014-06-09 09:00:00,0.9886370165488776,0.9588229226381322,0.9968013978625987,0.9735408640159284
2014-06-09 10:00:00,0.9893128059083541,0.9664755473110022,0.9974991496628021,0.9735408640159284
2014-06-09 11:00:00,0.9895151042436815,0.9729516496514414,0.9974991496628021,0.973156276228128
2014-06-09 12:00:00,0.9895151042436813,0.9761498654042513,0.9974991496628021,0.9721134797570624
2014-06-09 13:00:00,0.9886370165488775,0.9786009128059994,0.9974991496628021,0.972498067544863
2014-06-10 07:00:00,0.9893128059083541,0.9813654955804355,0.9974991496628021,0.9735408640159284
2014-06-10 08:00:00,0.9872464878220313,0.9754026970531897,0.9974991496628021,0.9735408640159284
2014-06-10 09:00:00,0.9868276986489014,0.9729516496514413,0.9968013978625987,0.9741579488181902
2014-06-10 10:00:00,0.9886370165488778,0.9789144481786874,0.9968013978625987,0.972981658130153
2014-06-10 11:00:00,0.9889968045067079,0.9813654955804355,0.9968013978625987,0.9735987429324148
2014-06-10 12:00:00,0.9884281929251175,0.9754026970531897,0.9963579180471672,0.9721112838777054
2014-06-10 13:00:00,0.9875824425487747,0.9694398985259437,0.996181305494023,0.9700668148165776
2014-06-11 07:00:00,0.9875824425487749,0.9729516496514414,0.996181305494023,0.969682227028777
2014-06-11 08:00:00,0.9875824425487749,0.9789144481786873,0.996181305494023,0.969219759873371
2014-06-11 09:00:00,0.9889968045067076,0.9813654955804355,0.9958833233729459,0.9709763798770673
2014-06-11 10:00:00,0.9871874866067314,0.9754026970531895,0.9954486086237824,0.9682370381981488
2014-06-11 11:00:00,0.9882420606068341,0.9754026970531895,0.995271996070638,0.9682370381981488
2014-06-11 12:00:00,0.9876062757798613,0.9754026970531895,0.9950068632547191,0.9668096539392828
2014-06-11 13:00:00,0.9868144703602484,0.9771689915272832,0.9947013076774538,0.9657668574682173
2014-06-12 07:00:00,0.9880691099214567,0.9771689915272832,0.995099186678129,0.9668096539392828
2014-06-12 08:00:00,0.9886770210813812,0.9813654955804355,0.9955785182594793,0.9681216113593355
2014-06-12 09:00:00,0.9899565487334363,0.9825842167422297,0.9957969586757944,0.9686651851883923
2014-06-12 10:00:00,0.9888609153410696,0.9825842167422297,0.9957969586757944,0.9651454042715548
2014-06-12 11:00:00,0.9880691099214567,0.9852348591827402,0.9957969586757944,0.9634255397544609
2014-06-12 12:00:00,0.9858583225460311,0.9825842167422297,0.9957969586757944,0.9630963040096302
2014-06-12 13:00:00,0.9848417191894137,0.9831709669329981,0.9953990796751192,0.9634255397544609
2014-06-13 07:00:00,0.9848417191894137,0.98258421674223,0.9953544628429322,0.9634255397544609
2014-06-13 08:00:00,0.9848417191894139,0.9785638766486499,0.9957096790796621,0.9651220849623138
2014-06-13 09:00:00,0.9871919921429889,0.9823637244664735,0.9960619270565313,0.9659691399055207
2014-06-13 10:00:00,0.9871919921429889,0.9855316013132711,0.9961958216590387,0.9637613164087356
2014-06-13 11:00:00,0.9879722462590644,0.9832520030259844,0.9961958216590387,0.9620046964050393
2014-06-13 12:00:00,0.9870160984448472,0.9800841261791866,0.9953544628429322,0.95984568404178
2014-06-13 13:00:00,0.987848807541776,0.979170294951875,0.9954854443722707,0.9601749197866104
2014-06-16 07:00:00,0.9884605012021919,0.9757228702629107,0.9958406606090004,0.9595578349843487
2014-06-16 08:00:00,0.9866995931244621,0.9725039909235623,0.9957096790796621,0.9561482289752421
2014-06-16 09:00:00,0.9869376293290532,0.9734178221508739,0.9962385396096757,0.9543249932662576
2014-06-16 10:00:00,0.9864877500313574,0.9773214544178767,0.9957096790796621,0.956484005629517
2014-06-16 11:00:00,0.9864877500313574,0.9800841261791866,0.9953971807935692,0.9539469463879017
2014-06-16 12:00:00,0.9864877500313574,0.9800841261791866,0.9953971807935692,0.9547273856258207
2014-06-16 13:00:00,0.9850155647725861,0.9769162493323889,0.9948125466402344,0.9541103008235587
2014-06-17 07:00:00,0.9850155647725861,0.9785638766486499,0.9942875840350782,0.9531086282334964
2014-06-17 08:00:00,0.9841374770777823,0.98258421674223,0.9945941062239195,0.9479424022206931
2014-06-17 09:00:00,0.9817872041242073,0.9825842167422296,0.9943289734080005,0.9445327962115866
2014-06-17 10:00:00,0.9817872041242073,0.9796982001517176,0.9943289734080005,0.9439157114093248
2014-06-17 11:00:00,0.9804635265089401,0.9777557417180516,0.9943289734080005,0.9433353820936654
2014-06-17 12:00:00,0.9789559546339843,0.9749911589436155,0.9942879992944674,0.9439157114093248
2014-06-17 13:00:00,0.9798756943282094,0.9763078828422959,0.9944775410830022,0.9453798511547931
2014-06-18 07:00:00,0.9798756943282093,0.9763078828422961,0.99455866971739,0.9442035604667561
2014-06-18 08:00:00,0.9815591599013068,0.9751313605098649,0.9948721945868653,0.9437410933113497
2014-06-18 09:00:00,0.9830667317762624,0.9763078828422959,0.9945586697173896,0.9506639393278496
2014-06-18 10:00:00,0.9836560966521076,0.9738568354405478,0.9946414716940933,0.9497911297539622
2014-06-18 11:00:00,0.9854170047298374,0.978685310464726,0.9952679337105989,0.9532007357630689
2014-06-18 12:00:00,0.9846658254912724,0.9798196339677937,0.9949140224500358,0.9536632029184751
2014-06-18 13:00:00,0.9823155525376971,0.9798196339677937,0.9946015241639428,0.9513630090857218
2014-06-19 07:00:00,0.9823155525376971,0.9811363578664739,0.9948721945868652,0.9528271488311901
2014-06-19 08:00:00,0.9834111859300638,0.9811363578664739,0.9948721945868652,0.9540034395192275
2014-06-19 09:00:00,0.9834111859300637,0.980504386895448,0.9947910659524773,0.9530017669291654
2014-06-19 10:00:00,0.9808079806627416,0.9798196339677937,0.9941584878635826,0.9460789209126654
2014-06-19 11:00:00,0.9834111859300638,0.9846481089919719,0.9947910659524775,0.9470805935027278
2014-06-19 12:00:00,0.9841623651686291,0.9846481089919717,0.9949140224500358,0.9501612265734
2014-06-19 13:00:00,0.9846122444663248,0.9828818145178781,0.9949140224500358,0.9510340361472872
2014-06-20 07:00:00,0.9858668840275332,0.9846177700859599,0.9954428829800491,0.9505715689918812
2014-06-20 08:00:00,0.9869376293290532,0.9877856469327575,0.9951851317338953,0.9502423332470505
2014-06-20 09:00:00,0.9869376293290532,0.9877856469327575,0.9948726334478024,0.95716517926355
2014-06-20 10:00:00,0.9880776714029588,0.9877856469327574,0.9949554354245058,0.9581668518536126
2014-06-20 11:00:00,0.9889103804998878,0.9893549396245894,0.9954912386633472,0.9599900875625968
2014-06-20 12:00:00,0.9890602029083482,0.9893549396245894,0.9954912386633472,0.9596151472436601
2014-06-20 13:00:00,0.9890602029083481,0.9863905884096479,0.9952261058474284,0.9558488140062379
2014-06-23 07:00:00,0.9890602029083481,0.9872127127504181,0.9957967942406124,0.9561804706021336
2014-06-23 08:00:00,0.9882274938114192,0.9863905884096479,0.9960727888392943,0.9553942928404064
2014-06-23 09:00:00,0.9869728542502108,0.9848212957178162,0.9960727888392943,0.9553942928404064
2014-06-23 10:00:00,0.9869728542502108,0.9885328152838192,0.9959899868625908,0.9557817084795878
2014-06-23 11:00:00,0.9869728542502108,0.9909838626855674,0.9957967942406124,0.9561133650754833
2014-06-23 12:00:00,0.9886513137234823,0.9900700314582558,0.9960200991933609,0.9567349872659969
2014-06-23 13:00:00,0.9886513137234823,0.9886381101795397,0.9960200991933609,0.9605013205034191
2014-06-24 07:00:00,0.9886513137234825,0.9886381101795397,0.9960200991933609,0.9579456064144387
2014-06-24 08:00:00,0.986972854250211,0.9878159858387696,0.9957139922639089,0.9588248337057812
2014-06-24 09:00:00,0.9866785625526477,0.989034707000564,0.9957139922639088,0.9596041577243455
2014-06-24 10:00:00,0.9874588166687233,0.9884027360295381,0.9957967942406124,0.9596041577243455
2014-06-24 11:00:00,0.9877762186315762,0.9857520935890275,0.995712248426805,0.9596041577243455
2014-06-24 12:00:00,0.9872852501132378,0.9838096351553616,0.9962115479782351,0.9618282152174301
2014-06-24 13:00:00,0.9877762186315762,0.9857520935890275,0.9967279705156272,0.9618282152174301
2014-06-25 07:00:00,0.9876206310314435,0.9878159858387696,0.9964218635861752,0.9635607257971499
2014-06-25 08:00:00,0.9879260410400366,0.9864992619400892,0.9964218635861752,0.9635607257971499
2014-06-25 09:00:00,0.9898425367178989,0.9908858599486814,0.9964218635861752,0.9661421191502992
2014-06-25 10:00:00,0.9896045005133078,0.9917079842894516,0.9966451685389237,0.9647042394189418
2014-06-25 11:00:00,0.989287098550455,0.9917079842894516,0.9964645815368123,0.9638250121275993
2014-06-25 12:00:00,0.9910480066281849,0.9917079842894515,0.9964645815368123,0.9663807262165794
2014-06-25 13:00:00,0.992501668164452,0.9917079842894516,0.9967706884662642,0.9698154028581061
2014-06-26 07:00:00,0.9927264661014564,0.9945940008799636,0.9974312605082573,0.972132509880806
2014-06-26 08:00:00,0.9928820537015891,0.9945940008799636,0.9971251535788052,0.9731415477105012
2014-06-26 09:00:00,0.9927264661014563,0.9945940008799637,0.9967033963772837,0.9722882644221238
2014-06-26 10:00:00,0.9940245400375909,0.9945940008799637,0.9972079555555088,0.9737261441534812
2014-06-26 11:00:00,0.9938627256748707,0.9966578931297058,0.997326087073702,0.9740578007493769
2014-06-26 12:00:00,0.993694165219211,0.9980898144084218,0.9970824356281681,0.9740578007493769
2014-06-26 13:00:00,0.9949922391553453,0.9988369827594835,0.9973885425576201,0.9746794229398905
2014-06-27 07:00:00,0.9959155435108787,0.9988369827594835,0.9979597508892768,0.9755327062282679
2014-06-27 08:00:00,0.9964943937126105,0.9988369827594835,0.9979597508892768,0.9780884203172481
2014-06-27 09:00:00,0.9960271693412974,0.9988369827594835,0.9975476481893464,0.9768217773867243
2014-06-27 10:00:00,0.9965796149058436,0.9980898144084218,0.9976946180733577,0.976237180943744
2014-06-27 11:00:00,0.9967555086039851,0.9960259221586797,0.9977791638871651,0.976237180943744
2014-06-27 12:00:00,0.996203063039439,0.9952787538076182,0.9976963619104616,0.9744676446164909
2014-06-27 13:00:00,0.995246915225222,0.9952787538076182,0.997326087073702,0.973748572381414
2014-06-30 07:00:00,0.995246915225222,0.9960259221586797,0.9968540442949457,0.9722736669025229
2014-06-30 08:00:00,0.9954228089233637,0.9941224480692313,0.9970549777898423,0.9719420103066275
2014-06-30 09:00:00,0.9946680650234899,0.9933752797181695,0.9969320212922841,0.9721996154074564
2014-06-30 10:00:00,0.9954483191395657,0.9960259221586797,0.9968540442949457,0.973384555291729
2014-06-30 11:00:00,0.9968388478664121,0.9967730905097416,0.997326087073702,0.973384555291729
2014-06-30 12:00:00,0.996838847866412,0.9960259221586797,0.9976536439598247,0.9737719709309105
2014-06-30 13:00:00,0.996838847866412,0.99734264605736,0.9979597508892768,0.9743935931214242
2014-07-01 07:00:00,0.996838847866412,0.99734264605736,0.9980802465990363,0.9766176506145087
2014-07-01 08:00:00,0.9971562498292648,0.99734264605736,0.9978315583289548,0.9766176506145087
2014-07-01 09:00:00,0.9973248102849245,0.99734264605736,0.9976946180733577,0.9766176506145089
2014-07-01 10:00:00,0.9978772558494706,0.99734264605736,0.9979597508892768,0.9766176506145087
2014-07-01 11:00:00,0.9971562498292648,0.9980898144084217,0.9973885425576202,0.9784542924684121
2014-07-01 12:00:00,0.9964015059293913,0.99652052171659,0.9973885425576202,0.9784542924684121
2014-07-01 13:00:00,0.9962329454737315,0.9958357687889355,0.9972079555555087,0.9776010091800347
2014-07-02 07:00:00,0.9964015059293913,0.9980898144084217,0.9971251535788052,0.9767217818886922
2014-07-02 08:00:00,0.9951607996110052,0.9980898144084218,0.997326087073702,0.9752468764098016
2014-07-02 09:00:00,0.9951607996110052,0.9980898144084217,0.9976536439598247,0.9734102345558981
2014-07-02 10:00:00,0.9960841039665385,0.9958357687889353,0.9979597508892768,0.9739578052513448
2014-07-02 11:00:00,0.9959155435108787,0.9958357687889353,0.9979597508892766,0.9760173071732161
2014-07-02 12:00:00,0.9962329454737313,0.9958357687889353,0.9980442967030843,0.9760173071732161
2014-07-02 13:00:00,0.9964015059293913,0.9980898144084218,0.9976321940031538,0.9741806653193129
2014-07-03 07:00:00,0.9959155435108787,0.99652052171659,0.9976321940031541,0.9721211633974416
2014-07-03 08:00:00,0.9966702874107523,0.9957733533655283,0.9976321940031538,0.9721211633974416
2014-07-03 09:00:00,0.9973912934309582,0.9957733533655283,0.9976321940031538,0.973559043128799
2014-07-03 10:00:00,0.9973912934309582,0.99652052171659,0.9974730883714279,0.9750339486076901
2014-07-07 07:00:00,0.9972153997328164,0.9950886004378738,0.9976740218663245,0.9756555707982038
2014-07-07 08:00:00,0.9980611501091591,0.9937718765391936,0.9978506344194688,0.977425107125457
2014-07-07 09:00:00,0.9975751876906467,0.9958357687889355,0.9973870493547767,0.9768034849349434
2014-07-07 10:00:00,0.9969394028636739,0.9950886004378737,0.9971276348249289,0.977135141530839
2014-07-07 11:00:00,0.9957993607897682,0.9950886004378737,0.9965300836531492,0.9771351415308388
2014-07-07 12:00:00,0.9961759126561724,0.9957733533655283,0.9970046783273707,0.9767477258916575
2014-07-07 13:00:00,0.9961759126561727,0.9957733533655283,0.997138572929878,0.9772135935408536
2014-07-08 07:00:00,0.9959832550494566,0.9950886004378737,0.9975176121807624,0.9783985334251262
2014-07-08 08:00:00,0.9967635091655321,0.9944566294668479,0.9978109172830308,0.9777769112346125
2014-07-08 09:00:00,0.9967635091655321,0.9952037978179096,0.9975176121807624,0.9747296502322674
2014-07-08 10:00:00,0.9967635091655321,0.9960259221586797,0.9976832866289577,0.9759402693807091
2014-07-08 11:00:00,0.9956234670916265,0.994456629466848,0.9976832866289577,0.9762302349753276
2014-07-08 12:00:00,0.9959832550494566,0.9930247081881317,0.9976832866289577,0.9765202005699456
2014-07-08 13:00:00,0.9967635091655321,0.9930247081881317,0.9976832866289577,0.9762302349753276
2014-07-09 07:00:00,0.9967635091655321,0.9907706625686457,0.9976832866289577,0.9756086127848137
2014-07-09 08:00:00,0.9956234670916265,0.9878846459781333,0.9976832866289579,0.9748895405497369
2014-07-09 09:00:00,0.9952285111495831,0.9840847981603097,0.9976832866289579,0.9748895405497369
2014-07-09 10:00:00,0.9947001627360933,0.9796982001517178,0.9976832866289579,0.9736228976192132
2014-07-09 11:00:00,0.9952285111495831,0.9796982001517178,0.9970605959325396,0.9742445198097268
2014-07-09 12:00:00,0.9967635091655321,0.9786695729453632,0.9970605959325396,0.9760811616636301
2014-07-09 13:00:00,0.9967635091655321,0.9821423397266438,0.9970605959325396,0.9738571041705454
2014-07-10 07:00:00,0.9961846589638004,0.9869708147508218,0.9970605959325396,0.9708098431682002
2014-07-10 08:00:00,0.9965796149058436,0.9869708147508218,0.9970605959325396,0.9720764860987242
2014-07-10 09:00:00,0.9967555086039853,0.989034707000564,0.9969045830687716,0.9695207720097438
2014-07-10 10:00:00,0.9973912934309581,0.9878159858387696,0.9965609699238885,0.9690549043605478
2014-07-10 11:00:00,0.9965796149058438,0.988402736029538,0.9963471864178465,0.9680458665308528
2014-07-10 12:00:00,0.9967635091655321,0.989034707000564,0.9970605959325396,0.9677142099349574
2014-07-10 13:00:00,0.9958402048099989,0.9878159858387696,0.9970605959325396,0.9671666392395103
2014-07-11 07:00:00,0.9966518833351132,0.9897194599282182,0.9970605959325396,0.9671666392395103
2014-07-11 08:00:00,0.9959617205589032,0.9878159858387695,0.9971052127647265,0.9680458665308528
2014-07-11 09:00:00,0.9962920953772834,0.9846481089919719,0.9967354163949167,0.9680458665308528
2014-07-11 10:00:00,0.9975328016956692,0.9878159858387696,0.9968182183716201,0.9688320442925801
2014-07-11 11:00:00,0.9970468392771568,0.9863840645600533,0.9968182183716201,0.967647104408307
2014-07-11 12:00:00,0.9966870513193266,0.9825842167422297,0.9968182183716201,0.9686975685004834
2014-07-11 13:00:00,0.9962920953772834,0.9863840645600536,0.9968182183716201,0.969882508384756
2014-07-14 07:00:00,0.9975328016956692,0.9907706625686457,0.9965997779553052,0.9702141649806516
2014-07-14 08:00:00,0.9976946160583894,0.9878846459781333,0.9958491886824018,0.971652044712009
2014-07-14 09:00:00,0.9980390702121908,0.9907706625686454,0.9957122484268047,0.9720394603511906
2014-07-14 10:00:00,0.9974866246476445,0.9922025838473615,0.9957967942406124,0.9726610825417042
2014-07-14 11:00:00,0.9982076306678506,0.9912887526200501,0.9957139922639088,0.9733801547767812
2014-07-14 12:00:00,0.9978772558494705,0.9886381101795397,0.9957139922639088,0.9727955583338009
2014-07-14 13:00:00,0.9980390702121908,0.9878159858387696,0.9954428829800493,0.9727955583338009
2014-07-15 07:00:00,0.9983988581700209,0.9893852785306013,0.9955959210811728,0.9724639017379053
2014-07-15 08:00:00,0.9987754100364254,0.9937718765391934,0.9960705157553944,0.9755111627402506
2014-07-15 09:00:00,0.9984156220785952,0.9917079842894516,0.9962989070886169,0.9745021249105557
2014-07-15 10:00:00,0.9982229644718792,0.9901386915976198,0.9964218635861752,0.975872899115263
2014-07-15 11:00:00,0.9975328016956692,0.9901386915976198,0.9956712743132718,0.977642435442516
2014-07-15 12:00:00,0.9976946160583894,0.9901386915976198,0.9956712743132717,0.9782640576330299
2014-07-15 13:00:00,0.9984156220785952,0.9901386915976196,0.9961458689874934,0.9782640576330297
2014-07-16 07:00:00,0.9984156220785952,0.9930247081881317,0.996298907088617,0.979117340921407
2014-07-16 08:00:00,0.9989439704920852,0.9945940008799636,0.9966342995929868,0.9816730550103873
2014-07-16 09:00:00,0.9986135956737053,0.9945940008799636,0.9967266230163969,0.9823921272454642
2014-07-16 10:00:00,0.9982370438073009,0.9930247081881319,0.9968495795139554,0.9815388439570868
2014-07-16 11:00:00,0.9982370438073009,0.9930247081881317,0.9961518277137518,0.9823921272454642
2014-07-16 12:00:00,0.9982370438073009,0.995910724778644,0.9960595042903418,0.9820604706495686
2014-07-16 13:00:00,0.9975751876906467,0.9930247081881317,0.9965588038417722,0.9825263382987645
2014-07-17 07:00:00,0.9973912934309582,0.9912887526200501,0.9967572560905452,0.9825263382987645
2014-07-17 08:00:00,0.9960007647041117,0.9878159858387696,0.9965588038417722,0.9803022808056799
2014-07-17 09:00:00,0.9960007647041117,0.9878159858387695,0.9970633630199973,0.9799706242097843
2014-07-17 10:00:00,0.9973912934309581,0.9893852785306013,0.9972193758837651,0.9803580398489659
2014-07-17 11:00:00,0.9970468392771568,0.9899720287213698,0.9968495795139554,0.980689696444861
2014-07-17 12:00:00,0.9972307335368452,0.9937718765391936,0.9968495795139554,0.9803022808056799
2014-07-17 13:00:00,0.9966518833351132,0.9937718765391936,0.9970633630199973,0.9792518167135036
2014-07-18 07:00:00,0.9975751876906467,0.9937718765391934,0.9969805610432937,0.9792518167135036
2014-07-18 08:00:00,0.9972307335368452,0.9917079842894516,0.9966618484939748,0.9803022808056799
2014-07-18 09:00:00,0.9972307335368452,0.9925301086302218,0.9963264559896048,0.9794489975173025
2014-07-18 10:00:00,0.9966518833351135,0.9945940008799636,0.9963264559896048,0.9798364131564841
2014-07-18 11:00:00,0.9968204437907732,0.995910724778644,0.9964519759169452,0.9798364131564841
2014-07-18 12:00:00,0.9980611501091591,0.9966578931297055,0.9966451685389237,0.9772806990675037
2014-07-18 13:00:00,0.9975328016956692,0.9960259221586797,0.9961458689874931,0.9764274157791263
2014-07-21 07:00:00,0.9968117956754633,0.9944566294668479,0.9964218635861751,0.9749525103002352
2014-07-21 08:00:00,0.9961216328992535,0.9912887526200501,0.9964628376997081,0.9752424758948535
2014-07-21 09:00:00,0.9970044532821793,0.9877770014945523,0.9966188505634761,0.9752424758948537
2014-07-21 10:00:00,0.9970044532821793,0.9843042347132719,0.9964218635861752,0.9760957591832309
2014-07-21 11:00:00,0.9976946160583894,0.9836194817856174,0.9962989070886169,0.9766803556262111
2014-07-21 12:00:00,0.9975328016956694,0.978685310464726,0.9961458689874931,0.9762169088476808
2014-07-21 13:00:00,0.9964476829774159,0.9766214182149838,0.9964218635861752,0.9739167150149274
2014-07-22 07:00:00,0.995655877557803,0.9777557417180516,0.996298907088617,0.9716165211821741
2014-07-22 08:00:00,0.9946174695747443,0.9766214182149838,0.9961458689874931,0.9685915029608679
2014-07-22 09:00:00,0.9946174695747443,0.9700296706676061,0.9960595042903416,0.9689207387056985
2014-07-22 10:00:00,0.9946174695747443,0.9640668721403604,0.9955430817529498,0.9694643125347553
2014-07-22 11:00:00,0.9942730154209428,0.9640668721403604,0.9955430817529498,0.9706406032227924
2014-07-22 12:00:00,0.9953114234040016,0.9615160272192312,0.9955430817529498,0.9696389306327303
2014-07-22 13:00:00,0.9953114234040016,0.9545479753937091,0.9958491886824018,0.9699681663775608
2014-07-23 07:00:00,0.9966094973401359,0.9587514444447951,0.9962115479782353,0.973048799448233
2014-07-23 08:00:00,0.9976946160583892,0.9640668721403604,0.9962960937920429,0.9750932685093607
2014-07-23 09:00:00,0.9976946160583892,0.9700296706676064,0.9970095033067358,0.9747640327645303
2014-07-23 10:00:00,0.9975328016956692,0.9677500723803194,0.9970095033067358,0.9781736387736367
2014-07-23 11:00:00,0.9982229644718792,0.9689687935421137,0.9967443704908168,0.9793499294616741
2014-07-23 12:00:00,0.9982229644718792,0.9700296706676065,0.9964628376997081,0.9785028745184674
2014-07-23 13:00:00,0.9982229644718792,0.9714615919463226,0.9969249574929283,0.9795045471085296
2014-07-24 07:00:00,0.9984156220785952,0.9780533394936999,0.9970095033067358,0.9786574921653229
2014-07-24 08:00:00,0.9984156220785951,0.9808179222681362,0.9965349086325141,0.9795045471085296
2014-07-24 09:00:00,0.9984156220785951,0.9808179222681362,0.9962697758165953,0.9802183706411607
2014-07-24 10:00:00,0.9984156220785951,0.980817922268136,0.9967861983539873,0.9819749906448574
2014-07-24 11:00:00,0.9984156220785951,0.980817922268136,0.9972104368016325,0.9816457549000267
2014-07-24 12:00:00,0.9984156220785951,0.9846177700859596,0.9976321940031538,0.981028670097765
2014-07-24 13:00:00,0.9984156220785951,0.9823637244664735,0.9972104368016326,0.9818757250409715
2014-07-25 07:00:00,0.9989439704920852,0.9846177700859596,0.9976740218663245,0.9847006333400182
2014-07-25 08:00:00,0.9984156220785952,0.9868718157054461,0.997850634419469,0.9838535783968115
2014-07-25 09:00:00,0.9984156220785952,0.9868718157054459,0.9979711301292282,0.9834689906090109
2014-07-25 10:00:00,0.9984156220785952,0.9893549396245894,0.9977117155993803,0.9830844028212106
2014-07-25 11:00:00,0.9984156220785952,0.9925531553773993,0.9981647924128437,0.9825040735055512
2014-07-25 12:00:00,0.9975328016956692,0.9933003237284609,0.9984643614635463,0.9821748377607209
2014-07-25 13:00:00,0.9975328016956692,0.9933003237284609,0.9982986870153511,0.9814610142280896
2014-07-28 07:00:00,0.9976946160583892,0.9933003237284609,0.9983798156497389,0.9809174403990328
2014-07-28 08:00:00,0.9968117956754633,0.9952037978179097,0.9985526250422477,0.9820937310870701
2014-07-28 09:00:00,0.9973180641919848,0.9960259221586797,0.9983834583683927,0.983521115345936
2014-07-28 10:00:00,0.9968117956754633,0.9960259221586797,0.9983834583683927,0.9830586481905299
2014-07-28 11:00:00,0.9966094973401359,0.9980898144084218,0.9984698230655442,0.9804960971246298
2014-07-28 12:00:00,0.9975328016956692,0.9973426460573602,0.9987035381711944,0.981076426440289
2014-07-28 13:00:00,0.9968117956754633,0.9960259221586797,0.998786340147898,0.9836389775061891
2014-07-29 07:00:00,0.9970044532821793,0.9967730905097416,0.998786340147898,0.9841014446615953
2014-07-29 08:00:00,0.9970044532821793,0.9952037978179096,0.9983834583683927,0.983716856873795
2014-07-29 09:00:00,0.9970044532821793,0.9933003237284608,0.9983834583683927,0.9817669306636794
2014-07-29 10:00:00,0.9970044532821793,0.9925531553773993,0.9983834583683927,0.9822293978190856
2014-07-29 11:00:00,0.9970044532821793,0.9918059870263375,0.9983834583683927,0.9817669306636794
2014-07-29 12:00:00,0.9968426389194591,0.9893549396245894,0.9982106489758837,0.9804549732436266
2014-07-29 13:00:00,0.9956019326010733,0.9848212957178161,0.9982106489758837,0.9804549732436266
2014-07-30 07:00:00,0.9959617205589034,0.9832520030259844,0.9983388415362057,0.978410504182499
2014-07-30 08:00:00,0.9961640188942306,0.9823381717986729,0.9983388415362057,0.978410504182499
2014-07-30 09:00:00,0.9964943937126105,0.9839074644905046,0.9983388415362059,0.9772342134944616
2014-07-30 10:00:00,0.9975328016956694,0.9893549396245894,0.9983388415362059,0.977814542810121
2014-07-30 11:00:00,0.9972024268772894,0.9877856469327575,0.9982158850386474,0.9789908334981582
2014-07-30 12:00:00,0.9975328016956692,0.9877856469327575,0.9984698230655442,0.9811498458614175
2014-07-30 13:00:00,0.9975328016956692,0.9855316013132712,0.9984296685446894,0.9811498458614175
2014-07-31 07:00:00,0.9975328016956692,0.9800841261791866,0.9982158850386474,0.9789908334981582
2014-07-31 08:00:00,0.9970044532821793,0.9816534188710185,0.9979765917312262,0.978410504182499
2014-07-31 09:00:00,0.9970044532821793,0.9839074644905046,0.9978902270340746,0.976983119923633
2014-07-31 10:00:00,0.9966094973401359,0.9876189840565076,0.9979713556684625,0.9766538841788023
2014-07-31 11:00:00,0.9962920953772834,0.9893852785306013,0.9977174176415657,0.9773677077114336
2014-07-31 12:00:00,0.9964476829774159,0.9861870627777916,0.9971727039424859,0.9744367460913147
2014-07-31 13:00:00,0.9966094973401359,0.9876189840565076,0.9974266419693827,0.9754384186813768
2014-08-01 07:00:00,0.9962329454737313,0.9900700314582558,0.9972128584633406,0.9740776501277986
2014-08-01 08:00:00,0.9968117956754633,0.9944566294668479,0.9977174176415656,0.9740776501277986
2014-08-01 09:00:00,0.9957266769572098,0.9944566294668479,0.9977174176415656,0.976614709369414
2014-08-01 10:00:00,0.9964476829774159,0.9944566294668479,0.9977174176415656,0.9774617643126209
2014-08-01 11:00:00,0.9969539514939373,0.9937718765391936,0.9977174176415656,0.9811731651706583
2014-08-01 12:00:00,0.9980390702121908,0.9966578931297058,0.9982106489758837,0.982215961641724
2014-08-01 13:00:00,0.9977086953938109,0.9966578931297058,0.9982106489758837,0.98364334590059
2014-08-04 07:00:00,0.9978925896534994,0.9966578931297058,0.9982106489758837,0.984357169433221
2014-08-04 08:00:00,0.9980852472602153,0.9966578931297058,0.998613530755389,0.9847417572210215
2014-08-04 09:00:00,0.9977086953938109,0.9966578931297058,0.998786340147898,0.9853220865366809
2014-08-04 10:00:00,0.996825875010885,0.9966578931297058,0.9988273142614309,0.9849928507918502
2014-08-04 11:00:00,0.996825875010885,0.99734264605736,0.9987826974292441,0.9849928507918502
2014-08-04 12:00:00,0.9966235766755575,0.9944566294668479,0.9987417233157111,0.9849928507918502
2014-08-04 13:00:00,0.9972024268772894,0.9928873367750162,0.999054660462741,0.9854553179472564
2014-08-05 07:00:00,0.9970468392771566,0.9928873367750162,0.9988362200464264,0.9854553179472564
2014-08-05 08:00:00,0.9970468392771566,0.994456629466848,0.9990956345762741,0.9832474944504715
2014-08-05 09:00:00,0.9961640188942308,0.9960259221586797,0.9990956345762741,0.9812030253893438
2014-08-05 10:00:00,0.9955851686924989,0.9960259221586797,0.9989617399737667,0.9803559704461371
2014-08-05 11:00:00,0.9961640188942308,0.9960259221586797,0.9989617399737667,0.9803559704461371
2014-08-05 12:00:00,0.9954092749943573,0.9980898144084218,0.9990956345762741,0.9808184376015433
2014-08-05 13:00:00,0.9954092749943573,0.9980898144084218,0.9990956345762741,0.9821792061551216
2014-08-06 07:00:00,0.9954092749943573,0.9980898144084217,0.9993607673921932,0.9821792061551216
2014-08-06 08:00:00,0.9948809265808672,0.99734264605736,0.9992684439687832,0.9817167389997153
2014-08-06 09:00:00,0.9948809265808672,0.9980898144084218,0.9990956345762741,0.9794165451669621
2014-08-06 10:00:00,0.9944137022095542,0.9980898144084218,0.9990546604627413,0.9787857773795965
2014-08-06 11:00:00,0.9939638229118584,0.99734264605736,0.9988453392680313,0.9799601189960186
2014-08-06 12:00:00,0.9945755165722742,0.9980273989850146,0.9989763207973699,0.9799601189960186
2014-08-06 13:00:00,0.9944137022095542,0.9987745673360762,0.9989763207973699,0.9805772037982806
2014-08-07 07:00:00,0.9945755165722742,0.99734264605736,0.9989763207973696,0.9820045880571466
2014-08-07 08:00:00,0.9945755165722742,0.99734264605736,0.9989763207973696,0.9811575331139398
2014-08-07 09:00:00,0.9941602630190659,0.99734264605736,0.9989763207973699,0.9811575331139398
2014-08-07 10:00:00,0.9945755165722742,0.9980898144084218,0.9989763207973699,0.9805772037982806
2014-08-07 11:00:00,0.9947778149076015,0.9987745673360763,0.9989763207973696,0.9795344073272152
2014-08-07 12:00:00,0.9954988209278074,0.9987745673360763,0.9993225822476767,0.9805772037982806
2014-08-07 13:00:00,0.9954988209278076,0.9987745673360763,0.9992779654154897,0.9783693803014957
2014-08-08 07:00:00,0.9960512664923538,0.9987745673360763,0.9992779654154897,0.9773265838304301
2014-08-08 08:00:00,0.9965796149058438,0.9987745673360763,0.9990128325995705,0.9751187603336452
2014-08-08 09:00:00,0.9962198269480136,0.9980273989850146,0.9989264679024191,0.9751187603336452
2014-08-08 10:00:00,0.9954395728319381,0.9957733533655283,0.9988453392680313,0.9751187603336452
2014-08-08 11:00:00,0.9960512664923538,0.9950886004378737,0.9989763207973696,0.9751187603336454
2014-08-08 12:00:00,0.9962198269480136,0.9957733533655283,0.9990992772949281,0.9745016755313834
2014-08-08 13:00:00,0.9967722725125596,0.9957733533655283,0.999054660462741,0.9761982207392366
2014-08-11 07:00:00,0.9977678452973627,0.9957733533655282,0.999054660462741,0.9765274564840672
2014-08-11 08:00:00,0.9986135956737053,0.99652052171659,0.9992779654154895,0.9773745114272739
2014-08-11 09:00:00,0.9989733836315355,0.9987745673360762,0.9992779654154895,0.9784173078983394
2014-08-11 10:00:00,0.9989733836315355,0.9987745673360762,0.9992779654154895,0.9795201791652484
2014-08-11 11:00:00,0.9989733836315355,0.9987745673360762,0.9991122909672945,0.9802340026978794
2014-08-11 12:00:00,0.9989733836315355,0.9987745673360762,0.9991569077994812,0.9802340026978794
2014-08-11 13:00:00,0.9989733836315355,0.9987745673360762,0.9991569077994814,0.979191206226814
2014-08-12 07:00:00,0.9986135956737053,0.9980898144084218,0.9991569077994812,0.9802340026978794
2014-08-12 08:00:00,0.9984297014140168,0.9987745673360762,0.9992025388232872,0.9798494149100788
2014-08-12 09:00:00,0.9986135956737053,0.9987745673360762,0.9991122909672943,0.9808922113811445
2014-08-12 10:00:00,0.9986135956737053,0.99734264605736,0.9991122909672945,0.981276799168945
2014-08-12 11:00:00,0.9986135956737053,0.99652052171659,0.9989840984069723,0.981276799168945
2014-08-12 12:00:00,0.9981276332551928,0.9980898144084218,0.998863602697213,0.9801739279020358
2014-08-12 13:00:00,0.9977678452973627,0.9980898144084217,0.9991122909672945,0.9798446921572056
2014-08-13 07:00:00,0.9973912934309581,0.9960259221586797,0.9991569077994812,0.9820525156539902
2014-08-13 08:00:00,0.9972153997328166,0.99734264605736,0.9991569077994812,0.9820525156539902
2014-08-13 09:00:00,0.9965796149058438,0.9980898144084218,0.9991569077994812,0.9820525156539902
2014-08-13 10:00:00,0.9965796149058436,0.99652052171659,0.9988636026972129,0.9808762249659528
2014-08-13 11:00:00,0.9965796149058436,0.99734264605736,0.9989063206478499,0.9813386921213589
2014-08-13 12:00:00,0.9965796149058436,0.9973426460573602,0.9992452567739242,0.9813386921213589
2014-08-13 13:00:00,0.9956563105503103,0.9950886004378738,0.999499194800821,0.9813386921213592
2014-08-14 07:00:00,0.995279758683906,0.9950886004378738,0.999668361474676,0.9823814885924246
2014-08-14 08:00:00,0.9960007647041118,0.9950886004378738,0.999668361474676,0.9833831611824869
2014-08-14 09:00:00,0.9965796149058438,0.9950886004378738,0.9995373799453376,0.9815599254735025
2014-08-14 10:00:00,0.9975751876906467,0.9930247081881317,0.999668361474676,0.9822737490061335
2014-08-14 11:00:00,0.9986135956737052,0.9930247081881319,0.9995819967775245,0.9834500396941707
2014-08-14 12:00:00,0.9986135956737052,0.9930247081881319,0.9995373799453376,0.9830654519063703
2014-08-14 13:00:00,0.9980852472602153,0.9936566791591576,0.9994034853428302,0.979326610152433
2014-08-15 07:00:00,0.9980852472602153,0.9907706625686457,0.9993607673921932,0.9787095253501713
2014-08-15 08:00:00,0.9984297014140168,0.9901386915976196,0.9995335767847021,0.9791719925055777
2014-08-15 09:00:00,0.998789489371847,0.9922025838473617,0.9994917489215315,0.9795565802933779
2014-08-15 10:00:00,0.9981276332551928,0.9922025838473617,0.9992266161056126,0.9795565802933779
2014-08-15 11:00:00,0.9981276332551928,0.9912887526200502,0.9992266161056126,0.9806594515602869
2014-08-15 12:00:00,0.9981276332551928,0.9912887526200502,0.9994917489215315,0.9806594515602869
2014-08-15 13:00:00,0.9981276332551928,0.9927206738987664,0.9995762947353389,0.9799456280276561
2014-08-18 07:00:00,0.9981276332551928,0.9927206738987662,0.9997529072884834,0.9794831608722496
2014-08-18 08:00:00,0.9981276332551928,0.9927206738987662,0.9996219257591451,0.9784814882821874
2014-08-18 09:00:00,0.9983115275148812,0.994456629466848,0.9996219257591451,0.9779957018175404
2014-08-18 10:00:00,0.9981276332551928,0.9973426460573602,0.9995800978959745,0.9799456280276561
2014-08-18 11:00:00,0.9981276332551928,0.9966578931297058,0.9997529072884834,0.9787693373396187
2014-08-18 12:00:00,0.9979517395570511,0.9950886004378738,0.9998411708671849,0.9773419530807527
2014-08-18 13:00:00,0.9975751876906467,0.9950886004378738,0.9998848176136992,0.9711329305968841
2014-08-19 07:00:00,0.9965796149058436,0.9930247081881317,0.9998848176136994,0.9711329305968841
2014-08-19 08:00:00,0.9965796149058436,0.9922025838473617,0.9997538360843609,0.969956639908847
2014-08-19 09:00:00,0.9967722725125596,0.9937718765391936,0.9997538360843609,0.9684691808541374
2014-08-19 10:00:00,0.9971320604703899,0.9960259221586797,0.9997965540349979,0.9689316480095436
2014-08-19 11:00:00,0.9971320604703899,0.9973426460573602,0.999668361474676,0.970754883718528
2014-08-19 12:00:00,0.9977678452973627,0.9959107247786441,0.9997965540349979,0.9717565563085903
2014-08-19 13:00:00,0.9982538077158751,0.9973426460573602,0.9998848176136992,0.9710427327759591
2014-08-20 07:00:00,0.9986135956737053,0.9980898144084218,0.9999275355643362,0.9706581449881587
2014-08-20 08:00:00,0.9975751876906465,0.9952037978179096,0.9999275355643362,0.9713719685207896
2014-08-20 09:00:00,0.9977510813887882,0.9927206738987664,0.9998411708671849,0.9710841194633583
2014-08-20 10:00:00,0.9981276332551926,0.9952037978179097,0.9998838888178219,0.976830674791821
2014-08-20 11:00:00,0.9977678452973627,0.9952037978179097,0.9999275355643362,0.9768306747918212
2014-08-20 12:00:00,0.9977678452973627,0.9933003237284608,0.9998411708671847,0.977544498324452
2014-08-20 13:00:00,0.9982538077158751,0.9933003237284609,0.9998848176136992,0.9779290861122526
2014-08-21 07:00:00,0.9984156220785952,0.9925531553773993,0.9998411708671847,0.977544498324452
2014-08-21 08:00:00,0.9985915157767369,0.9944566294668479,0.9997984529165479,0.9772152625796215
2014-08-21 09:00:00,0.9983988581700209,0.99734264605736,0.9998848176136994,0.9750562502163621
2014-08-21 10:00:00,0.9978925896534995,0.995910724778644,0.9997965540349979,0.9744391654141004
2014-08-21 11:00:00,0.9978925896534994,0.9930247081881319,0.9997101893378466,0.9747684011589309
2014-08-21 12:00:00,0.9975328016956692,0.9936566791591576,0.999668361474676,0.9730485366418368
2014-08-21 13:00:00,0.9969539514939374,0.9950886004378737,0.9995344668721685,0.9715449592805839
2014-08-22 07:00:00,0.9972843263123171,0.9957733533655283,0.9994034853428302,0.9720074264359901
2014-08-22 08:00:00,0.9972843263123171,0.9957733533655283,0.9991383525269112,0.9715449592805842
2014-08-22 09:00:00,0.9964015059293911,0.9957733533655283,0.9991383525269112,0.9709646299649247
2014-08-22 10:00:00,0.9952652463559769,0.9957733533655282,0.9990128325995705,0.9701841907270059
2014-08-22 11:00:00,0.9951034319932567,0.9926054765187304,0.9986589213390076,0.9750973740973654
2014-08-22 12:00:00,0.9951034319932569,0.9912887526200501,0.9984932468908121,0.9742503191541586
2014-08-22 13:00:00,0.9951034319932569,0.9922025838473615,0.9987070303968543,0.974712786309565
2014-08-25 07:00:00,0.9951034319932569,0.9897194599282182,0.9986187668181526,0.9759701836712528
2014-08-25 08:00:00,0.9951034319932569,0.9865515830814204,0.9982158850386474,0.974712786309565
2014-08-25 09:00:00,0.9949478443931241,0.9865515830814204,0.9978769489125731,0.9769206098063498
2014-08-25 10:00:00,0.9935573156662778,0.9853328619196263,0.9976332974670393,0.9757443191183124
2014-08-25 11:00:00,0.9938627256748709,0.985332861919626,0.9973057405809166,0.9757443191183124
2014-08-25 12:00:00,0.9940245400375909,0.9853328619196262,0.9973837175782552,0.9769206098063498
2014-08-25 13:00:00,0.9951607996110052,0.9843042347132719,0.9975176121807624,0.9790796221696091
2014-08-26 07:00:00,0.995478201573858,0.9811363578664739,0.9975176121807624,0.9796967069718708
2014-08-26 08:00:00,0.9954782015738579,0.980504386895448,0.9975176121807624,0.9777467807617553
2014-08-26 09:00:00,0.9951607996110052,0.9793700633923802,0.9975176121807624,0.9777467807617553
2014-08-26 10:00:00,0.9964015059293911,0.9843042347132717,0.9975622290129492,0.9784606042943861
2014-08-26 11:00:00,0.9964015059293913,0.9836194817856172,0.9977279034611446,0.9776135493511795
2014-08-26 12:00:00,0.9962329454737315,0.9829875108145913,0.9974739654342479,0.9759170041433266
2014-08-26 13:00:00,0.9949348715375972,0.9818531873115237,0.9968512747378299,0.9723972232264891
2014-08-27 07:00:00,0.9949348715375972,0.9858735274051037,0.9968512747378299,0.9723972232264891
2014-08-27 08:00:00,0.9949348715375972,0.987092248566898,0.9968512747378299,0.9737091806465417
2014-08-27 09:00:00,0.9949348715375972,0.9842062319763857,0.9968512747378299,0.9715501682832823
2014-08-27 10:00:00,0.9936941652192111,0.977614484429008,0.9968512747378299,0.9695679465330416
2014-08-27 11:00:00,0.9932269408478981,0.9744162686761986,0.9964358473442138,0.9705506682082636
2014-08-27 12:00:00,0.9932269408478981,0.9721366703889114,0.9962828092430903,0.9699335834060019
2014-08-27 13:00:00,0.9922592417301435,0.9668212426933462,0.9966451685389237,0.9707806383492087
2014-08-28 07:00:00,0.9935573156662778,0.9704007148208297,0.9973057405809167,0.9703181711938025
2014-08-28 08:00:00,0.9946935752396922,0.9668212426933462,0.9973959884369095,0.97383795211064
2014-08-28 09:00:00,0.9946935752396922,0.962434644684754,0.9972303139887143,0.9783504293866554
2014-08-28 10:00:00,0.9951607996110052,0.962434644684754,0.9968949214843443,0.9783504293866556
2014-08-28 11:00:00,0.9949478443931241,0.9677500723803194,0.9971400661327211,0.9783504293866554
2014-08-28 12:00:00,0.9943120595661513,0.9627333549995233,0.9970242077898082,0.9783504293866554
2014-08-28 13:00:00,0.9932269408478979,0.9559860060252416,0.9973057405809167,0.9768862896411871
2014-08-29 07:00:00,0.993694165219211,0.9500232074979957,0.9971400661327213,0.9783504293866554
2014-08-29 08:00:00,0.9936941652192111,0.9462233596801722,0.9970964193862069,0.9783504293866554
2014-08-29 09:00:00,0.9936941652192111,0.9511575310010637,0.9967610268818369,0.9769230451277894
2014-08-29 10:00:00,0.9936941652192111,0.9585368509463711,0.9969594791306099,0.9763427158121302
2014-08-29 11:00:00,0.9951478267554781,0.9639520761613176,0.9973057405809167,0.9766719515569607
2014-08-29 12:00:00,0.995478201573858,0.9662061217808039,0.9975493920264504,0.9766719515569607
2014-08-29 13:00:00,0.9943419420004437,0.9682700140305457,0.9973260870737017,0.9771344187123672
2014-09-02 07:00:00,0.9941801276377235,0.9704007148208299,0.9972031305761435,0.9758224612923144
2014-09-02 08:00:00,0.9952652463559769,0.9758481899549145,0.997383717578255,0.9758224612923144
2014-09-02 09:00:00,0.995478201573858,0.9805364634128434,0.9976676277178631,0.9762849284477206
2014-09-02 10:00:00,0.9964015059293913,0.9774174826467463,0.9974739654342479,0.9751086377596834
2014-09-02 11:00:00,0.9952652463559769,0.9766703142956847,0.997383717578255,0.972571578518068
2014-09-02 12:00:00,0.9952652463559769,0.9766703142956847,0.9970046783273705,0.9729561663058686
2014-09-02 13:00:00,0.994934871537597,0.9766703142956847,0.9966190498016921,0.9710680011568151
2014-09-03 07:00:00,0.9952652463559769,0.9798685300484944,0.996781373374622,0.9693113811531185
2014-09-03 08:00:00,0.9954782015738579,0.9829875108145916,0.9972031305761435,0.968464326209912
2014-09-03 09:00:00,0.9941801276377235,0.9818531873115235,0.9969594791306099,0.96982509476349
2014-09-03 10:00:00,0.9941801276377235,0.9818531873115235,0.9965377219290884,0.96982509476349
2014-09-03 11:00:00,0.9941801276377237,0.9758481899549145,0.9961042890722989,0.9680018590545056
2014-09-03 12:00:00,0.992501668164452,0.9704007148208299,0.995779109534676,0.9674215297388463
2014-09-03 13:00:00,0.992501668164452,0.9704007148208299,0.9956063001421671,0.966245239050809
2014-09-04 07:00:00,0.992501668164452,0.9717174387195101,0.9952626869972839,0.9671180486246965
2014-09-04 08:00:00,0.9926572557645846,0.9733650660357712,0.9947416736995854,0.9660547065256486
2014-09-04 09:00:00,0.9926572557645847,0.9704007148208299,0.9946666125958001,0.9643348420085547
2014-09-04 10:00:00,0.9934119996644583,0.9728838387399732,0.9950285202617725,0.9643348420085547
2014-09-04 11:00:00,0.9934119996644583,0.9649177686038973,0.9950285202617726,0.96687190125017
2014-09-04 12:00:00,0.992750143547804,0.9607231755638714,0.9950285202617725,0.965769029983261
2014-09-04 13:00:00,0.9914955039865957,0.9633738180043818,0.9950285202617726,0.9669453206712983
2014-09-05 07:00:00,0.9902547976682098,0.9649177686038973,0.9950285202617726,0.9676591442039292
2014-09-05 08:00:00,0.9899493876596168,0.9607231755638714,0.994395942172878,0.9676591442039294
2014-09-05 09:00:00,0.9901179481152765,0.9607231755638714,0.9942231327803689,0.9666163477328639
2014-09-05 10:00:00,0.9877986977152062,0.9607231755638714,0.9934933387554586,0.9644085242360791
2014-09-05 11:00:00,0.9860507444813762,0.9607231755638714,0.9927747138666869,0.9644085242360791
2014-09-05 12:00:00,0.9870184435991307,0.9657398929446676,0.9933459221983435,0.9635614692928723
2014-09-05 13:00:00,0.9870184435991307,0.9694514125106705,0.993106628890922,0.965241896194182
2014-09-08 07:00:00,0.9893376939992008,0.9747668402062362,0.9937978129938657,0.9677721517199568
2014-09-08 08:00:00,0.9893376939992008,0.9737059630807434,0.9934560680825741,0.9688149481910222
2014-09-08 09:00:00,0.9884179543049759,0.9737059630807434,0.9929068984053566,0.9667704791298947
2014-09-08 10:00:00,0.9889039167234883,0.9774174826467463,0.9929880270397442,0.9649472434209103
2014-09-08 11:00:00,0.9893667508650837,0.9805364634128434,0.9938808098618449,0.9649472434209103
2014-09-08 12:00:00,0.9890222967112824,0.9797892950617816,0.9938808098618451,0.9629650216706697
2014-09-08 13:00:00,0.9877676571500742,0.9818531873115237,0.994094593367887,0.962635785925839
2014-09-09 07:00:00,0.988005693354665,0.9878159858387696,0.9948999233438703,0.9620554566101798
2014-09-09 08:00:00,0.9877676571500742,0.9912887526200502,0.9956185482326421,0.9606280723513138
2014-09-09 09:00:00,0.988687396844299,0.9912887526200501,0.9957467407929641,0.9609573080961444
2014-09-09 10:00:00,0.9902864905593087,0.9944566294668479,0.9961588434928944,0.964366914105251
2014-09-09 11:00:00,0.990448304922029,0.9928873367750162,0.9964295139158167,0.9652139690484576
2014-09-09 12:00:00,0.9918093624324477,0.994456629466848,0.996791421581789,0.9652139690484578
2014-09-09 13:00:00,0.9915845644954433,0.9960259221586797,0.996791421581789,0.9652139690484578
2014-09-10 07:00:00,0.9904483049220291,0.99734264605736,0.9965140597296241,0.9640376783604204
2014-09-10 08:00:00,0.9904483049220291,0.9950886004378737,0.9965140597296244,0.96638831066488
2014-09-10 09:00:00,0.990286490559309,0.9950886004378737,0.9965140597296241,0.9676457080265678
2014-09-10 10:00:00,0.9908981842197245,0.9950886004378737,0.9961437848928647,0.9657575428775144
2014-09-10 11:00:00,0.9918658833374794,0.99734264605736,0.9961437848928645,0.9682946021191298
2014-09-10 12:00:00,0.9933887552106181,0.99652052171659,0.9965140597296244,0.9712255637392488
2014-09-10 13:00:00,0.9943120595661513,0.9987745673360762,0.9964638646956664,0.9740504720382953
2014-09-11 07:00:00,0.9959155435108787,0.9980273989850146,0.9965140597296244,0.9755146117837636
2014-09-11 08:00:00,0.9959155435108785,0.9980273989850146,0.9962015614435314,0.9769419960426297
2014-09-11 09:00:00,0.995160799611005,0.99734264605736,0.9962015614435314,0.9764795288872234
2014-09-11 10:00:00,0.9940245400375909,0.99734264605736,0.9965140597296244,0.9756324739440166
2014-09-11 11:00:00,0.9933887552106181,0.9987745673360762,0.9958312866067717,0.9753032381991863
2014-09-11 12:00:00,0.9935573156662776,0.9980898144084218,0.9954191839068414,0.9715643964452492
2014-09-11 13:00:00,0.992034443793139,0.99652052171659,0.9949555988421492,0.9690273372036338
2014-09-12 07:00:00,0.9902864905593087,0.99652052171659,0.994185491588616,0.9669828681425058
2014-09-12 08:00:00,0.988687396844299,0.99652052171659,0.994185491588616,0.9663657833402441
2014-09-12 09:00:00,0.9870089373710277,0.9957733533655282,0.994185491588616,0.9681224033439405
2014-09-12 10:00:00,0.9882014344257865,0.99734264605736,0.9949555988421492,0.9691651998150059
2014-09-12 11:00:00,0.9882014344257865,0.99734264605736,0.9952680971282423,0.967988909126969
2014-09-12 12:00:00,0.9882014344257865,0.9960259221586797,0.9952680971282423,0.9679889091269688
2014-09-12 13:00:00,0.9865179688526893,0.994122448069231,0.9952271230147092,0.967988909126969
2014-09-15 07:00:00,0.9870089373710275,0.9967730905097414,0.9959248748149125,0.9691651998150062
2014-09-15 08:00:00,0.9882014344257866,0.9967730905097414,0.9965339644921438,0.9726849807318435
2014-09-15 09:00:00,0.9882014344257866,0.9960259221586797,0.9966930701238701,0.9737277772029092
2014-09-15 10:00:00,0.9882014344257866,0.99734264605736,0.9966930701238701,0.9726849807318435
2014-09-15 11:00:00,0.9882014344257866,0.99734264605736,0.9966930701238701,0.9737277772029092
2014-09-15 12:00:00,0.9882014344257866,0.99734264605736,0.9968135658336296,0.9726849807318435
2014-09-15 13:00:00,0.9882014344257866,0.9950886004378737,0.9968537203544843,0.9747294497929714
2014-09-16 07:00:00,0.9899493876596168,0.9950886004378737,0.9972156280204566,0.9759057404810086
2014-09-16 08:00:00,0.9899493876596168,0.9922025838473617,0.9972156280204566,0.9773698802264771
2014-09-16 09:00:00,0.9899493876596168,0.9908858599486814,0.9972156280204566,0.9773698802264771
2014-09-16 10:00:00,0.9874856679704438,0.988235217508171,0.9972156280204566,0.9767895509108179
2014-09-16 11:00:00,0.9884089723259771,0.9917079842894516,0.9975695392810197,0.9767895509108179
2014-09-16 12:00:00,0.9899165442009328,0.9945940008799636,0.9979398141177794,0.9793198064365928
2014-09-16 13:00:00,0.9900610134900355,0.9930247081881317,0.9979398141177795,0.9804960971246298
2014-09-17 07:00:00,0.9905282378613486,0.9917079842894515,0.9980226160944828,0.9801115093368297
2014-09-17 08:00:00,0.9912040272208251,0.9945940008799636,0.9983845237604552,0.9792644543936229
2014-09-17 09:00:00,0.9925945559476714,0.9966578931297058,0.9983845237604552,0.9806918386524887
2014-09-17 10:00:00,0.9921273315763584,0.9945940008799636,0.99798164198095,0.9815388935956955
2014-09-17 11:00:00,0.9905282378613486,0.9945940008799636,0.99766870483392,0.9806918386524889
2014-09-17 12:00:00,0.9899493876596168,0.9945940008799636,0.99766870483392,0.9796490421814235
2014-09-17 13:00:00,0.9912040272208251,0.9966578931297058,0.9980715866134251,0.9809064395431111
2014-09-18 07:00:00,0.9915094372294181,0.9937718765391934,0.99766870483392,0.9826630595468074
2014-09-18 08:00:00,0.9913596148209577,0.9917079842894515,0.9975457483363616,0.9833768830794387
2014-09-18 09:00:00,0.9912040272208251,0.9945940008799636,0.9976285503130651,0.9826630595468074
2014-09-18 10:00:00,0.9905138644446151,0.9911212340986831,0.9976687048339198,0.9819492360141767
2014-09-18 11:00:00,0.9883030770691895,0.9917079842894515,0.9972256685335599,0.9805218517553107
2014-09-18 12:00:00,0.9893881957874429,0.9937718765391934,0.9975875761995322,0.9805218517553107
2014-09-18 13:00:00,0.9905282378613486,0.9920359209711118,0.9975875761995322,0.9819492360141767
2014-09-19 07:00:00,0.9924447335392111,0.9933526448697922,0.9979076560023339,0.9826630595468077
2014-09-19 08:00:00,0.993165739559417,0.9940373977974465,0.9978586854833916,0.9826630595468077
2014-09-19 09:00:00,0.993165739559417,0.9905256466719486,0.9975875761995322,0.9829509086042387
2014-09-19 10:00:00,0.9949940214411488,0.9898408937442943,0.9975875761995322,0.9825663208164382
2014-09-19 11:00:00,0.9951558358038689,0.988524169845614,0.9975875761995322,0.9839937050753043
2014-09-19 12:00:00,0.9955002899576704,0.9892089227732684,0.9971754734996018,0.9844561722307104
2014-09-19 13:00:00,0.9964679890754249,0.9838358963876851,0.9972256685335599,0.9878657782398172
2014-09-22 07:00:00,0.9966365495310846,0.9838358963876852,0.9972256685335599,0.9885796017724482
2014-09-22 08:00:00,0.9974822999074273,0.9851526202863655,0.9975457483363616,0.9892934253050792
2014-09-22 09:00:00,0.9974822999074273,0.9851526202863655,0.9971754734996018,0.9892934253050792
2014-09-22 10:00:00,0.9971378457536259,0.9845206493153397,0.9968135658336296,0.9889088375172789
2014-09-22 11:00:00,0.9962920953772831,0.9851526202863655,0.9968135658336296,0.9874446977718103
2014-09-22 12:00:00,0.9968204437907732,0.9844678673587111,0.9971754734996018,0.9877325468292417
2014-09-22 13:00:00,0.9971378457536259,0.9838358963876852,0.9967725917200965,0.9871154620269798
2014-09-23 07:00:00,0.9975328016956692,0.9851526202863655,0.9972256685335599,0.9878959012648987
2014-09-23 08:00:00,0.997532801695669,0.9898408937442943,0.9973067971679477,0.9878959012648986
2014-09-23 09:00:00,0.9975328016956692,0.9898408937442944,0.9973067971679477,0.9878959012648987
2014-09-23 10:00:00,0.9984156220785952,0.9898408937442944,0.9973067971679477,0.9882251370097294
2014-09-23 11:00:00,0.9984156220785952,0.9898408937442944,0.99766870483392,0.9876448076940701
2014-09-23 12:00:00,0.9984156220785952,0.9898408937442944,0.99766870483392,0.9871012338650131
2014-09-23 13:00:00,0.9989439704920852,0.9905256466719486,0.9980715866134251,0.9876815631806724
2014-09-24 07:00:00,0.9985674186256807,0.9898408937442943,0.9983426958972847,0.9872190960252663
2014-09-24 08:00:00,0.9980611501091592,0.9905256466719486,0.9982615672628969,0.9895192898580194
2014-09-24 09:00:00,0.9980611501091592,0.9905256466719489,0.9981410715531375,0.9891900541131888
2014-09-24 10:00:00,0.9982370438073008,0.9905256466719489,0.9983694628863601,0.9874334341094924
2014-09-24 11:00:00,0.997658193605569,0.9905256466719489,0.9985064031419569,0.9860060498506266
2014-09-24 12:00:00,0.9969963374889149,0.9892089227732684,0.9983054696470604,0.9837058560178731
2014-09-24 13:00:00,0.9974822999074273,0.9845206493153396,0.9983054696470604,0.9841683231732793
2014-09-25 07:00:00,0.9980611501091592,0.9892089227732684,0.9981685293914633,0.9834544996406482
2014-09-25 08:00:00,0.9974822999074273,0.9885241698456142,0.9985927678391084,0.9826740604027295
2014-09-25 09:00:00,0.9960286383711601,0.9819324222982365,0.9983918343442119,0.9781615831267139
2014-09-25 10:00:00,0.9942003564894284,0.9787342065454266,0.9979297145509918,0.977544498324452
2014-09-25 11:00:00,0.9943762501875699,0.9787342065454266,0.9979297145509918,0.9779290861122526
2014-09-25 12:00:00,0.9943762501875699,0.9734187788498612,0.9978433498538403,0.9775998503674219
2014-09-25 13:00:00,0.9942003564894284,0.9719868575711452,0.9977955455227293,0.9767527954242151
2014-09-26 07:00:00,0.9938559023356269,0.9719868575711451,0.9979925325000303,0.9779290861122526
2014-09-26 08:00:00,0.9942003564894284,0.9734187788498612,0.9981934659949271,0.9779290861122526
2014-09-26 09:00:00,0.9953928535441875,0.9819324222982365,0.9982798306920785,0.9786429096448838
2014-09-26 10:00:00,0.9943762501875701,0.9831511434600309,0.9984645752787865,0.97910537680029
2014-09-26 11:00:00,0.9935959960714945,0.9831511434600306,0.9979925325000303,0.980532761059156
2014-09-26 12:00:00,0.9925003626791277,0.9819324222982365,0.9979925325000303,0.9796599514852683
2014-09-26 13:00:00,0.992324468980986,0.9819324222982365,0.9979925325000303,0.9781958117398001
2014-09-29 07:00:00,0.9944367057299702,0.9858735274051036,0.9979925325000303,0.9784836607972311
2014-09-29 08:00:00,0.9946125994281118,0.9858735274051036,0.9979925325000303,0.9780211936418247
2014-09-29 09:00:00,0.9946125994281118,0.9858735274051036,0.9981934659949269,0.9791240649087337
2014-09-29 10:00:00,0.9963605526619419,0.9886381101795398,0.9980565257393298,0.9799968744826214
2014-09-29 11:00:00,0.9971722311870564,0.9863840645600536,0.9982412703260379,0.9799968744826212
2014-09-29 12:00:00,0.9971722311870564,0.9886381101795398,0.9982412703260379,0.9808439294258279
2014-09-29 13:00:00,0.9969963374889147,0.9878159858387696,0.9979283331790079,0.9794165451669621
2014-09-30 07:00:00,0.9969963374889147,0.9857520935890275,0.9982412703260379,0.9779891609080961
2014-09-30 08:00:00,0.9964679890754249,0.9840161380209457,0.998241270326038,0.9792465582697837
2014-09-30 09:00:00,0.9969539514939373,0.9864992619400894,0.9979283331790081,0.9798636430720454
2014-09-30 10:00:00,0.9980390702121908,0.9902991097579129,0.9981770214490895,0.9804439723877049
2014-09-30 11:00:00,0.9983988581700208,0.9878159858387696,0.9981770214490895,0.9804439723877049
2014-09-30 12:00:00,0.9982370438073008,0.9846177700859599,0.9979283331790079,0.9812910273309117
2014-09-30 13:00:00,0.9980611501091592,0.9868718157054461,0.9978873590654748,0.9824673180189488
2014-10-01 07:00:00,0.9980611501091592,0.9893549396245892,0.99805652573933,0.982929785174355
2014-10-01 08:00:00,0.9980611501091592,0.9885328152838192,0.9977435885923,0.9833143729621555
2014-10-01 09:00:00,0.9980611501091592,0.9893549396245892,0.9973407068127944,0.982985137217325
2014-10-01 10:00:00,0.9980611501091592,0.9933752797181695,0.9974252526266022,0.9826005494295244
2014-10-01 11:00:00,0.9986135956737053,0.994122448069231,0.9975875761995322,0.9845827711797651
2014-10-01 12:00:00,0.9989439704920852,0.994122448069231,0.9971754734996018,0.9837357162365584
2014-10-01 13:00:00,0.9986135956737053,0.9901021079756511,0.9970549777898423,0.9843160455522176
2014-10-02 07:00:00,0.9980611501091592,0.9909242323164211,0.9970549777898423,0.9851631004954244
2014-10-02 08:00:00,0.9982538077158752,0.9901021079756511,0.9970549777898423,0.9851631004954244
2014-10-02 09:00:00,0.9986135956737053,0.9885328152838192,0.9973260870737017,0.9843160455522179
2014-10-02 10:00:00,0.9975751876906467,0.9855684640688779,0.9971251535788052,0.9847006333400182
2014-10-02 11:00:00,0.9975751876906465,0.9901021079756509,0.9971251535788052,0.9847006333400182
2014-10-02 12:00:00,0.9977510813887882,0.9893549396245894,0.9973057405809167,0.9847006333400182
2014-10-02 13:00:00,0.9971722311870564,0.9901021079756512,0.9973057405809166,0.9857434298110836
2014-10-03 07:00:00,0.9971722311870564,0.994122448069231,0.9971251535788052,0.984896374867877
2014-10-03 08:00:00,0.9971722311870564,0.994122448069231,0.9972031305761435,0.9838947022778148
2014-10-03 09:00:00,0.996204532069302,0.9925531553773993,0.9975887591018221,0.9835654665329842
2014-10-03 10:00:00,0.995568747242329,0.9925531553773993,0.9970046783273707,0.9835654665329842
2014-10-03 11:00:00,0.996204532069302,0.9925531553773993,0.9972031305761435,0.9835654665329842
2014-10-03 12:00:00,0.9962045320693018,0.9911212340986831,0.9975887591018221,0.9835654665329842
2014-10-03 13:00:00,0.9950120350145428,0.9925531553773993,0.9980819904361402,0.9810029154670843
2014-10-06 07:00:00,0.9935815017551929,0.9960259221586797,0.9982049469336984,0.9798266247790469
2014-10-06 08:00:00,0.9934129412995332,0.99734264605736,0.9984823087858631,0.9798266247790471
2014-10-06 09:00:00,0.9934129412995332,0.995910724778644,0.9986589213390076,0.9815832447827436
2014-10-06 10:00:00,0.9926012627744186,0.9952787538076182,0.9986187668181526,0.9792830509499901
2014-10-06 11:00:00,0.9926012627744186,0.9952787538076182,0.9982798306920786,0.9789952018925588
2014-10-06 12:00:00,0.9926012627744186,0.9960259221586797,0.9983593522883049,0.977567817633693
2014-10-06 13:00:00,0.9942003564894285,0.9960259221586797,0.9980819904361402,0.9788252149953808
2014-10-07 07:00:00,0.9960286383711603,0.9952037978179097,0.9978586854833917,0.9813877660612809
2014-10-07 08:00:00,0.9960286383711603,0.9960259221586797,0.9974884106466321,0.9822348210044874
2014-10-07 09:00:00,0.9956841842173588,0.9960259221586797,0.9973654541490736,0.9826972881598937
2014-10-07 10:00:00,0.9962920953772831,0.99734264605736,0.9973654541490736,0.9804894646631088
2014-10-07 11:00:00,0.9964679890754249,0.9965205217165898,0.9974884106466319,0.9814911372531712
2014-10-07 12:00:00,0.9973137394517676,0.99734264605736,0.9978586854833916,0.9824928098432333
2014-10-07 13:00:00,0.9983988581700208,0.99734264605736,0.9974465827834612,0.9828220455880639
2014-10-08 07:00:00,0.9985674186256805,0.9973426460573602,0.9971754734996018,0.9828220455880639
2014-10-08 08:00:00,0.9985674186256807,0.9950886004378738,0.9971754734996018,0.9835358691206951
2014-10-08 09:00:00,0.9982229644718792,0.9928345548183876,0.9972566021339895,0.9826888141774883
2014-10-08 10:00:00,0.9975328016956692,0.9907706625686454,0.9971754734996017,0.981816004603601
2014-10-08 11:00:00,0.9975328016956694,0.989856831341334,0.9974884106466319,0.9800593845999045
2014-10-08 12:00:00,0.9968117956754633,0.9912887526200501,0.9974884106466319,0.9800593845999045
2014-10-08 13:00:00,0.9955710893570773,0.9878159858387696,0.9974884106466319,0.9792123296566977
2014-10-09 07:00:00,0.9964943937126105,0.9863840645600536,0.9974884106466319,0.9796747968121039
2014-10-09 08:00:00,0.9971562498292645,0.9863840645600533,0.9977117155993803,0.9796747968121039
2014-10-09 09:00:00,0.9969539514939373,0.9907706625686454,0.9978586854833916,0.9811021810709699
2014-10-09 10:00:00,0.9969539514939373,0.9922025838473617,0.9977117155993803,0.9802551261277632
2014-10-09 11:00:00,0.9969539514939373,0.9912887526200502,0.9975887591018221,0.9787909863822947
2014-10-09 12:00:00,0.9963460403340129,0.9937718765391934,0.99808199043614,0.9792534535377011
2014-10-09 13:00:00,0.9963460403340131,0.9950886004378738,0.9977117155993803,0.9801262631115882
2014-10-10 07:00:00,0.9960286383711603,0.99652052171659,0.9973654541490736,0.9818828831152849
2014-10-10 08:00:00,0.9962045320693018,0.99734264605736,0.9973654541490736,0.9821707321727162
2014-10-10 09:00:00,0.9966904944878143,0.99734264605736,0.9973654541490736,0.9818414964278855
2014-10-10 10:00:00,0.9966904944878143,0.99734264605736,0.9973654541490736,0.9811276728952546
2014-10-10 11:00:00,0.9970208693061942,0.99734264605736,0.9978586854833916,0.9818414964278854
2014-10-10 12:00:00,0.9979885684239488,0.99734264605736,0.9979414874600953,0.9821707321727162
2014-10-10 13:00:00,0.9987433123238223,0.9966578931297058,0.997529384760165,0.982951171410635
2014-10-13 07:00:00,0.9987433123238223,0.99734264605736,0.997216447613135,0.9833357591984355
2014-10-13 08:00:00,0.9984129375054425,0.9987745673360762,0.997216447613135,0.9847998989439041
2014-10-13 09:00:00,0.9977510813887882,0.9980273989850146,0.9972566021339896,0.9847998989439041
2014-10-13 10:00:00,0.9969394028636737,0.9973426460573602,0.9971754734996018,0.9851291346887345
2014-10-13 11:00:00,0.9965796149058436,0.9980898144084217,0.9976285503130651,0.9847998989439039
2014-10-13 12:00:00,0.9969561667722482,0.9966578931297058,0.9975457483363617,0.9822628397022884
2014-10-13 13:00:00,0.9967635091655321,0.9945940008799636,0.9974646197019739,0.9828431690179479
2014-10-14 07:00:00,0.9967635091655321,0.9945940008799636,0.9975875761995322,0.9836902239611545
2014-10-14 08:00:00,0.9952285111495829,0.9945940008799636,0.9975080546033059,0.9836902239611545
2014-10-14 09:00:00,0.9939489834975276,0.9911212340986831,0.9973071211084091,0.9819336039574578
2014-10-14 10:00:00,0.9939489834975279,0.9937718765391934,0.9973071211084089,0.9816457549000267
2014-10-14 11:00:00,0.9939489834975276,0.9937718765391934,0.9975355124416315,0.9830065234536047
2014-10-14 12:00:00,0.9934206350840378,0.994456629466848,0.9980565257393298,0.9840493199246704
2014-10-14 13:00:00,0.9937650892378392,0.9944566294668479,0.9982798306920785,0.9840493199246704
2014-10-15 07:00:00,0.9934206350840381,0.9912887526200501,0.9985927678391084,0.9814867688587705
2014-10-15 08:00:00,0.9926288296644252,0.9912887526200501,0.9985927678391084,0.9797301488550738
2014-10-15 09:00:00,0.9930440832176335,0.9930247081881319,0.9985927678391084,0.9827551670763801
2014-10-15 10:00:00,0.9943236108696887,0.9922025838473617,0.9984645752787863,0.9833722518786416
2014-10-15 11:00:00,0.9950446168898945,0.9950886004378737,0.9982798306920786,0.9833722518786419
2014-10-15 12:00:00,0.9935724316311233,0.9912887526200501,0.9978555922444332,0.9833722518786419
2014-10-15 13:00:00,0.9935724316311233,0.9930247081881319,0.9980565257393298,0.9830430161338112
2014-10-16 07:00:00,0.9935724316311233,0.9937718765391934,0.9979737237626264,0.9838900710770178
2014-10-16 08:00:00,0.9928176877312499,0.9950886004378737,0.9982798306920783,0.9827137803889807
2014-10-16 09:00:00,0.9928176877312499,0.9950886004378737,0.9981934659949269,0.9840745489425587
2014-10-16 10:00:00,0.9935724316311233,0.9958357687889353,0.9984421542650084,0.9858311689462554
2014-10-16 11:00:00,0.9952469152252219,0.9980898144084218,0.998080246599036,0.9870074596342926
2014-10-16 12:00:00,0.9954228089233637,0.99734264605736,0.997911079925181,0.9851842239253082
2014-10-16 13:00:00,0.9954228089233634,0.9957733533655282,0.9981295203414959,0.984896374867877
2014-10-17 07:00:00,0.9954228089233637,0.9944566294668479,0.9980499987452696,0.9845671391230465
2014-10-17 08:00:00,0.995799360789768,0.99734264605736,0.9978771893527606,0.9835654665329842
2014-10-17 09:00:00,0.9950446168898945,0.9966578931297055,0.997956710948987,0.9831808787451836
2014-10-17 10:00:00,0.9956563105503103,0.9945940008799636,0.9978755823145992,0.98364334590059
2014-10-17 11:00:00,0.9949661477741005,0.9919433584394534,0.9978755823145992,0.9840279336883904
2014-10-17 12:00:00,0.9960512664923538,0.9919433584394534,0.9981295203414959,0.9846450184906521
2014-10-17 13:00:00,0.9950951186781365,0.9890573418489412,0.9980499987452696,0.9853588420232833
2014-10-20 07:00:00,0.9950951186781365,0.9855845750676606,0.9977180837210344,0.9853588420232833
2014-10-20 08:00:00,0.9962351607520423,0.988235217508171,0.9977180837210344,0.9853588420232833
2014-10-20 09:00:00,0.9960512664923538,0.9911212340986831,0.9978908931135433,0.985358842023283
2014-10-20 10:00:00,0.9962351607520421,0.9919433584394532,0.9982109729163452,0.9857434298110836
2014-10-20 11:00:00,0.9974233911435613,0.9945940008799637,0.9982109729163452,0.9852809626556776
2014-10-20 12:00:00,0.9964278183587582,0.9945940008799636,0.9982109729163452,0.984896374867877
2014-10-20 13:00:00,0.996956166772248,0.9945940008799636,0.9984820822002046,0.9843160455522176
2014-10-21 07:00:00,0.996956166772248,0.9937718765391934,0.9985257289467191,0.9834689906090109
2014-10-21 08:00:00,0.996956166772248,0.9960259221586797,0.9984393642495676,0.9846452812970483
2014-10-21 09:00:00,0.9969561667722484,0.9960259221586797,0.9984839810817545,0.9851077484524545
2014-10-21 10:00:00,0.9979517395570511,0.9960259221586797,0.998707286034503,0.9842606935092479
2014-10-21 11:00:00,0.9977678452973627,0.9960259221586797,0.998707286034503,0.9864685170060327
2014-10-21 12:00:00,0.9977678452973627,0.9952037978179096,0.9989082195293998,0.9878959012648987
2014-10-21 13:00:00,0.9986135956737053,0.9960259221586797,0.9989945842265512,0.9890721919529357
2014-10-22 07:00:00,0.9986135956737053,0.9925531553773993,0.9986626692023161,0.9883583684203047
2014-10-22 08:00:00,0.9986135956737053,0.9909838626855674,0.9987083002261222,0.9883583684203049
2014-10-22 09:00:00,0.9986135956737053,0.9909838626855674,0.9990402152503574,0.9889386977359641
2014-10-22 10:00:00,0.9993037584499153,0.9922025838473617,0.9991284788290586,0.9871820777322675
2014-10-22 11:00:00,0.9991198641902267,0.9890347070005638,0.9990382309730657,0.9871820777322675
2014-10-22 12:00:00,0.9987894893718471,0.9863840645600533,0.9987509327810175,0.9875113134770982
2014-10-22 13:00:00,0.9989733836315355,0.9857520935890277,0.9990382309730657,0.9860839292182322
2014-10-23 07:00:00,0.999479652148057,0.9886381101795397,0.9989945842265512,0.9857546934734015
2014-10-23 08:00:00,0.9996482126037165,0.9911212340986831,0.9988576439709542,0.986756366063464
2014-10-23 09:00:00,0.9996482126037167,0.9937718765391936,0.9988576439709542,0.9855800753754266
2014-10-23 10:00:00,0.9996482126037167,0.9944566294668479,0.9986728993842462,0.9838234553717302
2014-10-23 11:00:00,0.9991198641902267,0.9909838626855674,0.9984292479387125,0.9855800753754266
2014-10-23 12:00:00,0.9991198641902267,0.9922025838473617,0.9984292479387125,0.986622871846492
2014-10-23 13:00:00,0.9987754100364252,0.992887336775016,0.9986139925254204,0.9877991625345295
2014-10-24 07:00:00,0.9993037584499153,0.9944566294668479,0.9985703457789059,0.9877991625345295
2014-10-24 08:00:00,0.9987974899333938,0.994456629466848,0.9982888129877975,0.9871820777322675
2014-10-24 09:00:00,0.9993037584499153,0.9960259221586797,0.9982888129877975,0.9861804051422054
2014-10-24 10:00:00,0.9993037584499153,0.9960259221586797,0.9982888129877977,0.9861804051422054
2014-10-24 11:00:00,0.9991198641902268,0.9960259221586797,0.9982888129877977,0.985004114454168
2014-10-24 12:00:00,0.9991198641902267,0.9925531553773993,0.9979264536919641,0.9861804051422054
2014-10-24 13:00:00,0.9984297014140168,0.9925531553773993,0.9974829738765327,0.9857179379867991
2014-10-27 07:00:00,0.9986135956737052,0.994456629466848,0.9978818368597773,0.9857179379867991
2014-10-27 08:00:00,0.9989733836315355,0.99734264605736,0.9979264536919642,0.9857179379867992
2014-10-27 09:00:00,0.9989733836315353,0.9980898144084218,0.9979264536919642,0.9846751415157337
2014-10-27 10:00:00,0.9989733836315353,0.9966578931297055,0.9982888129877975,0.9836323450446681
2014-10-27 11:00:00,0.998789489371847,0.9950886004378738,0.9985703457789061,0.9828519058067494
2014-10-27 12:00:00,0.9984297014140167,0.9950886004378738,0.9987509327810175,0.9831811415515799
2014-10-27 13:00:00,0.9984297014140167,0.99734264605736,0.9987509327810175,0.9824673180189488
2014-10-28 07:00:00,0.9977678452973627,0.99734264605736,0.9983811364112076,0.9815945084450616
2014-10-28 08:00:00,0.9981276332551928,0.99734264605736,0.9983811364112076,0.9824415633882682
2014-10-28 09:00:00,0.9979517395570511,0.9987745673360762,0.9987965638048235,0.9829040305436744
2014-10-28 10:00:00,0.9987974899333938,0.9987745673360762,0.9990402152503574,0.9829040305436744
2014-10-28 11:00:00,0.9979517395570511,0.9980898144084218,0.9987529170583092,0.981416571488965
2014-10-28 12:00:00,0.9983115275148812,0.9958357687889355,0.9987965638048235,0.981416571488965
2014-10-28 13:00:00,0.9983115275148812,0.9950886004378738,0.9987083002261222,0.9819969008046242
2014-10-29 07:00:00,0.9983115275148814,0.9950886004378738,0.9985744056236148,0.9828439557478308
2014-10-29 08:00:00,0.9983115275148814,0.9950886004378738,0.9987083002261222,0.982843955747831
2014-10-29 09:00:00,0.9983115275148814,0.9958357687889355,0.9987965638048235,0.980636132251046
2014-10-29 10:00:00,0.9981276332551926,0.9952037978179097,0.9986626692023162,0.9825860584611615
2014-10-29 11:00:00,0.9986135956737053,0.99652052171659,0.9986626692023162,0.9832031432634234
2014-10-29 12:00:00,0.9986135956737053,0.99734264605736,0.9989945842265512,0.9822014706733612
2014-10-29 13:00:00,0.998613595673705,0.99734264605736,0.9990382309730657,0.9818722349285305
2014-10-30 07:00:00,0.9986135956737053,0.9987745673360763,0.9989012907174687,0.9832330034821087
2014-10-30 08:00:00,0.9991198641902267,0.9987745673360762,0.9988576439709542,0.9829451544246774
2014-10-30 09:00:00,0.9991198641902267,0.9987745673360762,0.9988576439709542,0.983329742212478
2014-10-30 10:00:00,0.9993037584499153,0.9987745673360762,0.9988576439709542,0.9839468270147398
2014-10-30 11:00:00,0.9993037584499153,0.99734264605736,0.9988576439709542,0.9867717353137865
2014-10-30 12:00:00,0.9993037584499153,0.99734264605736,0.9988139972244398,0.9867717353137865
2014-10-30 13:00:00,0.9991198641902267,0.9980898144084218,0.9986292526377316,0.9867717353137865
2014-10-31 07:00:00,0.9986135956737052,0.99652052171659,0.998385601192198,0.9867717353137865
2014-10-31 08:00:00,0.9987754100364254,0.993352644869792,0.9982546196628597,0.9871563231015871
2014-10-31 09:00:00,0.9991198641902268,0.9933526448697922,0.9982546196628597,0.9871563231015871
2014-10-31 10:00:00,0.9991198641902268,0.9940373977974467,0.9982546196628597,0.9874855588464173
2014-10-31 11:00:00,0.9991198641902268,0.9927206738987664,0.9984137252945858,0.9874855588464173
2014-10-31 12:00:00,0.9991198641902268,0.9912887526200502,0.9984982711083933,0.986442762375352
2014-10-31 13:00:00,0.998789489371847,0.9912887526200502,0.9979772578106949,0.9859802952199457
2014-11-03 07:00:00,0.9989733836315355,0.9927206738987664,0.9977379645032735,0.9842236752162492
2014-11-03 08:00:00,0.9993037584499153,0.99652052171659,0.9980218746428818,0.9842236752162492
2014-11-03 09:00:00,0.9996482126037165,0.9958357687889355,0.9980218746428816,0.9842236752162492
2014-11-03 10:00:00,0.9991198641902267,0.9958357687889355,0.9976520782730719,0.9842236752162492
2014-11-03 11:00:00,0.9991198641902268,0.9958357687889355,0.9978908931135433,0.9833766202730425
2014-11-03 12:00:00,0.9991198641902268,0.9966578931297058,0.9982109729163452,0.9811687967762577
2014-11-03 13:00:00,0.9991198641902268,0.9966578931297058,0.9983419544456835,0.9801671241861953
2014-11-04 07:00:00,0.9991198641902268,0.9980898144084218,0.9986292526377318,0.981209920657261
2014-11-04 08:00:00,0.9991198641902267,0.999521735687138,0.9988576439709542,0.9818270054595225
2014-11-04 09:00:00,0.9991198641902267,0.9995217356871378,0.9988576439709542,0.979002097160476
2014-11-04 10:00:00,0.998789489371847,0.9987745673360762,0.9985703457789061,0.977899225893567
2014-11-04 11:00:00,0.9989733836315355,0.9995217356871378,0.9985703457789061,0.9781870749509983
2014-11-04 12:00:00,0.9987894893718471,0.999521735687138,0.9989945842265512,0.9770107842629612
2014-11-04 13:00:00,0.9984297014140168,0.9988369827594835,0.9993335203526256,0.9764304549473017
2014-11-05 07:00:00,0.998429701414017,0.9980898144084218,0.9995428415473354,0.9772108941852207
2014-11-05 08:00:00,0.998429701414017,0.9973426460573602,0.9995428415473353,0.9772108941852207
2014-11-05 09:00:00,0.9984297014140167,0.99734264605736,0.9995428415473353,0.9780579491284275
2014-11-05 10:00:00,0.9987600762323967,0.99734264605736,0.9995428415473353,0.9777701000709962
2014-11-05 11:00:00,0.9980390702121906,0.9952787538076182,0.9995874583795222,0.9780993358158268
2014-11-05 12:00:00,0.9985674186256805,0.9952787538076181,0.999499194800821,0.9798559558195234
2014-11-05 13:00:00,0.9989439704920852,0.9952787538076181,0.9993682132714826,0.9808576284095856
2014-11-06 07:00:00,0.9987754100364252,0.9952787538076181,0.9994564768501839,0.9808576284095856
2014-11-06 08:00:00,0.9985915157767369,0.9930247081881319,0.999499194800821,0.978032720110539
2014-11-06 09:00:00,0.9985915157767369,0.9930247081881319,0.9992452567739242,0.9763361749026859
2014-11-06 10:00:00,0.9985915157767369,0.9930247081881319,0.9993335203526256,0.9767207626904862
2014-11-06 11:00:00,0.9987754100364252,0.995910724778644,0.99937716709914,0.9784173078983394
2014-11-06 12:00:00,0.9989439704920852,0.99734264605736,0.999286919243147,0.9778002230960776
2014-11-06 13:00:00,0.9991198641902267,0.99652052171659,0.9992432724966326,0.9778002230960776
2014-11-07 07:00:00,0.9989439704920852,0.9965205217165898,0.9991996257501182,0.9765428257343899
2014-11-07 08:00:00,0.9991198641902267,0.99652052171659,0.9992432724966328,0.9761582379465893
2014-11-07 09:00:00,0.9994796521480568,0.9957733533655283,0.9994525936913423,0.9775856222054553
2014-11-07 10:00:00,0.9998241063018583,0.9940373977974465,0.999578113618683,0.9771231550500491
2014-11-07 11:00:00,1.0,0.9898408937442944,0.9996626594324904,0.9781248276401114
2014-11-07 12:00:00,0.9998241063018585,0.9891561408166398,0.9997965540349979,0.9788984631621895
2014-11-07 13:00:00,0.9998241063018585,0.9891561408166398,0.9997965540349979,0.9788984631621898
2014-11-10 07:00:00,0.9994643183440282,0.9891561408166398,0.9997965540349979,0.9783181338465305
2014-11-10 08:00:00,0.9989118727794821,0.9870922485668977,0.9997965540349979,0.9793609303175957
2014-11-10 09:00:00,0.998911872779482,0.9877770014945523,0.9997965540349979,0.9811841660265802
2014-11-10 10:00:00,0.998911872779482,0.9892089227732684,0.9997965540349979,0.9797567817677143
2014-11-10 11:00:00,0.9987359790813404,0.9898408937442943,0.9997101893378464,0.9778068555575988
2014-11-10 12:00:00,0.9987359790813404,0.9838358963876851,0.9997101893378464,0.9783504293866554
2014-11-10 13:00:00,0.997812674725807,0.9838358963876851,0.9997101893378464,0.9761426058898708
2014-11-11 07:00:00,0.9970208693061942,0.9838358963876851,0.9997984529165479,0.9752955509466641
2014-11-11 08:00:00,0.9968523088505344,0.9838358963876851,0.9997101893378464,0.9747152216310048
2014-11-11 09:00:00,0.9968523088505344,0.9770885474134037,0.9995819967775245,0.9772454771567796
2014-11-11 10:00:00,0.9968523088505344,0.977773300341058,0.9997101893378464,0.9772454771567796
2014-11-11 11:00:00,0.9978200079682891,0.9851526202863655,0.9995373799453376,0.9803261102274518
2014-11-11 12:00:00,0.9983988581700208,0.9898408937442943,0.999411860017997,0.9825339337242366
2014-11-11 13:00:00,0.9987754100364254,0.9933526448697922,0.9992889035204388,0.983576730195302
2014-11-12 07:00:00,0.9991198641902268,0.9920359209711118,0.9992025388232872,0.9844237851385088
2014-11-12 08:00:00,0.9991198641902268,0.9912887526200501,0.9991122909672943,0.9861804051422054
2014-11-12 09:00:00,0.9996482126037165,0.9937718765391936,0.9988636026972129,0.9871820777322675
2014-11-12 10:00:00,0.9991198641902268,0.9958357687889355,0.9992025388232874,0.9871820777322675
2014-11-12 11:00:00,0.9994643183440283,0.99652052171659,0.9993335203526256,0.9875113134770982
2014-11-12 12:00:00,0.9994643183440283,0.99652052171659,0.9992889035204388,0.9889386977359641
2014-11-12 13:00:00,0.9991198641902268,0.99652052171659,0.9992432724966328,0.988476230580558
2014-11-13 07:00:00,0.999479652148057,0.99734264605736,0.9989945842265512,0.98643176151943
2014-11-13 08:00:00,0.9996482126037167,0.99734264605736,0.9988636026972129,0.985969294364024
2014-11-13 09:00:00,0.999472318905575,0.9966578931297058,0.9987266624416159,0.9863538821518244
2014-11-13 10:00:00,0.9996482126037165,0.99734264605736,0.9987266624416159,0.9863538821518244
2014-11-13 11:00:00,0.9996482126037167,0.9980898144084217,0.9991122909672943,0.9868163493072306
2014-11-13 12:00:00,0.9991198641902267,0.99652052171659,0.9992432724966328,0.9882437335660966
2014-11-13 13:00:00,0.9993037584499153,0.9980898144084217,0.9989945842265512,0.9873709239922092
2014-11-14 07:00:00,0.9989593042961138,0.9987745673360763,0.9991569077994811,0.9859435397333433
2014-11-14 08:00:00,0.9987754100364254,0.9987745673360763,0.9992432724966326,0.9837357162365584
2014-11-14 09:00:00,0.9978925896534994,0.9987745673360763,0.9991122909672943,0.9828629066626712
2014-11-14 10:00:00,0.9980611501091591,0.9987745673360763,0.9992779654154895,0.9845827711797651
2014-11-14 11:00:00,0.9972153997328164,0.99652052171659,0.9992779654154897,0.9820525156539902
2014-11-14 12:00:00,0.9964943937126105,0.9950886004378737,0.9993225822476764,0.9810508430639281
2014-11-14 13:00:00,0.9966870513193266,0.9966578931297058,0.9991569077994811,0.9797934457022401
2014-11-17 07:00:00,0.9960512664923538,0.9945940008799636,0.9992380364338689,0.9805670812243186
2014-11-17 08:00:00,0.9966870513193266,0.9937718765391934,0.9993635563612095,0.9808549302817497
2014-11-17 09:00:00,0.9962198269480135,0.9937718765391934,0.9990574494317574,0.9806248685887281
2014-11-17 10:00:00,0.9954988209278076,0.9917079842894516,0.9991010961782719,0.9803370195312968
2014-11-17 11:00:00,0.9964943937126105,0.9937718765391934,0.999366228994191,0.9818011592767654
2014-11-17 12:00:00,0.9972153997328164,0.9937718765391934,0.9995353956680461,0.9818011592767654
2014-11-17 13:00:00,0.9972153997328166,0.9937718765391934,0.9995353956680461,0.9831619278303436
2014-11-18 07:00:00,0.9970468392771568,0.9937718765391934,0.9995353956680461,0.9842647990972525
2014-11-18 08:00:00,0.9978925896534995,0.9920359209711118,0.9997538360843609,0.9838023319418462
2014-11-18 09:00:00,0.9978925896534995,0.9912887526200502,0.9997538360843609,0.9838023319418462
2014-11-18 10:00:00,0.9980852472602153,0.9930247081881317,0.9997538360843609,0.9838023319418462
2014-11-18 11:00:00,0.9977678452973627,0.9895519414068513,0.9997538360843609,0.9840901809992775
2014-11-18 12:00:00,0.9970468392771568,0.9895519414068513,0.9997101893378464,0.9826260412538091
2014-11-18 13:00:00,0.9970468392771568,0.9855316013132712,0.999668361474676,0.9820457119381499
2014-11-19 07:00:00,0.9970468392771566,0.9871008940051031,0.999668361474676,0.9829185215120372
2014-11-19 08:00:00,0.9977086953938109,0.9895519414068513,0.9997965540349979,0.9807106980152521
2014-11-19 09:00:00,0.9980852472602153,0.9895519414068511,0.9997529072884834,0.9807106980152521
2014-11-19 10:00:00,0.9978925896534994,0.9918059870263375,0.9998411708671849,0.9796679015441867
2014-11-19 11:00:00,0.9982229644718791,0.9918059870263376,0.9998411708671849,0.979955750601618
2014-11-19 12:00:00,0.9982229644718792,0.9918059870263375,0.9998411708671849,0.9809985470726834
2014-11-19 13:00:00,0.9976946160583894,0.9918059870263375,0.9997101893378466,0.9813277828175141
2014-11-20 07:00:00,0.9975328016956692,0.9877856469327575,0.9996238246406951,0.9817123706053145
2014-11-20 08:00:00,0.9968426389194591,0.9895519414068513,0.9994510152481861,0.9796679015441867
2014-11-20 09:00:00,0.9964476829774159,0.9911212340986831,0.9994510152481861,0.9799971372890174
2014-11-20 10:00:00,0.9966094973401358,0.9937718765391936,0.9994510152481861,0.9796679015441867
2014-11-20 11:00:00,0.9971378457536259,0.9937718765391936,0.9995819967775245,0.9796679015441867
2014-11-20 12:00:00,0.9971378457536259,0.9937718765391936,0.9995819967775246,0.9791243277151299
2014-11-20 13:00:00,0.9958397718174914,0.9937718765391936,0.9994510152481861,0.9778669303534422
2014-11-21 07:00:00,0.9964476829774159,0.9937718765391934,0.9996238246406951,0.9771531068208111
2014-11-21 08:00:00,0.9959617205589034,0.9911212340986831,0.9994510152481861,0.9785804910796772
2014-11-21 09:00:00,0.9959617205589034,0.9893852785306013,0.9994510152481859,0.9785804910796772
2014-11-21 10:00:00,0.9953538093989791,0.9911212340986831,0.99940538422438,0.9772197225260989
2014-11-21 11:00:00,0.9936753499257074,0.9911212340986831,0.9994053842243802,0.9772197225260989
2014-11-21 12:00:00,0.9953538093989789,0.9893852785306013,0.9995819967775246,0.9774754472977246
2014-11-21 13:00:00,0.996807470935246,0.990070031458256,0.9997548061700333,0.9796832707945093
2014-11-24 07:00:00,0.9972024268772894,0.9912887526200502,0.9997101893378466,0.9802636001101687
2014-11-24 08:00:00,0.9963566765009467,0.9886381101795397,0.9996256435240389,0.9790873094221315
2014-11-24 09:00:00,0.9958042309364008,0.9912887526200502,0.9995373799453374,0.9794165451669619
2014-11-24 10:00:00,0.9961640188942308,0.9920359209711118,0.9994917489215315,0.9790319573791615
2014-11-24 11:00:00,0.9970468392771568,0.9872074459469337,0.9995344668721685,0.9818568656782081
2014-11-24 12:00:00,0.9970468392771568,0.9899720287213698,0.9997529072884834,0.9825706892108392
2014-11-24 13:00:00,0.9972024268772894,0.9899720287213698,0.9997529072884834,0.9834177441540458
2014-11-25 07:00:00,0.9975789787436941,0.9893852785306013,0.9995762947353392,0.9819536044085774
2014-11-25 08:00:00,0.9974233911435613,0.9873213862808592,0.9994917489215315,0.983998073469705
2014-11-25 09:00:00,0.9970468392771566,0.9899720287213698,0.9994917489215315,0.9850408699407707
2014-11-25 10:00:00,0.9970468392771568,0.9899720287213698,0.9994917489215315,0.9845784027853643
2014-11-25 11:00:00,0.9965796149058436,0.9893852785306013,0.9991856419920794,0.9834021120973271
2014-11-25 12:00:00,0.9960007647041117,0.9920359209711119,0.9991856419920794,0.9825550571541204
2014-11-25 13:00:00,0.9958248710059701,0.9920359209711118,0.9992292887385941,0.9825550571541204
2014-11-26 07:00:00,0.9961846589638004,0.9920359209711118,0.998916351591564,0.9825550571541204
2014-11-26 08:00:00,0.9961846589638004,0.9920359209711118,0.9991010961782719,0.981512260683055
2014-11-26 09:00:00,0.9961846589638003,0.9920359209711118,0.9991010961782719,0.9820558345121118
2014-11-26 10:00:00,0.9966518833351132,0.9912887526200501,0.9991010961782719,0.982343683569543
2014-11-26 11:00:00,0.9969963374889147,0.9899720287213698,0.9991010961782719,0.9813420109794807
2014-11-26 12:00:00,0.9969963374889147,0.9893852785306013,0.9987070303968542,0.9825183016675179
2014-11-26 13:00:00,0.9969963374889149,0.9912887526200501,0.9986187668181528,0.9807616816638215
2014-11-28 07:00:00,0.9969963374889149,0.9922025838473617,0.9988035114048609,0.9810909174086518
2014-11-28 08:00:00,0.9969963374889147,0.9922025838473617,0.9989317039651828,0.9828475374123485
2014-11-28 09:00:00,0.9963605526619419,0.9878159858387696,0.9984982711083933,0.9811276728952544
2014-11-28 10:00:00,0.9971722311870564,0.9893852785306013,0.9985428879405803,0.9811276728952544
2014-12-01 07:00:00,0.9969963374889149,0.9908171998093175,0.9987915762106617,0.9815901400506607
2014-12-01 08:00:00,0.9968204437907732,0.9927206738987662,0.9987915762106617,0.982766430738698
2014-12-01 09:00:00,0.9974822999074271,0.9912887526200501,0.9984296685446894,0.982222856909641
2014-12-01 10:00:00,0.9974822999074273,0.9912887526200501,0.9982158850386474,0.9830699118528479
2014-12-01 11:00:00,0.9966365495310848,0.988402736029538,0.9981363634424211,0.9836134856819047
2014-12-01 12:00:00,0.9971225119495971,0.9897194599282182,0.998341404965988,0.9832842499370741
2014-12-01 13:00:00,0.9971225119495971,0.9912887526200501,0.998341404965988,0.9824371949938673
2014-12-02 07:00:00,0.9971225119495971,0.9912887526200501,0.9983815594868427,0.9828996621492735
2014-12-02 08:00:00,0.9971225119495971,0.994456629466848,0.9986589213390076,0.9818568656782081
2014-12-02 09:00:00,0.9971225119495971,0.9922025838473617,0.9987417233157112,0.9815276299333774
2014-12-02 10:00:00,0.9964015059293911,0.9908858599486814,0.998523282899396,0.9810651627779714
2014-12-02 11:00:00,0.9962329454737315,0.9908858599486814,0.9986488028267366,0.9806026956225651
2014-12-02 12:00:00,0.9965633202921113,0.9864992619400894,0.9986488028267366,0.9798290601004868
2014-12-02 13:00:00,0.9964015059293913,0.9878159858387696,0.9982459210472315,0.9802915272558929
2014-12-03 07:00:00,0.9964015059293913,0.9885007387664241,0.998287748910402,0.9796744424536311
2014-12-03 08:00:00,0.9964015059293913,0.9909838626855673,0.9986078287132037,0.9774666189568464
2014-12-03 09:00:00,0.9964015059293913,0.9878159858387696,0.9986078287132037,0.9760024792113778
2014-12-03 10:00:00,0.9971225119495971,0.9878159858387696,0.9984643614635463,0.9771053504782868
2014-12-03 11:00:00,0.9978772558494706,0.9922025838473617,0.9987844412663479,0.9781481469493523
2014-12-03 12:00:00,0.9974822999074273,0.9937718765391936,0.9988727048450495,0.9755855958834524
2014-12-03 13:00:00,0.9974822999074273,0.9911212340986831,0.9988727048450495,0.9760480630388586
2014-12-04 07:00:00,0.996820443790773,0.9911212340986831,0.9987471849177089,0.976432650826659
2014-12-04 08:00:00,0.9969963374889147,0.9911212340986831,0.9987035381711944,0.9738955915850436
2014-12-04 09:00:00,0.9960286383711603,0.9902991097579129,0.9984698230655442,0.9730485366418368
2014-12-04 10:00:00,0.9955002899576703,0.9902991097579129,0.9982605018708343,0.9725627501771897
2014-12-04 11:00:00,0.9955002899576703,0.9878159858387696,0.9977672705365163,0.9722749011197585
2014-12-04 12:00:00,0.9955002899576703,0.9878159858387696,0.9976362890071779,0.9719456653749278
2014-12-04 13:00:00,0.9958600779155004,0.9900700314582557,0.9978902270340746,0.9682068236209908
2014-12-05 07:00:00,0.9943372060423616,0.9868718157054461,0.9973455133349949,0.9692084962110531
2014-12-05 08:00:00,0.9935255275172473,0.9868718157054461,0.9971831897620649,0.9669083023782996
2014-12-05 09:00:00,0.9935255275172472,0.9868718157054461,0.997138572929878,0.9671383640713214
2014-12-05 10:00:00,0.9950483993903858,0.9868718157054459,0.9977226537043293,0.967681937900378
2014-12-05 11:00:00,0.9958600779155004,0.9868718157054459,0.9975460411511851,0.9666802653103157
2014-12-05 12:00:00,0.9955002899576703,0.9846177700859599,0.9976271697855729,0.9673940888429468
2014-12-05 13:00:00,0.9959862523761828,0.9853649384370214,0.9977928442337681,0.9665470338997402
2014-12-08 07:00:00,0.9964015059293911,0.9871008940051033,0.9981204011198908,0.9699566399088467
2014-12-08 08:00:00,0.9972843263123171,0.9911212340986831,0.9983798156497388,0.9716765044259409
2014-12-08 09:00:00,0.9980390702121906,0.9919433584394532,0.9987826974292441,0.9728527951139782
2014-12-08 10:00:00,0.9971157658566574,0.9890573418489412,0.998523282899396,0.9754153461798782
2014-12-08 11:00:00,0.9962329454737313,0.9855845750676606,0.9984421542650085,0.9745682912366714
2014-12-08 12:00:00,0.9952652463559769,0.9855845750676606,0.9985267000788159,0.9708294494827342
2014-12-08 13:00:00,0.9965633202921113,0.989057341848941,0.9989207658602336,0.9733665087243496
2014-12-09 07:00:00,0.9962329454737315,0.9879230183458734,0.9989207658602336,0.9767761147334563
2014-12-09 08:00:00,0.995817691920523,0.9901770639653596,0.999054660462741,0.9747316456723285
2014-12-09 09:00:00,0.9953114234040016,0.9879230183458734,0.999054660462741,0.9733042614134625
2014-12-09 10:00:00,0.9949940214411488,0.989057341848941,0.999054660462741,0.9722614649423971
2014-12-09 11:00:00,0.995409274994357,0.9882352175081709,0.9992779654154895,0.9722614649423971
2014-12-09 12:00:00,0.9949233125758447,0.9871008940051031,0.9991550089179313,0.9750863732414435
2014-12-09 13:00:00,0.9949233125758447,0.9871008940051031,0.9993206833661266,0.9743059340035248
2014-12-10 07:00:00,0.99395561345809,0.9879230183458734,0.9994034853428302,0.9763504030646525
2014-12-10 08:00:00,0.9949940214411489,0.9901770639653596,0.9994917489215315,0.9777777873235185
2014-12-10 09:00:00,0.9956019326010733,0.9893549396245894,0.9996256435240389,0.9771974580078593
2014-12-10 10:00:00,0.9951159701825606,0.9848212957178162,0.9994564768501839,0.9751529889467315
2014-12-10 11:00:00,0.9939277397910418,0.981373871028852,0.9993335203526256,0.9733963689430349
2014-12-10 12:00:00,0.9949661477741005,0.9804600398015405,0.9993335203526256,0.9721389715813471
2014-12-10 13:00:00,0.9949661477741005,0.9839074644905048,0.99937716709914,0.97096268089331
2014-12-11 07:00:00,0.9949661477741005,0.9816534188710183,0.9992889035204388,0.971425148048716
2014-12-11 08:00:00,0.9955449979758324,0.9823381717986728,0.9993335203526256,0.9699977637898501
2014-12-11 09:00:00,0.9942122982952105,0.9788907471097085,0.9989945842265512,0.9694541899607934
2014-12-11 10:00:00,0.9936229334193653,0.9788907471097084,0.9986626692023161,0.9688371051585316
2014-12-11 11:00:00,0.9918136155193891,0.9734178221508739,0.9986626692023161,0.9688371051585316
2014-12-11 12:00:00,0.9918136155193891,0.969082016059348,0.9983374896646932,0.9688371051585316
2014-12-11 13:00:00,0.9932279774773219,0.967139557625682,0.9983811364112076,0.9688371051585316
2014-12-12 07:00:00,0.9936229334193653,0.9655702649338502,0.9983811364112076,0.9719177382292038
2014-12-12 08:00:00,0.9927369198749224,0.9608239122206303,0.9983811364112076,0.9739622072903313
2014-12-12 09:00:00,0.9927369198749223,0.9599100809933189,0.9982005494090962,0.9751384979783687
2014-12-12 10:00:00,0.9936229334193653,0.9552218075353901,0.9980666548065887,0.9751384979783687
2014-12-12 11:00:00,0.992537814701112,0.9592834073209554,0.9980239368559517,0.9746760308229625
2014-12-12 12:00:00,0.9921428587590685,0.96830748687041,0.9978869966003548,0.9728527951139782
2014-12-12 13:00:00,0.9907284968011356,0.9624023880870525,0.9978869966003548,0.9733963689430349
2014-12-15 07:00:00,0.9914186595773457,0.9646564337065386,0.9976586052671323,0.9737256046878655
2014-12-15 08:00:00,0.9918136155193891,0.964656433706539,0.9978819102198807,0.9715177811910808
2014-12-15 09:00:00,0.989660859124243,0.9552218075353901,0.9973826106684501,0.9715177811910808
2014-12-15 10:00:00,0.9892843072578384,0.9607153285996716,0.9976586052671322,0.9689807219494653
2014-12-15 11:00:00,0.9886442557676257,0.9565188245465193,0.9981207250603522,0.9689807219494653
2014-12-15 12:00:00,0.989082008922511,0.9592834073209554,0.9985927678391084,0.9701570126375025
2014-12-15 13:00:00,0.9892659031821998,0.9592834073209554,0.9987693803922527,0.971621152382971
2014-12-16 07:00:00,0.9881230020352023,0.9592834073209554,0.9985257289467191,0.9707483428090836
2014-12-16 08:00:00,0.9873311966155894,0.9636192134124814,0.9984393642495676,0.9667216519977152
2014-12-16 09:00:00,0.9863145932589722,0.962302489513801,0.9984393642495678,0.965360883444137
2014-12-16 10:00:00,0.9836880619018811,0.9563973907304433,0.9979294401252365,0.9657454712319375
2014-12-16 11:00:00,0.9847046652584986,0.9528179186029596,0.9981141847119447,0.9648726616580502
2014-12-16 12:00:00,0.9843602111046972,0.9536400429437297,0.9982005494090962,0.9671728554908036
2014-12-16 13:00:00,0.9869867424617882,0.9610193628890372,0.9982005494090962,0.9680456650646908
2014-12-17 07:00:00,0.9884740977625867,0.9661023373316246,0.9981141847119447,0.9686627498669526
2014-12-17 08:00:00,0.9884740977625867,0.962302489513801,0.998245166241283,0.9686627498669526
2014-12-17 09:00:00,0.9884740977625868,0.9636192134124814,0.9981141847119447,0.9700235184205309
2014-12-17 10:00:00,0.9882492998255823,0.9647957357449124,0.9979294401252365,0.9700235184205308
2014-12-17 11:00:00,0.989610357336001,0.9667381941785783,0.9981141847119447,0.973048536641837
2014-12-17 12:00:00,0.9888185519163881,0.9607331968219693,0.9979740569574237,0.9734331244296374
2014-12-17 13:00:00,0.9888185519163882,0.9639520761613174,0.9978012475649146,0.9734331244296374
2014-12-18 07:00:00,0.9874574944059693,0.9662061217808038,0.9979294401252365,0.9731452753722061
2014-12-18 08:00:00,0.9898350487381199,0.9693251025469006,0.9979294401252365,0.9736888492012631
2014-12-18 09:00:00,0.9898350487381199,0.9671199530081154,0.9981141847119447,0.9758966726980477
2014-12-18 10:00:00,0.9898350487381199,0.9721366703889114,0.9979294401252365,0.9769394691691132
2014-12-18 11:00:00,0.9906268541577328,0.974341819927697,0.9979294401252365,0.9779411417591756
2014-12-18 12:00:00,0.9906268541577328,0.9693251025469009,0.997333365723753,0.9782289908166069
2014-12-18 13:00:00,0.9916814281578354,0.9639520761613176,0.9972051731634308,0.9767648510711382
2014-12-19 07:00:00,0.992436172057709,0.9693251025469009,0.9972051731634308,0.9767648510711382
2014-12-19 08:00:00,0.9926491272755901,0.9731249503647244,0.9975670808294032,0.9785880867801227
2014-12-19 09:00:00,0.9926491272755901,0.9752556511550083,0.9975670808294034,0.9782034989923223
2014-12-19 10:00:00,0.9932279774773219,0.9797892950617816,0.9981141847119448,0.9793797896803594
2014-12-19 11:00:00,0.9938173423531672,0.9813585877536136,0.9979294401252365,0.9799968744826212
2014-12-19 12:00:00,0.9925766360347811,0.9834224800033555,0.9979294401252365,0.9765872684735145
2014-12-19 13:00:00,0.9925766360347811,0.9853649384370214,0.9979294401252365,0.9751231287280463
2014-12-22 07:00:00,0.9929715919768245,0.9876189840565078,0.9984393642495676,0.9771675977891738
2014-12-22 08:00:00,0.9936334480934786,0.9893852785306015,0.9985703457789061,0.9774554468466051
2014-12-22 09:00:00,0.9917460092814989,0.9893852785306015,0.9982451662412831,0.9756988268429084
2014-12-22 10:00:00,0.9913510533394556,0.9893852785306015,0.9981141847119448,0.9768751175309458
2014-12-22 11:00:00,0.9913510533394557,0.9893852785306015,0.9984839810817545,0.9758323210598804
2014-12-22 12:00:00,0.989936691381523,0.9893852785306015,0.9979740569574237,0.9755444720024491
2014-12-22 13:00:00,0.990626854157733,0.9878159858387696,0.9978012475649146,0.9746716624285615
2014-12-23 07:00:00,0.9907954146133927,0.9857520935890275,0.9977109997089217,0.9742870746407613
2014-12-23 08:00:00,0.989610357336001,0.9817317534954476,0.9973040235809013,0.9739024868529608
2014-12-23 09:00:00,0.9891726041811157,0.9846177700859596,0.9976169607279315,0.9736146377955295
2014-12-23 10:00:00,0.990357661458507,0.9886381101795398,0.9977072085839245,0.9750787775409979
2014-12-23 11:00:00,0.9894343571029738,0.9873213862808594,0.9975224639972163,0.9746163103855917
2014-12-23 12:00:00,0.9901891010028473,0.9845568035064233,0.9977072085839245,0.9746163103855919
2014-12-23 13:00:00,0.9915501585132662,0.9873213862808594,0.9981141847119447,0.9758180928979135
2014-12-24 07:00:00,0.9915501585132662,0.9886381101795398,0.9981141847119447,0.9766651478411204
2014-12-24 08:00:00,0.9912057043594648,0.9892248603703082,0.9980239368559519,0.9766651478411204
2014-12-24 09:00:00,0.9888281500273143,0.9892248603703082,0.9976169607279315,0.9735845147704482
2014-12-24 10:00:00,0.9867619445247837,0.9857520935890275,0.9976169607279315,0.9729674299681864
2014-12-26 07:00:00,0.9865780502650953,0.9834980479695414,0.9976169607279315,0.9710175037580707
2014-12-26 08:00:00,0.9848171421873654,0.9791114499609493,0.99743637372582,0.9714020915458712
2014-12-26 09:00:00,0.9848171421873654,0.9785638766486499,0.9970811574890901,0.9706284560237929
2014-12-26 10:00:00,0.9838494430696109,0.9796982001517176,0.9970811574890901,0.9695856595527272
2014-12-26 11:00:00,0.9838494430696109,0.9840847981603097,0.9972180977446871,0.9687386046095205
2014-12-26 12:00:00,0.9838494430696109,0.9834980479695414,0.9976169607279314,0.9706885308196362
2014-12-26 13:00:00,0.9838494430696109,0.9834980479695414,0.9970333531579789,0.9714621663417146
2014-12-29 07:00:00,0.9838494430696109,0.9834980479695414,0.996905160597657,0.9703592950748058
2014-12-29 08:00:00,0.9828110350865522,0.9834980479695414,0.9966714454920066,0.9697422102725439
2014-12-29 09:00:00,0.9796935352111226,0.9834980479695414,0.9961464828868504,0.9677922840624281
2014-12-29 10:00:00,0.9781405343443866,0.9834980479695414,0.9958047379755588,0.9665348867007404
2014-12-29 11:00:00,0.978626496762899,0.9796982001517176,0.9955396051596398,0.96615029891294
2014-12-29 12:00:00,0.9779864452726864,0.9796982001517176,0.9957580455759548,0.9627406929038331
2014-12-29 13:00:00,0.9779864452726863,0.9796982001517176,0.9958949858315519,0.9632031600592396
2014-12-30 07:00:00,0.9779864452726863,0.9796982001517176,0.9958949858315519,0.9644605574209273
2014-12-30 08:00:00,0.9793708856837626,0.9796982001517176,0.9958949858315518,0.9644605574209273
2014-12-30 09:00:00,0.9790534837209098,0.9796982001517176,0.9957580455759548,0.9635877478470402
2014-12-30 10:00:00,0.9769480372896278,0.9796982001517176,0.9949695825913158,0.9614287354837808
2014-12-30 11:00:00,0.9745247259423192,0.9791114499609493,0.9943407532747953,0.9597088709666867
2014-12-30 12:00:00,0.9724028811799652,0.9796982001517176,0.9940278161277651,0.9580123257588335
2014-12-30 13:00:00,0.9734356638004273,0.9753116021431255,0.9945227508417783,0.9583969135466341
2014-12-31 07:00:00,0.9734356638004275,0.9796982001517176,0.9945227508417783,0.9583969135466341
2014-12-31 08:00:00,0.9734356638004275,0.9840847981603097,0.9943792835921209,0.9579344463912278
2014-12-31 09:00:00,0.9760247329340943,0.9878846459781334,0.9942776061934012,0.9592464038112803
2014-12-31 10:00:00,0.9760247329340943,0.9872978957873649,0.9936487768768808,0.9605038011729683
2014-12-31 11:00:00,0.9772473589824507,0.9878846459781333,0.9935232569495401,0.9605038011729683
2014-12-31 12:00:00,0.9792611993739277,0.986970814750822,0.9942465829967758,0.9615465976440339
2014-12-31 13:00:00,0.9794859973109324,0.986970814750822,0.9942465829967758,0.9637544211408186
2015-01-02 07:00:00,0.9787702308555896,0.9878846459781333,0.9942465829967758,0.9623270368819526
2015-01-02 08:00:00,0.9806222568843466,0.9907706625686457,0.9942465829967758,0.9619424490941522
2015-01-02 09:00:00,0.9820759184206136,0.9930247081881319,0.9950865283461765,0.9644727046199271
2015-01-02 10:00:00,0.9842646966228193,0.9952787538076179,0.9953459428760246,0.9655155010909925
2015-01-02 11:00:00,0.9828110350865523,0.9930247081881319,0.9953459428760245,0.9663625560341993
2015-01-02 12:00:00,0.983128437049405,0.9907706625686457,0.995646713673783,0.9681857917431835
2015-01-02 13:00:00,0.9814499775761335,0.9907706625686457,0.9957722336011237,0.9670829204762748
2015-01-05 07:00:00,0.979261199373928,0.9895519414068513,0.9952120482735171,0.9664658356740128
2015-01-05 08:00:00,0.9787702308555893,0.9895519414068513,0.9955396051596399,0.9664658356740128
2015-01-05 09:00:00,0.980959009057795,0.9886381101795398,0.9960997904872464,0.9686248480372722
2015-01-05 10:00:00,0.9828110350865522,0.9895519414068513,0.9966714454920068,0.9686248480372722
2015-01-05 11:00:00,0.981887730731019,0.9872978957873649,0.9966714454920068,0.9692051773529315
2015-01-05 12:00:00,0.9795684803309487,0.9834980479695414,0.9966714454920068,0.9687427101975253
2015-01-05 13:00:00,0.9805495671152257,0.9840847981603097,0.9962183686785434,0.9697855066685908
2015-01-06 07:00:00,0.9785768159443914,0.9834980479695414,0.996037781676432,0.9680889614607376
2015-01-06 08:00:00,0.9762976552239798,0.9780828227545948,0.996037781676432,0.9657887676279845
2015-01-06 09:00:00,0.9729103366149535,0.9731486514337032,0.9957722336011235,0.963488573795231
2015-01-06 10:00:00,0.9729103366149535,0.9737354016244715,0.995646713673783,0.9627747502626001
2015-01-06 11:00:00,0.9729103366149535,0.9683201764095253,0.9960377816764319,0.9621439824752345
2015-01-06 12:00:00,0.973858408498773,0.9639335784009332,0.9960377816764319,0.9638638469923284
2015-01-06 13:00:00,0.9771231544081241,0.9639335784009331,0.996084474076036,0.9658137732024441
2015-01-07 07:00:00,0.9771231544081241,0.9579707798736873,0.9957382126257291,0.968744734822563
2015-01-07 08:00:00,0.9771231544081241,0.9508314590140101,0.9953164554242079,0.9682822676671567
2015-01-07 09:00:00,0.9771231544081241,0.9579707798736873,0.9954671033418695,0.968744734822563
2015-01-07 10:00:00,0.9771231544081241,0.9579707798736873,0.9950035182771778,0.9700021321842508
2015-01-07 11:00:00,0.9795007087402747,0.9639335784009331,0.9951051956758974,0.971003804774313
2015-01-07 12:00:00,0.9822387483134747,0.969896376928179,0.9955482319762573,0.975286220357307
2015-01-07 13:00:00,0.9822387483134747,0.9693488036158796,0.9954671033418695,0.9774452327205664
2015-01-08 07:00:00,0.9839867015473048,0.9753116021431255,0.9952219586934925,0.9789093724660348
2015-01-08 08:00:00,0.9841261871254543,0.9753116021431255,0.9952219586934927,0.9784469053106286
2015-01-08 09:00:00,0.9820139503764703,0.9753116021431255,0.9952219586934927,0.9769827655651604
2015-01-08 10:00:00,0.9799916772586131,0.969896376928179,0.9949965651390391,0.9749382965040324
2015-01-08 11:00:00,0.9776141229264625,0.9639335784009331,0.994612992364577,0.9736808991423447
2015-01-08 12:00:00,0.9777585922155653,0.9633860050886338,0.994612992364577,0.973425174370719
2015-01-08 13:00:00,0.9781633953768812,0.9567942575412562,0.9942929125617753,0.9737544101155496
2015-01-09 07:00:00,0.9776141229264625,0.950318155200817,0.9934001297396745,0.9722902703700811
2015-01-09 08:00:00,0.9771231544081241,0.9574574760604939,0.9935044495771362,0.9717099410544219
2015-01-09 09:00:00,0.9771231544081241,0.9628727012754404,0.9937182330831781,0.9721724082098282
2015-01-09 10:00:00,0.9771231544081241,0.9639335784009331,0.9937182330831781,0.9731740807998903
2015-01-09 11:00:00,0.9776724268585428,0.9639335784009331,0.9940536192543541,0.9744314781615782
2015-01-09 12:00:00,0.9778072611644205,0.9639335784009331,0.9940945933678871,0.9722724657983188
2015-01-09 13:00:00,0.9753221539049678,0.9639335784009332,0.9932546480184861,0.9708083260528504
2015-01-12 07:00:00,0.9729445995728172,0.9639335784009332,0.9923278365808885,0.967727692982178
2015-01-12 08:00:00,0.9707338121973916,0.9639335784009332,0.9921140530748466,0.9662402339274686
2015-01-12 09:00:00,0.9707338121973916,0.9579707798736873,0.9918546385449986,0.9665280829848999
2015-01-12 10:00:00,0.9733494027341333,0.9639335784009332,0.9921059282664716,0.9674008925587874
2015-01-12 11:00:00,0.9758345099935859,0.969896376928179,0.9918546385449986,0.9684025651488496
2015-01-12 12:00:00,0.9784377152609083,0.9753116021431255,0.9918546385449986,0.9701591851525461
2015-01-12 13:00:00,0.9782982296827588,0.9753116021431257,0.9915083770946918,0.9716466442072557
2015-01-13 07:00:00,0.9804104664317429,0.9796982001517178,0.9918144840241438,0.9733431894151086
2015-01-13 08:00:00,0.9827607393853179,0.9834980479695414,0.9926884579890414,0.974807329160577
2015-01-13 09:00:00,0.9827607393853179,0.9840847981603097,0.9926884579890414,0.9756543841037838
2015-01-13 10:00:00,0.9827607393853179,0.9796982001517176,0.9923591977232237,0.9749405605711527
2015-01-13 11:00:00,0.9806485026363339,0.9747640288308261,0.9916502145881615,0.9709138697597842
2015-01-13 12:00:00,0.9804104664317429,0.9796982001517176,0.9917030520608615,0.9713763369151904
2015-01-13 13:00:00,0.9804104664317429,0.9834980479695414,0.9924120351959237,0.9713763369151904
2015-01-14 07:00:00,0.9827607393853179,0.9872978957873649,0.9923591977232237,0.9726337342768782
2015-01-14 08:00:00,0.9843642233300454,0.9907706625686457,0.9928756202606158,0.9743903542805749
2015-01-14 09:00:00,0.9843642233300454,0.9907706625686457,0.9929165943741487,0.9751041778132058
2015-01-14 10:00:00,0.9858992213459944,0.9922025838473617,0.9931150466229217,0.9753920268706371
2015-01-14 11:00:00,0.9854654440702821,0.9922025838473617,0.9926104874446967,0.9764948981375459
2015-01-14 12:00:00,0.9858992213459944,0.9907706625686457,0.9921059282664716,0.9768241338823765
2015-01-14 13:00:00,0.9863369745008801,0.9907706625686457,0.9918546385449988,0.9772087216701771
2015-01-15 07:00:00,0.9883097256717145,0.9907706625686457,0.9918546385449988,0.9779225452028081
2015-01-15 08:00:00,0.9897002543985608,0.9922025838473617,0.9918546385449988,0.9796791652065046
2015-01-15 09:00:00,0.9894059627009978,0.9909838626855674,0.9918144840241438,0.9805519747803921
2015-01-15 10:00:00,0.9895504319901004,0.9878159858387696,0.9911055008890816,0.9802227390355616
2015-01-15 11:00:00,0.9897002543985608,0.9863840645600533,0.9904938383823644,0.9793756840923548
2015-01-15 12:00:00,0.9899132096164418,0.9863840645600533,0.9902425486608916,0.9789910963045542
2015-01-15 13:00:00,0.9899132096164418,0.9863840645600536,0.9902425486608917,0.9789910963045544
2015-01-16 07:00:00,0.9897002543985608,0.9863840645600536,0.9907999453118167,0.9794535634599606
2015-01-16 08:00:00,0.9911539159348278,0.9863840645600536,0.9910995143625193,0.979838151247761
2015-01-16 09:00:00,0.9927573998795552,0.9907706625686457,0.9921140530748466,0.979838151247761
2015-01-16 10:00:00,0.9936402202624811,0.9922025838473617,0.992988027039744,0.9792578219321018
2015-01-16 11:00:00,0.9920367363177539,0.9922025838473617,0.9929068984053566,0.9780815312440643
2015-01-16 12:00:00,0.9908485059262347,0.9922025838473615,0.9925776381395386,0.9777936821866332
2015-01-16 13:00:00,0.9911539159348278,0.9907706625686457,0.9921140530748463,0.9770798586540023
2015-01-20 07:00:00,0.9924519898709622,0.9898568313413342,0.9924120351959236,0.9785072429128682
2015-01-20 08:00:00,0.9920367363177539,0.989034707000564,0.9923591977232236,0.9785072429128682
2015-01-20 09:00:00,0.9904332523730265,0.9878159858387696,0.9922780690888359,0.977793419380237
2015-01-20 10:00:00,0.9895504319901004,0.989034707000564,0.9917073806956518,0.977330952224831
2015-01-20 11:00:00,0.9875776808192659,0.9878159858387696,0.991997273886098,0.9764581426509437
2015-01-20 12:00:00,0.9858992213459944,0.9890347070005638,0.9914927147078729,0.9750307583920776
2015-01-20 13:00:00,0.9877275032277263,0.9912887526200501,0.991798270285138,0.9758778133352843
2015-01-21 07:00:00,0.988765911210785,0.9912887526200501,0.9923823510595894,0.9754153461798782
2015-01-21 08:00:00,0.988765911210785,0.9944566294668479,0.9930238441602173,0.9739879619210122
2015-01-21 09:00:00,0.9894059627009978,0.9965205217165898,0.9938820116089008,0.974701785453643
2015-01-21 10:00:00,0.9895504319901006,0.9965205217165898,0.9935812408111423,0.976129169712509
2015-01-21 11:00:00,0.9880154339741515,0.9950886004378738,0.9926884579890415,0.9752563601386218
2015-01-21 12:00:00,0.9863369745008799,0.9950886004378738,0.9926884579890414,0.9686627498669526
2015-01-21 13:00:00,0.9841261871254543,0.9950886004378738,0.9926884579890415,0.967175290812243
2015-01-22 07:00:00,0.9820139503764703,0.9937718765391934,0.9926884579890417,0.9659178934505553
2015-01-22 08:00:00,0.9804104664317429,0.994456629466848,0.9921838988108164,0.9655886577057246
2015-01-22 09:00:00,0.9823832176025776,0.994456629466848,0.9921838988108164,0.9673085222228187
2015-01-22 10:00:00,0.984270656414557,0.994456629466848,0.9926884579890417,0.9690651422265152
2015-01-22 11:00:00,0.9863369745008799,0.9960259221586797,0.9926884579890417,0.9710150684366309
2015-01-22 12:00:00,0.9881652563826118,0.9960259221586797,0.9923362100121724,0.9782257635105619
2015-01-22 13:00:00,0.9899132096164419,0.9967730905097416,0.9924433133406645,0.9785549992553925
2015-01-23 07:00:00,0.9896189179188788,0.9967730905097416,0.9921140530748466,0.9802748637724866
2015-01-23 08:00:00,0.9908596242372648,0.9980898144084217,0.9925776381395386,0.9807373309278928
2015-01-23 09:00:00,0.9911539159348278,0.9987745673360762,0.9922780690888359,0.9798902759846861
2015-01-23 10:00:00,0.9899132096164418,0.9987745673360762,0.9920129362729169,0.9787139852966488
2015-01-23 11:00:00,0.9880849277347102,0.9987745673360762,0.9915795034161273,0.977866930353442
2015-01-23 12:00:00,0.9879404584456074,0.9987745673360762,0.9905649647038002,0.977866930353442
2015-01-23 13:00:00,0.9879404584456073,0.9987745673360762,0.9914209177228736,0.9753043792875421
2015-01-26 07:00:00,0.9879404584456073,0.9972052746442442,0.9915795034161273,0.977866930353442
2015-01-26 08:00:00,0.9879404584456073,0.9972052746442442,0.9911766216366221,0.9793310700989106
2015-01-26 09:00:00,0.9879404584456073,0.9972052746442442,0.991176621636622,0.9790432210414793
2015-01-26 10:00:00,0.9879404584456073,0.9965205217165898,0.9907737454310118,0.9795867948705363
2015-01-26 11:00:00,0.98808492773471,0.9972052746442442,0.9903206686175486,0.9792575591257057
2015-01-26 12:00:00,0.9894754564615565,0.9965205217165898,0.9903206686175486,0.979642146913506
2015-01-26 13:00:00,0.9907161627799423,0.9958357687889353,0.9903206686175486,0.9808184376015434
2015-01-27 07:00:00,0.9919043931714615,0.9937718765391934,0.9903735060902485,0.9833554968431585
2015-01-27 08:00:00,0.9929428011545198,0.9937718765391934,0.9902691862527869,0.9833554968431587
2015-01-27 09:00:00,0.9929428011545203,0.9937718765391934,0.991176621636622,0.9827751675274993
2015-01-27 10:00:00,0.9944656730276588,0.9966578931297058,0.991176621636622,0.9858001857488055
2015-01-27 11:00:00,0.9953114234040014,0.9945940008799636,0.9912809414740837,0.9850863622161745
2015-01-27 12:00:00,0.9951558358038688,0.9930247081881319,0.9909575868647,0.9860880348062367
2015-01-27 13:00:00,0.9946886114325559,0.9936566791591576,0.9909575868647,0.9852152252323496
2015-01-28 07:00:00,0.9949940214411489,0.9950886004378737,0.9909575868647,0.9864726225940373
2015-01-28 08:00:00,0.9956558775578028,0.9937718765391934,0.9909575868647,0.9864726225940373
2015-01-28 09:00:00,0.9963460403340129,0.9917079842894516,0.9909061044999383,0.9860101554386311
2015-01-28 10:00:00,0.9949849828235943,0.9937718765391934,0.9908265829037118,0.9860101554386311
2015-01-28 11:00:00,0.99432312670694,0.9920359209711118,0.9904703154728,0.9856255676508306
2015-01-28 12:00:00,0.99432312670694,0.993352644869792,0.9895490677090483,0.9843681702891428
2015-01-28 13:00:00,0.993855902335627,0.9933526448697922,0.988491632226988,0.9835945347670645
2015-01-29 07:00:00,0.993855902335627,0.9926054765187304,0.9889916710581234,0.9835945347670645
2015-01-29 08:00:00,0.99432312670694,0.993352644869792,0.9893803204121853,0.9846974060339735
2015-01-29 09:00:00,0.9944787143070728,0.991920723591076,0.9893803204121853,0.9840803212317115
2015-01-29 10:00:00,0.9944787143070728,0.993352644869792,0.988704792243067,0.9837510854868808
2015-01-29 11:00:00,0.9944787143070728,0.9891561408166398,0.9880529752154953,0.9820312209697869
2015-01-29 12:00:00,0.9937885515308629,0.9898408937442944,0.9872852998450102,0.9816466331819865
2015-01-29 13:00:00,0.9927178062293428,0.9898408937442943,0.9881741656856119,0.9816466331819863
2015-01-30 07:00:00,0.9927178062293428,0.9891561408166398,0.9883327513788656,0.9822269624976457
2015-01-30 08:00:00,0.9932240747458643,0.9898408937442943,0.9881183920622906,0.9813799075544393
2015-01-30 09:00:00,0.9949849828235943,0.9940373977974465,0.9889418410560968,0.9817644953422396
2015-01-30 10:00:00,0.9941392324472516,0.9905256466719486,0.9891887043979389,0.9831918796011054
2015-01-30 11:00:00,0.9936329639307301,0.9905256466719489,0.9894785975883852,0.9812419533909899
2015-01-30 12:00:00,0.9925622186292102,0.9898408937442944,0.9901155158355366,0.9798145691321238
2015-01-30 13:00:00,0.9918720558530002,0.9844678673587111,0.9890786649188256,0.98027703628753
2015-02-02 07:00:00,0.9910263054766575,0.9838358963876852,0.9884417466716743,0.9807395034429365
2015-02-02 08:00:00,0.9910263054766575,0.9877770014945523,0.989188704397939,0.9801591741272772
2015-02-02 09:00:00,0.9929428011545203,0.9912887526200501,0.9899563797684242,0.9834698688909708
2015-02-02 10:00:00,0.9937885515308628,0.9912887526200501,0.9908831912060216,0.9852264888946674
2015-02-02 11:00:00,0.9944787143070728,0.993352644869792,0.9908831912060216,0.9843794339514607
2015-02-02 12:00:00,0.9960015861802115,0.9965205217165898,0.9915587193751398,0.9839169667960544
2015-02-02 13:00:00,0.9966094973401358,0.99734264605736,0.9916102017399016,0.9849597632671199
2015-02-03 07:00:00,0.9953114234040016,0.99734264605736,0.9909875110434835,0.9863871475259859
2015-02-03 08:00:00,0.9946212606277915,0.9973426460573602,0.9900606996058859,0.9863871475259859
2015-02-03 09:00:00,0.9953114234040016,0.99734264605736,0.9908831912060216,0.9872342024691927
2015-02-03 10:00:00,0.9966094973401359,0.9980898144084218,0.9914279049051016,0.9884915998308804
2015-02-03 11:00:00,0.9975328016956692,0.9980898144084218,0.9914279049051016,0.9893386547740872
2015-02-03 12:00:00,0.9980611501091591,0.99734264605736,0.9914279049051016,0.9893386547740872
2015-02-03 13:00:00,0.9985674186256807,0.9980898144084217,0.9921661728557826,0.990596052135775
2015-02-04 07:00:00,0.998911872779482,0.9980898144084217,0.9923206877272023,0.9905960521357752
2015-02-04 08:00:00,0.998911872779482,0.9987745673360762,0.9922190103284826,0.9902114643479745
2015-02-04 09:00:00,0.9994643183440283,0.9987745673360763,0.9921661728557827,0.9908285491502363
2015-02-04 10:00:00,0.9992884246458864,0.9973426460573602,0.9927235695067075,0.9908285491502363
2015-02-04 11:00:00,0.9991198641902268,0.9950886004378738,0.9931956122854639,0.9890719291465397
2015-02-04 12:00:00,0.9991198641902267,0.9936566791591578,0.9939494598966856,0.9883581056139087
2015-02-04 13:00:00,0.9989439704920852,0.9907706625686457,0.994719567150219,0.9878956384585025
2015-02-05 07:00:00,0.999472318905575,0.9936566791591576,0.994719567150219,0.989652258462199
2015-02-05 08:00:00,0.999472318905575,0.995910724778644,0.994719567150219,0.9886094619911335
2015-02-05 09:00:00,0.9993037584499153,0.99734264605736,0.9941001078143474,0.9877624070479267
2015-02-05 10:00:00,0.9989733836315355,0.99734264605736,0.9938788586128156,0.9854622132151736
2015-02-05 11:00:00,0.9989733836315355,0.9987745673360763,0.994179629410574,0.9854622132151736
2015-02-05 12:00:00,0.998789489371847,0.999521735687138,0.994365655889656,0.9840348289563076
2015-02-05 13:00:00,0.998789489371847,0.999521735687138,0.994365655889656,0.9819903598951798
2015-02-06 07:00:00,0.9992957578883684,0.999521735687138,0.994365655889656,0.9832477572568676
2015-02-06 08:00:00,0.9994643183440283,0.9995217356871378,0.9945551976781906,0.9829920324852421
2015-02-06 09:00:00,0.9994643183440282,0.9980898144084217,0.9946053927121485,0.9826074446974415
2015-02-06 10:00:00,0.9994643183440282,0.9980898144084217,0.9939226195892958,0.9826074446974415
2015-02-06 11:00:00,0.9991198641902268,0.99734264605736,0.9931525123357624,0.979782536398395
2015-02-06 12:00:00,0.9992884246458864,0.9987745673360762,0.9936349157114942,0.979782536398395
2015-02-06 13:00:00,0.9996482126037167,0.9987745673360762,0.9944050229650276,0.9777380673372673
2015-02-09 07:00:00,0.9996482126037167,0.99652052171659,0.9948982542993456,0.9759148316282829
2015-02-09 08:00:00,0.9991198641902267,0.9958357687889355,0.9948982542993456,0.9767876412021703
2015-02-09 09:00:00,0.9991198641902267,0.9958357687889355,0.9944552179989857,0.9782150254610362
2015-02-09 10:00:00,0.9991198641902267,0.9980898144084218,0.9944552179989857,0.9782150254610362
2015-02-09 11:00:00,0.9991198641902267,0.99734264605736,0.9944552179989857,0.978832110263298
2015-02-09 12:00:00,0.9991198641902267,0.9966578931297058,0.9944552179989855,0.9773679705178295
2015-02-09 13:00:00,0.9991198641902268,0.9950886004378737,0.9939226195892958,0.9773679705178295
2015-02-10 07:00:00,0.9987433123238221,0.9950886004378737,0.9939226195892958,0.9760072019642513
2015-02-10 08:00:00,0.9982370438073008,0.9957733533655283,0.9938724245553379,0.9762950510216826
2015-02-10 09:00:00,0.9982370438073008,0.99734264605736,0.9943656558896558,0.9762950510216826
2015-02-10 10:00:00,0.9991198641902267,0.9987745673360762,0.9945551976781906,0.974538431017986
2015-02-10 11:00:00,0.9987754100364254,0.9987745673360763,0.9945551976781906,0.9758991995715641
2015-02-10 12:00:00,0.998591515776737,0.9987745673360763,0.9946302587819756,0.9762837873593647
2015-02-10 13:00:00,0.9991198641902268,0.9980273989850145,0.9947067500495174,0.9767462545147709
2015-02-11 07:00:00,0.9992884246458866,0.9980273989850146,0.9952277633472156,0.9795711628138175
2015-02-11 08:00:00,0.9991198641902268,0.9987745673360762,0.9956611962040052,0.9807474535018549
2015-02-11 09:00:00,0.9989439704920852,0.9980898144084217,0.9956611962040052,0.9813277828175141
2015-02-11 10:00:00,0.9986135956737053,0.9973426460573602,0.9960854346516506,0.9787907235758987
2015-02-11 11:00:00,0.9980611501091591,0.99652052171659,0.9959347867339885,0.9777890509858363
2015-02-11 12:00:00,0.9989439704920852,0.99652052171659,0.9959347867339885,0.9806139592848829
2015-02-11 13:00:00,0.9993037584499153,0.9944566294668479,0.9961332389827614,0.9809431950297135
2015-02-12 07:00:00,0.9991198641902267,0.9925531553773993,0.9966658373924512,0.9784061357880983
2015-02-12 08:00:00,0.9986135956737053,0.9902991097579129,0.9970514659181295,0.9780769000432676
2015-02-12 09:00:00,0.9982370438073008,0.9895519414068513,0.9973977273684363,0.9780769000432676
2015-02-12 10:00:00,0.998789489371847,0.9895519414068513,0.9973977273684363,0.9766495157844016
2015-02-12 11:00:00,0.9986135956737053,0.9902991097579129,0.9973977273684363,0.9763616667269703
2015-02-12 12:00:00,0.9986135956737053,0.9902991097579129,0.9976972964191391,0.9763616667269703
2015-02-12 13:00:00,0.9986135956737053,0.9911212340986831,0.9973510349688324,0.9767462545147709
2015-02-13 07:00:00,0.9978925896534994,0.9930247081881319,0.997271513372606,0.9767462545147709
2015-02-13 08:00:00,0.9972307335368452,0.9892248603703082,0.9975254513995025,0.9750263899976768
2015-02-13 09:00:00,0.9975751876906467,0.9899720287213698,0.997911079925181,0.9722014816986304
2015-02-13 10:00:00,0.9965796149058438,0.9899720287213698,0.9980392724855032,0.9725860694864307
2015-02-13 11:00:00,0.9972153997328166,0.988402736029538,0.9982986870153511,0.9725860694864307
2015-02-13 12:00:00,0.9975751876906467,0.9857520935890275,0.9984421542650082,0.9725860694864307
2015-02-13 13:00:00,0.9975751876906467,0.9857520935890275,0.9984421542650085,0.9711219297409623
2015-02-17 07:00:00,0.9975751876906467,0.9857520935890275,0.9984421542650085,0.9717390145432241
2015-02-17 08:00:00,0.9975751876906467,0.986970814750822,0.9987417233157112,0.9707373419531617
2015-02-17 09:00:00,0.9969963374889147,0.9857520935890275,0.9990128325995705,0.9697356693630996
2015-02-17 10:00:00,0.9973912934309582,0.9901386915976196,0.9990956345762741,0.9705161086010184
2015-02-17 11:00:00,0.9973912934309582,0.9907706625686457,0.999140251408461,0.9735967416716906
2015-02-17 12:00:00,0.9973912934309582,0.9863840645600533,0.9990956345762741,0.9742138264739524
2015-02-17 13:00:00,0.9973912934309582,0.9825842167422297,0.9992266161056125,0.9727496867284839
2015-02-18 07:00:00,0.996000764704112,0.9814498932391621,0.99931116191942,0.973037535785915
2015-02-18 08:00:00,0.9956563105503106,0.980817922268136,0.999126417332712,0.9724204509836533
2015-02-18 09:00:00,0.9946886114325557,0.980817922268136,0.9993548086659346,0.9718768771545967
2015-02-18 10:00:00,0.9935485693586502,0.980817922268136,0.99931116191942,0.9733410169000649
2015-02-18 11:00:00,0.9946886114325559,0.9828818145178781,0.9989982247723902,0.9748051566455335
2015-02-18 12:00:00,0.9946886114325559,0.9846481089919717,0.9992266161056126,0.9748051566455335
2015-02-18 13:00:00,0.9946886114325559,0.9840161380209459,0.9994917489215315,0.9739323470716462
2015-02-19 07:00:00,0.9946886114325557,0.9828818145178781,0.9995762947353392,0.9735477592838456
2015-02-19 08:00:00,0.9943120595661513,0.9853328619196262,0.9994917489215315,0.973932347071646
2015-02-19 09:00:00,0.9945250147840322,0.9878159858387695,0.9993607673921932,0.9743169348594466
2015-02-19 10:00:00,0.9951038649857642,0.9909838626855674,0.9993189395290227,0.9743169348594466
2015-02-19 11:00:00,0.9939676054123499,0.9928873367750162,0.9993189395290227,0.974779402014853
2015-02-19 12:00:00,0.994180560630231,0.994456629466848,0.9990956345762741,0.9752418691702591
2015-02-19 13:00:00,0.9945755165722744,0.994456629466848,0.9987417233157112,0.97595569270289
2015-02-20 07:00:00,0.9957637469637934,0.994456629466848,0.9985324021210013,0.9765727775051519
2015-02-20 08:00:00,0.9962920953772834,0.9928873367750162,0.9982729875911533,0.9778301748668397
2015-02-20 09:00:00,0.9972153997328166,0.994456629466848,0.9982729875911533,0.9790875722285275
2015-02-20 10:00:00,0.9970468392771568,0.9922025838473617,0.9985725566418561,0.9796679015441867
2015-02-20 11:00:00,0.9975328016956694,0.9907706625686457,0.9989264679024191,0.9779480370270928
2015-02-20 12:00:00,0.9964943937126105,0.9863840645600536,0.9990128325995706,0.9779480370270928
2015-02-20 13:00:00,0.9964943937126105,0.9834980479695414,0.9992266161056126,0.9764838972816241
2015-02-23 07:00:00,0.9951038649857642,0.9834980479695414,0.99931116191942,0.9758668124793626
2015-02-23 08:00:00,0.9944137022095543,0.9791114499609491,0.9993548086659344,0.9748651398893002
2015-02-23 09:00:00,0.9932774426361399,0.9742829749367711,0.9996199414818536,0.9715544451256065
2015-02-23 10:00:00,0.9917424446201908,0.9737354016244718,0.9995335767847021,0.9705116486545411
2015-02-23 11:00:00,0.9917424446201909,0.9731486514337033,0.9993966365291052,0.9702559238829154
2015-02-23 12:00:00,0.9934903978540209,0.9763165282805013,0.9993966365291052,0.9707183910383216
2015-02-23 13:00:00,0.9934903978540209,0.980336868374081,0.9992684439687831,0.970333803250521
2015-02-24 07:00:00,0.9934903978540209,0.980336868374081,0.9993111619194199,0.970333803250521
2015-02-24 08:00:00,0.9920367363177539,0.9763165282805011,0.9994393544797421,0.968973034696943
2015-02-24 09:00:00,0.9922390346530813,0.973197547514404,0.9994393544797421,0.9693576224847433
2015-02-24 10:00:00,0.9938425185978087,0.973197547514404,0.9994393544797421,0.9703592950748058
2015-02-24 11:00:00,0.9948809265808672,0.973197547514404,0.9993975266165714,0.9728963543164211
2015-02-24 12:00:00,0.9959193345639258,0.9739447158654657,0.9994393544797421,0.9741537516781088
2015-02-24 13:00:00,0.9970044532821793,0.9805364634128432,0.9994393544797422,0.9752566229450178
2015-02-25 07:00:00,0.9977254593023852,0.9864992619400892,0.9994393544797421,0.9755444720024491
2015-02-25 08:00:00,0.9980852472602153,0.9873213862808594,0.9994393544797421,0.9751598842146485
2015-02-25 09:00:00,0.9984156220785951,0.9838096351553616,0.9994393544797421,0.9751598842146487
2015-02-25 10:00:00,0.9975328016956694,0.9803368683740812,0.9993966365291052,0.9758737077472798
2015-02-25 11:00:00,0.9969539514939374,0.980336868374081,0.9993548086659346,0.9762582955350801
2015-02-25 12:00:00,0.9962920953772834,0.9797892950617816,0.9993548086659344,0.9762582955350801
2015-02-25 13:00:00,0.9964476829774159,0.980336868374081,0.99931116191942,0.9757147217060234
2015-02-26 07:00:00,0.9962920953772831,0.9763165282805011,0.9991856419920796,0.9750008981733923
2015-02-26 08:00:00,0.9959155435108787,0.9803368683740812,0.9990574494317574,0.9750008981733921
2015-02-26 09:00:00,0.9955002899576703,0.9838096351553616,0.9991856419920796,0.9750008981733921
2015-02-26 10:00:00,0.9955002899576703,0.9873213862808594,0.9990008974053715,0.9746163103855919
2015-02-26 11:00:00,0.9955002899576703,0.9890573418489412,0.9991264173327121,0.9746163103855919
2015-02-26 12:00:00,0.9962920953772831,0.9890573418489412,0.9991264173327121,0.9742317225977913
2015-02-26 13:00:00,0.9959155435108787,0.9917079842894515,0.9991264173327121,0.9746163103855919
2015-02-27 07:00:00,0.9962920953772831,0.9937718765391934,0.9991264173327121,0.9750008981733923
2015-02-27 08:00:00,0.9959155435108787,0.9930247081881319,0.9990418715189043,0.9750008981733923
2015-02-27 09:00:00,0.9962920953772834,0.9937718765391934,0.9989982247723899,0.9750008981733923
2015-02-27 10:00:00,0.9954092749943573,0.9937718765391934,0.9990400526355605,0.9750008981733921
2015-02-27 11:00:00,0.9962920953772834,0.9922025838473617,0.9990400526355606,0.9757147217060234
2015-02-27 12:00:00,0.9975328016956692,0.9930247081881319,0.999126417332712,0.9787953547766955
2015-02-27 13:00:00,0.9975328016956692,0.9918059870263375,0.9988063375299103,0.9810955486094488
2015-03-02 07:00:00,0.9975328016956692,0.9952787538076182,0.9991682451958827,0.9810955486094488
2015-03-02 08:00:00,0.9975328016956692,0.9945940008799636,0.9990818804987311,0.9829187843184332
2015-03-02 09:00:00,0.9977254593023852,0.9966578931297058,0.9991682451958827,0.9822049607858021
2015-03-02 10:00:00,0.9984156220785952,0.9950886004378737,0.9992109631465196,0.9796679015441867
2015-03-02 11:00:00,0.9984156220785952,0.993352644869792,0.9992109631465196,0.9796679015441867
2015-03-02 12:00:00,0.9984156220785952,0.9912887526200501,0.9988490554805474,0.9782405172853207
2015-03-02 13:00:00,0.9987754100364252,0.9919735055477046,0.9987645096667399,0.978954340817952
2015-03-03 07:00:00,0.9982691415199039,0.9892089227732684,0.9987645096667397,0.9793389286057523
2015-03-03 08:00:00,0.9982691415199039,0.9898408937442943,0.998436952780617,0.9793389286057523
2015-03-03 09:00:00,0.9987754100364254,0.9892089227732684,0.998436952780617,0.9799560134080141
2015-03-03 10:00:00,0.998591515776737,0.9877770014945523,0.998436952780617,0.9799560134080141
2015-03-03 11:00:00,0.9980390702121908,0.9858735274051036,0.998436952780617,0.9774189541663986
2015-03-03 12:00:00,0.9980390702121908,0.9829875108145916,0.9983114328532763,0.9748818949247832
2015-03-03 13:00:00,0.9974866246476445,0.9797892950617817,0.9981859129259358,0.9734545106659171
2015-03-04 07:00:00,0.9982076306678505,0.9744162686761982,0.9978068736750514,0.9759915699075328
2015-03-04 08:00:00,0.9972843263123173,0.9726803131081165,0.9978068736750514,0.9770343663785982
2015-03-04 09:00:00,0.9972843263123173,0.9786853104647257,0.9983114328532765,0.9780771628496637
2015-03-04 10:00:00,0.9972843263123173,0.9710326857918555,0.9983114328532765,0.9802849863464487
2015-03-04 11:00:00,0.9978126747258071,0.9636533658465481,0.9983532607164469,0.9817123706053147
2015-03-04 12:00:00,0.9976441142701473,0.9588248908223702,0.99839423482998,0.9827551670763801
2015-03-04 13:00:00,0.9973137394517676,0.9566941900320862,0.9983114328532765,0.9824259313315494
2015-03-05 07:00:00,0.9960156655156331,0.9588248908223702,0.998185912925936,0.9814242587414872
2015-03-05 08:00:00,0.9953538093989789,0.9566941900320862,0.998145758405081,0.9814242587414872
2015-03-05 09:00:00,0.9953538093989791,0.9546302977823442,0.9983114328532763,0.9818867258968933
2015-03-05 10:00:00,0.9941613123442201,0.9561742483818598,0.9983532607164471,0.9804225861514249
2015-03-05 11:00:00,0.9933155619678774,0.9561742483818598,0.998225068156125,0.9804225861514249
2015-03-05 12:00:00,0.993165739559417,0.9540435475915758,0.9981439395217372,0.9804225861514249
2015-03-05 13:00:00,0.99363296393073,0.9546302977823442,0.9982250681561251,0.9804225861514249
2015-03-06 07:00:00,0.99363296393073,0.9561742483818598,0.9980995482287844,0.9804225861514249
2015-03-06 08:00:00,0.9939774180845313,0.9561742483818598,0.998225068156125,0.9798422568357656
2015-03-06 09:00:00,0.9946675808607415,0.9519707793307738,0.9982687149026395,0.9801714925805962
2015-03-06 10:00:00,0.994823168460874,0.9465555541158273,0.9981405223423173,0.980788577382858
2015-03-06 11:00:00,0.9963460403340129,0.9527014816005792,0.9985526250422477,0.9828330464439857
2015-03-06 12:00:00,0.9968523088505344,0.9527014816005792,0.9982687149026394,0.9835468699766169
2015-03-06 13:00:00,0.9968523088505344,0.9477673102796877,0.9982687149026394,0.9828330464439857
2015-03-09 07:00:00,0.9976441142701473,0.9477673102796877,0.9987217917161026,0.9802704953780856
2015-03-09 08:00:00,0.9973137394517676,0.9396316121327947,0.9987217917161026,0.9823149644392136
2015-03-09 09:00:00,0.9973137394517676,0.9336688136055488,0.9987217917161026,0.9818524972838074
2015-03-09 10:00:00,0.996807470935246,0.9341518870795716,0.9987217917161029,0.9824328265994666
2015-03-09 11:00:00,0.996807470935246,0.9431788343411401,0.9990836993820752,0.9819703594440604
2015-03-09 12:00:00,0.9960156655156331,0.9508314590140101,0.999126417332712,0.9819703594440604
2015-03-09 13:00:00,0.9958397718174914,0.9431788343411401,0.9990400526355605,0.9857092011979975
2015-03-10 07:00:00,0.9960015861802116,0.9421824570539239,0.9986781449695884,0.985092116395736
2015-03-10 08:00:00,0.9965078546967331,0.950318155200817,0.9987645096667397,0.9862684070837732
2015-03-10 09:00:00,0.9963460403340131,0.950318155200817,0.9988063375299103,0.9865562561412042
2015-03-10 10:00:00,0.9960156655156331,0.950318155200817,0.9987645096667397,0.9862270203963737
2015-03-10 11:00:00,0.9973137394517676,0.9579707798736871,0.999126417332712,0.9862270203963737
2015-03-10 12:00:00,0.9965219340321546,0.9639335784009329,0.999126417332712,0.9862270203963737
2015-03-10 13:00:00,0.9963460403340129,0.969896376928179,0.9992109631465196,0.9847628806509053
2015-03-11 07:00:00,0.9973137394517676,0.969896376928179,0.9994393544797421,0.9859391713389424
2015-03-11 08:00:00,0.9978200079682891,0.969896376928179,0.9993548086659346,0.9864016384943487
2015-03-11 09:00:00,0.9973137394517676,0.969896376928179,0.9990418715189046,0.9856878149617178
2015-03-11 10:00:00,0.9973137394517676,0.9639335784009331,0.999126417332712,0.9856878149617178
2015-03-11 11:00:00,0.9978200079682891,0.9579707798736873,0.9991682451958827,0.9845115242736804
2015-03-11 12:00:00,0.9973137394517676,0.9508314590140103,0.9988063375299103,0.9848961120614809
2015-03-11 13:00:00,0.9973137394517676,0.9579707798736873,0.9988063375299103,0.9856099355941121
2015-03-12 07:00:00,0.9973137394517676,0.9579707798736873,0.9987235355532067,0.9848961120614809
2015-03-12 08:00:00,0.996807470935246,0.9579707798736873,0.9986808176025698,0.9828516430003532
2015-03-12 09:00:00,0.996807470935246,0.9633860050886336,0.9986371708560553,0.9828516430003532
2015-03-12 10:00:00,0.9960156655156331,0.9682144801128119,0.9985526250422477,0.9814242587414872
2015-03-12 11:00:00,0.9949990621590158,0.9731486514337033,0.9982250681561248,0.9806438195035684
2015-03-12 12:00:00,0.994999062159016,0.9791114499609493,0.9986371708560552,0.9806438195035682
2015-03-12 13:00:00,0.9960156655156331,0.9834980479695414,0.99891453270822,0.9834687278026149
2015-03-13 07:00:00,0.996015665515633,0.9878846459781334,0.9988727048450494,0.9843157827458217
2015-03-13 08:00:00,0.9963460403340129,0.9840847981603099,0.9988727048450494,0.9868528419874371
2015-03-13 09:00:00,0.9963460403340129,0.9834980479695414,0.9987070303968543,0.9868528419874368
2015-03-13 10:00:00,0.9971378457536259,0.9863840645600533,0.9991010961782719,0.9846450184906523
2015-03-13 11:00:00,0.9973137394517676,0.9844416061263876,0.9987471849177089,0.9842604307028517
2015-03-13 12:00:00,0.9978200079682891,0.9863840645600533,0.998916351591564,0.9836801013871924
2015-03-13 13:00:00,0.9983988581700209,0.9886381101795398,0.9991010961782719,0.9832176342317863
2015-03-16 07:00:00,0.9987754100364254,0.9900700314582558,0.9992380364338689,0.9846450184906523
2015-03-16 08:00:00,0.9987754100364254,0.9908171998093175,0.9990688697600139,0.9846450184906523
2015-03-16 09:00:00,0.9987754100364254,0.9952037978179096,0.9992380364338689,0.9839311949580211
2015-03-16 10:00:00,0.9983988581700209,0.9952037978179096,0.9988917749835624,0.9825038106991553
2015-03-16 11:00:00,0.9978200079682891,0.9980898144084217,0.9990574494317577,0.9810396709536868
2015-03-16 12:00:00,0.9983988581700209,0.9980898144084218,0.9992380364338689,0.982041343543749
2015-03-16 13:00:00,0.9978925896534995,0.99652052171659,0.9991010961782719,0.9814610142280896
2015-03-17 07:00:00,0.9971378457536259,0.99652052171659,0.9992702628521272,0.9809985470726834
2015-03-17 08:00:00,0.9976441142701473,0.9987745673360762,0.9992702628521272,0.9805360799172773
2015-03-17 09:00:00,0.9971378457536259,0.9987745673360762,0.999270262852127,0.9805360799172773
2015-03-17 10:00:00,0.9964476829774159,0.9987745673360762,0.9991010961782719,0.9805360799172773
2015-03-17 11:00:00,0.9956019326010733,0.9987745673360762,0.9992266161056125,0.9801514921294767
2015-03-17 12:00:00,0.9948809265808672,0.9987745673360762,0.9993548086659346,0.9781070230683492
2015-03-17 13:00:00,0.9948809265808674,0.9987745673360762,0.9993548086659346,0.9758991995715641
2015-03-18 07:00:00,0.9944656730276588,0.9987745673360762,0.999270262852127,0.9766130231041952
2015-03-18 08:00:00,0.9934272650446003,0.99734264605736,0.999270262852127,0.9766130231041952
2015-03-18 09:00:00,0.9932774426361399,0.9980898144084217,0.999270262852127,0.9757402135303079
2015-03-18 10:00:00,0.9924447335392111,0.999521735687138,0.9993548086659346,0.9743794449767298
2015-03-18 11:00:00,0.9924447335392111,0.9987745673360763,0.9996199414818536,0.9751598842146485
2015-03-18 12:00:00,0.9928824866940966,0.9980898144084218,0.9997538360843609,0.9776969434562641
2015-03-18 13:00:00,0.9924326073964008,0.9980898144084218,0.9996199414818536,0.9794168079733581
2015-03-19 07:00:00,0.9928824866940966,0.9980898144084218,0.9996626594324904,0.9800338927756198
2015-03-19 08:00:00,0.9933887552106181,0.9973426460573602,0.9996626594324904,0.9800338927756198
2015-03-19 09:00:00,0.9924326073964008,0.9973426460573602,0.9995762947353389,0.9800338927756198
2015-03-19 10:00:00,0.9928824866940966,0.99734264605736,0.9995762947353389,0.9797460437181887
2015-03-19 11:00:00,0.994018746267511,0.994456629466848,0.9997529072884834,0.9800752794630192
2015-03-19 12:00:00,0.9947734901673845,0.9900700314582558,0.9997529072884834,0.9806556087786784
2015-03-19 13:00:00,0.9958586088856377,0.9893852785306013,0.9997529072884834,0.9820829930375444
2015-03-20 07:00:00,0.9961640188942308,0.9900700314582558,0.9997529072884834,0.9809067023495073
2015-03-20 08:00:00,0.9963566765009467,0.9876189840565076,0.9997965540349979,0.9783696431078919
2015-03-20 09:00:00,0.9963566765009467,0.9893852785306013,0.9997101893378464,0.9783696431078919
2015-03-20 10:00:00,0.9961640188942308,0.9900700314582558,0.9996219257591451,0.9758325838662764
2015-03-20 11:00:00,0.9963566765009467,0.9886381101795397,0.9996219257591451,0.9758325838662764
2015-03-20 12:00:00,0.9958042309364006,0.9930247081881317,0.9996219257591451,0.9783696431078919
2015-03-20 13:00:00,0.9950832249161947,0.9930247081881319,0.9997101893378466,0.9746308013539545
2015-03-23 07:00:00,0.9938425185978088,0.9922025838473617,0.9996256435240389,0.9754778562971613
2015-03-23 08:00:00,0.9924519898709624,0.9930247081881319,0.9997101893378466,0.9746050467232739
2015-03-23 09:00:00,0.9913668711527089,0.9959107247786441,0.9997538360843611,0.9742758109784433
2015-03-23 10:00:00,0.9927573998795555,0.995910724778644,0.9997101893378464,0.9745636600358746
2015-03-23 11:00:00,0.9926075774710951,0.9950886004378737,0.9997101893378466,0.9754364696097619
2015-03-23 12:00:00,0.9927573998795552,0.9933526448697922,0.999668361474676,0.9733920005486341
2015-03-23 13:00:00,0.9927573998795552,0.9933526448697922,0.9997101893378466,0.9748193848075001
2015-03-24 07:00:00,0.9939981061979413,0.991920723591076,0.9997101893378464,0.9751486205523306
2015-03-24 08:00:00,0.9950832249161945,0.9898568313413342,0.9997101893378464,0.9777111716182307
2015-03-24 09:00:00,0.9961216328992533,0.989856831341334,0.9997965540349979,0.9781736387736369
2015-03-24 10:00:00,0.9970044532821793,0.9898568313413342,0.9997965540349979,0.9790206937168436
2015-03-24 11:00:00,0.9977254593023852,0.989856831341334,0.9997965540349979,0.9790206937168435
2015-03-24 12:00:00,0.9973950844840055,0.9919207235910761,0.9998392719856349,0.9781736387736369
2015-03-24 13:00:00,0.9977254593023852,0.9950886004378738,0.9999275355643364,0.9785028745184674
2015-03-25 07:00:00,0.9975328016956692,0.9922025838473615,0.9998838888178219,0.9775012019284051
2015-03-25 08:00:00,0.9975328016956692,0.9901386915976196,0.9998838888178218,0.9778304376732357
2015-03-25 09:00:00,0.9982538077158751,0.9869708147508218,0.9998838888178218,0.9767876412021703
2015-03-25 10:00:00,0.9978772558494706,0.9825842167422297,0.9997529072884834,0.9767876412021703
2015-03-25 11:00:00,0.9980611501091592,0.9813654955804356,0.9996626594324904,0.9786108769111547
2015-03-25 12:00:00,0.9968204437907732,0.9786009128059994,0.9996199414818536,0.9789954646989553
2015-03-25 13:00:00,0.9966518833351135,0.980336868374081,0.9997538360843609,0.9778191740109179
2015-03-26 07:00:00,0.9973137394517674,0.980336868374081,0.9997538360843609,0.9769463644370304
2015-03-26 08:00:00,0.9976581936055688,0.977885820972333,0.9997965540349979,0.9766171286921999
2015-03-26 09:00:00,0.9976581936055688,0.9768249438468403,0.9996199414818536,0.9766171286922001
2015-03-26 10:00:00,0.9982370438073008,0.9797892950617817,0.9994393544797421,0.9755743322211344
2015-03-26 11:00:00,0.9980611501091591,0.980336868374081,0.9991264173327121,0.9755743322211345
2015-03-26 12:00:00,0.9989439704920852,0.980336868374081,0.9990400526355606,0.9765760048111967
2015-03-26 13:00:00,0.9984156220785952,0.9754026970531895,0.99891453270822,0.9760324309821399
2015-03-27 07:00:00,0.9984156220785952,0.9682633761935125,0.9987417233157112,0.975251991744221
2015-03-27 08:00:00,0.9984156220785952,0.9714615919463224,0.9987417233157112,0.975251991744221
2015-03-27 09:00:00,0.9987600762323967,0.9739447158654659,0.9988362200464261,0.975251991744221
2015-03-27 10:00:00,0.9984156220785952,0.9739447158654659,0.9986268988517164,0.975251991744221
2015-03-27 11:00:00,0.9984156220785952,0.9758481899549145,0.9988362200464261,0.9755812274890517
2015-03-27 12:00:00,0.9984156220785951,0.9742005626386534,0.9987132635488679,0.9777890509858363
2015-03-27 13:00:00,0.9984156220785952,0.9721366703889115,0.9987534180697227,0.9770752274532053
2015-03-30 07:00:00,0.9977254593023852,0.973197547514404,0.9987534180697227,0.9762281725099988
2015-03-30 08:00:00,0.9975328016956692,0.973197547514404,0.9986670533725712,0.9748007882511328
2015-03-30 09:00:00,0.9966499813127433,0.973197547514404,0.9983207919222643,0.9722705327253578
2015-03-30 10:00:00,0.9961640188942308,0.973197547514404,0.9981978354247061,0.973446823413395
2015-03-30 11:00:00,0.9955851686924988,0.9739447158654659,0.9979267261408464,0.9712389999166102
2015-03-30 12:00:00,0.9949233125758447,0.9684972407313811,0.9974932932840573,0.974549694680304
2015-03-30 13:00:00,0.9955851686924989,0.9714615919463226,0.9975744219184448,0.974549694680304
2015-03-31 07:00:00,0.9959617205589034,0.973197547514404,0.9979283331790081,0.97597707893917
2015-03-31 08:00:00,0.9959617205589034,0.973197547514404,0.998241270326038,0.9751966397012511
2015-03-31 09:00:00,0.9959617205589034,0.973197547514404,0.9984899585961193,0.9770198754102356
2015-03-31 10:00:00,0.9945080590226364,0.9677500723803194,0.9983694628863601,0.9784472596691016
2015-03-31 11:00:00,0.9945080590226364,0.9714615919463224,0.998412180836997,0.9787764954139321
2015-03-31 12:00:00,0.9949233125758449,0.9761498654042512,0.9985927678391084,0.9800338927756198
2015-03-31 13:00:00,0.9954092749943573,0.9714615919463224,0.9982798306920786,0.9825709520172353
2015-04-01 07:00:00,0.9964476829774159,0.973197547514404,0.9987132635488679,0.9830334191726414
2015-04-01 08:00:00,0.9968426389194593,0.9803368683740812,0.9988471581513753,0.9844608034315074
2015-04-01 09:00:00,0.9966499813127433,0.9829875108145916,0.9988035114048609,0.9844608034315074
2015-04-01 10:00:00,0.9954092749943573,0.9818531873115237,0.9986830156951014,0.9849232705869136
2015-04-01 11:00:00,0.9945635246180146,0.9797892950617817,0.9989317039651828,0.9849232705869136
2015-04-01 12:00:00,0.9934272650446002,0.9766214182149838,0.9989317039651828,0.9837469798988765
2015-04-01 13:00:00,0.9938425185978085,0.9825842167422297,0.9991856419920796,0.9833623921110757
2015-04-02 07:00:00,0.9924519898709622,0.9791114499609491,0.9991856419920796,0.9816057721073794
2015-04-02 08:00:00,0.9911539159348278,0.9742829749367711,0.9991856419920796,0.9795613030462517
2015-04-02 09:00:00,0.9895504319901004,0.9737354016244717,0.9991856419920796,0.9770310475204765
2015-04-02 10:00:00,0.9880154339741514,0.9737354016244717,0.9991856419920796,0.97618399257727
2015-04-02 11:00:00,0.9859031972251676,0.9731486514337033,0.9992283599427166,0.9736469333356546
2015-04-02 12:00:00,0.9839867015473048,0.9671436540770941,0.9990973784133781,0.9739347823930858
2015-04-02 13:00:00,0.9839867015473048,0.9660827769516014,0.9989317039651828,0.9753621666519519
2015-04-06 07:00:00,0.9834180899657147,0.9654960267608333,0.9986605946813233,0.9750329309071212
2015-04-06 08:00:00,0.9810405356335641,0.9660093305740264,0.9982986870153511,0.9747450818496899
2015-04-06 09:00:00,0.9829803368108291,0.9682633761935128,0.9981647924128437,0.9754589053823209
2015-04-06 10:00:00,0.9847412448885592,0.9682633761935128,0.9984421542650085,0.9759213725377273
2015-04-06 11:00:00,0.9845032086839679,0.9682633761935128,0.9984899585961196,0.9781291960345121
2015-04-06 12:00:00,0.9865254818018253,0.9646839040660291,0.9986268988517163,0.9791719925055777
2015-04-06 13:00:00,0.9865254818018253,0.9646839040660291,0.9985324021210013,0.9791719925055777
2015-04-07 07:00:00,0.9872012711613017,0.9691772074208241,0.9988035114048607,0.9783915532676587
2015-04-07 08:00:00,0.984716163901849,0.9686639036076309,0.9985440968750128,0.9783915532676587
2015-04-07 09:00:00,0.985440363083572,0.9654960267608331,0.9983207919222643,0.97867940232509
2015-04-07 10:00:00,0.9865254818018253,0.9610027234060379,0.9986670533725712,0.97867940232509
2015-04-07 11:00:00,0.9865254818018253,0.9624346446847538,0.9989264679024191,0.97867940232509
2015-04-07 12:00:00,0.9872012711613017,0.9704007148208297,0.9991916007183381,0.9812164615667053
2015-04-07 13:00:00,0.9875066811698948,0.9726803131081168,0.9991916007183381,0.9826438458255713
2015-04-08 07:00:00,0.9877314791068991,0.9798196339677937,0.9991916007183381,0.9821813786701651
2015-04-08 08:00:00,0.9875066811698948,0.9829875108145916,0.9991916007183381,0.9826438458255713
2015-04-08 09:00:00,0.987790636037147,0.9829875108145916,0.9988920316676355,0.9833576693582022
2015-04-08 10:00:00,0.9888757547554005,0.9829875108145913,0.9987550914120383,0.9844605406251112
2015-04-08 11:00:00,0.9888757547554003,0.9803368683740812,0.9983694628863601,0.9844605406251112
2015-04-08 12:00:00,0.990208454436022,0.9838096351553616,0.998412180836997,0.9844605406251112
2015-04-08 13:00:00,0.9915695119464407,0.9892248603703082,0.9986354857897455,0.9849230077805174
2015-04-09 07:00:00,0.9907368028495118,0.9899720287213698,0.9987978093626754,0.9849230077805177
2015-04-09 08:00:00,0.9911317587915552,0.9920359209711119,0.999021114315424,0.9849230077805174
2015-04-09 09:00:00,0.9915695119464408,0.9958357687889355,0.9989744219158199,0.9849230077805177
2015-04-09 10:00:00,0.9895967607756063,0.9937718765391936,0.9987978093626756,0.9838802113094521
2015-04-09 11:00:00,0.9895967607756063,0.9930247081881317,0.9987550914120386,0.9827039206214148
2015-04-09 12:00:00,0.9873859734001806,0.9930247081881317,0.9987550914120383,0.9827039206214148
2015-04-09 13:00:00,0.9859137881414094,0.9930247081881317,0.9987132635488679,0.9827039206214148
2015-04-10 07:00:00,0.9865254818018253,0.9936566791591578,0.9984899585961196,0.9817022480313525
2015-04-10 08:00:00,0.9859137881414094,0.9930247081881317,0.9983276350231894,0.9817022480313525
2015-04-10 09:00:00,0.9865254818018253,0.9936566791591578,0.9984899585961193,0.982086835819153
2015-04-10 10:00:00,0.9866649673799748,0.9930247081881319,0.9983694628863601,0.9816010493545059
2015-04-10 11:00:00,0.9871148466776706,0.9936566791591578,0.9983276350231894,0.9816010493545059
2015-04-10 12:00:00,0.9865254818018253,0.9930247081881317,0.9980839835776558,0.9794420369912465
2015-04-10 13:00:00,0.9847775285679953,0.9907706625686457,0.9981685293914633,0.9773975679301188
2015-04-13 07:00:00,0.9821743233006728,0.9878846459781334,0.9983694628863601,0.9763958953400566
2015-04-13 08:00:00,0.982763688176518,0.9878846459781333,0.9982412703260379,0.9770129801423184
2015-04-13 09:00:00,0.9820394889947952,0.9840847981603097,0.9977692275472817,0.9746623478378589
2015-04-13 10:00:00,0.9836465085594439,0.9878846459781334,0.9978974201076038,0.9736606752477965
2015-04-13 11:00:00,0.9853944617932741,0.9907706625686457,0.9978974201076038,0.9746623478378589
2015-04-13 12:00:00,0.9849756726201443,0.9901386915976196,0.9973385254643305,0.9746623478378587
2015-04-13 13:00:00,0.9855040210336342,0.9930247081881319,0.9973812434149676,0.9752931156252242
2015-04-14 07:00:00,0.9855040210336342,0.9930247081881319,0.9973812434149676,0.9752931156252242
2015-04-14 08:00:00,0.9848682362066614,0.9930247081881319,0.9972966976011599,0.9769896608330776
2015-04-14 09:00:00,0.9851425560906883,0.9930247081881317,0.9974527104649279,0.975987988243015
2015-04-14 10:00:00,0.9860987039049055,0.9950886004378738,0.9975355124416315,0.975987988243015
2015-04-14 11:00:00,0.9866775541066375,0.9958357687889355,0.9978006452575504,0.9764504553984212
2015-04-14 12:00:00,0.9848682362066612,0.9937718765391936,0.9974754657199275,0.9764504553984212
2015-04-14 13:00:00,0.9851425560906882,0.9899720287213698,0.9976724526972285,0.9764504553984212
2015-04-15 07:00:00,0.9838630284386333,0.9873213862808596,0.9976724526972285,0.9747305908813273
2015-04-15 08:00:00,0.9822695320897692,0.9893852785306013,0.9976724526972285,0.9729073551723428
2015-04-15 09:00:00,0.9826644880318127,0.9893852785306013,0.9980499987452696,0.9724448880169366
2015-04-15 10:00:00,0.9808551701318363,0.9845568035064233,0.9977180837210344,0.9724448880169366
2015-04-15 11:00:00,0.9808551701318364,0.9813585877536134,0.9978362152392277,0.9724448880169366
2015-04-15 12:00:00,0.9810390643915249,0.9813585877536134,0.9976177748229128,0.9710175037580707
2015-04-15 13:00:00,0.9795514007022964,0.9774174826467463,0.9979110799251812,0.9695901194992047
2015-04-16 07:00:00,0.9781370387443638,0.9747668402062357,0.9978315583289546,0.9689730346969431
2015-04-16 08:00:00,0.9780065554670748,0.9737059630807432,0.9975254513995025,0.9698458442708303
2015-04-16 09:00:00,0.9795514007022966,0.9774174826467463,0.9970723745860391,0.9703894180998871
2015-04-16 10:00:00,0.9795514007022966,0.9739447158654657,0.9969542430678462,0.9707186538447176
2015-04-16 11:00:00,0.9781370387443638,0.9649177686038973,0.9969542430678462,0.9703894180998871
2015-04-16 12:00:00,0.9775581885426319,0.9694514125106705,0.9969542430678462,0.9706772671573182
2015-04-16 13:00:00,0.9793675064426081,0.9678821198188388,0.9966188505634762,0.9721414069027869
2015-04-17 07:00:00,0.9793675064426081,0.969100840980633,0.9967443704908168,0.9710986104317213
2015-04-17 08:00:00,0.9757591188676806,0.9696484142929324,0.9964628376997083,0.9696344706862527
2015-04-17 09:00:00,0.9757591188676806,0.9696484142929324,0.9966188505634762,0.9696344706862527
2015-04-17 10:00:00,0.9773661384323293,0.9671652903737891,0.9966188505634762,0.9696344706862527
2015-04-17 11:00:00,0.9775500326920181,0.9677520405645575,0.9966188505634762,0.967426647189468
2015-04-17 12:00:00,0.973473747353711,0.9677520405645575,0.9962936710258531,0.9651264533567148
2015-04-17 13:00:00,0.973473747353711,0.9677520405645575,0.9956961198540735,0.9642536437828274
2015-04-20 07:00:00,0.9720593853957783,0.9658485664751087,0.995575624144314,0.9647394302474744
2015-04-20 08:00:00,0.9736042306309999,0.9696484142929324,0.9960377439375337,0.9638923753042679
2015-04-20 09:00:00,0.9734203363713113,0.9696484142929324,0.9962864322076154,0.9638923753042676
2015-04-20 10:00:00,0.9734203363713113,0.9696484142929324,0.9961058452055039,0.9638923753042679
2015-04-20 11:00:00,0.9734203363713113,0.9696484142929324,0.9963067787004006,0.961684551807483
2015-04-20 12:00:00,0.9734203363713113,0.9696484142929324,0.9965102640907625,0.9609041125695641
2015-04-20 13:00:00,0.9734203363713113,0.9715518883823812,0.996630759800522,0.961684551807483
2015-04-21 07:00:00,0.9761356707340852,0.9751313605098647,0.9971754734996018,0.9639847456402363
2015-04-21 08:00:00,0.9775500326920181,0.9782992373566627,0.9971754734996018,0.9657413656439329
2015-04-21 09:00:00,0.9771734808256135,0.9782992373566627,0.9972566021339896,0.9646985691728674
2015-04-21 10:00:00,0.9771734808256135,0.9782992373566627,0.99766870483392,0.9641182398572082
2015-04-21 11:00:00,0.9771734808256135,0.9782992373566627,0.9975695392810197,0.9664184336899615
2015-04-21 12:00:00,0.9806470340946631,0.9782992373566625,0.9979398141177794,0.969243341989008
2015-04-21 13:00:00,0.9822540536593121,0.9782992373566625,0.9980226160944828,0.9720682502880545
2015-04-22 07:00:00,0.9822540536593121,0.9782992373566625,0.9979398141177794,0.9717390145432241
2015-04-22 08:00:00,0.9809745260072568,0.9763957632672141,0.9978586854833916,0.9712532280785768
2015-04-22 09:00:00,0.9822540536593121,0.9782992373566627,0.9974884106466319,0.9706361432763151
2015-04-22 10:00:00,0.981894265701482,0.977614484429008,0.9974465827834612,0.9706361432763153
2015-04-22 11:00:00,0.9841366732905839,0.977614484429008,0.9978586854833916,0.9716378158663774
2015-04-22 12:00:00,0.9852767153644896,0.9784366087697782,0.99808199043614,0.9735877420764931
2015-04-22 13:00:00,0.985416200942639,0.9772178876079841,0.9975887591018221,0.9740502092318993
2015-04-23 07:00:00,0.9854162009426388,0.9719024599124186,0.9978883281525248,0.9752264999199365
2015-04-23 08:00:00,0.9861964550587146,0.973121181074213,0.9977117155993803,0.9755557356647669
2015-04-23 09:00:00,0.9889299934814844,0.9784366087697784,0.9977117155993803,0.9783806439638136
2015-04-23 10:00:00,0.9889299934814844,0.9810872512102888,0.9974884106466319,0.9798080282226794
2015-04-23 11:00:00,0.9889299934814844,0.9810872512102888,0.9975695392810197,0.9815646482263761
2015-04-23 12:00:00,0.9889299934814844,0.9776144844290084,0.9971754734996018,0.982108222055433
2015-04-23 13:00:00,0.9897416720065989,0.9810872512102888,0.9970248255819398,0.9828220455880639
2015-04-24 07:00:00,0.9919110999982086,0.9842062319763859,0.9974465827834612,0.9842494298469299
2015-04-24 08:00:00,0.9920949942578972,0.985522955875066,0.9974884106466319,0.9850964847901367
2015-04-24 09:00:00,0.9920949942578972,0.9817231080572423,0.997326087073702,0.9840948122000743
2015-04-24 10:00:00,0.9919110999982086,0.9823550790282682,0.9972415412598943,0.983710224412274
2015-04-24 11:00:00,0.9923783243695217,0.9811363578664741,0.9968625020090098,0.9845572793554805
2015-04-24 12:00:00,0.9923783243695217,0.9786853104647257,0.9969043298721805,0.9845572793554805
2015-04-24 13:00:00,0.9936329639307303,0.978685310464726,0.9969043298721804,0.985600075826546
2015-04-27 07:00:00,0.9936329639307303,0.9793700633923804,0.996781373374622,0.9873566958302425
2015-04-27 08:00:00,0.9944787143070726,0.9835665674455324,0.9971670019003006,0.9877412836180429
2015-04-27 09:00:00,0.99363296393073,0.9853328619196262,0.9969619603767335,0.9887429562081053
2015-04-27 10:00:00,0.9942948200473842,0.9885007387664241,0.997138572929878,0.9897446287981676
2015-04-27 11:00:00,0.995817691920523,0.9909838626855674,0.9977226537043296,0.9905916837413742
2015-04-27 12:00:00,0.9963460403340129,0.9909838626855674,0.9978883281525248,0.9905916837413743
2015-04-27 13:00:00,0.9958397718174914,0.9885328152838192,0.9978456102018878,0.9905916837413743
2015-04-28 07:00:00,0.9971378457536259,0.9893549396245894,0.9982158850386474,0.9902070959535738
2015-04-28 08:00:00,0.9973137394517676,0.9893549396245894,0.9982158850386474,0.9912498924246392
2015-04-28 09:00:00,0.9977086953938109,0.9925531553773991,0.9982158850386474,0.9918302217402984
2015-04-28 10:00:00,0.9978772558494706,0.991121234098683,0.9982158850386474,0.9914456339524981
2015-04-28 11:00:00,0.9968388478664121,0.9871008940051029,0.9978883281525246,0.9914456339524979
2015-04-28 12:00:00,0.996838847866412,0.9816534188710183,0.9977117155993803,0.9908285491502363
2015-04-28 13:00:00,0.996838847866412,0.9823381717986728,0.9982049469336984,0.9916756040934431
2015-04-29 07:00:00,0.9973912934309582,0.9868718157054461,0.9983388415362059,0.9923894276260741
2015-04-29 08:00:00,0.9973912934309582,0.9868718157054461,0.9978456102018878,0.992389427626074
2015-04-29 09:00:00,0.9972153997328166,0.9868718157054461,0.9976362890071779,0.9913466311550084
2015-04-29 10:00:00,0.9968204437907732,0.9876189840565078,0.9973455133349949,0.9913466311550084
2015-04-29 11:00:00,0.9972153997328164,0.9893852785306015,0.9976362890071779,0.9913466311550084
2015-04-29 12:00:00,0.9978772558494706,0.9878159858387696,0.9977672705365163,0.9904995762118017
2015-04-29 13:00:00,0.9966365495310846,0.9818531873115237,0.9978902270340746,0.9901703404669713
2015-04-30 07:00:00,0.9958248710059701,0.9788888360965824,0.9979713556684623,0.9892975308930839
2015-04-30 08:00:00,0.9965796149058436,0.9750889882787585,0.9982106489758837,0.9889129431052833
2015-04-30 09:00:00,0.9965796149058436,0.9750889882787585,0.9981295203414959,0.9889129431052833
2015-04-30 10:00:00,0.9965796149058436,0.9750889882787588,0.9978456102018878,0.988528355317483
2015-04-30 11:00:00,0.9958248710059701,0.9805364634128432,0.9975460411511851,0.9876813003742764
2015-04-30 12:00:00,0.9961846589638003,0.9829875108145916,0.9971670019003006,0.9866385039032107
2015-04-30 13:00:00,0.9965796149058436,0.9786009128059995,0.9973654541490736,0.9870230916910111
2015-05-01 07:00:00,0.9965796149058436,0.9786009128059995,0.9972031305761435,0.9870230916910111
2015-05-01 08:00:00,0.9969394028636737,0.9771689915272834,0.9971604126255065,0.9863092681583803
2015-05-01 09:00:00,0.9959832550494564,0.9771689915272834,0.996781373374622,0.9870230916910111
2015-05-01 10:00:00,0.9961759126561724,0.9712061930000374,0.9969320212922841,0.9852664716873146
2015-05-01 11:00:00,0.9961759126561727,0.9712061930000374,0.9966883698467502,0.9842236752162492
2015-05-01 12:00:00,0.996359806915861,0.9652011956434282,0.9965601772864283,0.983047384528212
2015-05-01 13:00:00,0.9961759126561727,0.9700296706676064,0.9965601772864283,0.983047384528212
2015-05-04 07:00:00,0.9961759126561727,0.9766214182149838,0.9963631903091273,0.9827595354707808
2015-05-04 08:00:00,0.9971320604703899,0.9766214182149838,0.9958996052444354,0.985059729303534
2015-05-04 09:00:00,0.9977678452973627,0.9797892950617816,0.9959760965119768,0.9853475783609653
2015-05-04 10:00:00,0.9986135956737052,0.9829875108145913,0.996289033659007,0.9860614018935963
2015-05-04 11:00:00,0.9993037584499153,0.9797892950617816,0.996289033659007,0.9860614018935963
2015-05-04 12:00:00,0.9991198641902268,0.9829875108145913,0.9967132721066521,0.9865238690490027
2015-05-04 13:00:00,0.9984297014140167,0.9836194817856174,0.9965763318510551,0.9865238690490027
2015-05-05 07:00:00,0.9977678452973627,0.9836194817856174,0.9965763318510551,0.9858100455163714
2015-05-05 08:00:00,0.998613595673705,0.9836194817856174,0.9965763318510551,0.9855221964589401
2015-05-05 09:00:00,0.9989439704920852,0.9843042347132717,0.9969619603767337,0.9865238690490027
2015-05-05 10:00:00,0.9984156220785952,0.9877770014945523,0.9967610268818369,0.9856768141057959
2015-05-05 11:00:00,0.9978872736651054,0.9877770014945523,0.9968512747378299,0.9852922263179953
2015-05-05 12:00:00,0.9970044532821793,0.9848909849040404,0.9968512747378296,0.9842905537279332
2015-05-05 13:00:00,0.9977254593023852,0.9782992373566627,0.9974739654342479,0.9857179379867991
2015-05-06 07:00:00,0.9982538077158751,0.9776144844290082,0.9972973528811037,0.986564992930006
2015-05-06 08:00:00,0.9986135956737053,0.9764801609259405,0.9972973528811037,0.986564992930006
2015-05-06 09:00:00,0.9986135956737052,0.9789312083276885,0.9975969219318062,0.9865649929300058
2015-05-06 10:00:00,0.9981276332551928,0.9782992373566627,0.9976832866289577,0.9855221964589401
2015-05-06 11:00:00,0.9977678452973627,0.9782992373566627,0.9976832866289577,0.9848083729263092
2015-05-06 12:00:00,0.9979517395570513,0.9829875108145913,0.9976832866289577,0.9858511693973748
2015-05-06 13:00:00,0.9986135956737053,0.9878159858387696,0.9975176121807624,0.987027460085412
2015-05-07 07:00:00,0.9982370438073008,0.9897194599282182,0.997138572929878,0.9858511693973748
2015-05-07 08:00:00,0.9978925896534994,0.9912887526200501,0.9967610268818369,0.9876077894010712
2015-05-07 09:00:00,0.9978925896534994,0.9919735055477046,0.9968512747378299,0.9865649929300058
2015-05-07 10:00:00,0.9978925896534994,0.9919735055477046,0.9961378652231367,0.9875666655200681
2015-05-07 11:00:00,0.9977086953938108,0.9919735055477046,0.9961378652231367,0.9875666655200681
2015-05-07 12:00:00,0.9972024268772893,0.9940373977974465,0.9953330100944413,0.9847417572210215
2015-05-07 13:00:00,0.9975328016956692,0.9940373977974465,0.9953330100944413,0.9847417572210215
2015-05-08 07:00:00,0.9977254593023852,0.9919735055477047,0.9961378652231367,0.9867862262821493
2015-05-08 08:00:00,0.9977254593023852,0.9919735055477044,0.9962261288018383,0.9867862262821491
2015-05-08 09:00:00,0.9970044532821793,0.9927206738987662,0.9962261288018383,0.9871154620269798
2015-05-08 10:00:00,0.9977254593023852,0.9912887526200501,0.9963918032500335,0.9860726655559143
2015-05-08 11:00:00,0.9966870513193266,0.993352644869792,0.9965609699238885,0.9856101984005081
2015-05-08 12:00:00,0.9962920953772834,0.988524169845614,0.9969928466474729,0.9838535783968115
2015-05-08 13:00:00,0.9954092749943573,0.988524169845614,0.9969928466474729,0.9838535783968115
2015-05-11 07:00:00,0.9947734901673843,0.9877770014945523,0.996604616670403,0.9829807688229243
2015-05-11 08:00:00,0.9943236108696887,0.9870922485668979,0.9966891624842105,0.9818044781348869
2015-05-11 09:00:00,0.9951038649857644,0.9891561408166398,0.9963268031883772,0.9818044781348869
2015-05-11 10:00:00,0.9956563105503103,0.9898408937442943,0.9966891624842106,0.9814198903470863
2015-05-11 11:00:00,0.9958248710059701,0.9905256466719486,0.9964131678855286,0.9836277138438713
2015-05-11 12:00:00,0.9961846589638003,0.9905256466719489,0.9964131678855286,0.9836277138438713
2015-05-11 13:00:00,0.9952169598460457,0.9898408937442943,0.9960579516487985,0.9836277138438713
2015-05-12 07:00:00,0.9942003564894284,0.988524169845614,0.9964131678855286,0.9826260412538091
2015-05-12 08:00:00,0.9943762501875701,0.9877770014945523,0.996845044609113,0.9834988508276964
2015-05-12 09:00:00,0.995012035014543,0.988524169845614,0.997163757158432,0.9834988508276964
2015-05-12 10:00:00,0.9943762501875701,0.988524169845614,0.9970773924612806,0.9804182177570242
2015-05-12 11:00:00,0.9921654628121446,0.988524169845614,0.9969928466474729,0.9775933094579775
2015-05-12 12:00:00,0.9904819972390471,0.988524169845614,0.9967586799119617,0.9764170187699402
2015-05-12 13:00:00,0.9904819972390471,0.9885241698456142,0.9970773924612804,0.9741168249371871
2015-05-13 07:00:00,0.9912622513551226,0.9838358963876852,0.9974127849656506,0.9741168249371871
2015-05-13 08:00:00,0.9910936908994629,0.9838358963876851,0.9969910277641291,0.9745014127249875
2015-05-13 09:00:00,0.9891404065927686,0.982519172489005,0.9965840516361086,0.973921083409328
2015-05-13 10:00:00,0.9891404065927686,0.9825191724890048,0.9967150331654472,0.9720978477003438
2015-05-13 11:00:00,0.9896076309640817,0.9806156983995562,0.9967150331654472,0.9720978477003438
2015-05-13 12:00:00,0.9894458166013617,0.9779650559590456,0.9967150331654472,0.9706103886456344
2015-05-13 13:00:00,0.9870348485566,0.9747668402062359,0.9959279402051328,0.96878715293665
2015-05-14 07:00:00,0.9891013624475602,0.9747668402062357,0.9958833233729457,0.9691717407244506
2015-05-14 08:00:00,0.9894458166013619,0.9766703142956845,0.9963268031883772,0.970994976433435
2015-05-14 09:00:00,0.9865676241852871,0.9798685300484945,0.9962404384912257,0.970994976433435
2015-05-14 10:00:00,0.9867294385480071,0.9787342065454266,0.9957969586757944,0.9706103886456344
2015-05-14 11:00:00,0.9873652233749799,0.9764801609259405,0.9957969586757944,0.9712274734478962
2015-05-14 12:00:00,0.9873652233749799,0.9704175648793134,0.9957969586757944,0.9701246021809872
2015-05-14 13:00:00,0.986897999003667,0.9704175648793132,0.9960676290987166,0.9686604624355187
2015-05-15 07:00:00,0.9835639313127666,0.9704175648793134,0.9958538455926748,0.9655798293648465
2015-05-15 08:00:00,0.9826441916185416,0.9666177170614898,0.995202028565103,0.9622691346011529
2015-05-15 09:00:00,0.9826441916185416,0.9569990227954572,0.9948630924390285,0.9605725893932996
2015-05-15 10:00:00,0.9824756311628818,0.9594821467146005,0.9951686480162936,0.9599922600776406
2015-05-15 11:00:00,0.9795844031019664,0.9606164702176683,0.9952996295456319,0.9565826540685337
2015-05-15 12:00:00,0.975994630310554,0.9523967387466907,0.9952996295456319,0.9570451212239399
2015-05-15 13:00:00,0.975994630310554,0.9497460963061801,0.995114884958924,0.9555809814784716
2015-05-18 07:00:00,0.975994630310554,0.9491985229938809,0.9948712335133905,0.9555809814784716
2015-05-18 08:00:00,0.975994630310554,0.9481376458683882,0.9949084132716008,0.9555809814784715
2015-05-18 09:00:00,0.9764284075862666,0.9481376458683882,0.9952966432486706,0.9562948050111024
2015-05-18 10:00:00,0.9765839951863993,0.9481376458683882,0.9955781760397792,0.9565826540685337
2015-05-18 11:00:00,0.976914370004779,0.9491985229938809,0.9955031149359941,0.955735599125327
2015-05-18 12:00:00,0.976914370004779,0.9497460963061801,0.9950285202617725,0.955021775592696
2015-05-18 13:00:00,0.975994630310554,0.9457257562126002,0.9948275867668757,0.9558022148306148
2015-05-19 07:00:00,0.9767458095491192,0.9451781829003009,0.9947160219756797,0.9561868026184154
2015-05-19 08:00:00,0.9801737679778115,0.9574182544648585,0.995299629545632,0.9575475711719936
2015-05-19 09:00:00,0.9828891023405852,0.9664501985401227,0.9954802165477434,0.9612864129259309
2015-05-19 10:00:00,0.9830649960387271,0.9696484142929324,0.9950377207148814,0.9620002364585618
2015-05-19 11:00:00,0.9833953708571069,0.9696484142929324,0.9954802165477434,0.9616710007137312
2015-05-19 12:00:00,0.9835639313127666,0.9696484142929324,0.9958425758435769,0.960310232160153
2015-05-19 13:00:00,0.9805041427961916,0.964714242972041,0.9953432762921466,0.9569006261510463
2015-05-20 07:00:00,0.9805041427961915,0.9653989958996955,0.9951148849589241,0.9569006261510463
2015-05-20 08:00:00,0.9811158364566073,0.9697855939082873,0.9955467616825086,0.9558989535609841
2015-05-20 09:00:00,0.9811158364566073,0.9715518883823812,0.9958654742318275,0.954722662872947
2015-05-20 10:00:00,0.9809540220938873,0.9613856208040492,0.9955467616825084,0.9543380750851465
2015-05-20 11:00:00,0.9809540220938873,0.9502798727425594,0.9957518032060755,0.9550329477029372
2015-05-20 12:00:00,0.9807854616382274,0.9518491654343911,0.9964495550062789,0.9536721791493591
2015-05-20 13:00:00,0.9814212464652002,0.9543002128361393,0.9961721931541142,0.9541346463047654
2015-05-21 07:00:00,0.9812594321024802,0.9531658893330714,0.9958534806047952,0.9548484698373962
2015-05-21 08:00:00,0.9844810349817754,0.9654059608976293,0.9964495550062789,0.9573787253631713
2015-05-21 09:00:00,0.9846366225819081,0.964089236998949,0.9961294752034772,0.9604037435844774
2015-05-21 10:00:00,0.9844810349817754,0.964089236998949,0.9959671516305472,0.9629339991102522
2015-05-21 11:00:00,0.9838452501548027,0.9629549134958811,0.9959671516305472,0.9622391264924617
2015-05-21 12:00:00,0.9838452501548027,0.9629549134958811,0.9965762413077784,0.962623714280262
2015-05-21 13:00:00,0.9838452501548027,0.9629549134958811,0.9962059664710186,0.962623714280262
2015-05-22 07:00:00,0.9832335564943867,0.9613072861796201,0.9955832757746005,0.9621379278156148
2015-05-22 08:00:00,0.9833953708571067,0.9613072861796201,0.9958169908802508,0.9636253868703242
2015-05-22 09:00:00,0.9838452501548025,0.9629549134958811,0.9959760965119768,0.9643202594881152
2015-05-22 10:00:00,0.9843124745261156,0.9608910212461392,0.9956441814877417,0.9639356717003148
2015-05-22 11:00:00,0.9870348485566,0.9699229653214032,0.9962668721841601,0.9633553423846553
2015-05-22 12:00:00,0.9844810349817754,0.973121181074213,0.9959760965119768,0.9599457363755487
2015-05-22 13:00:00,0.9838452501548025,0.973121181074213,0.995779109534676,0.9621535598723334
2015-05-26 07:00:00,0.9832335564943867,0.9719868575711452,0.995779109534676,0.9617144120261684
2015-05-26 08:00:00,0.9828891023405854,0.9699229653214032,0.995779109534676,0.9624282355587994
2015-05-26 09:00:00,0.9854429159154099,0.9773022852667106,0.9962008667361975,0.9646360590555841
2015-05-26 10:00:00,0.9854429159154101,0.9744162686761983,0.9963631903091273,0.9677166921262562
2015-05-26 11:00:00,0.9854429159154101,0.9721366703889115,0.995665438508924,0.9664592947645686
2015-05-26 12:00:00,0.9854429159154101,0.9704007148208299,0.995461953118562,0.9674609673546308
2015-05-26 13:00:00,0.9880156983228918,0.9743418199276968,0.9958055662634451,0.9680412966702899
2015-05-27 07:00:00,0.9897930889314442,0.979170294951875,0.9963502799625248,0.9698645323792745
2015-05-27 08:00:00,0.9901375430852456,0.9846177700859599,0.9960595042903418,0.9704081062083312
2015-05-27 09:00:00,0.9905874223829414,0.9863840645600536,0.9958055662634451,0.9717200636283838
2015-05-27 10:00:00,0.991223207209914,0.9886381101795398,0.9960595042903418,0.9700001991112897
2015-05-27 11:00:00,0.9912232072099142,0.9878159858387696,0.9961518277137518,0.9688239084232527
2015-05-27 12:00:00,0.9910546467542545,0.9857520935890275,0.9963859944492632,0.9682068236209908
2015-05-27 13:00:00,0.9907492367456614,0.9808179222681362,0.9958866948978329,0.9664869591038968
2015-05-28 07:00:00,0.9880156983228918,0.9778535710531947,0.9956160244749106,0.9655042374286747
2015-05-28 08:00:00,0.9875094298063701,0.979170294951875,0.9956160244749106,0.9658334731735051
2015-05-28 09:00:00,0.9868192670301602,0.9778535710531947,0.9956160244749106,0.9643693334280369
2015-05-28 10:00:00,0.9875094298063701,0.9750889882787586,0.9956160244749106,0.9660891979451308
2015-05-28 11:00:00,0.9902429682291399,0.9768249438468403,0.9958611691232874,0.9682482103083901
2015-05-28 12:00:00,0.9925622186292102,0.9768249438468403,0.9965439422461403,0.9692910067794557
2015-05-28 13:00:00,0.9923783243695218,0.9816534188710185,0.9964494455154251,0.9718535578453557
2015-05-29 07:00:00,0.9900590739694515,0.9816534188710185,0.9961369472293321,0.9732809421042216
2015-05-29 08:00:00,0.9891029261552342,0.9766367014902223,0.9958713991540238,0.9715843968963686
2015-05-29 09:00:00,0.9897930889314442,0.9773214544178767,0.9957722336011237,0.9733042614134625
2015-05-29 10:00:00,0.9891029261552342,0.9800841261791866,0.9955956210479793,0.9741513163566692
2015-05-29 11:00:00,0.9878233985031791,0.9800841261791866,0.9949409389896577,0.971851122523916
2015-05-29 12:00:00,0.9848155401963823,0.9800841261791866,0.9941009936402571,0.9699629573748626
2015-05-29 13:00:00,0.9839327198134562,0.9846177700859599,0.9937948867108047,0.968206337371166
2015-06-01 07:00:00,0.9869405781202532,0.9886381101795397,0.9942994458890297,0.9687866666868252
2015-06-01 08:00:00,0.9859021701371945,0.9873213862808594,0.9938358608243381,0.9680062274489064
2015-06-01 09:00:00,0.9828943118303975,0.9861870627777917,0.9929090493867402,0.9680062274489064
2015-06-01 10:00:00,0.9826920134950702,0.9861870627777917,0.9929090493867402,0.9675437602935003
2015-06-01 11:00:00,0.9823866034864771,0.9861870627777917,0.9928680752732071,0.9665009638224347
2015-06-01 12:00:00,0.9798138210789956,0.9893852785306015,0.9922973868800231,0.9627621220684975
2015-06-01 13:00:00,0.9798138210789955,0.9937718765391936,0.9919838620105478,0.9604619282357442
2015-06-02 07:00:00,0.9789591386199838,0.9911212340986831,0.9915809858049378,0.9625063972968719
2015-06-02 08:00:00,0.9799547114047867,0.9925531553773991,0.9922899689399998,0.9616593423536653
2015-06-02 09:00:00,0.9789591386199838,0.991121234098683,0.9926593837266726,0.9622764271559271
2015-06-02 10:00:00,0.9799547114047867,0.9918059870263376,0.9932541844276962,0.963996291673021
2015-06-02 11:00:00,0.9818945125820518,0.9952787538076182,0.9938610621549068,0.9663469239774806
2015-06-02 12:00:00,0.9818945125820518,0.9918059870263375,0.9933008768273003,0.9657665946618214
2015-06-02 13:00:00,0.9812043498058419,0.9918059870263375,0.9925760731140374,0.9654787456043901
2015-06-03 07:00:00,0.9839327198134562,0.9918059870263375,0.9929947698978481,0.9672353656080867
2015-06-03 08:00:00,0.9837771322133236,0.9895519414068511,0.9932553861747518,0.9684116562961239
2015-06-03 09:00:00,0.9830780373544447,0.9871008940051031,0.9932553861747518,0.9694133288861861
2015-06-03 10:00:00,0.9839327198134562,0.9853649384370213,0.9929091247244453,0.9685405193122988
2015-06-03 11:00:00,0.9853335585556043,0.9861870627777916,0.9932226495939206,0.9685405193122988
2015-06-03 12:00:00,0.9840928522372182,0.9813585877536134,0.9927892167371307,0.9685405193122988
2015-06-03 13:00:00,0.9821530510599531,0.9776470681876105,0.9925679675355991,0.967923434510037
2015-06-04 07:00:00,0.9813275518758087,0.9755163673973265,0.9922727358852778,0.9660352693609836
2015-06-04 08:00:00,0.9821530510599532,0.9755163673973265,0.9922727358852778,0.9660352693609836
2015-06-04 09:00:00,0.9843224790515631,0.9769482886760426,0.9929245529128498,0.9660352693609836
2015-06-04 10:00:00,0.9843224790515631,0.9753789959842107,0.9934819495637748,0.9660352693609836
2015-06-04 11:00:00,0.9833937573783393,0.9753789959842107,0.9934329790448325,0.9680174911112243
2015-06-04 12:00:00,0.9833937573783391,0.9753789959842107,0.9937948867108047,0.9680174911112245
2015-06-04 13:00:00,0.9832381697782065,0.9746942430565563,0.9941712469955136,0.9676882553663938
2015-06-05 07:00:00,0.9824126705940621,0.971475363717208,0.9934329790448325,0.9668154457925064
2015-06-05 08:00:00,0.983133676614268,0.9761261643352723,0.9932784641734127,0.9676882553663937
2015-06-05 09:00:00,0.981680015078001,0.9788888360965822,0.9929245529128498,0.9654804318696091
2015-06-05 10:00:00,0.981680015078001,0.9797109604373524,0.9929245529128498,0.9650958440818085
2015-06-05 11:00:00,0.983133676614268,0.9839074644905046,0.9926668016666956,0.9633759795647143
2015-06-05 12:00:00,0.983133676614268,0.9876189840565076,0.9926668016666955,0.9633759795647143
2015-06-05 13:00:00,0.9842187953325214,0.9893549396245894,0.9930207129272587,0.964223034507921
2015-06-08 07:00:00,0.9827847610301894,0.9863905884096479,0.9922973868800231,0.9654804318696089
2015-06-08 08:00:00,0.9823898050881458,0.9855684640688778,0.992562519695942,0.9665232283406745
2015-06-08 09:00:00,0.9834934645720982,0.9848212957178162,0.9921194833955821,0.9650958440818087
2015-06-08 10:00:00,0.9816996423119357,0.9788907471097085,0.9916338052132683,0.9643222085597302
2015-06-08 11:00:00,0.982389805088146,0.9823381717986729,0.991225783613078,0.9650958440818085
2015-06-08 12:00:00,0.9855073049635754,0.9860496913646759,0.991225783613078,0.968807244939846
2015-06-08 13:00:00,0.9875735104661058,0.9860496913646759,0.991225783613078,0.9718878780105183
2015-06-09 07:00:00,0.9875735104661058,0.9877856469327575,0.991225783613078,0.9747127863095648
2015-06-09 08:00:00,0.9882492998255823,0.9885328152838192,0.991933374263971,0.9747127863095648
2015-06-09 09:00:00,0.9877430313090607,0.9909838626855676,0.9922960959487264,0.9750420220543955
2015-06-09 10:00:00,0.986951225889448,0.9925531553773993,0.9922960959487264,0.9736146377955296
2015-06-09 11:00:00,0.9877430313090607,0.9933752797181695,0.9927391322490865,0.9736146377955296
2015-06-09 12:00:00,0.986951225889448,0.9925531553773993,0.9927391322490865,0.9750420220543955
2015-06-09 13:00:00,0.9875591370493723,0.9925531553773993,0.9924256073796112,0.9747127863095648
2015-06-10 07:00:00,0.9882492998255823,0.9918059870263376,0.9919145871723902,0.9755855958834524
2015-06-10 08:00:00,0.9891039822845941,0.9895519414068513,0.99191458717239,0.9768975533035049
2015-06-10 09:00:00,0.989103982284594,0.9871008940051031,0.9919145871723902,0.9766418285318793
2015-06-10 10:00:00,0.9877430313090608,0.9848212957178162,0.9913861910394396,0.9756591068566574
2015-06-10 11:00:00,0.9854638705886493,0.9848212957178162,0.9901665429541183,0.9741555294954044
2015-06-10 12:00:00,0.9854638705886493,0.9877856469327574,0.9894910051289445,0.9747358588110636
2015-06-10 13:00:00,0.9854638705886493,0.9877856469327575,0.9897971120583966,0.9733750902574856
2015-06-11 07:00:00,0.9852799763289609,0.9871008940051031,0.9903584210128754,0.9725280353142788
2015-06-11 08:00:00,0.9865780502650953,0.9885328152838192,0.9904486688688683,0.9729126231020794
2015-06-11 09:00:00,0.9865780502650953,0.9876189840565076,0.9897103835728792,0.975120446598864
2015-06-11 10:00:00,0.9852799763289609,0.98410723293101,0.9897103835728792,0.9737596780452862
2015-06-11 11:00:00,0.9852799763289609,0.9841072329310098,0.9902387797058301,0.9729126231020794
2015-06-11 12:00:00,0.9848171421873654,0.9873054486838196,0.9903270432845314,0.9729126231020794
2015-06-11 13:00:00,0.9855073049635754,0.9892089227732684,0.9894803389676903,0.9729126231020794
2015-06-12 07:00:00,0.9875735104661058,0.9892089227732684,0.9896085315280122,0.9729126231020794
2015-06-12 08:00:00,0.9875735104661056,0.988524169845614,0.9896085315280122,0.9724501559466732
2015-06-12 09:00:00,0.9891726041811155,0.993352644869792,0.9896085315280124,0.9741700204637672
2015-06-12 10:00:00,0.9901891010028472,0.9940373977974465,0.9894803389676903,0.9756735978250201
2015-06-12 11:00:00,0.9914195687010916,0.9940373977974465,0.9899325557310665,0.9766563195002422
2015-06-12 12:00:00,0.9928917539598628,0.9898408937442943,0.9904371085760972,0.9771421059648894
2015-06-12 13:00:00,0.9936720080759384,0.9898408937442943,0.9904371085760972,0.9776856797939459
2015-06-15 07:00:00,0.9946675808607415,0.988524169845614,0.989523472121806,0.9780149155387765
2015-06-15 08:00:00,0.9946675808607415,0.9885241698456142,0.989523472121806,0.9773978307365149
2015-06-15 09:00:00,0.9946675808607415,0.988524169845614,0.9898652170330976,0.9756412107328184
2015-06-15 10:00:00,0.9940317960337687,0.9892089227732684,0.9894389263079986,0.9750976369037614
2015-06-15 11:00:00,0.9934201023733528,0.9898408937442944,0.9879951427128002,0.9750976369037614
2015-06-15 12:00:00,0.9942003564894285,0.9898408937442943,0.9869405502452688,0.9756412107328184
2015-06-15 13:00:00,0.9960286383711603,0.993352644869792,0.9879951427128002,0.9760257985206188
2015-06-16 07:00:00,0.9968204437907732,0.9950886004378737,0.9894389263079986,0.976488265676025
2015-06-16 08:00:00,0.9969963374889149,0.9930247081881319,0.9898652170330976,0.9782448856797216
2015-06-16 09:00:00,0.9971722311870564,0.9950886004378737,0.9901307651084059,0.9759446918469682
2015-06-16 10:00:00,0.9971722311870564,0.9958357687889353,0.9901307651084059,0.9749018953759028
2015-06-16 11:00:00,0.9971722311870563,0.9965205217165898,0.9898652170330976,0.9743583215468458
2015-06-16 12:00:00,0.9971722311870563,0.993352644869792,0.9899070448962682,0.9736444980142149
2015-06-16 13:00:00,0.9962045320693018,0.9912887526200501,0.9899070448962682,0.971924633497121
2015-06-17 07:00:00,0.9950120350145427,0.9912887526200501,0.9902135670851097,0.9686139387334272
2015-06-17 08:00:00,0.9950120350145427,0.9927206738987662,0.9901725929715763,0.9697168100003359
2015-06-17 09:00:00,0.9943762501875699,0.9892089227732684,0.9897815249689276,0.971144194259202
2015-06-17 10:00:00,0.9934201023733528,0.9877770014945523,0.9893979521944656,0.9698867968975142
2015-06-17 11:00:00,0.9932442086752109,0.9877770014945523,0.9894807541711691,0.9707596064714016
2015-06-17 12:00:00,0.9940769177721399,0.9912887526200501,0.9904371085760972,0.9730598003041548
2015-06-17 13:00:00,0.99443670572997,0.9893852785306013,0.989523472121806,0.9752676238009397
2015-06-18 07:00:00,0.99443670572997,0.9845568035064233,0.989523472121806,0.9743948142270524
2015-06-18 08:00:00,0.9940769177721399,0.9806156983995562,0.9898652170330976,0.9721869907302674
2015-06-18 09:00:00,0.9931571780779149,0.982519172489005,0.989523472121806,0.9688762959665737
2015-06-18 10:00:00,0.9921026040778121,0.9831511434600309,0.9890625660232898,0.9673888369118643
2015-06-18 11:00:00,0.9905577588425906,0.9810872512102888,0.9885676313092767,0.962667273482705
2015-06-18 12:00:00,0.9900053132780445,0.9810872512102888,0.9884394387489546,0.9614909827946677
2015-06-18 13:00:00,0.9888128162232854,0.9831511434600309,0.9888088535356271,0.9611617470498371
2015-06-19 07:00:00,0.9875013546206285,0.9810872512102888,0.9883984646354217,0.9611617470498374
2015-06-19 08:00:00,0.9886442557676255,0.9790233589605467,0.9884394387489546,0.9633207594130966
2015-06-19 09:00:00,0.9898293130450171,0.9810872512102888,0.9888088535356273,0.9630329103556653
2015-06-19 10:00:00,0.9905503190652233,0.9831511434600309,0.9888088535356273,0.9630329103556653
2015-06-19 11:00:00,0.991742816119982,0.988524169845614,0.9896342264112169,0.9649828365657809
2015-06-19 12:00:00,0.9931571780779149,0.9891561408166398,0.9898070358037258,0.9649828365657809
2015-06-19 13:00:00,0.993516966035745,0.9898408937442943,0.9899325557310663,0.9659845091558431
2015-06-22 07:00:00,0.9943087714553579,0.9926054765187304,0.9907792600479076,0.9663690969436437
2015-06-22 08:00:00,0.9941248771956696,0.9940373977974465,0.9907792600479077,0.965522042000437
2015-06-22 09:00:00,0.9921026040778124,0.993352644869792,0.9907792600479077,0.9622113472367432
2015-06-22 10:00:00,0.9905577588425906,0.9885241698456142,0.9907792600479077,0.960052334873484
2015-06-22 11:00:00,0.991742816119982,0.9892089227732684,0.9907792600479077,0.962211347236743
2015-06-22 12:00:00,0.9937650892378392,0.9927206738987662,0.9907792600479077,0.9633876379247804
2015-06-22 13:00:00,0.9935724316311233,0.988524169845614,0.9907792600479077,0.9652108736337648
2015-06-23 07:00:00,0.992436172057709,0.9870922485668979,0.9906510674875855,0.9641080023668558
2015-06-23 08:00:00,0.992436172057709,0.9850283563171559,0.9906510674875855,0.9655954614215654
2015-06-23 09:00:00,0.9939083573164802,0.9870922485668979,0.9907792600479077,0.9681580124874652
2015-06-23 10:00:00,0.9942528114702817,0.9870922485668979,0.9907792600479077,0.9695187810410433
2015-06-23 11:00:00,0.9928917539598628,0.9864602775958721,0.9911556203326164,0.9702992202789623
2015-06-23 12:00:00,0.9914612207005128,0.9877770014945523,0.9911146462190835,0.9680913967821773
2015-06-23 13:00:00,0.9903655873081461,0.9858735274051036,0.9907792600479077,0.9666039377274681
2015-06-24 07:00:00,0.9887585677434974,0.9858735274051036,0.9903270432845316,0.9659090651096771
2015-06-24 08:00:00,0.9880684049672873,0.9864602775958721,0.990368871147702,0.9678589913197928
2015-06-24 09:00:00,0.9887585677434974,0.987092248566898,0.9909074526082295,0.9681882270646233
2015-06-24 10:00:00,0.9893110133080435,0.9891561408166399,0.991368358706746,0.9696756861193329
2015-06-24 11:00:00,0.9917961205674962,0.9933526448697922,0.9921930086998865,0.9718346984825921
2015-06-24 12:00:00,0.9939083573164802,0.99652052171659,0.9928685465250603,0.973262082741458
2015-06-24 13:00:00,0.9935318054500756,0.99652052171659,0.9929121932715747,0.9714388470324737
2015-06-25 07:00:00,0.9930255369335542,0.9950886004378738,0.9921502907492494,0.9681281522687799
2015-06-25 08:00:00,0.9935318054500757,0.9950886004378738,0.9920220981889273,0.9663715322650833
2015-06-25 09:00:00,0.9914195687010916,0.9922025838473617,0.991603910041048,0.9638412767393085
2015-06-25 10:00:00,0.9889344614416389,0.9902991097579129,0.9911935211408424,0.9621447315314554
2015-06-25 11:00:00,0.9893110133080435,0.9902991097579129,0.9916884558548557,0.9607173472725894
2015-06-25 12:00:00,0.9905414810062879,0.9902991097579129,0.9921930086998865,0.9614122198903802
2015-06-25 13:00:00,0.9918210086583431,0.9902991097579129,0.9921502907492494,0.963620043387165
2015-06-26 07:00:00,0.9934201023733528,0.9902991097579129,0.9921502907492494,0.9643338669197961
2015-06-26 08:00:00,0.9932442086752111,0.9895519414068513,0.9921502907492494,0.96764456168349
2015-06-26 09:00:00,0.9942003564894284,0.9895519414068513,0.9921502907492494,0.9701748172092648
2015-06-26 10:00:00,0.9946675808607415,0.9895519414068513,0.9921502907492494,0.9693020076353775
2015-06-26 11:00:00,0.99432312670694,0.9895519414068513,0.9921502907492494,0.9676054624275242
2015-06-26 12:00:00,0.9930684871457317,0.9902991097579129,0.9912838128929383,0.9668916388948935
2015-06-26 13:00:00,0.9930684871457317,0.9925531553773993,0.9911556203326164,0.9654642546360275
2015-06-29 07:00:00,0.9932240747458643,0.9918059870263375,0.9916255578042298,0.9639767955813179
2015-06-29 08:00:00,0.993392635201524,0.994456629466848,0.9914563911303748,0.9639767955813179
2015-06-29 09:00:00,0.9944633805030441,0.9973426460573602,0.9914563911303749,0.9643613833691185
2015-06-29 10:00:00,0.994823168460874,0.99734264605736,0.9912872244565197,0.9658488424238278
2015-06-29 11:00:00,0.9951535432792538,0.9965205217165898,0.9912872244565197,0.963641018927043
2015-06-29 12:00:00,0.9951535432792538,0.9933526448697922,0.9904841668861931,0.9616910927169273
2015-06-29 13:00:00,0.994823168460874,0.9927206738987664,0.9900142294145795,0.9635143284259117
2015-06-30 07:00:00,0.9944633805030437,0.9927206738987664,0.9901833960884346,0.9609517773600116
2015-06-30 08:00:00,0.9948231684608743,0.9927206738987662,0.9901833960884346,0.9613363651478122
2015-06-30 09:00:00,0.9946675808607416,0.9927206738987664,0.9896788432434038,0.9580256703841185
2015-06-30 10:00:00,0.995153543279254,0.9912887526200501,0.9898480099172589,0.9580256703841185
2015-06-30 11:00:00,0.9963460403340129,0.9937718765391934,0.9911556203326164,0.9586059996997774
2015-06-30 12:00:00,0.994823168460874,0.994456629466848,0.9916255578042299,0.9596487961708433
2015-06-30 13:00:00,0.9939774180845315,0.9918059870263375,0.9911556203326164,0.9596487961708433
2015-07-01 07:00:00,0.9942948200473842,0.9930247081881319,0.9912838128929383,0.959186329015437
2015-07-01 08:00:00,0.9936329639307301,0.9936566791591576,0.9913683587067458,0.9588017412276366
2015-07-01 09:00:00,0.9923783243695218,0.9950886004378737,0.9913265308435754,0.9588017412276366
2015-07-01 10:00:00,0.9923783243695218,0.9933526448697922,0.9917101036180374,0.9621124359913303
2015-07-01 11:00:00,0.9923783243695218,0.993352644869792,0.9917101036180374,0.9663948515743244
2015-07-01 12:00:00,0.9939774180845315,0.99652052171659,0.9924920356605408,0.9658145222586652
2015-07-01 13:00:00,0.9949940214411488,0.99734264605736,0.9931675734857146,0.9663948515743244
2015-07-02 07:00:00,0.9941613123442201,0.9987745673360762,0.9931675734857146,0.9658145222586649
2015-07-02 08:00:00,0.9925622186292102,0.9987745673360762,0.9931675734857146,0.9671752908122432
2015-07-02 09:00:00,0.9927178062293428,0.9987745673360762,0.9928258285744233,0.9676144386584085
2015-07-02 10:00:00,0.9927178062293428,0.9987745673360762,0.9921502907492494,0.9672298508706079
2015-07-02 11:00:00,0.9937885515308629,0.9987745673360763,0.9921502907492494,0.9684872482322957
2015-07-02 12:00:00,0.9953114234040016,0.9987745673360762,0.9928258285744231,0.9695300447033613
2015-07-02 13:00:00,0.9960015861802115,0.9995217356871378,0.9927840007112526,0.9702438682359923
2015-07-06 07:00:00,0.9953114234040016,0.9987745673360762,0.9924076404265438,0.9716712524948583
2015-07-06 08:00:00,0.9946212606277913,0.9980273989850146,0.9924076404265438,0.9731587115495677
2015-07-06 09:00:00,0.9953114234040014,0.9987745673360763,0.9922348310340349,0.9739323470716462
2015-07-06 10:00:00,0.9960015861802116,0.9995217356871378,0.9922348310340349,0.9739323470716462
2015-07-06 11:00:00,0.9960015861802115,0.9987745673360762,0.9924076404265438,0.9706216523079523
2015-07-06 12:00:00,0.9965078546967331,0.9987745673360762,0.9924076404265438,0.9710062400957529
2015-07-06 13:00:00,0.9976441142701473,0.9987745673360762,0.9931086975080232,0.97218253078379
2015-07-07 07:00:00,0.9969539514939376,0.9980898144084218,0.9931523442545378,0.9736466705292585
2015-07-07 08:00:00,0.9969539514939373,0.9980898144084218,0.99261376279401,0.9754699062382429
2015-07-07 09:00:00,0.9969539514939373,0.9980898144084218,0.9931086975080232,0.9750853184504423
2015-07-07 10:00:00,0.9969539514939373,0.9980898144084217,0.9937079812939454,0.9746228512950361
2015-07-07 11:00:00,0.9969539514939374,0.9980898144084217,0.99375162804046,0.9754699062382429
2015-07-07 12:00:00,0.9966094973401359,0.9980898144084217,0.9942125341389765,0.9735199800281272
2015-07-07 13:00:00,0.9951558358038689,0.9980898144084217,0.9946388248640754,0.9731353922403266
2015-07-08 07:00:00,0.9942730154209428,0.99734264605736,0.9941688873924619,0.9745627764991927
2015-07-08 08:00:00,0.993582852644733,0.9950886004378737,0.994126169441825,0.975336412021271
2015-07-08 09:00:00,0.9946212606277915,0.99734264605736,0.9940379058631236,0.9746225884886401
2015-07-08 10:00:00,0.9935828526447328,0.9950886004378738,0.9939097133028016,0.9777032215593121
2015-07-08 11:00:00,0.9942730154209428,0.9966578931297058,0.9937331007496571,0.9781890080239594
2015-07-08 12:00:00,0.9942730154209428,0.9966578931297055,0.9931839310724394,0.9781890080239594
2015-07-08 13:00:00,0.9944656730276589,0.9980898144084217,0.9934023714887543,0.9799456280276561
2015-07-09 07:00:00,0.9959193345639259,0.9987745673360762,0.9939870056420893,0.98166549254475
2015-07-09 08:00:00,0.9959193345639259,0.99734264605736,0.9945361753193068,0.9826671651348121
2015-07-09 09:00:00,0.9959193345639259,0.99734264605736,0.9945361753193068,0.9838434558228495
2015-07-09 10:00:00,0.9959193345639259,0.995910724778644,0.9943177349029919,0.9835142200780189
2015-07-09 11:00:00,0.9966094973401359,0.99734264605736,0.9941867533736536,0.9852340845951131
2015-07-09 12:00:00,0.9972996601163459,0.9987745673360762,0.9944051937899685,0.9848494968073125
2015-07-09 13:00:00,0.9972996601163459,0.99734264605736,0.9944051937899685,0.9835920994456245
2015-07-10 07:00:00,0.9966094973401359,0.9966578931297058,0.9941867533736535,0.9805114663749525
2015-07-10 08:00:00,0.9966094973401359,0.9966578931297058,0.9941867533736535,0.9808960541627528
2015-07-10 09:00:00,0.9966094973401359,0.9966578931297058,0.9941867533736535,0.9817688637366403
2015-07-10 10:00:00,0.9966094973401359,0.9966578931297058,0.9941867533736535,0.9800489992195461
2015-07-10 11:00:00,0.9957266769572101,0.9966578931297055,0.9935452602730257,0.9813063965812341
2015-07-10 12:00:00,0.9954092749943573,0.9937718765391934,0.9928778241429873,0.9792619275201063
2015-07-10 13:00:00,0.9944859706388238,0.9937718765391934,0.9930088056723256,0.9787994603647002
2015-07-13 07:00:00,0.9928824866940966,0.9902991097579129,0.9933040373226467,0.9768495341545844
2015-07-13 08:00:00,0.9928824866940966,0.9909838626855673,0.9930329280387873,0.9759767245806972
2015-07-13 09:00:00,0.9914288251578296,0.992887336775016,0.9926147398909078,0.9762645736381284
2015-07-13 10:00:00,0.9909616007865163,0.9922025838473617,0.9926147398909078,0.9767503601027756
2015-07-13 11:00:00,0.9909616007865163,0.9878159858387696,0.9928706044658572,0.9767503601027754
2015-07-13 12:00:00,0.991929299904271,0.9893852785306013,0.9938388113936539,0.9776231696766627
2015-07-13 13:00:00,0.9927409784293855,0.9858735274051036,0.9941871614456659,0.978085636832069
2015-07-14 07:00:00,0.991929299904271,0.9818531873115237,0.9942987262368621,0.9798422568357656
2015-07-14 08:00:00,0.9927409784293855,0.9818531873115237,0.9944578318685883,0.9793564703711185
2015-07-14 09:00:00,0.9941946399656525,0.9818531873115237,0.9947707690156185,0.9779290861122526
2015-07-14 10:00:00,0.9932269408478979,0.9818531873115237,0.9950194572857,0.9758846170511248
2015-07-14 11:00:00,0.9932269408478981,0.9860496913646759,0.9952427622384483,0.9758846170511248
2015-07-14 12:00:00,0.9932269408478981,0.990070031458256,0.9960476173671439,0.9758846170511248
2015-07-14 13:00:00,0.9932269408478981,0.9900700314582558,0.9963291501582524,0.9779290861122526
2015-07-15 07:00:00,0.9946174695747443,0.9925531553773991,0.9966287192089551,0.9798790123223681
2015-07-15 08:00:00,0.9954092749943573,0.9952037978179096,0.9970605959325396,0.980726067265575
2015-07-15 09:00:00,0.9955710893570773,0.9937718765391934,0.9968839833793953,0.97851824376879
2015-07-15 10:00:00,0.9955710893570773,0.9960259221586797,0.9969742312353881,0.9795199163588524
2015-07-15 11:00:00,0.9964943937126105,0.9960259221586797,0.9975969219318062,0.9806962070468895
2015-07-15 12:00:00,0.9968117956754633,0.9966578931297058,0.9973784815154912,0.9824160715639835
2015-07-15 13:00:00,0.9959660452991208,0.9960259221586797,0.9968337678164115,0.9812397808759465
2015-07-16 07:00:00,0.9966870513193267,0.9944566294668479,0.9968337678164115,0.9812397808759461
2015-07-16 08:00:00,0.9963566765009467,0.9930247081881317,0.9968337678164115,0.9805259573433153
2015-07-16 09:00:00,0.9973950844840055,0.9959107247786441,0.9971333368671143,0.9808551930881457
2015-07-16 10:00:00,0.9963566765009466,0.9945940008799636,0.9971333368671143,0.9805673440307147
2015-07-16 11:00:00,0.9972024268772894,0.9945940008799636,0.9971333368671143,0.9805673440307147
2015-07-16 12:00:00,0.9980852472602155,0.9937718765391934,0.9975969219318063,0.9815690166207768
2015-07-16 13:00:00,0.9980852472602155,0.9937718765391934,0.9977660886056612,0.9815690166207768
2015-07-17 07:00:00,0.9980852472602155,0.9937718765391934,0.9974787904136132,0.9824160715639835
2015-07-17 08:00:00,0.9980852472602153,0.994456629466848,0.9974787904136132,0.9842393072729679
2015-07-17 09:00:00,0.9980852472602153,0.994456629466848,0.9974787904136132,0.9856000758265462
2015-07-17 10:00:00,0.9980852472602153,0.9922025838473615,0.997478790413613,0.9867763665145831
2015-07-17 11:00:00,0.9972394968838727,0.9895519414068513,0.9974787904136132,0.986313899359177
2015-07-17 12:00:00,0.9963566765009467,0.9857520935890275,0.9972193758837652,0.9866017484166083
2015-07-17 13:00:00,0.9970468392771568,0.9878159858387696,0.9968839833793951,0.9869863362044088
2015-07-20 07:00:00,0.9972394968838728,0.9895519414068511,0.9965588038417722,0.9878333911476154
2015-07-20 08:00:00,0.9967332283673513,0.9882352175081712,0.9966746621846854,0.9863692514021469
2015-07-20 09:00:00,0.9965405707606352,0.9908858599486814,0.9969619603767337,0.9855221964589401
2015-07-20 10:00:00,0.997386321136978,0.9917079842894516,0.9968839833793951,0.9862360199915714
2015-07-20 11:00:00,0.9972024268772894,0.9899720287213698,0.9965588038417722,0.9862360199915714
2015-07-20 12:00:00,0.9959617205589035,0.9893852785306013,0.9966746621846855,0.9849786226298836
2015-07-20 13:00:00,0.9951159701825609,0.9873213862808596,0.9967557908190732,0.984594034842083
2015-07-21 07:00:00,0.9952998644422493,0.9899720287213698,0.9968014218428791,0.984594034842083
2015-07-21 08:00:00,0.9943042916574462,0.9845568035064233,0.9965420073130312,0.984594034842083
2015-07-21 09:00:00,0.9949661477741005,0.9864602775958721,0.9962440251919542,0.984594034842083
2015-07-21 10:00:00,0.9949661477741003,0.9912887526200502,0.9968014218428793,0.9854410897852898
2015-07-21 11:00:00,0.9959617205589034,0.9926054765187304,0.9971333368671144,0.9861549133179207
2015-07-21 12:00:00,0.9959617205589034,0.9897194599282182,0.997172703942486,0.9865395011057212
2015-07-21 13:00:00,0.9972024268772893,0.993519307746042,0.9974178485908629,0.9865395011057212
2015-07-22 07:00:00,0.9965405707606352,0.9922025838473617,0.9969132894126379,0.9851787325521433
2015-07-22 08:00:00,0.9963566765009467,0.9922025838473617,0.996958920436444,0.9844649090195121
2015-07-22 09:00:00,0.9960512664923538,0.9895519414068511,0.996958920436444,0.9829774499648025
2015-07-22 10:00:00,0.9954988209278076,0.9857520935890275,0.9972128584633406,0.9821303950215959
2015-07-22 11:00:00,0.9954988209278076,0.9886381101795397,0.9972128584633406,0.9816679278661898
2015-07-22 12:00:00,0.9951038649857642,0.9886381101795398,0.9972128584633406,0.9837123969273175
2015-07-22 13:00:00,0.9944921713253484,0.9886381101795398,0.9972128584633406,0.9837123969273174
2015-07-23 07:00:00,0.9960271693412974,0.9886381101795398,0.9969589204364441,0.984041632672148
2015-07-23 08:00:00,0.9958586088856377,0.9886381101795398,0.996958920436444,0.984041632672148
2015-07-23 09:00:00,0.994718566811732,0.9846177700859599,0.996958920436444,0.9829988362010825
2015-07-23 10:00:00,0.9941661212471858,0.9846177700859599,0.9969132894126379,0.9822850126684516
2015-07-23 11:00:00,0.9954988209278077,0.9878159858387695,0.9974580031117178,0.9822850126684516
2015-07-23 12:00:00,0.9948871272673919,0.9853649384370213,0.9973784815154912,0.9814379577252448
2015-07-23 13:00:00,0.9939638229118585,0.9815650906191977,0.9973784815154912,0.9796813377215482
2015-07-24 07:00:00,0.9939638229118584,0.9853649384370214,0.9973784815154912,0.9804617769594671
2015-07-24 08:00:00,0.9939638229118585,0.9902991097579129,0.9973784815154912,0.9786385412504827
2015-07-24 09:00:00,0.9939638229118585,0.9878159858387695,0.9968739223372662,0.9801260003051923
2015-07-24 10:00:00,0.9952965225924804,0.9893852785306013,0.9965759402161892,0.9801260003051923
2015-07-24 11:00:00,0.9952965225924804,0.9899720287213698,0.9968246284862707,0.9801260003051923
2015-07-24 12:00:00,0.9951038649857642,0.9899720287213698,0.9970384119923127,0.9815533845640583
2015-07-24 13:00:00,0.9954092749943573,0.9899720287213698,0.9969572833579249,0.9819379723518589
2015-07-27 07:00:00,0.9947734901673845,0.9845568035064233,0.9969179162825532,0.982810781925746
2015-07-27 08:00:00,0.9949233125758447,0.9798685300484945,0.9966639782556564,0.982810781925746
2015-07-27 09:00:00,0.9955851686924989,0.9806156983995562,0.9967949597849948,0.982810781925746
2015-07-27 10:00:00,0.9961640188942308,0.9845568035064233,0.9967949597849948,0.984238166184612
2015-07-27 11:00:00,0.9955021627775764,0.9838096351553616,0.9965462715149134,0.984238166184612
2015-07-27 12:00:00,0.9961640188942306,0.9845568035064233,0.9961037756820513,0.9854144568726491
2015-07-27 13:00:00,0.9963566765009466,0.9873213862808594,0.9960174109848999,0.9848341275569898
2015-07-28 07:00:00,0.9949661477741005,0.9886381101795397,0.9958164774900031,0.9844495397691896
2015-07-28 08:00:00,0.9949661477741005,0.9912887526200501,0.9961037756820513,0.9844495397691896
2015-07-28 09:00:00,0.9949661477741005,0.9912887526200501,0.9961037756820513,0.9851633633018204
2015-07-28 10:00:00,0.9952965225924802,0.9897194599282184,0.9961037756820513,0.9860104182450272
2015-07-28 11:00:00,0.9939638229118584,0.9903514308992443,0.9960651657600846,0.9860104182450272
2015-07-28 12:00:00,0.9944137022095542,0.9897194599282184,0.9958601242365177,0.9852965947123962
2015-07-28 13:00:00,0.9949661477741006,0.9897194599282182,0.9961037756820513,0.9844495397691895
2015-07-29 07:00:00,0.9936334480934788,0.9897194599282184,0.995816477490003,0.9844495397691896
2015-07-29 08:00:00,0.9951684461094278,0.9922025838473617,0.9965462715149134,0.9844495397691895
2015-07-29 09:00:00,0.9944137022095543,0.9890347070005638,0.9967949597849948,0.9844495397691896
2015-07-29 10:00:00,0.9952965225924802,0.9912887526200501,0.9967949597849948,0.9844495397691896
2015-07-29 11:00:00,0.9951038649857642,0.9926054765187305,0.9967949597849948,0.9862727754781738
2015-07-29 12:00:00,0.9964943937126105,0.9926054765187305,0.9967949597849948,0.9866020112230043
2015-07-29 13:00:00,0.9964943937126105,0.9926054765187305,0.9965462715149134,0.9866020112230043
2015-07-30 07:00:00,0.9966870513193266,0.993352644869792,0.9965462715149134,0.9857549562797979
2015-07-30 08:00:00,0.9960512664923538,0.9920359209711118,0.9962143564906782,0.9848821467059103
2015-07-30 09:00:00,0.9972394968838728,0.9937718765391934,0.9962143564906785,0.9848821467059103
2015-07-30 10:00:00,0.9966870513193266,0.9899720287213698,0.9962143564906782,0.9826743232091257
2015-07-30 11:00:00,0.9962920953772834,0.9912887526200501,0.9962143564906782,0.982345087464295
2015-07-30 12:00:00,0.9966518833351132,0.9920359209711119,0.9963026200693798,0.9841017074679917
2015-07-30 13:00:00,0.9962920953772834,0.98997202872137,0.9962580032371927,0.9827409389144135
2015-07-31 07:00:00,0.9962920953772831,0.9912887526200502,0.9957718606578162,0.9844608034315074
2015-07-31 08:00:00,0.9962920953772831,0.9912887526200502,0.9949484116640099,0.9848453912193078
2015-07-31 09:00:00,0.9951558358038689,0.9892248603703082,0.9951534531875769,0.9818203729980017
2015-07-31 10:00:00,0.99432312670694,0.9898568313413342,0.9953922680280484,0.9818203729980017
2015-07-31 11:00:00,0.9946675808607415,0.9898568313413342,0.9953077222142409,0.9840281964947866
2015-07-31 12:00:00,0.993855902335627,0.9898568313413342,0.9951107352369398,0.9827707991330987
2015-07-31 13:00:00,0.9956841842173586,0.9936566791591578,0.9959341842307463,0.9831000348779292
2015-08-03 07:00:00,0.9953538093989789,0.9950886004378737,0.9956854959606647,0.9827154470901287
2015-08-03 08:00:00,0.9951699151392905,0.9950886004378737,0.9954670555443498,0.9823862113452984
2015-08-03 09:00:00,0.9948645051306975,0.994456629466848,0.9953905642768083,0.981923744189892
2015-08-03 10:00:00,0.9939816847477716,0.9957733533655282,0.9954670555443498,0.9815945084450614
2015-08-03 11:00:00,0.9933416332575586,0.9965205217165898,0.9958059916704244,0.9815945084450614
2015-08-03 12:00:00,0.9936720080759384,0.9950886004378738,0.9959341842307463,0.9823083319776924
2015-08-03 13:00:00,0.9927158602617212,0.9930247081881319,0.9959341842307463,0.9831811415515799
2015-08-04 07:00:00,0.9933275539221372,0.9901386915976196,0.9959341842307463,0.9831811415515799
2015-08-04 08:00:00,0.9920729143609286,0.9869708147508218,0.9959341842307461,0.9831811415515799
2015-08-04 09:00:00,0.9914612207005129,0.9863840645600536,0.9959341842307461,0.981923744189892
2015-08-04 10:00:00,0.9919110999982087,0.9869708147508217,0.9953922680280484,0.981923744189892
2015-08-04 11:00:00,0.9919110999982087,0.9821423397266436,0.9954733966624362,0.981923744189892
2015-08-04 12:00:00,0.9911308458821331,0.9786695729453632,0.9950579692688205,0.9827965537637794
2015-08-04 13:00:00,0.9914251375796962,0.9742829749367711,0.9944159675322609,0.9827965537637794
2015-08-05 07:00:00,0.9911308458821331,0.9693488036158797,0.994139972933579,0.9827965537637794
2015-08-05 08:00:00,0.9914251375796962,0.9633860050886336,0.9939166679808306,0.9827965537637794
2015-08-05 09:00:00,0.9919110999982087,0.9567942575412561,0.9939166679808306,0.9827965537637794
2015-08-05 10:00:00,0.9922708879560387,0.954243412620127,0.9939166679808306,0.9827965537637794
2015-08-05 11:00:00,0.9914251375796962,0.9477673102796879,0.9939166679808306,0.9824119659759789
2015-08-05 12:00:00,0.9889614178905232,0.9467064331541951,0.9939166679808306,0.9816981424433476
2015-08-05 13:00:00,0.9881497393654088,0.9462233596801722,0.9939166679808306,0.9806964698532855
2015-08-06 07:00:00,0.9881497393654088,0.9396316121327946,0.9939166679808306,0.9809843189107168
2015-08-06 08:00:00,0.9892897814393145,0.9396316121327946,0.9942227749102827,0.9824484586561854
2015-08-06 09:00:00,0.990101459964429,0.9366046654141398,0.9942227749102825,0.9816014037129785
2015-08-06 10:00:00,0.9889614178905233,0.9289520407412696,0.9942227749102825,0.9819859915007791
2015-08-06 11:00:00,0.9904689897654789,0.9331555097923554,0.9949066045100126,0.9816014037129785
2015-08-06 12:00:00,0.9906134590545816,0.9331555097923554,0.9950997971319909,0.9823152272456096
2015-08-06 13:00:00,0.9912492438815544,0.9331555097923553,0.9950579692688205,0.9805586072419131
2015-08-07 07:00:00,0.9905282378613486,0.9336688136055488,0.9947518623393682,0.9816014037129785
2015-08-07 08:00:00,0.9898380750851385,0.9341518870795715,0.9947117078185137,0.9816014037129785
2015-08-07 09:00:00,0.9907208954680647,0.9341518870795715,0.9947117078185137,0.9823152272456096
2015-08-07 10:00:00,0.9927872135543876,0.9431788343411401,0.9952536240212114,0.9826998150334102
2015-08-07 11:00:00,0.9934272650446002,0.950318155200817,0.9955113752673653,0.9852623660993102
2015-08-07 12:00:00,0.9948809265808672,0.9477673102796877,0.9958996052444354,0.9874701895960948
2015-08-07 13:00:00,0.9961216328992535,0.9521539082882797,0.9960012826431552,0.9892268095997915
2015-08-10 07:00:00,0.9968426389194593,0.9561742483818596,0.996001282643155,0.9892268095997915
2015-08-10 08:00:00,0.9973950844840055,0.9652011956434281,0.9961294752034772,0.9900738645429982
2015-08-10 09:00:00,0.9980852472602153,0.9700296706676065,0.996129475203477,0.9897446287981676
2015-08-10 10:00:00,0.9978925896534994,0.9766214182149838,0.996129475203477,0.9897446287981676
2015-08-10 11:00:00,0.9982229644718792,0.9766214182149838,0.9962059664710187,0.990920919486205
2015-08-10 12:00:00,0.9982229644718792,0.974341819927697,0.9959186682789704,0.9913833866416112
2015-08-10 13:00:00,0.9985674186256807,0.9781416677455205,0.9964396815766688,0.9891755631448261
2015-08-11 07:00:00,0.9985674186256807,0.9791702949518751,0.9965260462738204,0.9891755631448261
2015-08-11 08:00:00,0.9985674186256807,0.9823381717986729,0.9969980890525766,0.9891755631448261
2015-08-11 09:00:00,0.9982229644718792,0.9816534188710183,0.9971604126255067,0.9866385039032107
2015-08-11 10:00:00,0.9976441142701473,0.9797109604373524,0.9971604126255065,0.9879992724567888
2015-08-11 11:00:00,0.9969539514939374,0.9813585877536136,0.9966968275608146,0.9877114233993577
2015-08-11 12:00:00,0.9966094973401359,0.9813585877536134,0.9960212993916964,0.9869975998667266
2015-08-11 13:00:00,0.9951558358038688,0.977885820972333,0.9958521327178413,0.9858213091786895
2015-08-12 07:00:00,0.9942730154209428,0.9768249438468403,0.995890742639808,0.9852042243764277
2015-08-12 08:00:00,0.9942730154209428,0.9805364634128432,0.9961968495692601,0.9814653826224903
2015-08-12 09:00:00,0.9942730154209428,0.9813585877536134,0.9968337678164115,0.9834476043727312
2015-08-12 10:00:00,0.9944859706388238,0.9813585877536134,0.9970322200651845,0.9824048079016656
2015-08-12 11:00:00,0.9954092749943573,0.9774174826467463,0.997271513372606,0.9820202201138651
2015-08-12 12:00:00,0.9954092749943573,0.9845568035064233,0.9975648184748742,0.9820202201138651
2015-08-12 13:00:00,0.9941685686759711,0.9813585877536136,0.9974443227651149,0.9820202201138651
2015-08-13 07:00:00,0.9931729958911683,0.9776470681876105,0.9974443227651149,0.9820202201138651
2015-08-13 08:00:00,0.9925650847312437,0.9797109604373524,0.9978299512907932,0.9805560803683968
2015-08-13 09:00:00,0.9929600406732871,0.9834224800033555,0.9982729875911533,0.9819168489219748
2015-08-13 10:00:00,0.9929600406732871,0.9826753116522937,0.9982729875911533,0.9807405582339377
2015-08-13 11:00:00,0.9944137022095543,0.9868718157054461,0.9982729875911533,0.9827850272950652
2015-08-13 12:00:00,0.995409274994357,0.9900700314582558,0.9985324021210013,0.9842491670405339
2015-08-13 13:00:00,0.9958042309364006,0.9909838626855673,0.9986187668181526,0.985250839630596
2015-08-14 07:00:00,0.9959660452991206,0.9925531553773991,0.9986589213390076,0.9870074596342926
2015-08-14 08:00:00,0.9958042309364006,0.9944566294668479,0.9987417233157111,0.9870074596342925
2015-08-14 09:00:00,0.9954092749943573,0.9957733533655283,0.99891453270822,0.9870074596342926
2015-08-14 10:00:00,0.9949233125758447,0.993519307746042,0.998955506821753,0.9867196105768613
2015-08-14 11:00:00,0.9955851686924989,0.9928345548183873,0.999083699382075,0.9878959012648987
2015-08-14 12:00:00,0.9955851686924989,0.9890347070005638,0.9990418715189046,0.9870230916910111
2015-08-14 13:00:00,0.9955851686924988,0.9912887526200501,0.9990418715189043,0.9863092681583803
2015-08-17 07:00:00,0.996825875010885,0.9922025838473615,0.9991264173327121,0.9866938559461806
2015-08-17 08:00:00,0.9971562498292648,0.9912887526200501,0.998957250658857,0.9877366524172463
2015-08-17 09:00:00,0.996838847866412,0.9900700314582558,0.9985953429928847,0.9877366524172463
2015-08-17 10:00:00,0.996838847866412,0.9912887526200501,0.9986389897393992,0.9877366524172463
2015-08-17 11:00:00,0.996838847866412,0.9922025838473615,0.9985953429928847,0.9868895974740396
2015-08-17 12:00:00,0.996838847866412,0.9922025838473615,0.9983114328532763,0.98727418526184
2015-08-17 13:00:00,0.9966365495310846,0.9922025838473615,0.9987235355532067,0.98727418526184
2015-08-18 07:00:00,0.9973912934309582,0.9912887526200501,0.9986808176025698,0.9866938559461805
2015-08-18 08:00:00,0.9968388478664121,0.994456629466848,0.9984714964078599,0.9861135266305214
2015-08-18 09:00:00,0.9978772558494706,0.9944566294668479,0.9985526250422477,0.9868273501631525
2015-08-18 10:00:00,0.9978772558494706,0.9900700314582558,0.998225068156125,0.9874076794788117
2015-08-18 11:00:00,0.9978772558494708,0.9893852785306013,0.9986371708560552,0.9879880087944709
2015-08-18 12:00:00,0.996838847866412,0.9858735274051036,0.9986781449695882,0.9890308052655368
2015-08-18 13:00:00,0.996838847866412,0.9893852785306013,0.9985953429928847,0.9883169817329056
2015-08-19 07:00:00,0.996838847866412,0.9878159858387696,0.9985526250422477,0.9868895974740396
2015-08-19 08:00:00,0.996838847866412,0.9878159858387696,0.9986371708560552,0.9858468010029742
2015-08-19 09:00:00,0.996838847866412,0.9857520935890275,0.9990400526355606,0.9870230916910111
2015-08-19 10:00:00,0.996838847866412,0.980336868374081,0.99931116191942,0.9852664716873146
2015-08-19 11:00:00,0.9954483191395654,0.980336868374081,0.9991801803900817,0.9857289388427208
2015-08-19 12:00:00,0.9954483191395654,0.9803368683740812,0.9991801803900817,0.9853443510549205
2015-08-19 13:00:00,0.995279758683906,0.9838096351553618,0.9993529897825906,0.9857289388427211
2015-08-20 07:00:00,0.9939816847477716,0.9845568035064233,0.9994393544797421,0.9853443510549205
2015-08-20 08:00:00,0.9939816847477716,0.9779650559590458,0.9994393544797421,0.982519442755874
2015-08-20 09:00:00,0.9939816847477716,0.9779650559590458,0.9994393544797421,0.9832998819937927
2015-08-20 10:00:00,0.9939816847477716,0.9763957632672139,0.9991682451958827,0.982519442755874
2015-08-20 11:00:00,0.9938057910496298,0.980336868374081,0.9991264173327121,0.9837768401175617
2015-08-20 12:00:00,0.9954092749943573,0.9780828227545948,0.9991682451958827,0.9837768401175617
2015-08-20 13:00:00,0.9959155435108787,0.9731486514337033,0.9991682451958827,0.98513760867114
2015-08-21 07:00:00,0.9966702874107523,0.9742829749367711,0.9990400526355606,0.98513760867114
2015-08-21 08:00:00,0.9971562498292645,0.9737354016244717,0.9988672432430515,0.9861804051422054
2015-08-21 09:00:00,0.9977086953938111,0.9737354016244717,0.9991801803900816,0.9882248742033329
2015-08-21 10:00:00,0.9977086953938111,0.9766214182149839,0.9992220082532524,0.9889386977359641
2015-08-21 11:00:00,0.9977086953938111,0.980817922268136,0.9991801803900817,0.9886094619911335
2015-08-21 12:00:00,0.9977086953938108,0.9789144481786873,0.9988672432430515,0.9882248742033332
2015-08-21 13:00:00,0.9972024268772894,0.9833010461872793,0.9990400526355605,0.987762407047927
2015-08-24 07:00:00,0.9970468392771568,0.9873213862808594,0.999083699382075,0.9874331713030964
2015-08-24 08:00:00,0.9977086953938108,0.991121234098683,0.9990008974053715,0.9874331713030964
2015-08-24 09:00:00,0.9972024268772894,0.9902991097579129,0.9990418715189043,0.9874331713030964
2015-08-24 10:00:00,0.9970468392771568,0.9902991097579129,0.9991264173327121,0.9874331713030964
2015-08-24 11:00:00,0.9970468392771568,0.9937718765391934,0.9990400526355606,0.9859690315576278
2015-08-24 12:00:00,0.9960512664923538,0.9952037978179097,0.9989555068217532,0.9850962219837406
2015-08-24 13:00:00,0.9965796149058436,0.9980898144084218,0.9987417233157111,0.9850962219837405
2015-08-25 07:00:00,0.9967635091655321,0.9973426460573602,0.9987417233157112,0.9862725126717776
2015-08-25 08:00:00,0.9973159547300783,0.9973426460573602,0.9987844412663482,0.987448803359815
2015-08-25 09:00:00,0.9971320604703899,0.9950886004378738,0.998784441266348,0.9882958583030216
2015-08-25 10:00:00,0.9971320604703899,0.9922025838473615,0.998784441266348,0.9879112705152212
2015-08-25 11:00:00,0.9971320604703899,0.9897194599282182,0.998784441266348,0.987448803359815
2015-08-25 12:00:00,0.9971320604703899,0.9912887526200502,0.998784441266348,0.987448803359815
2015-08-25 13:00:00,0.9971320604703899,0.9900700314582558,0.9987417233157111,0.9870642155720144
2015-08-26 07:00:00,0.9973159547300783,0.9908171998093176,0.9986605946813233,0.9870642155720144
2015-08-26 08:00:00,0.9981276332551928,0.9925531553773993,0.9988262691295186,0.9885283553174831
2015-08-26 09:00:00,0.9981276332551928,0.9902991097579129,0.9986371708560553,0.9879480260018236
2015-08-26 10:00:00,0.9981276332551928,0.9937718765391936,0.998957250658857,0.9874855588464173
2015-08-26 11:00:00,0.9981276332551926,0.9937718765391936,0.9992283599427166,0.9864838862563552
2015-08-26 12:00:00,0.9986135956737053,0.9937718765391936,0.99931116191942,0.9854410897852898
2015-08-26 13:00:00,0.998613595673705,0.9944566294668479,0.9991856419920796,0.9836844697815931
2015-08-27 07:00:00,0.9980852472602152,0.9944566294668479,0.9990128325995705,0.9832998819937926
2015-08-27 08:00:00,0.9977678452973627,0.994456629466848,0.999054660462741,0.982452827050586
2015-08-27 09:00:00,0.9977678452973627,0.9965205217165898,0.9990956345762741,0.9816791915285075
2015-08-27 10:00:00,0.9977678452973627,0.9965205217165898,0.998955506821753,0.9813499557836772
2015-08-27 11:00:00,0.9981276332551928,0.9965205217165898,0.9986781449695882,0.9810207200388465
2015-08-27 12:00:00,0.9981276332551928,0.99652052171659,0.9985953429928847,0.9805582528834403
2015-08-27 13:00:00,0.9981276332551928,0.9957733533655282,0.9985953429928847,0.9814053078266471
2015-08-28 07:00:00,0.9981276332551928,0.99652052171659,0.9986371708560553,0.9814053078266469
2015-08-28 08:00:00,0.9981276332551928,0.9950886004378738,0.9986781449695884,0.9828927668813563
2015-08-28 09:00:00,0.9987894893718471,0.9936566791591578,0.998225068156125,0.9828927668813565
2015-08-28 10:00:00,0.9989733836315355,0.9936566791591578,0.998225068156125,0.9828927668813565
2015-08-28 11:00:00,0.998789489371847,0.9930247081881317,0.998225068156125,0.9828927668813563
2015-08-28 12:00:00,0.998789489371847,0.9936566791591578,0.9981439395217372,0.9825081790935559
2015-08-28 13:00:00,0.9991198641902267,0.9959107247786441,0.9982668960192956,0.9816611241503491
2015-08-31 07:00:00,0.9986135956737053,0.9930247081881319,0.998225068156125,0.9825081790935559
2015-08-31 08:00:00,0.9984297014140167,0.9907706625686457,0.9979711301292282,0.9830885084092151
2015-08-31 09:00:00,0.9986135956737053,0.9922025838473617,0.998341404965988,0.9841313048802808
2015-08-31 10:00:00,0.9989733836315355,0.9890347070005638,0.9981647924128437,0.9858879248839775
2015-08-31 11:00:00,0.9983115275148814,0.9863840645600536,0.9977117155993803,0.9858879248839775
2015-08-31 12:00:00,0.9974998489897668,0.9846177700859599,0.9975887591018219,0.9839379986738617
2015-08-31 13:00:00,0.9983115275148814,0.9846177700859599,0.9975493920264502,0.9833576693582022
2015-09-01 07:00:00,0.9983115275148814,0.9846177700859599,0.9977117155993803,0.9833576693582022
2015-09-01 08:00:00,0.9981276332551928,0.9846177700859599,0.9974665709510033,0.9838201365136087
2015-09-01 09:00:00,0.998789489371847,0.9846177700859599,0.9978883281525248,0.9829730815704019
2015-09-01 10:00:00,0.9984297014140168,0.9814498932391619,0.998011284650083,0.9829730815704019
2015-09-01 11:00:00,0.9982370438073008,0.9814498932391621,0.9978883281525248,0.9826438458255713
2015-09-01 12:00:00,0.9984297014140168,0.9846177700859599,0.9979711301292282,0.9826438458255713
2015-09-01 13:00:00,0.9973912934309581,0.9781416677455207,0.9980112846500832,0.9816010493545059
2015-09-02 07:00:00,0.9982370438073009,0.9752556511550086,0.9978883281525248,0.982777340042543
2015-09-02 08:00:00,0.9986135956737053,0.974341819927697,0.998011284650083,0.982777340042543
2015-09-02 09:00:00,0.9982370438073008,0.9762842783613629,0.9981422661794215,0.982777340042543
2015-09-02 10:00:00,0.9978772558494706,0.9817317534954476,0.9985953429928847,0.9816010493545059
2015-09-02 11:00:00,0.9978772558494706,0.9857520935890275,0.9984643614635463,0.9797778136455214
2015-09-02 12:00:00,0.9982076306678505,0.9901386915976196,0.998225068156125,0.9797778136455214
2015-09-02 13:00:00,0.9980390702121908,0.989224860370308,0.9985526250422477,0.981534433649218
2015-09-03 07:00:00,0.998591515776737,0.9884027360295378,0.9985526250422477,0.9818636693940485
2015-09-03 08:00:00,0.9977086953938108,0.9864992619400894,0.9985935991557807,0.9804362851351827
2015-09-03 09:00:00,0.9973912934309581,0.9853649384370213,0.9985526250422477,0.9791243277151301
2015-09-03 10:00:00,0.996838847866412,0.9871008940051031,0.9985526250422477,0.9791243277151301
2015-09-03 11:00:00,0.9973248102849245,0.9853649384370213,0.9985526250422477,0.9801070493903521
2015-09-03 12:00:00,0.9982076306678505,0.9833010461872795,0.9985526250422477,0.9808806849124304
2015-09-03 13:00:00,0.9989286366880563,0.9797892950617816,0.9985526250422477,0.9817277398556371
2015-09-04 07:00:00,0.9987600762323967,0.974341819927697,0.9982986870153511,0.9825081790935559
2015-09-04 08:00:00,0.9991198641902267,0.9724383458382482,0.9981295203414962,0.9845526481546837
2015-09-04 09:00:00,0.9993037584499153,0.974341819927697,0.9982106489758837,0.9852664716873148
2015-09-04 10:00:00,0.9986135956737053,0.9693251025469009,0.998170494455029,0.9852664716873148
2015-09-04 11:00:00,0.9980611501091592,0.9762842783613629,0.998170494455029,0.9848818838995143
2015-09-04 12:00:00,0.9980611501091591,0.9817317534954476,0.9985324021210013,0.9848818838995143
2015-09-04 13:00:00,0.9982370438073006,0.9823637244664735,0.9985324021210013,0.9840348289563076
2015-09-08 07:00:00,0.9984129375054424,0.9817317534954476,0.9986135307553891,0.9847486524889385
2015-09-08 08:00:00,0.9984129375054424,0.9857520935890275,0.9988273142614309,0.9840348289563076
2015-09-08 09:00:00,0.9984129375054424,0.9857520935890275,0.998786340147898,0.9852922263179953
2015-09-08 10:00:00,0.9987433123238223,0.9857520935890275,0.9984244324819257,0.9861392812612021
2015-09-08 11:00:00,0.9991198641902267,0.9892248603703082,0.998786340147898,0.9875666655200681
2015-09-08 12:00:00,0.9993037584499153,0.9892248603703083,0.9990992772949281,0.9865238690490027
2015-09-08 13:00:00,0.9989439704920852,0.9869708147508217,0.9990992772949281,0.984767249045306
2015-09-09 07:00:00,0.9987754100364254,0.9815555895358755,0.9989264679024191,0.984767249045306
2015-09-09 08:00:00,0.9983988581700209,0.9815555895358755,0.9989264679024191,0.9819423407462595
2015-09-09 09:00:00,0.9987754100364254,0.9863840645600533,0.9989264679024191,0.9833697250051255
2015-09-09 10:00:00,0.9991198641902267,0.9890347070005638,0.9989264679024191,0.9823680524150632
2015-09-09 11:00:00,0.9987600762323967,0.9890347070005638,0.9989264679024191,0.9815876131771443
2015-09-09 12:00:00,0.9992884246458866,0.9928345548183876,0.9989264679024191,0.9820500803325504
2015-09-09 13:00:00,0.9987600762323967,0.9950886004378737,0.9987417233157111,0.9826671651348121
2015-09-10 07:00:00,0.9989439704920852,0.9950886004378737,0.998786340147898,0.9826671651348123
2015-09-10 08:00:00,0.9989439704920852,0.9950886004378737,0.9989264679024191,0.9826671651348121
2015-09-10 09:00:00,0.9989439704920852,0.9936566791591576,0.9986135307553891,0.9812030253893438
2015-09-10 10:00:00,0.9992884246458866,0.995910724778644,0.9986135307553891,0.9808184376015433
2015-09-10 11:00:00,0.9996482126037167,0.99734264605736,0.9989264679024191,0.9808184376015434
2015-09-10 12:00:00,0.9993037584499153,0.9980898144084217,0.998786340147898,0.9808184376015433
2015-09-10 13:00:00,0.9993037584499153,0.9995217356871378,0.9987417233157111,0.9818201101916055
2015-09-11 07:00:00,0.9986135956737053,0.9995217356871378,0.998786340147898,0.980063490187909
2015-09-11 08:00:00,0.9978925896534994,0.9980898144084218,0.9986135307553891,0.9785993504424406
2015-09-11 09:00:00,0.9987754100364252,0.9980898144084218,0.9987536585099102,0.9790618175978468
2015-09-11 10:00:00,0.9987754100364252,0.99734264605736,0.998399747249347,0.97851824376879
2015-09-11 11:00:00,0.9991198641902268,0.9987745673360762,0.9983595927284924,0.9813431520678365
2015-09-11 12:00:00,0.9994643183440283,0.9995217356871378,0.9986135307553893,0.9818056192232429
2015-09-11 13:00:00,0.9996482126037167,0.9980898144084218,0.9987536585099102,0.9821902070110433
2015-09-14 07:00:00,0.9993037584499153,0.9980898144084218,0.9989264679024191,0.9796276559451434
2015-09-14 08:00:00,0.9991198641902268,0.9987745673360763,0.9990992772949281,0.9796276559451432
2015-09-14 09:00:00,0.9993037584499153,0.9987745673360762,0.9989264679024191,0.9796276559451432
2015-09-14 10:00:00,0.9991198641902268,0.99734264605736,0.9990128325995706,0.9796276559451432
2015-09-14 11:00:00,0.9992957578883684,0.9966578931297055,0.9992779654154895,0.9802447407474052
2015-09-14 12:00:00,0.9992957578883684,0.9950886004378737,0.9994917489215315,0.9814210314354423
2015-09-14 13:00:00,0.9991198641902268,0.9922025838473617,0.9994917489215315,0.9805739764922358
2015-09-15 07:00:00,0.9985674186256807,0.9922025838473615,0.999668361474676,0.9795723039021733
2015-09-15 08:00:00,0.9983988581700208,0.9908858599486813,0.9998411708671849,0.9809996881610393
2015-09-15 09:00:00,0.9983988581700208,0.9884027360295378,0.9999275355643362,0.9809996881610393
2015-09-15 10:00:00,0.9983988581700209,0.9829875108145913,0.9998411708671849,0.9820013607511017
2015-09-15 11:00:00,0.9983988581700209,0.9786009128059994,0.9998411708671849,0.9809996881610393
2015-09-15 12:00:00,0.9991198641902268,0.9786009128059994,0.9998411708671849,0.9798968168941303
2015-09-15 13:00:00,0.9987600762323966,0.984016138020946,0.9997101893378464,0.981653436897827
2015-09-16 07:00:00,0.9987600762323967,0.9840161380209457,0.9997101893378464,0.9820380246856275
2015-09-16 08:00:00,0.9991198641902267,0.9825842167422296,0.9995819967775245,0.9860647154969959
2015-09-16 09:00:00,0.9996482126037165,0.9825842167422296,0.9997101893378466,0.9875521745517053
2015-09-16 10:00:00,0.9996482126037167,0.98258421674223,0.9995819967775245,0.9875521745517053
2015-09-16 11:00:00,0.9991198641902267,0.9825842167422296,0.9994091873850157,0.9883992294949118
2015-09-16 12:00:00,0.9989439704920852,0.9766214182149839,0.9992325748318712,0.9880146417071116
2015-09-16 13:00:00,0.9987754100364252,0.9754026970531895,0.9993635563612095,0.9880146417071114
2015-09-17 07:00:00,0.9991198641902267,0.9786009128059994,0.9993635563612095,0.986971845236046
2015-09-17 08:00:00,0.9991198641902267,0.9780533394936999,0.9993635563612095,0.9878446548099334
2015-09-17 09:00:00,0.9991198641902267,0.9780533394936999,0.9991497728551676,0.9900524783067182
2015-09-17 10:00:00,0.9996482126037167,0.9840161380209459,0.9990595249991746,0.9907663018393492
2015-09-17 11:00:00,0.9998241063018583,0.9846481089919717,0.9987132635488679,0.991613356782556
2015-09-17 12:00:00,0.9998241063018583,0.9878159858387696,0.9987978093626754,0.991613356782556
2015-09-17 13:00:00,0.9998241063018583,0.9843042347132719,0.998978396364787,0.991613356782556
2015-09-18 07:00:00,0.9998241063018585,0.9843042347132719,0.9987132635488678,0.991613356782556
2015-09-18 08:00:00,0.9998241063018585,0.9877770014945523,0.9987132635488678,0.991613356782556
2015-09-18 09:00:00,0.9998241063018585,0.9870922485668979,0.9983276350231894,0.991613356782556
2015-09-18 10:00:00,0.9996482126037167,0.9890347070005638,0.9979737237626264,0.991613356782556
2015-09-18 11:00:00,0.9996482126037167,0.9878159858387695,0.9979737237626264,0.9912287689947554
2015-09-18 12:00:00,0.9994643183440282,0.9829875108145913,0.9983593522883049,0.990844181206955
2015-09-18 13:00:00,0.9991198641902267,0.9798196339677937,0.9982798306920783,0.9899713716330676
2015-09-21 07:00:00,0.9989439704920852,0.9829875108145913,0.9982798306920783,0.9905149454621244
2015-09-21 08:00:00,0.9989439704920852,0.9776144844290082,0.9982798306920783,0.9905149454621244
2015-09-21 09:00:00,0.9987754100364254,0.9842062319763857,0.9981106640182232,0.9905149454621244
2015-09-21 10:00:00,0.9978925896534994,0.9890347070005638,0.9981500310935949,0.990130357674324
2015-09-21 11:00:00,0.9982229644718792,0.9912887526200501,0.9981500310935949,0.990130357674324
2015-09-21 12:00:00,0.9985674186256807,0.9884027360295381,0.9980065638439377,0.9896678905189177
2015-09-21 13:00:00,0.9991198641902267,0.9884027360295378,0.9982839256961026,0.9903817140515486
2015-09-22 07:00:00,0.9991198641902267,0.988402736029538,0.9982445586207309,0.9907663018393492
2015-09-22 08:00:00,0.9994643183440282,0.9840161380209459,0.9984932468908123,0.9900524783067182
2015-09-22 09:00:00,0.9994643183440282,0.9840161380209459,0.9985378637229991,0.9892054233635117
2015-09-22 10:00:00,0.9991198641902267,0.9846481089919717,0.9985378637229991,0.988332613789624
2015-09-22 11:00:00,0.9991198641902268,0.9878159858387696,0.9987471849177089,0.9876187902569931
2015-09-22 12:00:00,0.998789489371847,0.9846481089919719,0.9985378637229991,0.986904966724362
2015-09-22 13:00:00,0.9982370438073009,0.9863840645600536,0.9987471849177089,0.9854408269788936
2015-09-23 07:00:00,0.9986135956737053,0.989034707000564,0.9989319295044169,0.9849783598234876
2015-09-23 08:00:00,0.9978925896534995,0.9912887526200502,0.9990574494317574,0.9849783598234874
2015-09-23 09:00:00,0.9980852472602155,0.9912887526200502,0.9992380364338689,0.9835509755646216
2015-09-23 10:00:00,0.9984297014140167,0.9912887526200502,0.9991010961782719,0.9843980305078281
2015-09-23 11:00:00,0.9978772558494705,0.9898568313413342,0.9992702628521272,0.9833963579177658
2015-09-23 12:00:00,0.9984297014140167,0.991920723591076,0.9994072031077239,0.9829338907623596
2015-09-23 13:00:00,0.9987600762323967,0.9912887526200502,0.9993635563612095,0.9824714236069535
2015-09-24 07:00:00,0.9991198641902268,0.9919735055477046,0.9995819967775245,0.9839355633524219
2015-09-24 08:00:00,0.9991198641902267,0.9919735055477047,0.9996238246406951,0.9817277398556371
2015-09-24 09:00:00,0.9991198641902268,0.9919735055477046,0.9997101893378466,0.9822713136846937
2015-09-24 10:00:00,0.9991198641902268,0.9912887526200501,0.9995819967775245,0.9820155889130683
2015-09-24 11:00:00,0.9987754100364254,0.9912887526200501,0.9994053842243802,0.9831918796011054
2015-09-24 12:00:00,0.9989439704920852,0.989856831341334,0.9994917489215315,0.9821902070110433
2015-09-24 13:00:00,0.9985674186256807,0.9890347070005638,0.9995373799453374,0.9811474105399777
2015-09-25 07:00:00,0.9979885684239486,0.9912887526200501,0.9995819967775245,0.9818612340726087
2015-09-25 08:00:00,0.9979885684239488,0.9912887526200501,0.9995819967775245,0.9818612340726087
2015-09-25 09:00:00,0.9985674186256807,0.9912887526200501,0.9995819967775245,0.9810141791294021
2015-09-25 10:00:00,0.9976441142701473,0.9912887526200501,0.9995819967775245,0.9784771198877867
2015-09-25 11:00:00,0.9971378457536259,0.9899720287213698,0.9995819967775245,0.9790574492034462
2015-09-25 12:00:00,0.9982229644718792,0.9917079842894516,0.9995819967775245,0.977881158515409
2015-09-25 13:00:00,0.9971378457536259,0.9917079842894516,0.9994091873850157,0.9768794859253465
2015-09-28 07:00:00,0.9969539514939374,0.9937718765391934,0.9995819967775245,0.9768794859253465
2015-09-28 08:00:00,0.9973137394517676,0.9958357687889353,0.9996702603562259,0.9764948981375459
2015-09-28 09:00:00,0.9968074709352459,0.9937718765391934,0.9995420677959038,0.9773419530807527
2015-09-28 10:00:00,0.9959617205589032,0.9917079842894515,0.9993282842898618,0.9768794859253465
2015-09-28 11:00:00,0.9962920953772831,0.9937718765391934,0.9993282842898618,0.9765916368679154
2015-09-28 12:00:00,0.9951558358038688,0.9937718765391934,0.999283667457675,0.9779524054214934
2015-09-28 13:00:00,0.9942730154209428,0.991121234098683,0.999069883951633,0.9754221498957184
2015-09-29 07:00:00,0.9949940214411488,0.9895519414068513,0.999069883951633,0.9744204773056563
2015-09-29 08:00:00,0.9941482710648061,0.9877856469327575,0.9987703149009304,0.9726638573019599
2015-09-29 09:00:00,0.9941482710648061,0.9877856469327575,0.9989840984069723,0.9701267980603443
2015-09-29 10:00:00,0.9941482710648063,0.9909838626855674,0.9991934196016821,0.9689250155480225
2015-09-29 11:00:00,0.9941482710648063,0.9895519414068513,0.9991934196016821,0.9719500337693289
2015-09-29 12:00:00,0.9941482710648063,0.9911212340986831,0.9994528341315301,0.9714875666139225
2015-09-29 13:00:00,0.9941482710648061,0.9930247081881319,0.999283667457675,0.972951706359391
2015-09-30 07:00:00,0.9941482710648063,0.9952787538076181,0.9991497728551676,0.9712318418422968
2015-09-30 08:00:00,0.9941482710648063,0.99734264605736,0.9993225822476764,0.9716943089977031
2015-09-30 09:00:00,0.9945635246180146,0.99734264605736,0.9993225822476764,0.9716943089977031
2015-09-30 10:00:00,0.9958042309364005,0.9980898144084218,0.9991856419920796,0.9716943089977031
2015-09-30 11:00:00,0.9956019326010733,0.9958357687889355,0.999408946944828,0.9716943089977031
2015-09-30 12:00:00,0.9945635246180143,0.9937718765391936,0.9991856419920796,0.9716943089977031
2015-09-30 13:00:00,0.9944137022095543,0.9937718765391936,0.9990626854945212,0.9716943089977031
2015-10-01 07:00:00,0.9954092749943573,0.9958357687889355,0.9990626854945214,0.9724081325303342
2015-10-01 08:00:00,0.9947734901673843,0.99652052171659,0.9990626854945212,0.9731817680524125
2015-10-01 09:00:00,0.995279758683906,0.9972052746442445,0.9990626854945212,0.9727971802646121
2015-10-01 10:00:00,0.9964679890754249,0.9972052746442445,0.9990626854945212,0.9740545776263
2015-10-01 11:00:00,0.9964679890754249,0.9987745673360762,0.9989763207973696,0.9763547714590531
2015-10-01 12:00:00,0.9966365495310846,0.9987745673360762,0.9988035114048609,0.9755743322211345
2015-10-01 13:00:00,0.9955002899576704,0.9980898144084217,0.9990128325995705,0.973274138388381
2015-10-02 07:00:00,0.9955002899576704,0.9995217356871378,0.9991010961782719,0.973274138388381
2015-10-02 08:00:00,0.9963460403340129,0.9987745673360762,0.9991010961782719,0.975481961885166
2015-10-02 09:00:00,0.9958397718174914,0.9980898144084217,0.9991856419920796,0.9765247583562314
2015-10-02 10:00:00,0.9958397718174914,0.9966578931297055,0.999366228994191,0.9759811845271746
2015-10-02 11:00:00,0.9963460403340131,0.99734264605736,0.9992779654154895,0.9765982693294365
2015-10-02 12:00:00,0.9946675808607415,0.9980273989850145,0.9989783963647868,0.9745538002683088
2015-10-02 13:00:00,0.9941392324472518,0.9987745673360762,0.9987132635488678,0.9736809906944212
2015-10-05 07:00:00,0.9939774180845315,0.9972052746442442,0.9987534180697225,0.9711184396285213
2015-10-05 08:00:00,0.9925468848251814,0.9940373977974465,0.9988362200464261,0.9718322631611523
2015-10-05 09:00:00,0.9925468848251814,0.993352644869792,0.9987550914120383,0.9718322631611523
2015-10-05 10:00:00,0.9927086991879015,0.993352644869792,0.9987978093626754,0.9735521276782463
2015-10-05 11:00:00,0.9932370476013914,0.9940373977974465,0.9989317039651828,0.9735521276782463
2015-10-05 12:00:00,0.9927086991879015,0.9898408937442943,0.9988453392680313,0.9735521276782463
2015-10-05 13:00:00,0.9941392324472516,0.9940373977974467,0.9990686442207798,0.9715076586171185
2015-10-06 07:00:00,0.9930684871457317,0.9926054765187305,0.9993225822476764,0.9715076586171187
2015-10-06 08:00:00,0.9927086991879015,0.9926054765187305,0.9993225822476764,0.9700802743582527
2015-10-06 09:00:00,0.9922414748165885,0.9926054765187305,0.9989763207973696,0.968130348148137
2015-10-06 10:00:00,0.9922414748165885,0.9933526448697922,0.9987915762106617,0.9684181972055681
2015-10-06 11:00:00,0.9922414748165885,0.9933526448697922,0.9988727048450495,0.9686739219771936
2015-10-06 12:00:00,0.9931195625113923,0.99652052171659,0.9991010961782719,0.9720835279863004
2015-10-06 13:00:00,0.9943120595661513,0.99734264605736,0.999407203107724,0.9746137835120754
2015-10-07 07:00:00,0.9955002899576704,0.9980898144084218,0.9995353956680461,0.9763704035157721
2015-10-07 08:00:00,0.9955002899576704,0.9987745673360762,0.9996199414818536,0.9759858157279713
2015-10-07 09:00:00,0.9948645051306975,0.99734264605736,0.999578113618683,0.9759858157279715
2015-10-07 10:00:00,0.9955002899576704,0.9980898144084218,0.9995344668721685,0.9752719921953402
2015-10-07 11:00:00,0.9951558358038689,0.9987745673360762,0.9994917489215315,0.9752719921953402
2015-10-07 12:00:00,0.995817691920523,0.9987745673360762,0.9992684439687831,0.9762736647854028
2015-10-07 13:00:00,0.9955002899576704,0.9987745673360762,0.9992684439687831,0.9777378045308711
2015-10-08 07:00:00,0.9955002899576704,0.9980898144084218,0.99931116191942,0.9772753373754649
2015-10-08 08:00:00,0.9955002899576704,0.9980898144084218,0.9991856419920796,0.978451628063502
2015-10-08 09:00:00,0.9955002899576704,0.9987745673360762,0.9991856419920796,0.9777378045308711
2015-10-08 10:00:00,0.9955002899576704,0.9987745673360762,0.9991856419920796,0.9789952018925588
2015-10-08 11:00:00,0.9963460403340129,0.9987745673360762,0.9990008974053715,0.9785327347371529
2015-10-08 12:00:00,0.9960015861802116,0.9987745673360762,0.9987235355532067,0.979575531208218
2015-10-08 13:00:00,0.995817691920523,0.9987745673360762,0.9987645096667397,0.9781481469493523
2015-10-09 07:00:00,0.9955002899576703,0.9965205217165898,0.9986389897393992,0.9776045731202955
2015-10-09 08:00:00,0.9956688504133301,0.99652052171659,0.9984698230655442,0.9790687128657638
2015-10-09 09:00:00,0.9956688504133301,0.99734264605736,0.9988727048450495,0.9804960971246298
2015-10-09 10:00:00,0.9971225119495971,0.99734264605736,0.9992266161056125,0.9816723878126672
2015-10-09 11:00:00,0.9974822999074273,0.99734264605736,0.99931116191942,0.9822527171283264
2015-10-09 12:00:00,0.9974822999074273,0.99734264605736,0.9993548086659346,0.9845529109610797
2015-10-09 13:00:00,0.9976441142701473,0.9980898144084218,0.9993548086659346,0.9838390874284486
2015-10-12 07:00:00,0.9985674186256807,0.9980898144084218,0.9996199414818535,0.9823749476829804
2015-10-12 08:00:00,0.9985674186256807,0.9980898144084218,0.9995353956680461,0.9823749476829802
2015-10-12 09:00:00,0.9985674186256807,0.9980898144084218,0.9996199414818535,0.9823749476829802
2015-10-12 10:00:00,0.9982229644718792,0.9995217356871378,0.9996199414818535,0.9809108079375118
2015-10-12 11:00:00,0.9989439704920852,0.9987745673360762,0.9997101893378464,0.9834478671791274
2015-10-12 12:00:00,0.9991198641902268,0.9987745673360762,0.9997965540349979,0.9834478671791271
2015-10-12 13:00:00,0.9991198641902268,0.99652052171659,0.9997101893378464,0.9828675378634679
2015-10-13 07:00:00,0.9991198641902268,0.9958357687889355,0.9996238246406951,0.9849120069245958
2015-10-13 08:00:00,0.9991198641902267,0.9950886004378738,0.9997101893378464,0.9852965947123962
2015-10-13 09:00:00,0.9986135956737053,0.9966578931297058,0.9997965540349979,0.9867607344578646
2015-10-13 10:00:00,0.9993037584499153,0.9980898144084218,0.9998848176136992,0.9867607344578646
2015-10-13 11:00:00,0.9987754100364254,0.99734264605736,0.9999275355643362,0.9871453222456651
2015-10-13 12:00:00,0.9987754100364254,0.9973426460573602,0.9998848176136992,0.9866828550902591
2015-10-13 13:00:00,0.9991198641902268,0.9973426460573602,0.9998848176136992,0.9881469948357273
2015-10-14 07:00:00,0.9991198641902267,0.9959107247786441,0.9998848176136994,0.9881469948357273
2015-10-14 08:00:00,0.9991198641902268,0.9936566791591578,0.9998411708671847,0.9884348438931586
2015-10-14 09:00:00,0.9987433123238221,0.9950886004378738,0.9999275355643362,0.9888973110485648
2015-10-14 10:00:00,0.9985674186256805,0.9922025838473617,0.9998411708671847,0.9881834875159337
2015-10-14 11:00:00,0.9983988581700209,0.9901386915976196,0.9997984529165479,0.9881834875159338
2015-10-14 12:00:00,0.9991198641902268,0.9930247081881319,0.9998848176136992,0.9881834875159337
2015-10-14 13:00:00,0.9984297014140168,0.9907706625686454,0.9998411708671849,0.9867561032570678
2015-10-15 07:00:00,0.9982538077158752,0.9895519414068513,0.9998411708671849,0.9870853390018982
2015-10-15 08:00:00,0.9987600762323966,0.9918059870263376,0.9999275355643362,0.98562119925643
2015-10-15 09:00:00,0.9989439704920853,0.994456629466848,0.9998838888178218,0.985004114454168
2015-10-15 10:00:00,0.9989439704920849,0.9950886004378738,0.9998411708671849,0.985004114454168
2015-10-15 11:00:00,0.9991198641902268,0.9950886004378738,0.9998411708671849,0.9841570595109612
2015-10-15 12:00:00,0.9991198641902267,0.9950886004378737,0.9998411708671849,0.9859136795146579
2015-10-15 13:00:00,0.9994643183440283,0.9957733533655282,0.9997965540349979,0.9862982673024585
2015-10-16 07:00:00,0.9992884246458866,0.993519307746042,0.9997965540349979,0.9848708830435925
2015-10-16 08:00:00,0.9992884246458866,0.9922025838473617,0.9997538360843609,0.9836945923555552
2015-10-16 09:00:00,0.9985674186256805,0.9922025838473617,0.9997538360843609,0.9836945923555552
2015-10-16 10:00:00,0.9985674186256805,0.9897194599282184,0.9997538360843609,0.9839824414129864
2015-10-16 11:00:00,0.9987600762323967,0.992887336775016,0.9997538360843609,0.9829807688229241
2015-10-16 12:00:00,0.9989286366880563,0.992887336775016,0.9997101893378464,0.982266945290293
2015-10-16 13:00:00,0.9989286366880563,0.9944566294668479,0.9995762947353392,0.982266945290293
2015-10-19 07:00:00,0.9989286366880563,0.9900700314582558,0.9994917489215315,0.9840235652939897
2015-10-19 08:00:00,0.9992884246458866,0.9909838626855674,0.9996256435240389,0.9851998559820269
2015-10-19 09:00:00,0.9991198641902268,0.9902991097579129,0.999668361474676,0.9855844437698272
2015-10-19 10:00:00,0.9991198641902268,0.9878159858387696,0.999668361474676,0.9855844437698272
2015-10-19 11:00:00,0.9992884246458866,0.9878159858387696,0.999668361474676,0.9855844437698272
2015-10-19 12:00:00,0.9992884246458866,0.9878159858387696,0.9997101893378466,0.9844081530817901
2015-10-19 13:00:00,0.9987600762323967,0.9864992619400892,0.9997101893378464,0.9847373888266205
2015-10-20 07:00:00,0.9987600762323967,0.984016138020946,0.9997101893378464,0.9853544736288824
2015-10-20 08:00:00,0.9985674186256807,0.9878159858387695,0.9998411708671847,0.9853544736288824
2015-10-20 09:00:00,0.9982370438073009,0.9836194817856174,0.9998411708671847,0.9848920064734763
2015-10-20 10:00:00,0.997658193605569,0.9870922485668979,0.9998411708671847,0.9838492100024109
2015-10-20 11:00:00,0.9982370438073008,0.9919207235910761,0.9998848176136994,0.9856058300061075
2015-10-20 12:00:00,0.9987433123238223,0.991920723591076,0.9999275355643364,0.9870332142649733
2015-10-20 13:00:00,0.9991198641902268,0.9950886004378738,0.9999275355643362,0.9878802692081798
2015-10-21 07:00:00,0.9992884246458866,0.9950886004378738,0.9999275355643364,0.988342736363586
2015-10-21 08:00:00,0.9991198641902268,0.9950886004378738,0.9999275355643364,0.9879581485757857
2015-10-21 09:00:00,0.9991198641902268,0.9958357687889355,0.9998392719856349,0.9883427363635863
2015-10-21 10:00:00,0.9996482126037167,0.9980898144084218,0.9997965540349979,0.9898068761090547
2015-10-21 11:00:00,0.9996482126037167,0.9960259221586797,0.9998411708671847,0.9891897913067927
2015-10-21 12:00:00,0.9998241063018583,0.9944566294668479,0.9998411708671847,0.9903660819948301
2015-10-21 13:00:00,0.9996482126037167,0.9922025838473617,0.9999275355643362,0.9903660819948301
2015-10-22 07:00:00,0.999472318905575,0.9907706625686454,0.9999275355643364,0.9906953177396606
2015-10-22 08:00:00,0.999472318905575,0.9930247081881319,0.9998848176136994,0.9906953177396606
2015-10-22 09:00:00,0.9989439704920852,0.9918059870263375,0.9998848176136992,0.991157784895067
2015-10-22 10:00:00,0.9984156220785952,0.9895519414068511,0.9998848176136992,0.9896936451495983
2015-10-22 11:00:00,0.9984156220785952,0.9895519414068511,0.9999275355643362,0.989364409404768
2015-10-22 12:00:00,0.9989439704920852,0.9895519414068513,0.9999275355643362,0.9885173544615611
2015-10-22 13:00:00,0.9989439704920852,0.9902991097579129,0.9998838888178218,0.9895190270516234
2015-10-23 07:00:00,0.9989439704920852,0.9908858599486813,0.9997529072884834,0.9889386977359641
2015-10-23 08:00:00,0.9984156220785952,0.9922025838473617,0.9997101893378464,0.9879370251459019
2015-10-23 09:00:00,0.9984156220785952,0.9950886004378737,0.9997529072884834,0.9879370251459019
2015-10-23 10:00:00,0.9987754100364254,0.9950886004378738,0.9996626594324904,0.9861137894369176
2015-10-23 11:00:00,0.9987754100364254,0.9950886004378738,0.9996626594324904,0.9853999659042865
2015-10-23 12:00:00,0.9993037584499153,0.9965205217165898,0.9996626594324904,0.9858624330596926
2015-10-23 13:00:00,0.9993037584499153,0.9950886004378737,0.9994393544797421,0.9848196365886271
2015-10-26 07:00:00,0.9989439704920852,0.9919207235910761,0.9996199414818536,0.9848196365886271
2015-10-26 08:00:00,0.9984156220785952,0.989856831341334,0.9995762947353392,0.9835622392269394
2015-10-26 09:00:00,0.9984156220785952,0.9912887526200501,0.9995762947353392,0.9835622392269394
2015-10-26 10:00:00,0.9982229644718791,0.993352644869792,0.9994917489215315,0.9847385299149766
2015-10-26 11:00:00,0.9982229644718791,0.9898408937442943,0.9994917489215315,0.9842760627595704
2015-10-26 12:00:00,0.9985674186256805,0.9905256466719486,0.9991856419920796,0.9838135956041643
2015-10-26 13:00:00,0.9985674186256807,0.9905256466719486,0.9990574494317577,0.983813595604164
2015-10-27 07:00:00,0.9985674186256807,0.9905256466719486,0.9991497728551676,0.983813595604164
2015-10-27 08:00:00,0.9983988581700209,0.9905256466719486,0.9991934196016821,0.9818636693940485
2015-10-27 09:00:00,0.9987433123238223,0.9905256466719489,0.99888731267223,0.983327809139517
2015-10-27 10:00:00,0.998911872779482,0.9851526202863655,0.9984932468908123,0.983327809139517
2015-10-27 11:00:00,0.998911872779482,0.9838358963876852,0.9982839256961026,0.98215151845148
2015-10-27 12:00:00,0.9979885684239488,0.9838358963876852,0.9982839256961026,0.982613985606886
2015-10-27 13:00:00,0.9987433123238223,0.9877770014945523,0.9985378637229991,0.9814376949188488
2015-10-28 07:00:00,0.9991198641902267,0.9919735055477046,0.9985378637229991,0.9824804913899142
2015-10-28 08:00:00,0.9985915157767369,0.986558280332758,0.9982445586207307,0.9807238713862177
2015-10-28 09:00:00,0.9991198641902267,0.9843042347132717,0.9984293032074388,0.9789672513825213
2015-10-28 10:00:00,0.9994643183440282,0.9843042347132719,0.9988149317331173,0.9793518391703215
2015-10-28 11:00:00,0.9991198641902268,0.9843042347132717,0.9986779914775203,0.9776552939624686
2015-10-28 12:00:00,0.9991198641902268,0.9811852539471748,0.9987226083097072,0.9773674449050374
2015-10-28 13:00:00,0.998429701414017,0.9824039751089692,0.9989319295044169,0.9769049777496311
2015-10-29 07:00:00,0.9980852472602152,0.9811852539471748,0.9988917749835622,0.9769049777496311
2015-10-29 08:00:00,0.9987754100364254,0.9811852539471748,0.9986779914775202,0.9772342134944616
2015-10-29 09:00:00,0.9987754100364254,0.9877770014945523,0.9989319295044169,0.9761914170233962
2015-10-29 10:00:00,0.9978925896534994,0.9858735274051036,0.9988917749835622,0.9761914170233962
2015-10-29 11:00:00,0.9982229644718792,0.9858735274051036,0.9989840984069723,0.9761914170233962
2015-10-29 12:00:00,0.9978925896534994,0.9844416061263874,0.9991497728551677,0.9724800161653585
2015-10-29 13:00:00,0.9978925896534994,0.9804212660328075,0.9988035114048609,0.9735228126364239
2015-10-30 07:00:00,0.9982229644718792,0.9826753116522937,0.9988035114048609,0.9730603454810177
2015-10-30 08:00:00,0.9985674186256807,0.9797892950617816,0.9988035114048607,0.9758852537800645
2015-10-30 09:00:00,0.9978772558494706,0.9781416677455205,0.9985102063025925,0.9752681689778026
2015-10-30 10:00:00,0.9975328016956692,0.9727686413599373,0.9985102063025925,0.9746878396621433
2015-10-30 11:00:00,0.9962920953772831,0.9727686413599373,0.9985102063025925,0.9728646039531589
2015-10-30 12:00:00,0.9951558358038689,0.9727686413599373,0.9985102063025925,0.9708201348920311
2015-10-30 13:00:00,0.9947792839374644,0.9727686413599373,0.998384686375252,0.9718629313630968
2015-11-02 07:00:00,0.9955710893570774,0.9727686413599373,0.9986779914775202,0.9739074004242243
2015-11-02 08:00:00,0.9955710893570774,0.9668380927518297,0.9982445586207309,0.9724432606787561
2015-11-02 09:00:00,0.9954092749943573,0.9668380927518297,0.9985984698812937,0.9710158764198901
2015-11-02 10:00:00,0.9957266769572101,0.9668380927518297,0.9985102063025925,0.9699525343208422
2015-11-02 11:00:00,0.9966094973401359,0.963258620624346,0.9988035114048607,0.9710158764198901
2015-11-02 12:00:00,0.9966094973401359,0.9594587728065223,0.9988035114048607,0.9720175490099523
2015-11-02 13:00:00,0.9966094973401358,0.96262664965332,0.9988035114048607,0.9705534092644839
2015-11-03 07:00:00,0.9959193345639258,0.9608906940852383,0.9988035114048609,0.9710158764198901
2015-11-03 08:00:00,0.9946212606277915,0.9589872199957896,0.9988035114048609,0.9699525343208422
2015-11-03 09:00:00,0.9959193345639259,0.9684972407313811,0.9988035114048609,0.9696232985760117
2015-11-03 10:00:00,0.9966094973401359,0.9728838387399732,0.9987132635488679,0.9696232985760117
2015-11-03 11:00:00,0.9971378457536259,0.9758481899549146,0.9987534180697227,0.9670607475101116
2015-11-03 12:00:00,0.9982229644718792,0.9805364634128434,0.99888731267223,0.968062420100174
2015-11-03 13:00:00,0.9982229644718792,0.9805364634128434,0.99888731267223,0.968642749415833
2015-11-04 07:00:00,0.9982229644718792,0.9805364634128434,0.99888731267223,0.9691052165712394
2015-11-04 08:00:00,0.9982229644718792,0.9864992619400894,0.99888731267223,0.9660801983499331
2015-11-04 09:00:00,0.9971378457536259,0.9833010461872795,0.9986779914775202,0.9640357292888054
2015-11-04 10:00:00,0.9964476829774158,0.9833010461872795,0.9988035114048609,0.9644981964442115
2015-11-04 11:00:00,0.9956019326010733,0.9778535710531947,0.9985102063025925,0.9648274321890422
2015-11-04 12:00:00,0.9956019326010733,0.9778535710531947,0.9985520341657631,0.9652120199768426
2015-11-04 13:00:00,0.9945635246180146,0.9778535710531949,0.998174488117722,0.9644981964442115
2015-11-05 07:00:00,0.9929600406732871,0.9743808042719141,0.9983335937494481,0.9641136086564112
2015-11-05 08:00:00,0.9929600406732871,0.9787674022805062,0.9984645752787865,0.9631119360663489
2015-11-05 09:00:00,0.9929600406732871,0.9743808042719143,0.9981584683493344,0.9638257595989799
2015-11-05 10:00:00,0.9911317587915555,0.9701862112318882,0.9978265533250993,0.9623616198535117
2015-11-05 11:00:00,0.9904107527713495,0.9752029286126844,0.9980071403272107,0.9615145649103048
2015-11-05 12:00:00,0.9893256340530961,0.9778535710531947,0.9980071403272107,0.9604717684392394
2015-11-05 13:00:00,0.987790636037147,0.9724383458382482,0.9980071403272107,0.9577800915507685
2015-11-06 07:00:00,0.9888757547554003,0.9743808042719139,0.9979126435964956,0.9565226941890806
2015-11-06 08:00:00,0.988124575516835,0.9684180057446683,0.9979906205938341,0.9583673161343449
2015-11-06 09:00:00,0.9882640610949844,0.9684180057446683,0.9976130745457931,0.9574945065604574
2015-11-06 10:00:00,0.987588271735508,0.9684180057446681,0.9976130745457931,0.9581115913627192
2015-11-06 11:00:00,0.9897990591109336,0.9684180057446683,0.9976130745457931,0.9592878820507563
2015-11-06 12:00:00,0.9903515046754797,0.9711825885191044,0.9976130745457931,0.9587075527350971
2015-11-06 13:00:00,0.9903515046754798,0.9752029286126843,0.9976130745457931,0.9582450855796911
2015-11-09 07:00:00,0.98928075937396,0.9806504037467692,0.9979449895700282,0.9600017055833876
2015-11-09 08:00:00,0.9904689897654787,0.9806504037467692,0.9979449895700282,0.9608487605265943
2015-11-09 09:00:00,0.9896573112403644,0.9806504037467692,0.9974239762723297,0.9621999516830734
2015-11-09 10:00:00,0.9896573112403644,0.976630063653189,0.9971306711700613,0.9614861281504421
2015-11-09 11:00:00,0.9871935915511916,0.976630063653189,0.9968054916324381,0.9607056889125234
2015-11-09 12:00:00,0.9870096972915028,0.976630063653189,0.996611829348823,0.9607056889125235
2015-11-09 13:00:00,0.9870096972915028,0.976630063653189,0.9959891386524047,0.9598980715851009
2015-11-10 07:00:00,0.987009697291503,0.976630063653189,0.9955365315005783,0.9607451265283077
2015-11-10 08:00:00,0.987009697291503,0.9748941080851073,0.9955365315005783,0.9624255534296173
2015-11-10 09:00:00,0.987009697291503,0.9743808042719141,0.9948231219858854,0.9598980715851011
2015-11-10 10:00:00,0.9841366732905837,0.9748941080851073,0.9948231219858854,0.9556156560021071
2015-11-10 11:00:00,0.9826644880318124,0.9684180057446683,0.994416145857865,0.9546139834120447
2015-11-10 12:00:00,0.9825296537259348,0.9607653810717981,0.9939270350186278,0.9558713807737326
2015-11-10 13:00:00,0.9817749098260613,0.9637297322867394,0.994370514834059,0.9551575572411015
2015-11-11 07:00:00,0.9810539038058554,0.9637297322867394,0.9947328741298924,0.954114760770036
2015-11-11 08:00:00,0.9784811213983737,0.9637297322867394,0.9950515866792113,0.9532677058268294
2015-11-11 09:00:00,0.9765936825863941,0.9637297322867394,0.9947328741298924,0.9552499275770702
2015-11-11 10:00:00,0.9757390001273825,0.9582822571526548,0.9942335745784622,0.9569303544783798
2015-11-11 11:00:00,0.9763283650032278,0.9605618554399417,0.9937474319990856,0.9551737344746832
2015-11-11 12:00:00,0.9743269969929492,0.9660093305740263,0.9937474319990856,0.9566011187335491
2015-11-11 13:00:00,0.9780658678451655,0.9682144801128119,0.9940529875763507,0.9573149422661802
2015-11-12 07:00:00,0.9793639417812998,0.9660093305740264,0.9945522871277811,0.9622281256365398
2015-11-12 08:00:00,0.9793639417812998,0.9654960267608331,0.9945522871277811,0.9626127134243402
2015-11-12 09:00:00,0.9793639417812997,0.9637297322867394,0.9945522871277811,0.9618390779022619
2015-11-12 10:00:00,0.9798922901947897,0.9691772074208241,0.9950515866792116,0.9615098421574313
2015-11-12 11:00:00,0.9821346977838916,0.9763165282805011,0.9953028764006844,0.9611252543696307
2015-11-12 12:00:00,0.9827135479856234,0.977885820972333,0.9954834634027958,0.962486022923209
2015-11-12 13:00:00,0.9825296537259348,0.977885820972333,0.9958988907964117,0.9641825681310622
2015-11-13 07:00:00,0.9838623534065566,0.9805364634128434,0.9963143181900278,0.9656467078765305
2015-11-13 08:00:00,0.9825296537259348,0.9805364634128432,0.9959891386524047,0.9652621200887301
2015-11-13 09:00:00,0.9843070443344873,0.9853649384370213,0.9962342833007818,0.9644816808508111
2015-11-13 10:00:00,0.9811687027504016,0.9833010461872793,0.9955737112587888,0.9644816808508111
2015-11-13 11:00:00,0.9827135479856233,0.9815650906191977,0.9958988907964117,0.9641524451059806
2015-11-13 12:00:00,0.9827135479856234,0.9780533394937001,0.9961804235875203,0.9635721157903212
2015-11-13 13:00:00,0.9814340203335683,0.9764057121774389,0.9961425422419455,0.9622601583702687
2015-11-16 07:00:00,0.9814340203335681,0.9799174633029368,0.99652158149283,0.9616798290546095
2015-11-16 08:00:00,0.9814340203335681,0.9828818145178781,0.9965661983250169,0.9608993898166904
2015-11-16 09:00:00,0.9814340203335683,0.9853649384370214,0.9969816257186328,0.9625959350245435
2015-11-16 10:00:00,0.9843070443344873,0.9902991097579129,0.9969816257186328,0.961748880081337
2015-11-16 11:00:00,0.9843070443344875,0.9911212340986831,0.9972209190260543,0.9637311018315776
2015-11-16 12:00:00,0.9843070443344875,0.9911212340986831,0.9972209190260543,0.964773898302643
2015-11-16 13:00:00,0.9830275166824324,0.9911212340986831,0.9968054916324384,0.9635976076146059
2015-11-17 07:00:00,0.9830275166824322,0.9895519414068514,0.9965215814928302,0.9621334678691374
2015-11-17 08:00:00,0.9830275166824322,0.9911212340986831,0.9968605176189045,0.9633097585571748
2015-11-17 09:00:00,0.9830275166824322,0.9882352175081709,0.9969370088864459,0.9635976076146059
2015-11-17 10:00:00,0.9843070443344875,0.9864992619400892,0.9972303139887143,0.9640833940792531
2015-11-17 11:00:00,0.9857214062924201,0.9873213862808594,0.9975622290129493,0.9658400140829496
2015-11-17 12:00:00,0.9859140638991362,0.9864992619400894,0.9975622290129493,0.9658400140829497
2015-11-17 13:00:00,0.9857214062924203,0.9845568035064235,0.9978109172830308,0.9658400140829496
2015-11-18 07:00:00,0.9870450839076874,0.9893852785306015,0.9980948274226392,0.968377073324565
2015-11-18 08:00:00,0.9870450839076874,0.98997202872137,0.9978461391525576,0.9689941581268268
2015-11-18 09:00:00,0.9870450839076874,0.9920359209711119,0.9975622290129493,0.9652553163728894
2015-11-18 10:00:00,0.9883777835883093,0.9933526448697922,0.9975622290129493,0.966719456118358
2015-11-18 11:00:00,0.9881851259815932,0.9940373977974465,0.9975622290129493,0.9692565153599734
2015-11-18 12:00:00,0.9881851259815932,0.9940373977974465,0.997268923910681,0.9722815335812797
2015-11-18 13:00:00,0.9881851259815932,0.9933526448697922,0.9969370088864459,0.9722815335812797
2015-11-19 07:00:00,0.9881851259815932,0.9933526448697922,0.9965579696355614,0.9737689926359889
2015-11-19 08:00:00,0.9889968045067077,0.9927206738987662,0.996758903130458,0.97448281616862
2015-11-19 09:00:00,0.9884179543049758,0.9940373977974467,0.9967589031304582,0.97448281616862
2015-11-19 10:00:00,0.9896725938661844,0.9972052746442442,0.996758903130458,0.975910200427486
2015-11-19 11:00:00,0.9896725938661842,0.9965205217165898,0.9963813570824172,0.975910200427486
2015-11-19 12:00:00,0.9903344499828384,0.9950886004378737,0.9966746621846855,0.975293115625224
2015-11-19 13:00:00,0.9883121768649812,0.9930247081881319,0.9966746621846855,0.9744460606820177
2015-11-20 07:00:00,0.9876503207483269,0.9950886004378737,0.9965123386117555,0.9741168249371871
2015-11-20 08:00:00,0.9871874866067314,0.99652052171659,0.9965579696355614,0.9744460606820176
2015-11-20 09:00:00,0.9884179543049758,0.9933526448697922,0.9968898846597966,0.975910200427486
2015-11-20 10:00:00,0.9896725938661842,0.9950886004378738,0.997268923910681,0.9750631454842792
2015-11-20 11:00:00,0.9896725938661841,0.99652052171659,0.997268923910681,0.9742827062463605
2015-11-20 12:00:00,0.9896725938661842,0.9950886004378737,0.9971806603319797,0.9773633393170327
2015-11-20 13:00:00,0.9896725938661842,0.9950886004378737,0.9971806603319797,0.9804439723877049
2015-11-23 07:00:00,0.9896725938661842,0.9950886004378737,0.9971806603319797,0.9807732081325355
2015-11-23 08:00:00,0.9886770210813813,0.9950886004378737,0.9968031142839384,0.9801561233302738
2015-11-23 09:00:00,0.9903515046754798,0.9965205217165898,0.9965123386117553,0.9798268875854431
2015-11-23 10:00:00,0.9897990591109336,0.9965205217165898,0.996037743937534,0.9808696840565085
2015-11-23 11:00:00,0.9904107527713495,0.9952037978179096,0.9961582396472934,0.9811989198013392
2015-11-23 12:00:00,0.9911317587915552,0.9952037978179096,0.9965357856953345,0.9822005923914013
2015-11-23 13:00:00,0.9929600406732871,0.9980898144084217,0.9971333368671143,0.98366473213687
2015-11-24 07:00:00,0.9941482710648063,0.99734264605736,0.9972615294274362,0.9841271992922762
2015-11-24 08:00:00,0.9934272650446002,0.9952787538076181,0.9972615294274364,0.9841271992922762
2015-11-24 09:00:00,0.9932774426361398,0.9952787538076181,0.9972615294274362,0.9861716683534039
2015-11-24 10:00:00,0.9934272650446002,0.9952787538076181,0.9970522082327264,0.9844150483497073
2015-11-24 11:00:00,0.9927872135543876,0.995910724778644,0.9970522082327266,0.9813900301284012
2015-11-24 12:00:00,0.9907208954680646,0.99734264605736,0.996415289985575,0.9822370850716078
2015-11-24 13:00:00,0.9910263054766576,0.99734264605736,0.9962424805930661,0.9822370850716078
2015-11-25 07:00:00,0.9907208954680646,0.99734264605736,0.9960833749613399,0.981620000269346
2015-11-25 08:00:00,0.9902536710967516,0.99734264605736,0.9958824414664431,0.981620000269346
2015-11-25 09:00:00,0.9912492438815544,0.9960259221586797,0.9962143564906782,0.9819492360141767
2015-11-25 10:00:00,0.9921273315763584,0.9980898144084217,0.9968898846597966,0.981620000269346
2015-11-25 11:00:00,0.993165739559417,0.9966578931297058,0.9968898846597966,0.9826216728594082
2015-11-25 12:00:00,0.9939774180845313,0.9960259221586797,0.9968898846597966,0.9830062606472088
2015-11-25 13:00:00,0.9941613123442201,0.9937718765391934,0.9968898846597966,0.9841825513352459
2015-11-27 07:00:00,0.9929066727830117,0.9911212340986831,0.9968898846597963,0.9837979635474455
2015-11-27 08:00:00,0.994823168460874,0.9937718765391934,0.9974739654342479,0.9841825513352461
2015-11-27 09:00:00,0.9943372060423616,0.9937718765391934,0.9968512747378299,0.984896374867877
2015-11-27 10:00:00,0.9946675808607415,0.9944566294668479,0.9963766800636084,0.9852256106127075
2015-11-30 07:00:00,0.9949849828235943,0.9950886004378738,0.9965357856953345,0.9852256106127075
2015-11-30 08:00:00,0.994823168460874,0.9966578931297058,0.996415289985575,0.9845117870800767
2015-11-30 09:00:00,0.9948231684608743,0.9950886004378738,0.9967085950878435,0.9833354963920393
2015-11-30 10:00:00,0.9946675808607416,0.9950886004378738,0.9967085950878435,0.98366473213687
2015-11-30 11:00:00,0.9963460403340131,0.995910724778644,0.9973455133349949,0.9854213521405663
2015-11-30 12:00:00,0.9965146007896727,0.995910724778644,0.9973455133349949,0.9850367643527661
2015-11-30 13:00:00,0.9966904944878143,0.9945940008799636,0.9973455133349949,0.9838604736647286
2015-12-01 07:00:00,0.9974822999074273,0.9937718765391934,0.9973455133349949,0.9838604736647286
2015-12-01 08:00:00,0.9963460403340129,0.9917079842894515,0.9969572833579249,0.9843229408201348
2015-12-01 09:00:00,0.9965219340321546,0.9911212340986831,0.9969572833579249,0.984785407975541
2015-12-01 10:00:00,0.9973137394517676,0.9937718765391934,0.9973455133349949,0.984785407975541
2015-12-01 11:00:00,0.9973137394517676,0.9917079842894515,0.9975548345297046,0.984785407975541
2015-12-01 12:00:00,0.9973137394517676,0.9917079842894515,0.9975548345297046,0.984785407975541
2015-12-01 13:00:00,0.9983988581700209,0.9945940008799636,0.9980593937079298,0.9856324629187477
2015-12-02 07:00:00,0.9983988581700209,0.9917079842894515,0.9981021116585665,0.9851699957633416
2015-12-02 08:00:00,0.9983988581700208,0.9930247081881317,0.998225068156125,0.9860170507065483
2015-12-02 09:00:00,0.9987433123238223,0.9936566791591578,0.9981405223423175,0.984840760018511
2015-12-02 10:00:00,0.9978200079682891,0.9936566791591576,0.9978865843154208,0.9844561722307104
2015-12-02 11:00:00,0.9979885684239489,0.995910724778644,0.9973820251371956,0.9844561722307104
2015-12-02 12:00:00,0.997812674725807,0.995910724778644,0.9973820251371959,0.9851699957633416
2015-12-02 13:00:00,0.9965146007896727,0.99734264605736,0.9973025035409693,0.986346286451379
2015-12-03 07:00:00,0.9963460403340131,0.9980898144084217,0.9972615294274364,0.985729201649117
2015-12-03 08:00:00,0.9963460403340129,0.99652052171659,0.9975548345297046,0.985729201649117
2015-12-03 09:00:00,0.9963460403340129,0.99734264605736,0.9978902270340747,0.9848821467059103
2015-12-03 10:00:00,0.9965146007896727,0.9966578931297058,0.9978456102018878,0.9845529109610797
2015-12-03 11:00:00,0.9970208693061943,0.99734264605736,0.9975548345297046,0.9851699957633416
2015-12-03 12:00:00,0.9979885684239488,0.9987745673360762,0.9975548345297046,0.9844561722307106
2015-12-03 13:00:00,0.998911872779482,0.9980273989850145,0.9978902270340747,0.9881950139846478
2015-12-04 07:00:00,0.9992884246458866,0.9957733533655283,0.9981295203414959,0.9895557825382258
2015-12-04 08:00:00,0.9994643183440282,0.99734264605736,0.9981295203414959,0.9900182496936323
2015-12-04 09:00:00,0.9992957578883682,0.99734264605736,0.997911079925181,0.9900182496936321
2015-12-04 10:00:00,0.9992957578883682,0.9980898144084218,0.9973784815154915,0.9896890139488014
2015-12-04 11:00:00,0.9992957578883682,0.9995217356871378,0.9971245434885947,0.9888419590055949
2015-12-04 12:00:00,0.9994643183440282,0.9987745673360762,0.9974634796146691,0.9888419590055949
2015-12-04 13:00:00,0.9994643183440283,0.9980898144084218,0.997172703942486,0.9895557825382258
2015-12-07 07:00:00,0.9992884246458864,0.99652052171659,0.9969589204364441,0.9890933153828199
2015-12-07 08:00:00,0.9991198641902268,0.9957733533655282,0.9969589204364441,0.9895557825382258
2015-12-07 09:00:00,0.9991198641902267,0.9957733533655282,0.9972040650848211,0.9895557825382261
2015-12-07 10:00:00,0.9991198641902268,0.99734264605736,0.9971245434885945,0.9902696060708569
2015-12-07 11:00:00,0.9996482126037167,0.9987745673360762,0.9970040477788352,0.9911166610140637
2015-12-07 12:00:00,0.9992884246458866,0.999521735687138,0.9969654378568685,0.9902696060708569
2015-12-07 13:00:00,0.9992884246458866,0.999521735687138,0.9963813570824169,0.9898071389154509
2015-12-08 07:00:00,0.9994643183440282,0.999521735687138,0.9967589031304582,0.9902696060708569
2015-12-08 08:00:00,0.9992884246458866,0.9987745673360762,0.9965579696355614,0.9906541938586575
2015-12-08 09:00:00,0.9989439704920852,0.9995217356871378,0.9961804235875203,0.9888975738549608
2015-12-08 10:00:00,0.9989439704920852,0.9995217356871378,0.9957058289132988,0.989360041010367
2015-12-08 11:00:00,0.9989439704920852,0.999521735687138,0.995667947567724,0.9890308052655366
2015-12-08 12:00:00,0.9993037584499153,0.9980898144084217,0.9961425422419455,0.9890308052655363
2015-12-08 13:00:00,0.9996482126037167,0.99734264605736,0.9965123386117555,0.9887429562081053
2015-12-09 07:00:00,0.9996482126037167,0.99734264605736,0.9957989290970624,0.9883583684203049
2015-12-09 08:00:00,0.9996482126037167,0.9966578931297055,0.9961425422419455,0.9887429562081053
2015-12-09 09:00:00,0.9996482126037167,0.9950886004378738,0.9965123386117555,0.987870146634218
2015-12-09 10:00:00,0.9998241063018583,0.9965205217165898,0.9968512747378299,0.9881993823790485
2015-12-09 11:00:00,0.9994643183440282,0.994456629466848,0.9972303139887144,0.98673524263358
2015-12-09 12:00:00,0.9996482126037165,0.994456629466848,0.997268923910681,0.9858881876903735
2015-12-09 13:00:00,0.9994643183440282,0.9930247081881317,0.9966462332142627,0.9853078583747142
2015-12-10 07:00:00,0.9996482126037165,0.9912887526200502,0.9963143181900278,0.9849786226298836
2015-12-10 08:00:00,0.9992884246458864,0.9912887526200501,0.9963143181900276,0.9849786226298836
2015-12-10 09:00:00,0.9985674186256805,0.989856831341334,0.9963143181900276,0.9845161554744774
2015-12-10 10:00:00,0.9985674186256807,0.989856831341334,0.9963143181900278,0.9839358261588181
2015-12-10 11:00:00,0.9985674186256807,0.9919207235910761,0.9956009086753349,0.9849786226298836
2015-12-10 12:00:00,0.9978126747258071,0.9912887526200501,0.9951854812817188,0.9841315676866769
2015-12-10 13:00:00,0.9974822999074273,0.9890347070005638,0.9952757291377118,0.9847486524889385
2015-12-11 07:00:00,0.9982370438073006,0.9922025838473617,0.9956009086753347,0.985621462062826
2015-12-11 08:00:00,0.9983988581700208,0.9878159858387696,0.9948332333048497,0.985621462062826
2015-12-11 09:00:00,0.9987433123238223,0.9885007387664241,0.9948332333048497,0.9873780820665224
2015-12-11 10:00:00,0.9991198641902267,0.9900700314582558,0.9948332333048497,0.9888054663253886
2015-12-11 11:00:00,0.9987754100364252,0.9860496913646757,0.9948332333048497,0.9899817570134256
2015-12-11 12:00:00,0.9987754100364256,0.9835665674455324,0.9948332333048496,0.9914458967588943
2015-12-11 13:00:00,0.9993037584499153,0.988500738766424,0.9948332333048496,0.9918304845466944
2015-12-14 07:00:00,0.9993037584499153,0.9909838626855674,0.9948778501370367,0.9918304845466944
2015-12-14 08:00:00,0.999479652148057,0.9922025838473615,0.9952757291377118,0.9911166610140637
2015-12-14 09:00:00,0.9996482126037167,0.992887336775016,0.9952300981139058,0.9915791281694698
2015-12-14 10:00:00,0.9993037584499153,0.9909838626855674,0.9952300981139056,0.9919637159572702
2015-12-14 11:00:00,0.9989593042961138,0.988500738766424,0.995230098113906,0.9912498924246392
2015-12-14 12:00:00,0.9987754100364254,0.9909838626855674,0.995230098113906,0.990787425269233
2015-12-14 13:00:00,0.9983988581700208,0.9909838626855674,0.995230098113906,0.990170340466971
2015-12-15 07:00:00,0.9985674186256805,0.9878159858387696,0.9959435076285988,0.9907506697826305
2015-12-15 08:00:00,0.9982370438073008,0.9885007387664241,0.9958065673730018,0.989286530037162
2015-12-15 09:00:00,0.9985674186256805,0.9909838626855674,0.9958065673730018,0.9889019422493617
2015-12-15 10:00:00,0.9985674186256805,0.9922025838473617,0.9958065673730018,0.9889019422493617
2015-12-15 11:00:00,0.9982370438073008,0.992887336775016,0.9958065673730018,0.9883216129337022
2015-12-15 12:00:00,0.9980611501091591,0.9944566294668479,0.9956218227862937,0.9893232855237646
2015-12-15 13:00:00,0.9980611501091591,0.9919735055477046,0.9959033555774023,0.9897857526791709
2015-12-16 07:00:00,0.9980611501091591,0.986558280332758,0.9951899460627093,0.9904995762118017
2015-12-16 08:00:00,0.9985674186256807,0.9877770014945523,0.9949084132716008,0.9897857526791709
2015-12-16 09:00:00,0.9985674186256807,0.9892089227732684,0.9949084132716008,0.9883583684203047
2015-12-16 10:00:00,0.9985674186256807,0.9838358963876852,0.9945460539757673,0.9889386977359641
2015-12-16 11:00:00,0.9976441142701473,0.9838358963876852,0.994183694679934,0.9877624070479267
2015-12-16 12:00:00,0.9978200079682888,0.9838358963876852,0.9949342839528373,0.9877624070479267
2015-12-16 13:00:00,0.9978200079682891,0.9824039751089692,0.9952966432486707,0.9872999398925206
2015-12-17 07:00:00,0.9983988581700208,0.9877770014945523,0.9958065673730018,0.9865861163598898
2015-12-17 08:00:00,0.9987754100364254,0.9919735055477044,0.9958988907964119,0.9870485835152958
2015-12-17 09:00:00,0.9982691415199039,0.988500738766424,0.9955365315005783,0.9870485835152959
2015-12-17 10:00:00,0.9980852472602153,0.9878159858387695,0.9951211041069626,0.9860057870442304
2015-12-17 11:00:00,0.9977678452973627,0.9846177700859596,0.9950474206613412,0.9857179379867991
2015-12-17 12:00:00,0.9970468392771566,0.9823637244664735,0.9949104804057441,0.9845416472987618
2015-12-17 13:00:00,0.9980852472602153,0.9855316013132712,0.9954462836445855,0.983827823766131
2015-12-18 07:00:00,0.9982691415199039,0.9855316013132712,0.9955365315005785,0.9827850272950654
2015-12-18 08:00:00,0.9974233911435613,0.9855316013132714,0.9955365315005785,0.9832474944504713
2015-12-18 09:00:00,0.9970468392771566,0.9871008940051031,0.9961592221969966,0.9822046979794061
2015-12-18 10:00:00,0.9961640188942308,0.9833010461872795,0.9960689743410038,0.9813576430361994
2015-12-18 11:00:00,0.9953523403691162,0.9816534188710185,0.9960689743410036,0.9805105880929926
2015-12-18 12:00:00,0.9953523403691162,0.979170294951875,0.9957816761489555,0.9805105880929929
2015-12-18 13:00:00,0.9951500420337889,0.9781416677455205,0.9957349837493513,0.9799302587773332
2015-12-21 07:00:00,0.994009999959883,0.9731249503647244,0.9956234189581552,0.9809319313673956
2015-12-21 08:00:00,0.9951500420337889,0.9731249503647244,0.9957349837493513,0.9812611671122263
2015-12-21 09:00:00,0.9958402048099988,0.9781416677455205,0.9957349837493513,0.9826885513710923
2015-12-21 10:00:00,0.9940922515761688,0.9746942430565563,0.9951513761793991,0.9829764004285234
2015-12-21 11:00:00,0.99390835731648,0.9781416677455205,0.9944908041374061,0.9826471646836928
2015-12-21 12:00:00,0.9942528114702814,0.9795735890242367,0.994815983675029,0.98382345537173
2015-12-21 13:00:00,0.9931571780779149,0.9795735890242367,0.9941475538202154,0.98382345537173
2015-12-22 07:00:00,0.9940769177721399,0.9795735890242367,0.9937321264265995,0.98382345537173
2015-12-22 08:00:00,0.9942528114702817,0.9795735890242366,0.9937321264265992,0.9845372789043612
2015-12-22 09:00:00,0.9942528114702817,0.9795735890242366,0.9937321264265995,0.9839201941020993
2015-12-22 10:00:00,0.9946125994281118,0.9795735890242366,0.9943926984685924,0.9839201941020993
2015-12-22 11:00:00,0.9944367057299702,0.9795735890242366,0.9941990361849771,0.9830731391588925
2015-12-22 12:00:00,0.99443670572997,0.9825379402391781,0.9944426876305107,0.9808653156621079
2015-12-22 13:00:00,0.99443670572997,0.9835665674455326,0.9944426876305107,0.9816457549000267
2015-12-23 07:00:00,0.9944367057299702,0.9860496913646757,0.9949752860402005,0.9834023749037232
2015-12-23 08:00:00,0.9944367057299702,0.9818531873115237,0.9947702445166334,0.9842494298469299
2015-12-23 09:00:00,0.9944367057299702,0.978685310464726,0.9951613125192824,0.9842494298469299
2015-12-23 10:00:00,0.9961846589638003,0.9828818145178781,0.9956939109289722,0.9860060498506266
2015-12-23 11:00:00,0.9961846589638003,0.9846481089919719,0.9951613125192824,0.9865863791662858
2015-12-23 12:00:00,0.9944367057299702,0.9828818145178781,0.9949752860402005,0.9848297591625892
2015-12-23 13:00:00,0.9944367057299702,0.9846481089919717,0.9951613125192824,0.9838280865725271
2015-12-24 07:00:00,0.9944367057299702,0.9825842167422297,0.9947910376825226,0.9848297591625892
2015-12-24 08:00:00,0.99443670572997,0.9766214182149839,0.9940209304289892,0.9848297591625892
2015-12-24 09:00:00,0.9946125994281115,0.9797892950617817,0.9946050112034408,0.9830731391588925
2015-12-24 10:00:00,0.9934201023733527,0.9829875108145916,0.9947359927327791,0.9830731391588927
2015-12-28 07:00:00,0.9934201023733527,0.980336868374081,0.9947359927327791,0.9834023749037233
2015-12-28 08:00:00,0.9946125994281115,0.9857520935890275,0.9954546176215509,0.9838648420591293
2015-12-28 09:00:00,0.9935959960714944,0.9892248603703083,0.9956939109289722,0.9825040735055515
2015-12-28 10:00:00,0.9934201023733528,0.9892248603703083,0.9958440856421351,0.9820416063501449
2015-12-28 11:00:00,0.9934201023733527,0.9930247081881319,0.9963264890178669,0.9826219356658044
2015-12-28 12:00:00,0.993420102373353,0.9950886004378738,0.9963264890178667,0.9819081121331733
2015-12-28 13:00:00,0.9935959960714944,0.9958357687889353,0.9961373907444033,0.9811942886005424
2015-12-29 07:00:00,0.9925003626791278,0.9952037978179096,0.9959478489558687,0.9794376685968459
2015-12-29 08:00:00,0.9921405747212977,0.9927206738987662,0.9959914957023832,0.9800547533991074
2015-12-29 09:00:00,0.9942528114702817,0.9944566294668479,0.9966240737912779,0.9809018083423142
2015-12-29 10:00:00,0.9942528114702817,0.9952037978179097,0.9970269555707831,0.980613959284883
2015-12-29 11:00:00,0.9948645051306976,0.99652052171659,0.9972117001574914,0.9823705792885795
2015-12-29 12:00:00,0.9950330655863574,0.99652052171659,0.9969343383053265,0.9817534944863178
2015-12-29 13:00:00,0.9953928535441875,0.993352644869792,0.9970625308656487,0.9805772037982806
2015-12-30 07:00:00,0.9943762501875701,0.9920359209711119,0.9973812434149676,0.9805772037982806
2015-12-30 08:00:00,0.9935959960714945,0.9899720287213698,0.9971052488162857,0.9805772037982806
2015-12-30 09:00:00,0.9934201023733528,0.9899720287213698,0.997285835818397,0.9788205837945839
2015-12-30 10:00:00,0.9919895691140026,0.9864602775958721,0.9969155609816374,0.9798222563846463
2015-12-30 11:00:00,0.9910698294197776,0.9838096351553615,0.996379757742796,0.9788205837945839
2015-12-30 12:00:00,0.9910698294197776,0.9838096351553615,0.9963797577427957,0.9788205837945839
2015-12-30 13:00:00,0.9919895691140028,0.9772178876079841,0.9963797577427957,0.9785327347371526
2015-12-31 07:00:00,0.9916451149602014,0.973197547514404,0.9967349739795258,0.97970902542519
2015-12-31 08:00:00,0.9903655873081462,0.973197547514404,0.9964224756934328,0.9794533006535644
2015-12-31 09:00:00,0.9907100414619476,0.9739447158654659,0.9969582789322744,0.9782770099655271
2015-12-31 10:00:00,0.9905414810062877,0.9678821198188388,0.9969155609816374,0.9791498195394146
2015-12-31 11:00:00,0.9914612207005131,0.9649177686038973,0.9969155609816374,0.9798636430720454
2015-12-31 12:00:00,0.9914612207005131,0.9633738180043818,0.9971915555803192,0.9803261102274518
2015-12-31 13:00:00,0.9914612207005128,0.9587230173863173,0.9969264227644002,0.9798636430720457
2016-01-04 07:00:00,0.9919110999982086,0.951904087375648,0.9967572560905452,0.9798636430720454
2016-01-04 08:00:00,0.9933416332575586,0.962302489513801,0.9967572560905452,0.97882084660098
2016-01-04 09:00:00,0.9919110999982086,0.9669532901318656,0.9967572560905452,0.9805774666046766
2016-01-04 10:00:00,0.9919110999982086,0.9682700140305459,0.9968495795139554,0.9805774666046766
2016-01-04 11:00:00,0.9919110999982086,0.9700059695986274,0.9965588038417723,0.9788208466009801
2016-01-04 12:00:00,0.9897416720065989,0.9667870902592792,0.9962125423914655,0.9782037617987183
2016-01-04 13:00:00,0.9889614178905233,0.9636192134124814,0.9959365477927834,0.9782037617987185
2016-01-05 07:00:00,0.9887855241923814,0.9682700140305457,0.9962125423914655,0.9767763775398525
2016-01-05 08:00:00,0.9901092018076488,0.9764057121774389,0.996634299592987,0.9782037617987183
2016-01-05 09:00:00,0.990468989765479,0.9795735890242367,0.9969594791306099,0.9795645303522965
2016-01-05 10:00:00,0.9923854854433415,0.9830853401497346,0.9972870360167326,0.9816089994134243
2016-01-05 11:00:00,0.9935255275172472,0.9806022162305911,0.9977112744643777,0.982456054356631
2016-01-05 12:00:00,0.9935255275172472,0.9806022162305911,0.9976676277178633,0.981028670097765
2016-01-05 13:00:00,0.9916090318393845,0.9771547915416269,0.9976676277178633,0.97882084660098
2016-01-06 07:00:00,0.9906134590545815,0.9771547915416269,0.9974239762723295,0.9791086956584113
2016-01-06 08:00:00,0.9904689897654789,0.9771547915416269,0.9974625861942962,0.9781070230683492
2016-01-06 09:00:00,0.9887855241923816,0.9771547915416269,0.9976676277178633,0.9769307323803118
2016-01-06 10:00:00,0.9877899514075786,0.9771547915416269,0.9976676277178631,0.9766014966354811
2016-01-06 11:00:00,0.987009697291503,0.9725039909235624,0.9973357126936282,0.9766014966354811
2016-01-06 12:00:00,0.9868702117133535,0.9674210164809749,0.9972198543507153,0.9753440992737935
2016-01-06 13:00:00,0.9859140638991364,0.9725039909235624,0.9970541799025197,0.9760579228064243
2016-01-07 07:00:00,0.987054105973042,0.9742399464916441,0.9968148865950984,0.9760579228064246
2016-01-07 08:00:00,0.9883777835883093,0.9751537777189555,0.9969618564791095,0.97710071927749
2016-01-07 09:00:00,0.9891894621134236,0.9806267026777902,0.9968735929004082,0.9776810485931493
2016-01-07 10:00:00,0.9904441016746323,0.9806267026777903,0.9968735929004082,0.9794376685968457
2016-01-07 11:00:00,0.9917236293266872,0.982195995369622,0.9968735929004083,0.9822625768958924
2016-01-07 12:00:00,0.9917236293266872,0.982195995369622,0.9963409944907186,0.9829764004285234
2016-01-07 13:00:00,0.9913470774602826,0.9863905884096481,0.9963409944907186,0.9809319313673956
2016-01-08 07:00:00,0.9903515046754797,0.9855684640688779,0.9963409944907186,0.9802181078347647
2016-01-08 08:00:00,0.9913470774602826,0.9863905884096483,0.9964292580694198,0.979888872089934
2016-01-08 09:00:00,0.9917848306151681,0.9872127127504181,0.9970383477466511,0.978528103536356
2016-01-08 10:00:00,0.9921797865572116,0.9909242323164211,0.9974239762723295,0.9771007192774898
2016-01-08 11:00:00,0.9913470774602826,0.9901021079756511,0.9974239762723295,0.9764836344752281
2016-01-08 12:00:00,0.9896725938661842,0.9855684640688779,0.9974239762723295,0.975481961885166
2016-01-08 13:00:00,0.98844212616794,0.981373871028852,0.9973081179294163,0.9747083263630876
2016-01-11 07:00:00,0.98844212616794,0.9796379154607703,0.9970541799025197,0.9732809421042216
2016-01-11 08:00:00,0.9884421261679398,0.9855684640688779,0.9973081179294163,0.9747083263630876
2016-01-11 09:00:00,0.98844212616794,0.9855684640688779,0.9970541799025197,0.975037562107918
2016-01-11 10:00:00,0.9884421261679398,0.9848212957178161,0.9973357126936282,0.9738612714198809
2016-01-11 11:00:00,0.9858265356311983,0.9813738710288518,0.9973357126936282,0.9715610775871276
2016-01-11 12:00:00,0.9848309628463954,0.9848212957178162,0.9973743226155949,0.971231841842297
2016-01-11 13:00:00,0.9862214915732417,0.9830853401497346,0.9977132587416695,0.9715610775871276
2016-01-12 07:00:00,0.9864141491799578,0.9830853401497346,0.9976676277178633,0.9738612714198809
2016-01-12 08:00:00,0.9879589944151795,0.9806022162305911,0.9978299512907932,0.9763983306614961
2016-01-12 09:00:00,0.9898754900930419,0.9806022162305911,0.9978299512907934,0.9784427997226238
2016-01-12 10:00:00,0.9898754900930419,0.9823381717986728,0.9978755823145994,0.9798701839814901
2016-01-12 11:00:00,0.9904441016746323,0.9816534188710185,0.9977132587416695,0.9801994197263203
2016-01-12 12:00:00,0.9912898520509748,0.9830853401497346,0.9980065638439377,0.9801994197263203
2016-01-12 13:00:00,0.9912898520509749,0.9839074644905046,0.9980065638439377,0.9791566232552549
2016-01-13 07:00:00,0.9912898520509749,0.9769482886760426,0.9974739654342479,0.9783095683120483
2016-01-13 08:00:00,0.988804744791522,0.9722974880579782,0.9971420504100129,0.9766130231041954
2016-01-13 09:00:00,0.9872598995563003,0.9663923892746205,0.9968605176189045,0.9757265305452041
2016-01-13 10:00:00,0.9883306448578203,0.9683348477082864,0.9968605176189044,0.9757265305452041
2016-01-13 11:00:00,0.9890208076340301,0.9742399464916441,0.9968605176189044,0.9771539148040701
2016-01-13 12:00:00,0.989853516730959,0.9806267026777903,0.9973537489532224,0.9771539148040701
2016-01-13 13:00:00,0.9890208076340301,0.982195995369622,0.9973537489532225,0.9771539148040701
2016-01-14 07:00:00,0.9890208076340301,0.9813738710288518,0.9973537489532225,0.9757265305452041
2016-01-14 08:00:00,0.9881379872511042,0.9806267026777903,0.9974696072961357,0.9731894713035889
2016-01-14 09:00:00,0.9877614353846998,0.981373871028852,0.9978015223203706,0.9714328512998922
2016-01-14 10:00:00,0.9877614353846998,0.981373871028852,0.9982445586207307,0.970852521984233
2016-01-14 11:00:00,0.9877614353846996,0.9863905884096481,0.9982445586207307,0.9726091419879295
2016-01-14 12:00:00,0.9870066914848261,0.9893549396245894,0.9982445586207307,0.970852521984233
2016-01-14 13:00:00,0.9842646966228192,0.9856434200585864,0.9977235453230324,0.970852521984233
2016-01-15 07:00:00,0.9818629632027325,0.9806267026777902,0.9973081179294165,0.9677447108240573
2016-01-15 08:00:00,0.9818629632027325,0.9813738710288518,0.9969618564791095,0.9659880908203607
2016-01-15 09:00:00,0.9818629632027325,0.9848212957178162,0.9968735929004082,0.9645239510748922
2016-01-15 10:00:00,0.9786264967628993,0.9848212957178162,0.9967205547992846,0.9627673310711957
2016-01-15 11:00:00,0.9781405343443866,0.9877856469327575,0.996420985748582,0.9627673310711957
2016-01-15 12:00:00,0.9791789423274454,0.9918059870263376,0.9962740158645708,0.9627673310711959
2016-01-15 13:00:00,0.9795941958806537,0.9918059870263376,0.9964079104670782,0.9627673310711957
2016-01-19 07:00:00,0.9781405343443866,0.9895519414068513,0.99652158149283,0.9648118001323235
2016-01-19 08:00:00,0.9796935352111228,0.9863840645600536,0.9961425422419453,0.9679196112924991
2016-01-19 09:00:00,0.9828110350865522,0.9863840645600536,0.9963876868903225,0.9690959019805363
2016-01-19 10:00:00,0.9842646966228192,0.989856831341334,0.9961425422419455,0.9711403710416641
2016-01-19 11:00:00,0.9856952298821694,0.9912887526200501,0.9963409944907186,0.9725677553005303
2016-01-19 12:00:00,0.9867803486004226,0.9927206738987662,0.9964292580694201,0.9730302224559363
2016-01-19 13:00:00,0.9856952298821694,0.9912887526200502,0.9958065673730018,0.9742065131439737
2016-01-20 07:00:00,0.9877614353846998,0.9912887526200501,0.9958065673730018,0.9760946782930269
2016-01-20 08:00:00,0.9901389897168502,0.9912887526200501,0.9964671394149947,0.9772709689810642
2016-01-20 09:00:00,0.9910218100997763,0.9912887526200502,0.9968913778626399,0.9784472596691014
2016-01-20 10:00:00,0.9910218100997763,0.9937718765391936,0.9969816257186328,0.9798746439279672
2016-01-20 11:00:00,0.9906268541577328,0.9966578931297058,0.9973135407428679,0.9798746439279672
2016-01-20 12:00:00,0.9907954146133927,0.99734264605736,0.9975622290129493,0.9795867948705363
2016-01-20 13:00:00,0.9917631137311471,0.9987745673360762,0.9975622290129493,0.9785439983994707
2016-01-21 07:00:00,0.9935724316311233,0.9987745673360762,0.9975176121807624,0.9789285861872711
2016-01-21 08:00:00,0.9935724316311233,0.9980898144084218,0.9972303139887143,0.9797756411304779
2016-01-21 09:00:00,0.9935724316311233,0.99734264605736,0.9968949214843443,0.9809519318185153
2016-01-21 10:00:00,0.9935724316311233,0.99734264605736,0.9966462332142627,0.9806226960736846
2016-01-21 11:00:00,0.9925178576310206,0.9987745673360762,0.9966462332142627,0.9787345309246311
2016-01-21 12:00:00,0.9923419639328791,0.9980898144084218,0.9963589350222146,0.9790637666694618
2016-01-21 13:00:00,0.9935724316311233,0.9966578931297058,0.9959707050451446,0.9790637666694618
2016-01-22 07:00:00,0.9935724316311233,0.9960259221586797,0.9955552776515287,0.978216711726255
2016-01-22 08:00:00,0.9939489834975278,0.9944566294668479,0.9955552776515287,0.978216711726255
2016-01-22 09:00:00,0.9956234670916265,0.9960259221586797,0.9962308058206468,0.979644095985121
2016-01-22 10:00:00,0.9957993607897682,0.9980898144084217,0.9966462332142629,0.9800286837729214
2016-01-22 11:00:00,0.9957993607897682,0.9980898144084218,0.9966462332142627,0.9787712864112339
2016-01-22 12:00:00,0.9943271755309968,0.9987745673360763,0.9966462332142627,0.9787712864112339
2016-01-22 13:00:00,0.995799360789768,0.9987745673360762,0.9969370088864459,0.9787712864112339
2016-01-25 07:00:00,0.995799360789768,0.9987745673360762,0.997268923910681,0.9779242314680271
2016-01-25 08:00:00,0.9959920183964841,0.9987745673360762,0.9978015223203706,0.9791816288297149
2016-01-25 09:00:00,0.9961759126561724,0.9987745673360762,0.9975622290129493,0.9769738053329299
2016-01-25 10:00:00,0.9971320604703899,0.9987745673360762,0.9975622290129492,0.9765113381775238
2016-01-25 11:00:00,0.9969394028636737,0.9987745673360762,0.9975622290129492,0.9765113381775238
2016-01-25 12:00:00,0.9971320604703899,0.9987745673360763,0.9980554603472673,0.9765113381775238
2016-01-25 13:00:00,0.9971320604703899,0.9987745673360762,0.9983041486173487,0.975797514644893
2016-01-26 07:00:00,0.9967555086039853,0.9987745673360762,0.9980554603472673,0.9727724964235867
2016-01-26 08:00:00,0.9973912934309581,0.9980898144084218,0.9977715502076592,0.9723879086357861
2016-01-26 09:00:00,0.9972153997328166,0.99652052171659,0.9976832866289579,0.9727724964235867
2016-01-26 10:00:00,0.9975751876906467,0.9950886004378738,0.9981363634424212,0.970235437181971
2016-01-26 11:00:00,0.9975751876906467,0.9950886004378738,0.9982986870153511,0.9692337645919089
2016-01-26 12:00:00,0.9975751876906467,0.9966578931297058,0.9980392724855032,0.9681909681208435
2016-01-26 13:00:00,0.9973912934309581,0.9980898144084218,0.9975066740758134,0.9671481716497778
2016-01-27 07:00:00,0.9970468392771566,0.9980898144084218,0.9973784815154915,0.967436020707209
2016-01-27 08:00:00,0.9966518833351132,0.9966578931297055,0.9977905842154218,0.9664343481171469
2016-01-27 09:00:00,0.9964679890754249,0.995910724778644,0.9975066740758134,0.9678617323760129
2016-01-27 10:00:00,0.9970468392771566,0.9966578931297058,0.9976832866289577,0.9668600597859506
2016-01-27 11:00:00,0.9975751876906465,0.9945940008799636,0.9976832866289579,0.9668600597859506
2016-01-27 12:00:00,0.9972307335368452,0.9917079842894516,0.9975969219318063,0.9663164859568938
2016-01-27 13:00:00,0.9975751876906467,0.9873213862808596,0.9977905842154215,0.9663164859568938
2016-01-28 07:00:00,0.9975751876906467,0.9838096351553616,0.9979597508892766,0.9667789531123
2016-01-28 08:00:00,0.9972307335368452,0.9838096351553616,0.9979597508892766,0.9667789531123
2016-01-28 09:00:00,0.9970468392771568,0.9838096351553618,0.9984421542650084,0.9655215557506122
2016-01-28 10:00:00,0.9975751876906467,0.9850283563171559,0.9985267000788159,0.9655215557506122
2016-01-28 11:00:00,0.9986135956737052,0.9864602775958721,0.9988262691295187,0.9661523235379778
2016-01-28 12:00:00,0.9989439704920852,0.9838096351553618,0.9990546604627413,0.9657677357501772
2016-01-28 13:00:00,0.9989439704920852,0.9829875108145916,0.9991856419920794,0.9675909714591616
2016-01-29 07:00:00,0.9989439704920852,0.9838096351553615,0.9987915762106616,0.9684637810330489
2016-01-29 08:00:00,0.9984156220785952,0.9838096351553615,0.9987052115135102,0.9681345452882182
2016-01-29 09:00:00,0.9978872736651054,0.981906161065913,0.9989763207973696,0.9693108359762556
2016-01-29 10:00:00,0.9984156220785952,0.981906161065913,0.9987915762106617,0.9698911652919149
2016-01-29 11:00:00,0.9984156220785952,0.981906161065913,0.9986187668181526,0.9708738869671367
2016-01-29 12:00:00,0.9984156220785952,0.981906161065913,0.9984932468908123,0.9687148746038776
2016-01-29 13:00:00,0.9984156220785952,0.981906161065913,0.9984932468908123,0.9682524074484715
2016-02-01 07:00:00,0.9976946160583894,0.977885820972333,0.9983593522883049,0.9685402565059026
2016-02-01 08:00:00,0.9970044532821793,0.9707465001126561,0.9985877436215272,0.9692540800385337
2016-02-01 09:00:00,0.9975328016956692,0.9707465001126561,0.9987132635488678,0.9714130924017931
2016-02-01 10:00:00,0.9975328016956692,0.9746876052195231,0.9987132635488678,0.9721867279238714
2016-02-01 11:00:00,0.9978925896534995,0.978707945313103,0.9987132635488678,0.9739065924409653
2016-02-01 12:00:00,0.9978925896534995,0.977885820972333,0.9987132635488678,0.9725458238873871
2016-02-01 13:00:00,0.9983988581700209,0.9806504037467692,0.9987132635488681,0.9710816841419189
2016-02-02 07:00:00,0.9976441142701473,0.9855845750676606,0.9987534180697227,0.9693618196248249
2016-02-02 08:00:00,0.9963460403340129,0.9850370017553611,0.9989340050718342,0.970722588178403
2016-02-02 09:00:00,0.9974822999074273,0.988235217508171,0.99888731267223,0.9701422588627435
2016-02-02 10:00:00,0.9974822999074273,0.9902991097579129,0.9987534180697227,0.9691405862726814
2016-02-02 11:00:00,0.9971225119495971,0.9893852785306013,0.9985440968750128,0.9717031373385814
2016-02-02 12:00:00,0.9974822999074271,0.9925531553773993,0.9981500310935951,0.972087725126382
2016-02-02 13:00:00,0.9985674186256805,0.994456629466848,0.9981500310935951,0.9738075896434758
2016-02-03 07:00:00,0.9985674186256807,0.994456629466848,0.9979267261408464,0.973807589643476
2016-02-03 08:00:00,0.9985674186256807,0.9944566294668479,0.997493293284057,0.9751683581970542
2016-02-03 09:00:00,0.9979885684239488,0.9944566294668479,0.9973309697111271,0.976425755558742
2016-02-03 10:00:00,0.9979885684239488,0.9944566294668479,0.997493293284057,0.9778898953042103
2016-02-03 11:00:00,0.9979885684239488,0.9957733533655282,0.9974932932840571,0.9801900891369635
2016-02-03 12:00:00,0.9981571288796085,0.99652052171659,0.9973309697111271,0.9798055013491631
2016-02-03 13:00:00,0.9979885684239488,0.9950886004378738,0.9970108899083254,0.9793430341937568
2016-02-04 07:00:00,0.9979885684239488,0.9950886004378738,0.9966789748840903,0.9793430341937569
2016-02-04 08:00:00,0.9981571288796085,0.99652052171659,0.9966789748840903,0.9803447067838192
2016-02-04 09:00:00,0.9981571288796085,0.9965205217165898,0.9964396815766688,0.980056857726388
2016-02-04 10:00:00,0.9978126747258071,0.9944566294668479,0.9964898766106269,0.980056857726388
2016-02-04 11:00:00,0.9976441142701473,0.9944566294668479,0.9964898766106269,0.9810585303164503
2016-02-04 12:00:00,0.9973137394517676,0.9909838626855674,0.9970108899083255,0.9810585303164503
2016-02-04 13:00:00,0.9983988581700208,0.9925531553773993,0.9973309697111271,0.9806739425286499
2016-02-05 07:00:00,0.9985674186256807,0.994456629466848,0.9975796579812085,0.9828817660254345
2016-02-05 08:00:00,0.9985674186256807,0.9909838626855674,0.9977644025679165,0.982626041253809
2016-02-05 09:00:00,0.9991198641902267,0.9925531553773991,0.9981584683493344,0.9814497505657718
2016-02-05 10:00:00,0.9993037584499153,0.9925531553773993,0.998339055351446,0.9808694212501126
2016-02-05 11:00:00,0.9993037584499153,0.9937718765391934,0.9985877436215275,0.9813318884055188
2016-02-05 12:00:00,0.9991198641902268,0.9952037978179096,0.9985082220253009,0.9830885084092151
2016-02-05 13:00:00,0.999479652148057,0.9980898144084217,0.9982021150958489,0.9827039206214148
2016-02-08 07:00:00,0.9996482126037167,0.9966578931297055,0.9982021150958489,0.9827039206214148
2016-02-08 08:00:00,0.9991198641902267,0.9937718765391934,0.9985082220253009,0.9822414534660087
2016-02-08 09:00:00,0.9994796521480568,0.9960259221586797,0.9985082220253009,0.980484833462312
2016-02-08 10:00:00,0.9994796521480568,0.9980898144084217,0.998645162280898,0.9808694212501126
2016-02-08 11:00:00,0.9991198641902268,0.9980898144084217,0.9985082220253009,0.9822968055089784
2016-02-08 12:00:00,0.9991198641902268,0.9980898144084218,0.9982021150958489,0.9827592726643848
2016-02-08 13:00:00,0.9989439704920852,0.9980898144084217,0.9983390553514458,0.9822968055089786
2016-02-09 07:00:00,0.9984156220785952,0.9980898144084217,0.9984645752787863,0.9834730961970155
2016-02-09 08:00:00,0.9989439704920852,0.9987745673360762,0.9981326602545513,0.9834730961970155
2016-02-09 09:00:00,0.9989439704920852,0.9995217356871378,0.9981326602545513,0.9830885084092154
2016-02-09 10:00:00,0.9987600762323967,0.999521735687138,0.9982209238332527,0.9830885084092154
2016-02-09 11:00:00,0.9984297014140167,0.9980898144084217,0.9982209238332527,0.9827039206214148
2016-02-09 12:00:00,0.9984297014140167,0.99734264605736,0.9982665548570588,0.9821235913057555
2016-02-09 13:00:00,0.9984297014140168,0.9987745673360762,0.9983511006708663,0.9844237851385088
2016-02-10 07:00:00,0.9991198641902268,0.9995217356871378,0.9982665548570587,0.9839613179831026
2016-02-10 08:00:00,0.9987754100364252,0.9995217356871378,0.9985102063025925,0.9822046979794059
2016-02-10 09:00:00,0.9980852472602155,0.9995217356871378,0.9987753391185116,0.9813576430361992
2016-02-10 10:00:00,0.9980852472602155,0.9995217356871378,0.9987297080947055,0.9813576430361992
2016-02-10 11:00:00,0.9973950844840055,0.9995217356871378,0.9988920316676355,0.9825339337242366
2016-02-10 12:00:00,0.9963566765009467,0.9995217356871378,0.9990686442207799,0.9812765363625487
2016-02-10 13:00:00,0.9951159701825606,0.999521735687138,0.9988035114048609,0.9798123966170801
2016-02-11 07:00:00,0.9951159701825607,0.999521735687138,0.9988035114048609,0.9790319573791615
2016-02-11 08:00:00,0.9951159701825607,0.9987745673360762,0.9988035114048609,0.9818568656782081
2016-02-11 09:00:00,0.9956019326010733,0.9987745673360762,0.9988035114048609,0.9822414534660087
2016-02-11 10:00:00,0.9959193345639261,0.9987745673360763,0.9989317039651828,0.9822414534660087
2016-02-11 11:00:00,0.9956019326010733,0.99652052171659,0.9988471581513754,0.9829552769986396
2016-02-11 12:00:00,0.9954092749943573,0.9965205217165898,0.9989317039651828,0.9807474535018549
2016-02-11 13:00:00,0.9956019326010731,0.9987745673360763,0.998978396364787,0.9785396300050698
2016-02-12 07:00:00,0.9954092749943573,0.9980273989850145,0.9988920316676355,0.9807474535018549
2016-02-12 08:00:00,0.9962920953772831,0.9980273989850146,0.9989376626914415,0.9810353025592862
2016-02-12 09:00:00,0.9959617205589034,0.9987745673360762,0.999114275244586,0.9810353025592862
2016-02-12 10:00:00,0.9947734901673845,0.99734264605736,0.9989376626914415,0.9789908334981582
2016-02-12 11:00:00,0.9947734901673845,0.9980898144084218,0.9985987265653671,0.978410504182499
2016-02-12 12:00:00,0.9939816847477716,0.9987745673360763,0.9985568987021964,0.978410504182499
2016-02-12 13:00:00,0.994358236614176,0.9987745673360763,0.9984645752787863,0.978410504182499
2016-02-16 07:00:00,0.9939816847477716,0.9973426460573602,0.9983390553514458,0.979837888441365
2016-02-16 08:00:00,0.9920089335769371,0.9959107247786441,0.9984645752787865,0.9783737486958967
2016-02-16 09:00:00,0.9913470774602827,0.9973426460573602,0.9985568987021964,0.9769463644370304
2016-02-16 10:00:00,0.9917236293266872,0.9973426460573602,0.9984645752787865,0.9774088315924369
2016-02-16 11:00:00,0.9936963804975218,0.9973426460573602,0.9981326602545514,0.9774088315924366
2016-02-16 12:00:00,0.9943042916574464,0.9973426460573602,0.9979356732772504,0.9791654515961333
2016-02-16 13:00:00,0.9941116340507302,0.995910724778644,0.9976705404613314,0.9788362158513029
2016-02-17 07:00:00,0.9947734901673845,0.995910724778644,0.9978511274634428,0.9808806849124305
2016-02-17 08:00:00,0.9959617205589034,0.995910724778644,0.9982209238332527,0.981753494486318
2016-02-17 09:00:00,0.9970468392771566,0.995910724778644,0.9982209238332527,0.9835101144900142
2016-02-17 10:00:00,0.9972024268772893,0.99734264605736,0.9984860566491718,0.9845529109610799
2016-02-17 11:00:00,0.9963566765009466,0.9960259221586797,0.9983977930704703,0.9848407600185112
2016-02-17 12:00:00,0.9963566765009466,0.9944566294668479,0.9985744056236148,0.9851286090759422
2016-02-17 13:00:00,0.9968426389194593,0.9928873367750162,0.9987083002261222,0.9851286090759422
2016-02-18 07:00:00,0.9963566765009467,0.9909838626855674,0.9989519516716558,0.9851286090759422
2016-02-18 08:00:00,0.9967332283673512,0.990070031458256,0.9989519516716558,0.984666141920536
2016-02-18 09:00:00,0.9967332283673512,0.9885007387664241,0.9989519516716558,0.9855131968637428
2016-02-18 10:00:00,0.9955449979758321,0.9860496913646759,0.9987753391185116,0.9845115242736804
2016-02-18 11:00:00,0.9962351607520421,0.98410723293101,0.9985744056236148,0.984840760018511
2016-02-18 12:00:00,0.9970468392771568,0.9825379402391781,0.9985744056236148,0.9843782928631047
2016-02-18 13:00:00,0.9962351607520421,0.9795735890242366,0.9983977930704705,0.9835054832892176
2016-02-19 07:00:00,0.9956563105503102,0.9841072329310098,0.9983977930704705,0.9831762475443869
2016-02-19 08:00:00,0.9956563105503102,0.9841072329310098,0.9983977930704705,0.9811317784832592
2016-02-19 09:00:00,0.9960512664923538,0.98410723293101,0.9983977930704705,0.9839566867823057
2016-02-19 10:00:00,0.9962351607520423,0.98410723293101,0.9983977930704705,0.9835720989945052
2016-02-19 11:00:00,0.9951500420337889,0.9848544012820717,0.9984860566491718,0.9829917696788459
2016-02-19 12:00:00,0.994009999959883,0.9848544012820717,0.9982209238332527,0.9835353435079027
2016-02-19 13:00:00,0.9951500420337889,0.9834224800033555,0.9984645752787863,0.9847116341959401
2016-02-22 07:00:00,0.9958402048099988,0.9834224800033555,0.9985984698812937,0.9858879248839773
2016-02-22 08:00:00,0.9947001627360931,0.9797109604373524,0.9982445586207309,0.9855033370961767
2016-02-22 09:00:00,0.9934020887999587,0.9834224800033555,0.9984932468908123,0.9848862522939149
2016-02-22 10:00:00,0.9921225611479035,0.9797109604373524,0.9982839256961022,0.9834221125484467
2016-02-22 11:00:00,0.992628829664425,0.9797109604373524,0.9981936778401096,0.9844237851385088
2016-02-22 12:00:00,0.992628829664425,0.9797109604373524,0.9981936778401096,0.9841680603668833
2016-02-22 13:00:00,0.992628829664425,0.9797109604373524,0.9983593522883049,0.9838388246220529
2016-02-23 07:00:00,0.9910218100997762,0.9746942430565563,0.9981543107647377,0.9817943555609249
2016-02-23 08:00:00,0.9906268541577328,0.9729582874884746,0.9978080493144311,0.9803302158154567
2016-02-23 09:00:00,0.9916814281578354,0.9750889882787586,0.9975306874622663,0.9800423667580254
2016-02-23 10:00:00,0.9928176877312499,0.9799174633029367,0.9979737237626264,0.9820868358191529
2016-02-23 11:00:00,0.9939133211236166,0.9764057121774389,0.9977644025679164,0.9817022480313525
2016-02-23 12:00:00,0.9937447606679567,0.9793700633923802,0.9975306874622663,0.9817022480313525
2016-02-23 13:00:00,0.9935318054500757,0.9818531873115235,0.9978080493144311,0.9820868358191529
2016-02-24 07:00:00,0.9943120595661513,0.9825379402391781,0.9973256459386993,0.9829338907623596
2016-02-24 08:00:00,0.994480620021811,0.9793700633923804,0.9975306874622663,0.9832631265071903
2016-02-24 09:00:00,0.9960841039665385,0.9828818145178781,0.9977112744643778,0.9847272662526585
2016-02-24 10:00:00,0.9954483191395657,0.9764057121774391,0.9972870360167326,0.9853443510549205
2016-02-24 11:00:00,0.995279758683906,0.9793700633923804,0.9975306874622663,0.9862171606288077
2016-02-24 12:00:00,0.9966702874107524,0.9835665674455324,0.9978769489125733,0.9866017484166083
2016-02-24 13:00:00,0.9973912934309582,0.9885007387664241,0.9981543107647379,0.9866017484166083
2016-02-25 07:00:00,0.9966365495310848,0.9878159858387696,0.9978080493144311,0.9866017484166083
2016-02-25 08:00:00,0.9959155435108787,0.9829875108145916,0.9973256459386993,0.9871820777322675
2016-02-25 09:00:00,0.9959155435108787,0.9842062319763857,0.9972819991921849,0.9865649929300058
2016-02-25 10:00:00,0.9959155435108787,0.9815555895358753,0.9968099564134286,0.985307595568318
2016-02-25 11:00:00,0.9955710893570773,0.9821423397266438,0.9970108899083254,0.9848451284129116
2016-02-25 12:00:00,0.9939676054123499,0.9815555895358753,0.9968099564134287,0.9837422571460028
2016-02-25 13:00:00,0.9942730154209428,0.9780828227545948,0.9970108899083254,0.9828952022027962
2016-02-26 07:00:00,0.9944656730276589,0.9749638419884978,0.9971999881817888,0.9828952022027961
2016-02-26 08:00:00,0.9929428011545203,0.9675845220431905,0.9966789748840903,0.9817189115147589
2016-02-26 09:00:00,0.9919043931714615,0.9675845220431905,0.996069885206859,0.9811385821990997
2016-02-26 10:00:00,0.9908659851884027,0.9675845220431905,0.9961903809166185,0.9798811848374118
2016-02-26 11:00:00,0.9894754564615565,0.96411175526191,0.99626687218416,0.9763614039205744
2016-02-26 12:00:00,0.9905138644446152,0.9675845220431905,0.996598787208395,0.9770562765383651
2016-02-26 13:00:00,0.9923421463263468,0.9711639941706742,0.9970108899083254,0.9780579491284275
2016-02-29 07:00:00,0.9925444446616742,0.9720778253979856,0.9969117243554251,0.9780579491284275
2016-02-29 08:00:00,0.9913037383432882,0.9720778253979856,0.996598787208395,0.9805950083700427
2016-02-29 09:00:00,0.9927573998795555,0.9786695729453633,0.9970108899083252,0.9801325412146364
2016-02-29 10:00:00,0.9924519898709624,0.9786695729453633,0.9970108899083254,0.9809795961578432
2016-02-29 11:00:00,0.9926075774710951,0.9742829749367713,0.9970108899083254,0.9814653826224903
2016-02-29 12:00:00,0.9927573998795552,0.9731486514337032,0.9970108899083254,0.9826416733105277
2016-02-29 13:00:00,0.9927573998795552,0.9766214182149838,0.9970972546054767,0.9815988768394622
2016-03-01 07:00:00,0.9925444446616741,0.9785638766486499,0.9970972546054767,0.9824459317826688
2016-03-01 08:00:00,0.9939981061979412,0.9785638766486499,0.997097254605477,0.9837033291443568
2016-03-01 09:00:00,0.9948809265808672,0.9825842167422296,0.997302296129044,0.9837033291443568
2016-03-01 10:00:00,0.9932774426361398,0.9825842167422296,0.9972243191317054,0.9833187413565562
2016-03-01 11:00:00,0.9932774426361398,0.9813654955804355,0.9972243191317054,0.9815988768394622
2016-03-01 12:00:00,0.9932774426361399,0.9771689915272834,0.9973071211084091,0.9803414794777745
2016-03-01 13:00:00,0.9936926961893483,0.9771689915272832,0.9975355124416315,0.9794944245345677
2016-03-02 07:00:00,0.9926075774710948,0.9771689915272832,0.9970824356281681,0.9791098367467673
2016-03-02 08:00:00,0.9911539159348278,0.9742829749367713,0.9966188505634762,0.9780069654798583
2016-03-02 09:00:00,0.9924519898709622,0.9786695729453633,0.9970430890111213,0.9787806010019365
2016-03-02 10:00:00,0.9924519898709622,0.9742829749367711,0.9970430890111215,0.9798233974730021
2016-03-02 11:00:00,0.9922390346530813,0.9711639941706742,0.9973025035409693,0.9783592577275336
2016-03-02 12:00:00,0.990848505926235,0.9700296706676064,0.9970430890111215,0.9788217248829398
2016-03-02 13:00:00,0.9919847654996493,0.9766214182149838,0.9973784815154915,0.9788217248829398
2016-03-03 07:00:00,0.9918402962105466,0.9777557417180517,0.9973784815154915,0.9798233974730021
2016-03-03 08:00:00,0.9914250426573381,0.9815555895358753,0.9973784815154912,0.9798233974730023
2016-03-03 09:00:00,0.9923927417750925,0.9836194817856174,0.9971333368671143,0.9804037267886614
2016-03-03 10:00:00,0.9932384921514352,0.9870922485668979,0.9970430890111215,0.9815800174766985
2016-03-03 11:00:00,0.9930255369335542,0.9912887526200502,0.9975066740758134,0.9815800174766985
2016-03-03 12:00:00,0.9938173423531672,0.9919735055477046,0.9976832866289579,0.9832998819937929
2016-03-03 13:00:00,0.9943236108696887,0.9940373977974465,0.9978088065562983,0.9845572793554805
2016-03-04 07:00:00,0.9943236108696887,0.993352644869792,0.9974312605082573,0.9842280436106501
2016-03-04 08:00:00,0.9938173423531672,0.9920359209711118,0.9973057405809166,0.9824714236069535
2016-03-04 09:00:00,0.9938173423531672,0.9912887526200501,0.9973959884369095,0.9835142200780189
2016-03-04 10:00:00,0.9936334480934786,0.9919735055477046,0.9973959884369095,0.9839766872334252
2016-03-04 11:00:00,0.9932384921514352,0.9940373977974467,0.997478790413613,0.983976687233425
2016-03-04 12:00:00,0.9932384921514352,0.9898408937442943,0.997478790413613,0.9825125474879568
2016-03-04 13:00:00,0.9932384921514352,0.9905256466719486,0.997478790413613,0.98166549254475
2016-03-07 07:00:00,0.9930255369335542,0.9898408937442943,0.997478790413613,0.9808850533068311
2016-03-07 08:00:00,0.9913470774602826,0.988524169845614,0.9973959884369095,0.9808850533068311
2016-03-07 09:00:00,0.9926797771409043,0.988524169845614,0.9977279034611446,0.982604917823925
2016-03-07 10:00:00,0.9926797771409046,0.9870922485668979,0.9978970701349996,0.9815621213528596
2016-03-07 11:00:00,0.993165739559417,0.9850283563171559,0.9978088065562983,0.9830262610983282
2016-03-07 12:00:00,0.99363296393073,0.9815555895358755,0.997850634419469,0.9834108488861286
2016-03-07 13:00:00,0.9927872135543876,0.9821423397266438,0.9979711301292282,0.9834108488861286
2016-03-08 07:00:00,0.9907208954680644,0.9850283563171559,0.9977660886056613,0.9793841580747603
2016-03-08 08:00:00,0.9893972178527974,0.987092248566898,0.9973870493547768,0.9785371031315535
2016-03-08 09:00:00,0.9917164682528675,0.9919207235910761,0.9979711301292282,0.98029372313525
2016-03-08 10:00:00,0.9925622186292103,0.989856831341334,0.9981021116585668,0.9802937231352502
2016-03-08 11:00:00,0.9910546467542546,0.991920723591076,0.9980593937079297,0.9798312559798438
2016-03-08 12:00:00,0.9910546467542545,0.993352644869792,0.9979388979981703,0.9795755312082183
2016-03-08 13:00:00,0.9910546467542545,0.993352644869792,0.997850634419469,0.9795755312082185
2016-03-09 07:00:00,0.9910546467542545,0.9891561408166399,0.997850634419469,0.9804225861514249
2016-03-09 08:00:00,0.9910546467542545,0.987092248566898,0.9981439395217372,0.9804225861514249
2016-03-09 09:00:00,0.9903927906376003,0.9850283563171559,0.9980593937079295,0.9795755312082183
2016-03-09 10:00:00,0.9878037215039333,0.9810872512102888,0.9979388979981703,0.9772753373754649
2016-03-09 11:00:00,0.9886154000290478,0.9831511434600309,0.9974753129334784,0.9769461016306344
2016-03-09 12:00:00,0.9892772561457019,0.982519172489005,0.9970870829564082,0.9786659661477284
2016-03-09 13:00:00,0.9897632185642145,0.982519172489005,0.9971666045526348,0.9793797896803594
2016-03-10 07:00:00,0.9917165028709087,0.9885241698456142,0.9977240012035598,0.9787994603647002
2016-03-10 08:00:00,0.9892772561457019,0.9885241698456142,0.9974753129334781,0.9787994603647002
2016-03-10 09:00:00,0.9897632185642145,0.988524169845614,0.9973925109567747,0.9787994603647002
2016-03-10 10:00:00,0.9897632185642145,0.9858735274051036,0.9970042809797047,0.980056857726388
2016-03-10 11:00:00,0.9896076309640817,0.9858735274051036,0.9969179162825532,0.9803447067838192
2016-03-10 12:00:00,0.9917294757264357,0.9912887526200501,0.9973061462596232,0.9803447067838192
2016-03-10 13:00:00,0.9913850215726343,0.9886381101795398,0.9972615294274364,0.9794976518406125
2016-03-11 07:00:00,0.9887959524389673,0.9863840645600533,0.9970430890111213,0.9722869567666816
2016-03-11 08:00:00,0.9862231700314856,0.9878159858387696,0.9969249574929282,0.9699867629339283
2016-03-11 09:00:00,0.9867294385480071,0.9857520935890277,0.9970430890111213,0.9704492300893345
2016-03-11 10:00:00,0.9870348485566002,0.9878159858387696,0.9969249574929282,0.9691918327276466
2016-03-11 11:00:00,0.9872034090122599,0.9829875108145916,0.9963675608420032,0.9701935053177088
2016-03-11 12:00:00,0.9872034090122599,0.9848909849040404,0.9960423813043803,0.9682435791075933
2016-03-11 13:00:00,0.9867174465937474,0.9848909849040401,0.9960423813043803,0.9682435791075933
2016-03-14 07:00:00,0.9860816617667746,0.9795179585184568,0.9956354051763598,0.9682435791075933
2016-03-14 08:00:00,0.9867174465937474,0.9782992373566627,0.9956354051763598,0.9682435791075933
2016-03-14 09:00:00,0.9867174465937474,0.9739126393480706,0.9952375261756846,0.9685728148524236
2016-03-14 10:00:00,0.9867174465937474,0.9697161352949184,0.9950237426696427,0.9675711422623615
2016-03-14 11:00:00,0.9867174465937474,0.9691685619826189,0.9949314192462325,0.9690352820078301
2016-03-14 12:00:00,0.9870348485566002,0.961202491846543,0.9945373534648149,0.9705227410625394
2016-03-14 13:00:00,0.9870348485566,0.9629687863206369,0.9943076571554256,0.9697491055404609
2016-03-15 07:00:00,0.9872034090122597,0.9683840115355832,0.9944477849099465,0.9694198697956304
2016-03-15 08:00:00,0.9867174465937472,0.9677520405645575,0.9940938736493836,0.9687060462629994
2016-03-15 09:00:00,0.9867174465937474,0.9617892420373118,0.9943076571554256,0.9687060462629993
2016-03-15 10:00:00,0.9863729924399459,0.9612024918465433,0.9935606994291607,0.9690352820078298
2016-03-15 11:00:00,0.9891013624475602,0.9697161352949182,0.9944578318685886,0.9694977491632361
2016-03-15 12:00:00,0.9862231700314856,0.9643431089093351,0.9941871614456661,0.9709251334221022
2016-03-15 13:00:00,0.9858927952131059,0.9625768144352412,0.993855246421431,0.9691685134184056
2016-03-16 07:00:00,0.9855330072552756,0.9625768144352412,0.9941871614456661,0.968321458475199
2016-03-16 08:00:00,0.9855330072552756,0.9596124632203001,0.9942987262368622,0.9690950939972773
2016-03-16 09:00:00,0.9855330072552756,0.9601992134110684,0.9941871614456661,0.968321458475199
2016-03-16 10:00:00,0.9862231700314856,0.9641403185179355,0.9947707690156185,0.9654965501761523
2016-03-16 11:00:00,0.9833389816382813,0.9546302977823443,0.9945698355207216,0.9641357816225743
2016-03-16 12:00:00,0.9865285800400787,0.9620096177276515,0.9953746906494173,0.9651374542126364
2016-03-16 13:00:00,0.9860002316265887,0.963553568327167,0.9956619888414655,0.9642903992694296
2016-03-17 07:00:00,0.9866903944027987,0.9689687935421136,0.9953564332642003,0.9665905931021831
2016-03-17 08:00:00,0.9868459820029314,0.9726803131081168,0.9947717991108656,0.9665905931021831
2016-03-17 09:00:00,0.9861558192267215,0.9647142429720409,0.9941725153249432,0.9655477966311177
2016-03-17 10:00:00,0.9860002316265887,0.9636533658465484,0.9939288638794096,0.9655477966311177
2016-03-17 11:00:00,0.9858446440264562,0.9647142429720409,0.9941725153249432,0.9652185608862872
2016-03-17 12:00:00,0.9858446440264562,0.9678821198188388,0.9945879427185591,0.9663948515743244
2016-03-17 13:00:00,0.985377419655143,0.9641706002528356,0.9943870092236624,0.9663948515743244
2016-03-18 07:00:00,0.9855330072552758,0.96538932141463,0.9941054764325539,0.9642358392110651
2016-03-18 08:00:00,0.9848120012350697,0.9636533658465484,0.9939288638794096,0.9638512514232646
2016-03-18 09:00:00,0.9849618236435301,0.9647142429720409,0.9937482768772979,0.9655477966311177
2016-03-18 10:00:00,0.985844644026456,0.9678821198188388,0.9939715818300464,0.9663948515743244
2016-03-18 11:00:00,0.9863729924399459,0.9719024599124186,0.9941054764325539,0.9659323844189182
2016-03-18 12:00:00,0.9831833940381484,0.9713548866001193,0.9938239436414454,0.962907366197612
2016-03-18 13:00:00,0.9859057680686328,0.9766703142956847,0.9947047602184762,0.9625227784098116
2016-03-21 07:00:00,0.9859057680686328,0.9766703142956845,0.9949862930095846,0.9632964139318901
2016-03-21 08:00:00,0.9860816617667746,0.9766703142956845,0.9944752728023638,0.9632964139318899
2016-03-21 09:00:00,0.9860816617667746,0.9758481899549146,0.9944752728023638,0.9650530339355864
2016-03-21 10:00:00,0.9851255139525573,0.9714615919463224,0.9943870092236623,0.9650530339355864
2016-03-21 11:00:00,0.9851255139525573,0.9677500723803193,0.9943870092236623,0.9650530339355864
2016-03-21 12:00:00,0.9838459863005019,0.9652990249785712,0.9945879427185591,0.964051361345524
2016-03-21 13:00:00,0.9838459863005019,0.9707465001126561,0.9949198577427942,0.964051361345524
2016-03-22 07:00:00,0.9838459863005019,0.9662531967578607,0.9943051653584662,0.9636667735577237
2016-03-22 08:00:00,0.984765725994727,0.9694514125106705,0.993543262836141,0.9636667735577237
2016-03-22 09:00:00,0.9838459863005019,0.9694514125106705,0.9936637585459004,0.9636667735577235
2016-03-22 10:00:00,0.9841633882633548,0.9687042441596089,0.9937842542556599,0.9636667735577235
2016-03-22 11:00:00,0.9841633882633548,0.9641706002528356,0.9938244087765146,0.963337537812893
2016-03-22 12:00:00,0.9841633882633549,0.9657398929446677,0.9939089545903222,0.9624904828696865
2016-03-22 13:00:00,0.9838459863005021,0.9662531967578608,0.9929219810242517,0.9614476863986209
2016-03-23 07:00:00,0.9816519606835076,0.9662531967578608,0.9929219810242517,0.9539812665530644
2016-03-23 08:00:00,0.9811236122700175,0.9662531967578608,0.993042476734011,0.9535187993976582
2016-03-23 09:00:00,0.9805550006884274,0.9657398929446677,0.9930023222131564,0.9529017145953964
2016-03-23 10:00:00,0.9773333978091322,0.9687042441596089,0.9928768022858158,0.9523581407663397
2016-03-23 11:00:00,0.9773333978091323,0.9676433670341165,0.9927972806895895,0.9514853311924523
2016-03-23 12:00:00,0.9773333978091323,0.9606753152085941,0.992881826503397,0.9514853311924523
2016-03-23 13:00:00,0.9766715416924783,0.9584212695891078,0.9929219810242517,0.9514853311924523
2016-03-24 07:00:00,0.9775172920688208,0.9613072861796199,0.9919907308936031,0.9514853311924523
2016-03-24 08:00:00,0.9766715416924783,0.9629549134958809,0.9920300979689748,0.9514853311924523
2016-03-24 09:00:00,0.9759724468335991,0.9613072861796199,0.9919505763727484,0.9503824599255433
2016-03-24 10:00:00,0.9749340388505404,0.9502015381181301,0.9919096022592153,0.9488950008708339
2016-03-24 11:00:00,0.9781556417298356,0.9629549134958811,0.992881826503397,0.9499978721377427
2016-03-24 12:00:00,0.9781556417298356,0.9606753152085941,0.9917914707410223,0.9482412521340463
2016-03-24 13:00:00,0.9774654789536257,0.9584212695891079,0.9916291471680921,0.9467537930793369
2016-03-28 07:00:00,0.9774654789536256,0.9613072861796201,0.9916709750312628,0.9463692052915363
2016-03-28 08:00:00,0.9783482993365517,0.9597379934877882,0.9907146206263346,0.9467537930793367
2016-03-28 09:00:00,0.9774654789536256,0.9591060225167624,0.9907146206263346,0.9467537930793367
2016-03-28 10:00:00,0.9805052549469628,0.9643381187742027,0.9916709750312628,0.944771571329096
2016-03-28 11:00:00,0.9785038869366842,0.9681379665920263,0.991791470741022,0.9516944173455956
2016-03-28 12:00:00,0.980048732171906,0.9649700897452286,0.9919505763727482,0.9527972886125048
2016-03-28 13:00:00,0.980048732171906,0.9636533658465484,0.991791470741022,0.9513699043536388
2016-03-29 07:00:00,0.9775172920688208,0.969100840980633,0.9917069249272146,0.9499425200947728
2016-03-29 08:00:00,0.976671541692478,0.969100840980633,0.9915910665843014,0.9503271078825731
2016-03-29 09:00:00,0.9751266964572565,0.969100840980633,0.9915099379499136,0.9494800529393664
2016-03-29 10:00:00,0.9739384660657375,0.9664501985401225,0.9912339433512317,0.9479925938846571
2016-03-29 11:00:00,0.9729573792814603,0.9610027234060379,0.9913476143769837,0.9476633581398266
2016-03-29 12:00:00,0.9693676064900479,0.962434644684754,0.9914321601907912,0.9463514007197739
2016-03-29 13:00:00,0.9693676064900479,0.9608906940852383,0.9911885087452575,0.9470462733375646
2016-03-30 07:00:00,0.9689177271923521,0.9624346446847541,0.9911134476414722,0.9466071254913994
2016-03-30 08:00:00,0.9689177271923523,0.9641706002528356,0.9910289018276647,0.9458933019587684
2016-03-30 09:00:00,0.9689177271923523,0.9557706271485975,0.9913476143769839,0.9462778897465689
2016-03-30 10:00:00,0.969367606490048,0.9540346715805157,0.9915526559005509,0.9475352871082567
2016-03-30 11:00:00,0.9739384660657375,0.9610027234060378,0.992399360217392,0.9509448931173634
2016-03-30 12:00:00,0.9760749502267793,0.9700296706676061,0.9931376455133808,0.9571539156012322
2016-03-30 13:00:00,0.9770705230115824,0.9709435018949177,0.9930121255860404,0.9611806064126008
2016-03-31 07:00:00,0.9777696178704613,0.9700296706676064,0.9922301935435367,0.9633396187758598
2016-03-31 08:00:00,0.9808093938637985,0.9754026970531895,0.9931778000342356,0.9658766780174755
2016-03-31 09:00:00,0.9841063754530031,0.9773451554868556,0.9938087210272225,0.9703891552934909
2016-03-31 10:00:00,0.9846126439695245,0.9763165282805011,0.9939245793701357,0.9696087160555723
2016-03-31 11:00:00,0.9831249802802963,0.9780828227545948,0.9932936583771488,0.9681813317967061
2016-03-31 12:00:00,0.9835015321467009,0.9780828227545948,0.9934628250510037,0.9681813317967063
2016-03-31 13:00:00,0.9836571197468335,0.9780828227545948,0.9931376455133808,0.9696454715421746
2016-04-01 07:00:00,0.9847527531392001,0.9815555895358753,0.9932141367809225,0.9701312580068219
2016-04-01 08:00:00,0.9845971655390674,0.9766214182149838,0.9930171498036213,0.9697466702190215
2016-04-01 09:00:00,0.9811236122700178,0.9766214182149838,0.9928443404111126,0.9690328466863902
2016-04-01 10:00:00,0.981712977145863,0.9797892950617817,0.993083155251584,0.9690328466863902
2016-04-01 11:00:00,0.9845971655390674,0.980817922268136,0.9938868856370796,0.9710773157475182
2016-04-01 12:00:00,0.9835015321467007,0.9773451554868556,0.9936684452207647,0.9714619035353186
2016-04-01 13:00:00,0.9836571197468335,0.9822793268077469,0.993827550852491,0.97068826801324
2016-04-04 07:00:00,0.9847527531392001,0.9857520935890275,0.993827550852491,0.9678633597141935
2016-04-04 08:00:00,0.9847527531392001,0.9857520935890275,0.9940459912688059,0.9671495361815625
2016-04-04 09:00:00,0.9845971655390674,0.9833010461872795,0.9938868856370798,0.9681512087716247
2016-04-04 10:00:00,0.9866636794300276,0.9833010461872795,0.9945879427185591,0.969511977325203
2016-04-04 11:00:00,0.9870081335838289,0.9815650906191977,0.993685952142183,0.9720490365668183
2016-04-04 12:00:00,0.9876198272442449,0.9853649384370214,0.9938868856370798,0.9737689010839125
2016-04-04 13:00:00,0.9900590739694515,0.9871008940051031,0.9945879427185591,0.974615956027119
2016-04-05 07:00:00,0.9906948587964243,0.9895519414068513,0.993685952142183,0.9726337342768784
2016-04-05 08:00:00,0.9898120384134984,0.9918059870263376,0.9929240496198576,0.972171267121472
2016-04-05 09:00:00,0.9907407600867221,0.9918059870263375,0.9938868856370796,0.9711284706504067
2016-04-05 10:00:00,0.9896045005133078,0.9911212340986831,0.9935093395890388,0.971708799966066
2016-04-05 11:00:00,0.9896045005133081,0.9871008940051031,0.9935093395890388,0.9723258847683277
2016-04-05 12:00:00,0.9912035942283176,0.9853649384370214,0.9944113301654148,0.9723258847683277
2016-04-05 13:00:00,0.9913654085910378,0.9864992619400894,0.994210396670518,0.9723258847683277
2016-04-06 07:00:00,0.9896045005133078,0.9873213862808594,0.9935093395890388,0.9719412969805272
2016-04-06 08:00:00,0.9915209961911704,0.9892248603703082,0.9935093395890388,0.9730441682474361
2016-04-06 09:00:00,0.9913654085910378,0.9892248603703082,0.9936684452207647,0.9737579917800672
2016-04-06 10:00:00,0.992501668164452,0.9892248603703082,0.994045991268806,0.9740872275248976
2016-04-06 11:00:00,0.9912035942283178,0.989224860370308,0.9932422608833101,0.9730444310538322
2016-04-06 12:00:00,0.9908981842197248,0.9912887526200501,0.9933217824795366,0.9723306075212014
2016-04-06 13:00:00,0.9912035942283176,0.9912887526200501,0.9929442364314953,0.9723306075212014
2016-04-07 07:00:00,0.9913654085910376,0.9892248603703082,0.992982846353462,0.9723306075212012
2016-04-07 08:00:00,0.9910480066281849,0.9912887526200501,0.992982846353462,0.969793548279586
2016-04-07 09:00:00,0.9927264661014564,0.9890347070005638,0.9938275508524911,0.9709698389676231
2016-04-07 10:00:00,0.9941801276377235,0.9842062319763859,0.9938275508524911,0.9740504720382953
2016-04-07 11:00:00,0.9943419420004437,0.9829875108145913,0.9938275508524911,0.9748975269815021
2016-04-07 12:00:00,0.9943419420004437,0.988402736029538,0.9941664869785655,0.9737212362934646
2016-04-07 13:00:00,0.9941801276377235,0.988402736029538,0.9941664869785655,0.9754778562971613
2016-04-08 07:00:00,0.9953163872111378,0.9840161380209459,0.9949093719232154,0.9763249112403679
2016-04-08 08:00:00,0.9954782015738579,0.9813654955804355,0.994045991268806,0.9773265838304301
2016-04-08 09:00:00,0.9965633202921113,0.9857520935890275,0.9943392963710742,0.9758624440849619
2016-04-08 10:00:00,0.9952652463559769,0.9815555895358755,0.9941383628761774,0.9754778562971613
2016-04-08 11:00:00,0.9964015059293913,0.980336868374081,0.9949623764552151,0.9766541469851985
2016-04-08 12:00:00,0.9964015059293913,0.980336868374081,0.9947084384283186,0.9769833827300292
2016-04-08 13:00:00,0.9965633202921113,0.9786009128059994,0.9947084384283186,0.979191206226814
2016-04-11 07:00:00,0.9974866246476445,0.9761498654042513,0.9947084384283186,0.979191206226814
2016-04-11 08:00:00,0.9974866246476445,0.9761498654042512,0.9938450577739092,0.9796536733822201
2016-04-11 09:00:00,0.9974866246476445,0.9786009128059995,0.9940073813468391,0.9796536733822201
2016-04-11 10:00:00,0.9982076306678505,0.9726381142787534,0.9949093719232154,0.9800382611700205
2016-04-11 11:00:00,0.9982076306678505,0.9694398985259435,0.9947888762134559,0.97970902542519
2016-04-11 12:00:00,0.9982076306678505,0.9712061930000373,0.9949093719232154,0.97970902542519
2016-04-11 13:00:00,0.9982076306678505,0.9671858529064575,0.9947084384283186,0.97970902542519
2016-04-12 07:00:00,0.9980390702121908,0.9640668721403604,0.9945879427185591,0.9797090254251899
2016-04-12 08:00:00,0.9985674186256807,0.9595332282335871,0.9954308779500153,0.9804228489578208
2016-04-12 09:00:00,0.9980611501091592,0.9505062809720187,0.995053331901974,0.9804228489578211
2016-04-12 10:00:00,0.9980611501091592,0.9505062809720187,0.9951738276117335,0.9800382611700207
2016-04-12 11:00:00,0.9980611501091592,0.9393436361064706,0.9948922948206249,0.9810399337600828
2016-04-12 12:00:00,0.9971378457536259,0.935543788288647,0.9949324493414798,0.9807106980152521
2016-04-12 13:00:00,0.9966518833351135,0.935543788288647,0.9949324493414798,0.9798636430720454
2016-04-13 07:00:00,0.9962920953772831,0.9333386387498616,0.9948922948206249,0.9798636430720457
2016-04-13 08:00:00,0.9958248710059701,0.9307517303815391,0.9945299355247915,0.9798636430720457
2016-04-13 09:00:00,0.9952965225924804,0.9323993576978002,0.9942238285953395,0.9804439723877049
2016-04-13 10:00:00,0.9962920953772831,0.9425656252761321,0.9940390840086315,0.9794011759166392
2016-04-13 11:00:00,0.9962920953772831,0.944565783453686,0.9940390840086315,0.9786873523840084
2016-04-13 12:00:00,0.9962920953772831,0.952531853589762,0.9934398002227091,0.9794011759166394
2016-04-13 13:00:00,0.9962920953772831,0.9560046203710425,0.9932741257745138,0.9794011759166392
2016-04-14 07:00:00,0.9962920953772831,0.95341771200272,0.9926415476856192,0.9794011759166392
2016-04-14 08:00:00,0.9951558358038688,0.9554178701802742,0.9926415476856192,0.9804439723877049
2016-04-14 09:00:00,0.9955002899576703,0.9540435475915758,0.9929967639223491,0.9800593845999045
2016-04-14 10:00:00,0.9959155435108787,0.9540435475915757,0.9934398002227091,0.9826219356658044
2016-04-14 11:00:00,0.9964943937126105,0.9585368509463711,0.9930098524250892,0.9840493199246704
2016-04-14 12:00:00,0.9955710893570773,0.9595332282335871,0.9931628905262129,0.9840493199246704
2016-04-14 13:00:00,0.9959155435108785,0.9605618554399417,0.9928917812423534,0.9837200841798397
2016-04-15 07:00:00,0.9964943937126105,0.9617383777723727,0.9932858470237712,0.9859279076766245
2016-04-15 08:00:00,0.9964943937126106,0.9666725490932643,0.9934017053666845,0.9866417312092556
2016-04-15 09:00:00,0.9966870513193266,0.966672549093264,0.9938316531643043,0.9862571434214552
2016-04-15 10:00:00,0.9952965225924802,0.9585368509463711,0.9937157948213912,0.9867196105768613
2016-04-15 11:00:00,0.9952965225924802,0.9585368509463711,0.9937922860889327,0.9857179379867992
2016-04-15 12:00:00,0.9962920953772831,0.9606675517366551,0.9941142080226902,0.9864317615194305
2016-04-15 13:00:00,0.996820443790773,0.9606675517366551,0.9941551821362231,0.9858514322037708
2016-04-18 07:00:00,0.9962920953772831,0.9557333804157636,0.9939960765044971,0.9836436087069858
2016-04-18 08:00:00,0.9955002899576703,0.9557333804157636,0.994210435821072,0.9822162244481202
2016-04-18 09:00:00,0.9946675808607413,0.9622094827562027,0.9943695414527984,0.9817537572927139
2016-04-18 10:00:00,0.9946675808607415,0.9622094827562027,0.9943695414527984,0.9814245215478834
2016-04-18 11:00:00,0.9938559023356269,0.9605618554399417,0.994210435821072,0.9814245215478832
2016-04-18 12:00:00,0.993165739559417,0.9605618554399417,0.9933869868272659,0.9814245215478834
2016-04-18 13:00:00,0.9919110999982087,0.9622094827562027,0.9941725544754973,0.9799971372890174
2016-04-19 07:00:00,0.9919110999982086,0.9622094827562027,0.9949402298459824,0.981039933760083
2016-04-19 08:00:00,0.9905784003175868,0.9622094827562027,0.9949402298459824,0.9817537572927139
2016-04-19 09:00:00,0.9923393083953168,0.9633860050886336,0.9953105046827422,0.9814245215478834
2016-04-19 10:00:00,0.9912541896770634,0.9617383777723726,0.9952340134152007,0.9808441922322241
2016-04-19 11:00:00,0.9896550959620536,0.9628727012754404,0.9959474229298936,0.9786363687354391
2016-04-19 12:00:00,0.9870518906947313,0.9633860050886336,0.9959474229298937,0.9755557356647669
2016-04-19 13:00:00,0.9863900345780771,0.9617383777723726,0.9953383332526624,0.9737324999557825
2016-04-20 07:00:00,0.9863900345780771,0.9617383777723726,0.9952128133253217,0.9737324999557825
2016-04-20 08:00:00,0.9877137121933444,0.9617383777723726,0.9956658901387851,0.9743128292714419
2016-04-20 09:00:00,0.9871058010334198,0.9682144801128116,0.9953383332526624,0.9750932685093607
2016-04-20 10:00:00,0.9863900345780772,0.9682144801128119,0.9954943461164304,0.976454037062939
2016-04-20 11:00:00,0.9863900345780771,0.9617383777723727,0.9953383332526626,0.9757402135303079
2016-04-20 12:00:00,0.9869793994539223,0.9628727012754404,0.9953383332526624,0.9754109777854774
2016-04-20 13:00:00,0.9856998718018671,0.9633860050886338,0.9951332917290954,0.9739835935266113
2016-04-21 07:00:00,0.9840963878571397,0.9617383777723726,0.994435539928892,0.9727261961649235
2016-04-21 08:00:00,0.9830579798740811,0.9617383777723726,0.9950196207033435,0.9701891369233081
2016-04-21 09:00:00,0.9808109088192194,0.9617383777723726,0.9951332917290954,0.9668784421596142
2016-04-21 10:00:00,0.9780773703964497,0.9536026796254794,0.994435539928892,0.966493854371814
2016-04-21 11:00:00,0.9785151235513352,0.9513975300866941,0.994435539928892,0.9664938543718138
2016-04-21 12:00:00,0.9786499578572126,0.9481786507473458,0.9936484469685775,0.9654921817817514
2016-04-21 13:00:00,0.9770464739124852,0.9499449452214395,0.9935413436400856,0.9614654909703831
2016-04-22 07:00:00,0.9750737227416508,0.9425656252761321,0.9938252537796938,0.9629296307158514
2016-04-22 08:00:00,0.9749388884357731,0.9340519818277568,0.9938252537796938,0.9632174797732826
2016-04-22 09:00:00,0.9766868416696031,0.9414313017730642,0.9938252537796938,0.9627550126178765
2016-04-22 10:00:00,0.9766868416696031,0.9454516418666442,0.99390477537592,0.9653175636837766
2016-04-22 11:00:00,0.9766868416696031,0.9540435475915758,0.99390477537592,0.9661646186269833
2016-04-22 12:00:00,0.9789339127244647,0.9554754688702918,0.9939047753759203,0.9687016778685986
2016-04-22 13:00:00,0.9789339127244647,0.9634415390063676,0.9939047753759203,0.9700624464221768
2016-04-25 07:00:00,0.9799194979134045,0.9715772371532608,0.9939047753759203,0.9722702699189618
2016-04-25 08:00:00,0.9796355430461523,0.9681298124642965,0.9934254437945699,0.9742201961290773
2016-04-25 09:00:00,0.9799194979134045,0.9694465363629768,0.99386848009493,0.9736031113268155
2016-04-25 10:00:00,0.9771859594906348,0.9722092081242867,0.9944879394308014,0.9725603148557501
2016-04-25 11:00:00,0.9750737227416506,0.9722092081242867,0.9940938736493836,0.9710728558010406
2016-04-25 12:00:00,0.9749388884357731,0.9640735099773935,0.9938283255740753,0.969585396746331
2016-04-25 13:00:00,0.9725886154821981,0.9640735099773936,0.9939228223047903,0.9667604884472846
2016-04-26 07:00:00,0.9703415444273364,0.9634415390063678,0.99392282230479,0.9659134335040778
2016-04-26 08:00:00,0.9677383391600138,0.9662042107676778,0.9939228223047902,0.9618867426927095
2016-04-26 09:00:00,0.9651227486232723,0.9634415390063678,0.9929546153769935,0.9618867426927095
2016-04-26 10:00:00,0.9677383391600138,0.9668889636953321,0.9922298116637306,0.9618867426927095
2016-04-26 11:00:00,0.968261090207358,0.9704007148208299,0.9932553861747518,0.9618867426927095
2016-04-26 12:00:00,0.9682610902073581,0.9704007148208299,0.9931608894440367,0.9624670720083687
2016-04-26 13:00:00,0.9679957726241916,0.9677500723803193,0.9935148007045997,0.9620824842205681
2016-04-27 07:00:00,0.9651227486232723,0.9714615919463222,0.993700827183682,0.9603626197034741
2016-04-27 08:00:00,0.9681306069300691,0.9739447158654659,0.9944477849099465,0.9613642922935366
2016-04-27 09:00:00,0.9709991297805581,0.9810840367251428,0.9939941322859502,0.9627916765524025
2016-04-27 10:00:00,0.9734842370400109,0.9810840367251428,0.9937803487799083,0.9673041538284181
2016-04-27 11:00:00,0.9760874423073332,0.9779650559590459,0.9944477849099465,0.9692540800385337
2016-04-27 12:00:00,0.9784377152609084,0.981906161065913,0.9939941322859502,0.970430370726571
2016-04-27 13:00:00,0.9805499520098923,0.9838096351553618,0.9937803487799083,0.9722536064355554
2016-04-28 07:00:00,0.9827607393853179,0.9845568035064233,0.9944477849099465,0.9753342395062276
2016-04-28 08:00:00,0.9847334905561524,0.9873213862808596,0.9944477849099465,0.9753342395062274
2016-04-28 09:00:00,0.984270656414557,0.9857520935890275,0.9944477849099467,0.9745538002683088
2016-04-28 10:00:00,0.984270656414557,0.9886381101795397,0.9948000328868157,0.973511003797243
2016-04-28 11:00:00,0.9845086926191482,0.9893852785306013,0.9950035182771778,0.9742914430351619
2016-04-28 12:00:00,0.9863369745008799,0.9893852785306013,0.9955482319762575,0.9748717723508212
2016-04-28 13:00:00,0.9858741403592844,0.9858735274051037,0.99623100509911,0.9742914430351619
2016-04-29 07:00:00,0.9856611851414036,0.9870922485668979,0.9965929127650826,0.9746760308229625
2016-04-29 08:00:00,0.9878719725168291,0.989034707000564,0.9970455199169088,0.9761034150818285
2016-04-29 09:00:00,0.9894754564615563,0.9897194599282182,0.9966836122509366,0.9761034150818285
2016-04-29 10:00:00,0.9897002543985608,0.993519307746042,0.9968564216434453,0.9771462115528939
2016-04-29 11:00:00,0.9913037383432882,0.993519307746042,0.9970534086207463,0.9777265408685533
2016-04-29 12:00:00,0.9911539159348278,0.993519307746042,0.9968973957569786,0.977264073713147
2016-04-29 13:00:00,0.9897633872079815,0.993519307746042,0.9970864940304417,0.9760066763514592
2016-05-02 07:00:00,0.9893256340530961,0.993519307746042,0.9970864940304417,0.9774340606103251
2016-05-02 08:00:00,0.9907161627799423,0.9922025838473617,0.9970864940304417,0.9783068701842125
2016-05-02 09:00:00,0.9915989831628684,0.9878159858387696,0.997596418154773,0.9791796797580999
2016-05-02 10:00:00,0.9934272650446003,0.9886381101795398,0.9977692275472817,0.979642146913506
2016-05-02 11:00:00,0.9944656730276588,0.9886381101795398,0.9978873590654748,0.9811062866589746
2016-05-02 12:00:00,0.9949940214411489,0.9861870627777916,0.9981934659949271,0.9813941357164059
2016-05-02 13:00:00,0.9949940214411489,0.9834224800033555,0.997861550970692,0.9831140002334998
2016-05-03 07:00:00,0.9951558358038689,0.9893852785306013,0.997861550970692,0.9845781399789683
2016-05-03 08:00:00,0.9946886114325559,0.9893852785306013,0.9973994311774718,0.9825336709178404
2016-05-03 09:00:00,0.993165739559417,0.9893852785306013,0.997399431177472,0.9812762735561528
2016-05-03 10:00:00,0.993165739559417,0.9858735274051037,0.9973026563274187,0.9819900970887838
2016-05-03 11:00:00,0.9935255275172472,0.9838096351553616,0.9970842159111036,0.983454236834252
2016-05-03 12:00:00,0.9943372060423616,0.9826753116522939,0.997446123577076,0.9857544306670055
2016-05-03 13:00:00,0.9946675808607415,0.9826753116522937,0.9979560477014069,0.9845781399789683
2016-05-04 07:00:00,0.9941392324472516,0.9781416677455205,0.9979560477014069,0.9825336709178406
2016-05-04 08:00:00,0.9936720080759385,0.9795735890242366,0.9977590607241061,0.9825336709178404
2016-05-04 09:00:00,0.9939774180845315,0.9781416677455205,0.998221180517326,0.9832474944504713
2016-05-04 10:00:00,0.9934249725199854,0.9823381717986728,0.998221180517326,0.9812030253893438
2016-05-04 11:00:00,0.9934249725199852,0.9803957133650069,0.9981744881177218,0.9804225861514249
2016-05-04 12:00:00,0.9929390101014728,0.9781416677455205,0.9981744881177218,0.9811364096840559
2016-05-04 13:00:00,0.9939774180845313,0.9781416677455205,0.9981744881177218,0.9815988768394622
2016-05-05 07:00:00,0.9956558775578028,0.9742005626386534,0.9981744881177218,0.9826416733105277
2016-05-05 08:00:00,0.995986252376183,0.9764057121774389,0.9981744881177218,0.9854665816095742
2016-05-05 09:00:00,0.9955002899576703,0.9795735890242367,0.9981744881177218,0.9834221125484465
2016-05-05 10:00:00,0.9955002899576703,0.9806022162305913,0.9981326602545513,0.9829596453930403
2016-05-05 11:00:00,0.9943077929029115,0.9771547915416269,0.9985568987021964,0.9840024418641059
2016-05-05 12:00:00,0.9956688504133301,0.9764076231905651,0.9985568987021964,0.984716265396737
2016-05-05 13:00:00,0.9955002899576703,0.973643040416129,0.9987753391185116,0.9836734689256713
2016-05-06 07:00:00,0.9955002899576704,0.9771547915416269,0.9988958348282708,0.9829596453930403
2016-05-06 08:00:00,0.9943077929029113,0.9732511592746241,0.9990297294307783,0.9840024418641059
2016-05-06 09:00:00,0.99566885041333,0.973251159274624,0.9990297294307783,0.9851787325521429
2016-05-06 10:00:00,0.9955002899576704,0.9725039909235623,0.9990297294307783,0.9861804051422052
2016-05-06 11:00:00,0.995655877557803,0.9757228702629107,0.9990743462629651,0.9871820777322675
2016-05-06 12:00:00,0.9959862523761828,0.9816534188710183,0.9988149317331173,0.9871820777322675
2016-05-06 13:00:00,0.9955002899576704,0.9816534188710183,0.9987354101368909,0.9871820777322675
2016-05-09 07:00:00,0.995655877557803,0.9816534188710183,0.9989840984069723,0.9871820777322675
2016-05-09 08:00:00,0.9959862523761828,0.9839074644905046,0.9989840984069723,0.9868528419874368
2016-05-09 09:00:00,0.9955002899576704,0.9848212957178162,0.9989840984069723,0.9868528419874368
2016-05-09 10:00:00,0.995655877557803,0.9816534188710183,0.9990686442207798,0.9868528419874368
2016-05-09 11:00:00,0.995655877557803,0.9839074644905046,0.9988035114048607,0.9854254577285709
2016-05-09 12:00:00,0.995655877557803,0.9839074644905046,0.9990686442207798,0.9864682541996367
2016-05-09 13:00:00,0.9959862523761828,0.9839074644905046,0.9991497728551676,0.9878956384585025
2016-05-10 07:00:00,0.9969539514939373,0.9797109604373524,0.9991954038789735,0.9890719291465397
2016-05-10 08:00:00,0.9976441142701473,0.9797109604373524,0.9991497728551676,0.9890719291465397
2016-05-10 09:00:00,0.9972996601163459,0.9797109604373524,0.9991497728551676,0.988454844344278
2016-05-10 10:00:00,0.9972996601163459,0.9839074644905048,0.9991497728551677,0.9874120478732126
2016-05-10 11:00:00,0.9971157658566574,0.9839074644905046,0.9993225822476764,0.9862357571851753
2016-05-10 12:00:00,0.995817691920523,0.9788907471097085,0.9993225822476764,0.9862357571851752
2016-05-10 13:00:00,0.9962329454737313,0.9816534188710185,0.9993225822476764,0.9866203449729757
2016-05-11 07:00:00,0.9969539514939373,0.9839074644905046,0.9991497728551676,0.9883769649766722
2016-05-11 08:00:00,0.9966094973401359,0.9856434200585864,0.9991497728551676,0.9879923771888718
2016-05-11 09:00:00,0.9969539514939374,0.9893549396245894,0.999238036433869,0.9879923771888718
2016-05-11 10:00:00,0.9966094973401359,0.9909242323164215,0.9991569077994812,0.9869495807178064
2016-05-11 11:00:00,0.995817691920523,0.9909242323164215,0.999366228994191,0.9851929607141097
2016-05-11 12:00:00,0.9947792839374644,0.9909242323164211,0.999366228994191,0.9860400156573165
2016-05-11 13:00:00,0.9959155435108787,0.9909242323164215,0.9996256435240389,0.9867538391899475
2016-05-12 07:00:00,0.9954092749943573,0.9909242323164211,0.999668361474676,0.9877555117800098
2016-05-12 08:00:00,0.9964476829774159,0.994122448069231,0.9995819967775245,0.9883725965822715
2016-05-12 09:00:00,0.9964476829774159,0.994122448069231,0.9997101893378466,0.9888350637376777
2016-05-12 10:00:00,0.9972024268772897,0.9960259221586797,0.9997984529165479,0.9888350637376777
2016-05-12 11:00:00,0.9972024268772894,0.9980898144084217,0.9997984529165479,0.9895488872703087
2016-05-12 12:00:00,0.9980852472602153,0.9980898144084218,0.9997984529165479,0.9905916837413743
2016-05-12 13:00:00,0.9978925896534994,0.9987745673360763,0.9996702603562259,0.9916344802124397
2016-05-13 07:00:00,0.9982229644718791,0.9987745673360763,0.999497450963717,0.9919637159572704
2016-05-13 08:00:00,0.997532801695669,0.9987745673360762,0.9995819967775245,0.9919637159572702
2016-05-13 09:00:00,0.9970468392771566,0.9965205217165898,0.9994053842243802,0.9922929517021009
2016-05-13 10:00:00,0.9978925896534994,0.9950886004378738,0.9991916007183381,0.9911166610140637
2016-05-13 11:00:00,0.9972024268772894,0.9950886004378737,0.9993225822476767,0.9911166610140637
2016-05-13 12:00:00,0.9975789787436938,0.9926054765187304,0.9994917489215315,0.9915012488018642
2016-05-13 13:00:00,0.9975789787436938,0.9926054765187304,0.9993635563612095,0.9904584523307985
2016-05-16 07:00:00,0.9965405707606352,0.9912887526200501,0.9990574494317577,0.9892821616427614
2016-05-16 08:00:00,0.9967332283673512,0.9937718765391934,0.9991497728551676,0.9885017224048426
2016-05-16 09:00:00,0.9958874779910085,0.9912887526200501,0.9991497728551676,0.9877878988722116
2016-05-16 10:00:00,0.9946992475994898,0.9912887526200501,0.9992380364338692,0.9871708140699497
2016-05-16 11:00:00,0.9957376555825481,0.9912887526200501,0.9993635563612095,0.9878846376025807
2016-05-16 12:00:00,0.9957376555825481,0.9900700314582558,0.9990574494317577,0.9882138733474113
2016-05-16 13:00:00,0.9957376555825485,0.9878159858387695,0.9988436659257156,0.9875000498147801
2016-05-17 07:00:00,0.9957376555825485,0.9890347070005638,0.9988436659257156,0.9875000498147803
2016-05-17 08:00:00,0.9955449979758323,0.990351430899244,0.9987035381711945,0.9871154620269798
2016-05-17 09:00:00,0.9962351607520423,0.9903514308992443,0.9989319295044169,0.9871154620269798
2016-05-17 10:00:00,0.9949024610714204,0.9903514308992443,0.9987471849177089,0.9866529948715735
2016-05-17 11:00:00,0.9949024610714204,0.9926054765187305,0.9987035381711944,0.9866529948715735
2016-05-17 12:00:00,0.9942122982952105,0.9912887526200501,0.9984496001442978,0.9859391713389426
2016-05-17 13:00:00,0.9945065899927735,0.9878159858387695,0.9981562950420294,0.9856099355941119
2016-05-18 07:00:00,0.9945065899927735,0.9922025838473615,0.9981562950420294,0.9864569905373187
2016-05-18 08:00:00,0.9945065899927735,0.9922025838473615,0.9981562950420292,0.9858766612216594
2016-05-18 09:00:00,0.9931160612659271,0.9909838626855673,0.9976352817443309,0.9862058969664899
2016-05-18 10:00:00,0.9931160612659272,0.9909838626855673,0.9972198543507149,0.9859180479090586
2016-05-18 11:00:00,0.9931160612659271,0.9878159858387696,0.99705417990252,0.9852042243764277
2016-05-18 12:00:00,0.9913681080320971,0.9878159858387696,0.9973537489532224,0.984357169433221
2016-05-18 13:00:00,0.9921797865572116,0.9885007387664241,0.9973537489532224,0.9836433459005898
2016-05-19 07:00:00,0.9921797865572116,0.9853328619196262,0.9968605176189045,0.9830630165849306
2016-05-19 08:00:00,0.9921797865572116,0.9885007387664241,0.9967266230163971,0.9836433459005898
2016-05-19 09:00:00,0.9909915561656927,0.9860496913646759,0.9960288712161935,0.9811062866589746
2016-05-19 10:00:00,0.9903515046754797,0.9853649384370214,0.9956899350901192,0.9800634901879092
2016-05-19 11:00:00,0.9909872895024525,0.9878159858387696,0.9956899350901192,0.9815276299333774
2016-05-19 12:00:00,0.9920256974855114,0.9909838626855674,0.9962740158645708,0.9822414534660087
2016-05-19 13:00:00,0.9913046914653053,0.9895519414068511,0.9962740158645705,0.9817789863106025
2016-05-20 07:00:00,0.9909872895024526,0.9877856469327574,0.9955397603769562,0.9810651627779712
2016-05-20 08:00:00,0.9909872895024525,0.9895519414068511,0.9953347188533893,0.9806805749901707
2016-05-20 09:00:00,0.9921797865572117,0.9930247081881319,0.9956899350901192,0.9802181078347645
2016-05-20 10:00:00,0.9917848306151684,0.9930247081881319,0.9950144069210011,0.9827551670763801
2016-05-20 11:00:00,0.9917848306151684,0.9922025838473615,0.9949677145213969,0.983043016133811
2016-05-20 12:00:00,0.9925650847312437,0.9928345548183873,0.9953919529690421,0.982041343543749
2016-05-20 13:00:00,0.9921273315763584,0.9950886004378737,0.9956899350901192,0.9798335200469641
2016-05-23 07:00:00,0.9918330398787951,0.9926054765187305,0.9956432426905151,0.9798335200469641
2016-05-23 08:00:00,0.993355911751934,0.9957733533655282,0.9959192372891973,0.9802181078347647
2016-05-23 09:00:00,0.993355911751934,0.9957733533655282,0.9959192372891973,0.9812609043058301
2016-05-23 10:00:00,0.9919948542415151,0.9957733533655282,0.995965929688801,0.9824371949938673
2016-05-23 11:00:00,0.9927158602617212,0.99652052171659,0.9961643819375741,0.9821079592490368
2016-05-23 12:00:00,0.9939083573164802,0.9987745673360762,0.9962848776473335,0.9843157827458217
2016-05-23 13:00:00,0.9939083573164803,0.9980273989850145,0.9958514447905441,0.9837354534301624
2016-05-24 07:00:00,0.9923854854433415,0.9973426460573602,0.995700796872882,0.9826926569590969
2016-05-24 08:00:00,0.9923854854433415,0.9965205217165898,0.9958514447905441,0.9824048079016656
2016-05-24 09:00:00,0.9923854854433415,0.9957733533655283,0.9956063001421669,0.9826926569590969
2016-05-24 10:00:00,0.9917961205674962,0.9957733533655283,0.995779109534676,0.9824048079016656
2016-05-24 11:00:00,0.9905656528692519,0.9957733533655283,0.9953908795576061,0.9811474105399777
2016-05-24 12:00:00,0.9898754900930418,0.9950886004378738,0.9953908795576061,0.9808595614825466
2016-05-24 13:00:00,0.9912898520509745,0.993352644869792,0.9960277978047575,0.9813220286379528
2016-05-25 07:00:00,0.9912898520509745,0.9912887526200501,0.9962125423914655,0.982323701228015
2016-05-25 08:00:00,0.9912898520509745,0.988524169845614,0.996634299592987,0.982035852170584
2016-05-25 09:00:00,0.9912898520509745,0.9864602775958721,0.9969594791306099,0.9830375247606461
2016-05-25 10:00:00,0.9928127239241135,0.9912887526200502,0.9971604126255067,0.9836546095629078
2016-05-25 11:00:00,0.992628829664425,0.991920723591076,0.9970824356281681,0.9854778452718922
2016-05-25 12:00:00,0.9939083573164803,0.9926054765187304,0.9969594791306099,0.9861916688045232
2016-05-25 13:00:00,0.9950446168898948,0.9950886004378737,0.9971604126255065,0.985729201649117
2016-05-26 07:00:00,0.9950446168898948,0.99652052171659,0.9976930110351964,0.987156585907983
2016-05-26 08:00:00,0.9965796149058438,0.9987745673360763,0.9977741396695843,0.9894567797407363
2016-05-26 09:00:00,0.9972153997328166,0.99734264605736,0.9975254513995027,0.9915012488018642
2016-05-26 10:00:00,0.9978772558494706,0.99734264605736,0.997271513372606,0.9918304845466946
2016-05-26 11:00:00,0.9987600762323967,0.9980898144084218,0.9969176021120428,0.9932578688055607
2016-05-26 12:00:00,0.9992884246458866,0.9980898144084218,0.997360638412403,0.9932578688055604
2016-05-26 13:00:00,0.9991198641902268,0.9980898144084218,0.9971715401389394,0.9935871045503911
2016-05-27 07:00:00,0.9987600762323967,0.9980898144084218,0.9971715401389396,0.9940495717057973
2016-05-27 08:00:00,0.9991198641902268,0.99734264605736,0.9975744219184448,0.9922929517021006
2016-05-27 09:00:00,0.9991198641902268,0.9987745673360762,0.9976539435146714,0.9922929517021011
2016-05-27 10:00:00,0.9987600762323966,0.9995217356871378,0.9972109072143113,0.9912501552310354
2016-05-27 11:00:00,0.9984297014140168,0.9980898144084217,0.9973800738881661,0.9900738645429982
2016-05-27 12:00:00,0.9978772558494706,0.99652052171659,0.997774139669584,0.9897446287981676
2016-05-27 13:00:00,0.9982076306678505,0.9980898144084218,0.9975254513995025,0.9890308052655366
2016-05-31 07:00:00,0.9989286366880564,0.9987745673360763,0.9975744219184448,0.9890308052655366
2016-05-31 08:00:00,0.9987600762323967,0.9987745673360763,0.9978231101885262,0.9897446287981676
2016-05-31 09:00:00,0.9978772558494706,0.99734264605736,0.9979486301158669,0.9897446287981676
2016-05-31 10:00:00,0.9982076306678506,0.9950886004378738,0.9982615672628969,0.9891275439959056
2016-05-31 11:00:00,0.9974866246476445,0.995910724778644,0.9982615672628969,0.9881258714058435
2016-05-31 12:00:00,0.9974866246476445,0.99734264605736,0.9982615672628969,0.9877412836180429
2016-05-31 13:00:00,0.9965633202921113,0.99734264605736,0.9984848722156454,0.9855334601212582
2016-06-01 07:00:00,0.9965633202921113,0.99734264605736,0.9985250267365001,0.9855334601212582
2016-06-01 08:00:00,0.9973180641919848,0.9980898144084218,0.9986078287132037,0.9855334601212584
2016-06-01 09:00:00,0.9973180641919848,0.99734264605736,0.9986556330443146,0.9855334601212584
2016-06-01 10:00:00,0.9980390702121906,0.9965205217165898,0.9986966071578478,0.9859959272766644
2016-06-01 11:00:00,0.9977086953938108,0.993352644869792,0.9986966071578477,0.9855334601212582
2016-06-01 12:00:00,0.9972024268772894,0.9920359209711118,0.9989617399737667,0.9848196365886271
2016-06-01 13:00:00,0.9972024268772894,0.993352644869792,0.9992268727896857,0.9862470208474932
2016-06-02 07:00:00,0.9972024268772894,0.9898408937442943,0.9990035678369374,0.9866316086352938
2016-06-02 08:00:00,0.9970468392771568,0.9838358963876852,0.9991801803900817,0.9878078993233308
2016-06-02 09:00:00,0.9978925896534994,0.9838358963876852,0.9994034853428302,0.9880957483807621
2016-06-02 10:00:00,0.9975328016956692,0.9838358963876852,0.9991801803900817,0.9870529519096966
2016-06-02 11:00:00,0.9977254593023852,0.9851526202863655,0.9990035678369373,0.9865904847542905
2016-06-02 12:00:00,0.9984156220785952,0.9838358963876852,0.9992687006528563,0.9862058969664899
2016-06-02 13:00:00,0.9982538077158751,0.9825191724890048,0.9994453132060006,0.9862058969664899
2016-06-03 07:00:00,0.9975328016956694,0.9764565764423778,0.9994034853428302,0.9862058969664899
2016-06-03 08:00:00,0.9982538077158751,0.9764565764423778,0.9993607673921932,0.986919720499121
2016-06-03 09:00:00,0.9986135956737053,0.9838358963876852,0.9994453132060006,0.9897446287981676
2016-06-03 10:00:00,0.9987754100364254,0.9851526202863655,0.9994034853428302,0.9900738645429981
2016-06-03 11:00:00,0.9987754100364254,0.9851526202863655,0.9991850449265153,0.990920919486205
2016-06-03 12:00:00,0.9991198641902268,0.9777733003410581,0.9993189395290227,0.9905916837413743
2016-06-03 13:00:00,0.9991198641902268,0.9770885474134036,0.9993607673921932,0.9897446287981676
2016-06-06 07:00:00,0.9991198641902268,0.9770885474134037,0.9995373799453374,0.9905916837413742
2016-06-06 08:00:00,0.9985674186256807,0.9744379049728933,0.9994917489215317,0.9905916837413743
2016-06-06 09:00:00,0.997812674725807,0.9744379049728933,0.9994053842243802,0.9902624479965437
2016-06-06 10:00:00,0.9976441142701473,0.9738059340018674,0.9993635563612095,0.9907249151519498
2016-06-06 11:00:00,0.9969539514939374,0.9750246551636618,0.9995819967775245,0.9907249151519498
2016-06-06 12:00:00,0.995817691920523,0.9744379049728933,0.9995373799453376,0.9897232425618878
2016-06-06 13:00:00,0.9953114234040016,0.973121181074213,0.999411860017997,0.988259102816419
2016-06-07 07:00:00,0.9942730154209428,0.9702351644837008,0.9995428415473354,0.9867949630709508
2016-06-07 08:00:00,0.9927501435478042,0.969100840980633,0.999408946944828,0.9867949630709508
2016-06-07 09:00:00,0.9929428011545203,0.9715518883823812,0.9993225822476767,0.9871795508587514
2016-06-07 10:00:00,0.9946212606277915,0.9776144844290082,0.9994991948008208,0.9876420180141574
2016-06-07 11:00:00,0.9946212606277915,0.9776144844290082,0.9994991948008208,0.9876420180141572
2016-06-07 12:00:00,0.9953114234040016,0.9782992373566627,0.9993682132714825,0.9881044851695637
2016-06-07 13:00:00,0.9960015861802115,0.9817720041379431,0.9992779654154895,0.9891061577596258
2016-06-08 07:00:00,0.9960015861802116,0.9824039751089692,0.9993225822476764,0.9891061577596258
2016-06-08 08:00:00,0.995817691920523,0.9838358963876851,0.999408946944828,0.9898199812922569
2016-06-08 09:00:00,0.9963460403340129,0.9831511434600309,0.9993225822476764,0.9898199812922569
2016-06-08 10:00:00,0.9963460403340129,0.9819324222982365,0.9993225822476764,0.9891061577596258
2016-06-08 11:00:00,0.996507854696733,0.9838358963876851,0.9990686442207798,0.9881044851695637
2016-06-08 12:00:00,0.9960015861802116,0.9838358963876851,0.9990686442207798,0.9881044851695637
2016-06-08 13:00:00,0.995817691920523,0.9851526202863655,0.9990686442207798,0.9888183087021946
2016-06-09 07:00:00,0.995655877557803,0.9851526202863655,0.9988636026972129,0.9884337209143942
2016-06-09 08:00:00,0.9956558775578028,0.9851526202863655,0.9989063206478499,0.9888183087021948
2016-06-09 09:00:00,0.9966235766755575,0.9851526202863655,0.9990402152503574,0.9883558415467883
2016-06-09 10:00:00,0.9977086953938108,0.9898408937442944,0.9991284788290586,0.9898199812922569
2016-06-09 11:00:00,0.9980390702121908,0.9892089227732684,0.9990402152503571,0.9908627777633224
2016-06-09 12:00:00,0.9976441142701473,0.9898408937442944,0.9989063206478499,0.9904003106079161
2016-06-09 13:00:00,0.9976441142701473,0.9905256466719489,0.9990402152503574,0.9904003106079161
2016-06-10 07:00:00,0.9976441142701473,0.9851526202863655,0.9987965638048235,0.9900157228201157
2016-06-10 08:00:00,0.9976441142701473,0.9844678673587111,0.9991284788290586,0.9900157228201157
2016-06-10 09:00:00,0.9976441142701473,0.9831511434600309,0.9993335203526257,0.9893956915818178
2016-06-10 10:00:00,0.9974822999074273,0.9831511434600309,0.9990848320825441,0.9881290486512939
2016-06-10 11:00:00,0.996820443790773,0.9831511434600309,0.9988411806370104,0.9876631810020979
2016-06-10 12:00:00,0.9962920953772834,0.9831511434600309,0.9991284788290586,0.9863965380715741
2016-06-10 13:00:00,0.9962920953772834,0.988524169845614,0.9991284788290586,0.9859306704223783
2016-06-13 07:00:00,0.9951558358038688,0.987092248566898,0.9990848320825441,0.9863965380715743
2016-06-13 08:00:00,0.9951558358038688,0.9870922485668979,0.9989945842265512,0.9863965380715741
2016-06-13 09:00:00,0.9960015861802116,0.9891561408166398,0.9990848320825441,0.9869441087670211
2016-06-13 10:00:00,0.9960015861802116,0.9891561408166398,0.9990402152503574,0.9865566931278398
2016-06-13 11:00:00,0.9944787143070728,0.9831511434600306,0.9990402152503571,0.9855062290356635
2016-06-13 12:00:00,0.9932240747458643,0.9844678673587111,0.9990402152503574,0.9843212891513907
2016-06-13 13:00:00,0.9937303432623857,0.9851526202863655,0.9989945842265513,0.9845788942522194
2016-06-14 07:00:00,0.9940607180807657,0.984467867358711,0.9990382309730659,0.9845788942522192
2016-06-14 08:00:00,0.9942292785364254,0.984467867358711,0.9990382309730659,0.9833122513216956
2016-06-14 09:00:00,0.9938989037180457,0.9777205183844295,0.9989945842265513,0.9821273114374228
2016-06-14 10:00:00,0.9938989037180455,0.9844678673587111,0.9990402152503574,0.9816614437882267
2016-06-14 11:00:00,0.9938989037180455,0.9844678673587111,0.9989499673943644,0.9821273114374228
2016-06-14 12:00:00,0.9938989037180457,0.9838358963876852,0.9988576439709542,0.9836022169163139
2016-06-14 13:00:00,0.9956598117957755,0.9898408937442943,0.9989945842265513,0.985371753243567
2016-06-15 07:00:00,0.9956598117957755,0.9898408937442943,0.9991996257501182,0.9847871568005867
2016-06-15 08:00:00,0.9956598117957755,0.9905256466719486,0.9989063206478499,0.983054646220867
2016-06-15 09:00:00,0.9956598117957755,0.9898408937442943,0.9984820822002046,0.9820041821286905
2016-06-15 10:00:00,0.9940607180807657,0.988524169845614,0.9981122858303949,0.9797801246356059
2016-06-15 11:00:00,0.9920468776892887,0.9892089227732684,0.9979356732772504,0.97931425698641
2016-06-15 12:00:00,0.9920468776892885,0.9898408937442943,0.9979356732772504,0.9775447206591569
2016-06-15 13:00:00,0.9920468776892885,0.988524169845614,0.9979356732772504,0.9785951847513331
2016-06-16 07:00:00,0.9896076309640819,0.9873054486838196,0.9976596786785685,0.974828851513911
2016-06-16 08:00:00,0.9870348485566,0.9892089227732684,0.9976169607279315,0.9733909717825533
2016-06-16 09:00:00,0.9867044737382202,0.9885241698456142,0.99743637372582,0.9719160663036625
2016-06-16 10:00:00,0.9867044737382202,0.9885241698456142,0.9971234365787899,0.9736856026309155
2016-06-16 11:00:00,0.9871904361567329,0.9892089227732684,0.9971234365787899,0.9736856026309155
2016-06-16 12:00:00,0.9871904361567329,0.9892089227732684,0.9971234365787899,0.9736856026309155
2016-06-16 13:00:00,0.9867044737382202,0.9885241698456142,0.996803356775988,0.9714615451378308
2016-06-17 07:00:00,0.983664697744883,0.9819324222982365,0.9963142459367509,0.9714615451378308
2016-06-17 08:00:00,0.9834888040467412,0.9811852539471747,0.9963142459367509,0.9726464850221036
2016-06-17 09:00:00,0.9863729924399459,0.9858735274051036,0.9966343257395525,0.974483126876007
2016-06-17 10:00:00,0.9891013624475602,0.990070031458256,0.9966343257395528,0.9764799237861759
2016-06-17 11:00:00,0.9912232072099143,0.994456629466848,0.9966343257395528,0.9778506979908834
2016-06-17 12:00:00,0.9887839604847075,0.9937718765391934,0.9963632164556931,0.9772661015479029
2016-06-17 13:00:00,0.9877883876999046,0.9925531553773993,0.9957915614509326,0.976800233898707
2016-06-20 07:00:00,0.9876198272442449,0.994456629466848,0.9957915614509326,0.9773478045941539
2016-06-20 08:00:00,0.986431596852726,0.9950886004378737,0.9957915614509326,0.9762973405019777
2016-06-20 09:00:00,0.986431596852726,0.9937718765391934,0.9954498165396412,0.9751863598875178
2016-06-20 10:00:00,0.9866001573083857,0.994456629466848,0.9957209258235006,0.976195397717213
2016-06-20 11:00:00,0.9866001573083857,0.9950886004378738,0.9961044985979628,0.976974721735777
2016-06-20 12:00:00,0.9870673816796988,0.9936566791591578,0.9966761536027232,0.9759656839060821
2016-06-20 13:00:00,0.9877883876999046,0.9950886004378738,0.9966761536027232,0.9759656839060821
2016-06-21 07:00:00,0.9870673816796988,0.99652052171659,0.9963142459367509,0.9759656839060821
2016-06-21 08:00:00,0.986455688019283,0.9933526448697922,0.9959021432368206,0.9762973405019775
2016-06-21 09:00:00,0.9870673816796988,0.9919207235910761,0.9959021432368206,0.9762973405019775
2016-06-21 10:00:00,0.986455688019283,0.9912887526200501,0.9955960363073687,0.9762973405019777
2016-06-21 11:00:00,0.9855323836637495,0.9890347070005638,0.9953975840585957,0.9754181132106352
2016-06-21 12:00:00,0.9874856679704438,0.9907706625686454,0.9953975840585957,0.9762713964990126
2016-06-21 13:00:00,0.9890206659863928,0.9907706625686457,0.9953975840585955,0.9785885035217126
2016-06-22 07:00:00,0.9895066284049053,0.9922025838473617,0.9950914771291436,0.978920160117608
2016-06-22 08:00:00,0.9915204687963826,0.9950886004378738,0.9955960363073685,0.9797734434059854
2016-06-22 09:00:00,0.9922414748165883,0.9973426460573602,0.9961318395462101,0.9802393110551814
2016-06-22 10:00:00,0.9920729143609288,0.995910724778644,0.9959021432368206,0.9816771907865391
2016-06-22 11:00:00,0.9927086991879015,0.9950886004378737,0.9953975840585957,0.9798405489326357
2016-06-22 12:00:00,0.9920729143609289,0.9944566294668479,0.9950914771291434,0.9798405489326357
2016-06-22 13:00:00,0.9923783243695218,0.9937718765391934,0.9950914771291436,0.978573906002112
2016-06-23 07:00:00,0.9927086991879017,0.9922025838473617,0.9950914771291434,0.977099000523221
2016-06-23 08:00:00,0.9922414748165885,0.9878159858387696,0.9950914771291434,0.9762457172348435
2016-06-23 09:00:00,0.9903894487878313,0.9897194599282182,0.995627280367985,0.9742814533320066
2016-06-23 10:00:00,0.9903894487878313,0.9912887526200501,0.9959333872974369,0.9722219514101352
2016-06-23 11:00:00,0.9903894487878313,0.9897194599282182,0.9961928018272849,0.9742814533320066
2016-06-23 12:00:00,0.9927086991879017,0.9928873367750162,0.9968905536274882,0.9768303136778238
2016-06-23 13:00:00,0.9943077929029113,0.994456629466848,0.9973026563274185,0.9768303136778238
2016-06-24 07:00:00,0.9932370476013914,0.99734264605736,0.9975210967437336,0.9754595394731165
2016-06-24 08:00:00,0.9927086991879015,0.9966578931297058,0.9978908931135435,0.9759254071223126
2016-06-24 09:00:00,0.9943077929029115,0.9966578931297058,0.998411906411242,0.9771103470065852
2016-06-24 10:00:00,0.9951535432792541,0.9966578931297058,0.9987052115135102,0.9802136317910124
2016-06-24 11:00:00,0.9951535432792538,0.9966578931297058,0.998786340147898,0.9805035973856306
2016-06-24 12:00:00,0.9948361413164013,0.9966578931297058,0.9988273142614309,0.9805035973856306
2016-06-24 13:00:00,0.995153543279254,0.9980898144084217,0.998786340147898,0.9805035973856306
2016-06-27 07:00:00,0.9948231684608743,0.99734264605736,0.9987052115135102,0.9811252195761443
2016-06-27 08:00:00,0.994463380503044,0.995910724778644,0.9987915762106617,0.9805406231331638
2016-06-27 09:00:00,0.9959862523761828,0.9973426460573602,0.9990626854945212,0.9815910872253402
2016-06-27 10:00:00,0.9955002899576704,0.99734264605736,0.9989763207973696,0.9811252195761443
2016-06-27 11:00:00,0.9939774180845315,0.9950886004378738,0.9985428879405803,0.9796268233225031
2016-06-27 12:00:00,0.9939774180845315,0.9937718765391934,0.9983419544456835,0.9784418834382305
2016-06-27 13:00:00,0.994463380503044,0.9920359209711119,0.9985428879405803,0.9781519178436122
2016-06-28 07:00:00,0.9959862523761828,0.9912887526200501,0.9989763207973699,0.9781519178436122
2016-06-28 08:00:00,0.9963460403340129,0.9937718765391934,0.9990626854945212,0.9776860501944162
2016-06-28 09:00:00,0.9949849828235943,0.9912887526200502,0.9991063322410356,0.9776860501944161
2016-06-28 10:00:00,0.9941392324472516,0.9899720287213698,0.9992720066892311,0.9776860501944161
2016-06-28 11:00:00,0.9936329639307303,0.9873213862808592,0.9990626854945212,0.9755111627402505
2016-06-28 12:00:00,0.9932564120643255,0.9893852785306013,0.9989763207973696,0.9737786521605307
2016-06-28 13:00:00,0.9927891876930126,0.9899720287213698,0.9988453392680313,0.9741103087564263
2016-06-29 07:00:00,0.9934249725199854,0.9912887526200501,0.9985324021210011,0.9769559884400247
2016-06-29 08:00:00,0.9927891876930126,0.9900700314582557,0.9981704944550288,0.9769559884400247
2016-06-29 09:00:00,0.9915484813746264,0.9893852785306013,0.9980499987452697,0.9754413553628802
2016-06-29 10:00:00,0.9909126965476536,0.9899720287213698,0.9980499987452697,0.9754413553628802
2016-06-29 11:00:00,0.9915484813746264,0.9912887526200501,0.9983433038475379,0.9743908912707041
2016-06-29 12:00:00,0.9933767632563583,0.9927206738987662,0.998786340147898,0.9756575342012279
2016-06-29 13:00:00,0.99395561345809,0.9944566294668479,0.9987417233157111,0.9770954139325854
2016-06-30 07:00:00,0.9938057910496298,0.9950886004378737,0.9982986870153511,0.9800479267410875
2016-06-30 08:00:00,0.9946174695747442,0.9950886004378737,0.9981295203414962,0.9787812838105637
2016-06-30 09:00:00,0.9941315071562316,0.9912887526200502,0.998170494455029,0.9787812838105637
2016-06-30 10:00:00,0.9946174695747443,0.9912887526200502,0.9979312011476078,0.9759356041269653
2016-06-30 11:00:00,0.9949940214411488,0.9950886004378738,0.9980593937079297,0.9741660677997123
2016-06-30 12:00:00,0.9942730154209428,0.9950886004378738,0.9981875862682517,0.9746319354489081
2016-06-30 13:00:00,0.9939556134580902,0.994456629466848,0.9980593937079295,0.9731940557175505
2016-07-01 07:00:00,0.992939010101473,0.994456629466848,0.9979312011476076,0.9739802334792775
2016-07-01 08:00:00,0.9915484813746266,0.9909838626855674,0.9977174176415656,0.9727952935950047
2016-07-01 09:00:00,0.9909126965476538,0.9878159858387696,0.9977174176415656,0.9742331733263624
2016-07-01 10:00:00,0.9915484813746266,0.989034707000564,0.9978456102018878,0.9759421931313321
2016-07-01 11:00:00,0.9933767632563585,0.9922025838473617,0.9978456102018878,0.9768214204226744
2016-07-01 12:00:00,0.9941685686759711,0.9930247081881319,0.9980392724855032,0.9780063603069472
2016-07-01 13:00:00,0.9954092749943573,0.9950886004378737,0.9984823087858631,0.9795047565605884
2016-07-05 07:00:00,0.9966499813127431,0.9966578931297055,0.9986589213390076,0.9802238287956652
2016-07-05 08:00:00,0.9968117956754633,0.9966578931297055,0.9983815594868427,0.9816987342745562
2016-07-05 09:00:00,0.9959660452991206,0.9966578931297055,0.9978883281525248,0.9816987342745562
2016-07-05 10:00:00,0.9968117956754633,0.9980898144084217,0.9977117155993803,0.9840158412972564
2016-07-05 11:00:00,0.9975328016956694,0.9980898144084218,0.9978456102018878,0.9840158412972564
2016-07-05 12:00:00,0.9975328016956692,0.9980898144084217,0.9973820251371956,0.9840158412972562
2016-07-05 13:00:00,0.9984156220785952,0.9987745673360762,0.9976271697855729,0.9854907467761472
2016-07-06 07:00:00,0.9989439704920852,0.9995217356871378,0.9977174176415656,0.9854907467761472
2016-07-06 08:00:00,0.9985674186256805,0.9995217356871378,0.9972128584633406,0.9851590901802518
2016-07-06 09:00:00,0.9987600762323967,0.9980898144084218,0.9974580031117176,0.984693222531056
2016-07-06 10:00:00,0.9984297014140167,0.9987745673360762,0.9973784815154915,0.9854122947661328
2016-07-06 11:00:00,0.9977086953938108,0.9980273989850146,0.9970322200651848,0.9865972346504056
2016-07-06 12:00:00,0.9975328016956692,0.9987745673360762,0.9971604126255065,0.9851593549190479
2016-07-06 13:00:00,0.9962920953772834,0.9980898144084217,0.9971604126255067,0.9839744150347751
2016-07-07 07:00:00,0.9964679890754249,0.9965205217165898,0.9972415412598943,0.9851593549190479
2016-07-07 08:00:00,0.9977086953938109,0.9980898144084218,0.9973784815154915,0.9872188568409193
2016-07-07 09:00:00,0.9978772558494706,0.9980898144084217,0.9976271697855729,0.9884037967251921
2016-07-07 10:00:00,0.9982538077158752,0.9995217356871378,0.9978865843154207,0.9866342603979388
2016-07-07 11:00:00,0.9978772558494706,0.9987745673360762,0.9978865843154208,0.9848647240706859
2016-07-07 12:00:00,0.9973912934309582,0.9980898144084218,0.9975476481893464,0.9848647240706859
2016-07-07 13:00:00,0.9973912934309582,0.9987745673360762,0.9973784815154912,0.9848647240706859
2016-07-08 07:00:00,0.9973912934309582,0.9987745673360762,0.997911079925181,0.9844773084315045
2016-07-08 08:00:00,0.9973912934309581,0.9987745673360762,0.9979567109489872,0.9855277725236808
2016-07-08 09:00:00,0.9978772558494706,0.9987745673360762,0.9979968654698419,0.9872973088509339
2016-07-08 10:00:00,0.9975328016956692,0.9987745673360762,0.9979968654698419,0.9872973088509339
2016-07-08 11:00:00,0.9971562498292648,0.9987745673360762,0.9982106489758837,0.9858594291195764
2016-07-08 12:00:00,0.9978772558494706,0.9987745673360762,0.9982106489758837,0.9850732513578492
2016-07-08 13:00:00,0.9984297014140167,0.9987745673360762,0.9982106489758837,0.9848777783115097
2016-07-11 07:00:00,0.9987600762323967,0.99734264605736,0.9982106489758837,0.9845899292540784
2016-07-11 08:00:00,0.998429701414017,0.995910724778644,0.9981704944550291,0.9845899292540784
2016-07-11 09:00:00,0.9982538077158751,0.99734264605736,0.9983798156497389,0.980851087500141
2016-07-11 10:00:00,0.9986135956737053,0.9987745673360762,0.9987417233157111,0.9812356752879416
2016-07-11 11:00:00,0.9986135956737052,0.9995217356871378,0.9987417233157111,0.9800593845999045
2016-07-11 12:00:00,0.9987754100364254,0.9987745673360762,0.9987417233157111,0.9807732081325355
2016-07-11 13:00:00,0.9991198641902267,0.9987745673360762,0.9985526250422477,0.9807732081325355
2016-07-12 07:00:00,0.9989439704920852,0.99734264605736,0.9981405223423175,0.9807732081325355
2016-07-12 08:00:00,0.9986135956737052,0.99734264605736,0.9978865843154208,0.9811024438773659
2016-07-12 09:00:00,0.9987754100364254,0.9957733533655282,0.9979711301292282,0.9811024438773659
2016-07-12 10:00:00,0.9986135956737052,0.9926054765187304,0.9978506344194688,0.9807732081325355
2016-07-12 11:00:00,0.9984297014140168,0.9957733533655282,0.9973870493547768,0.9797304116614699
2016-07-12 12:00:00,0.9984297014140168,0.993519307746042,0.9968706268173849,0.9827554298827761
2016-07-12 13:00:00,0.9984297014140168,0.993519307746042,0.9971639319196531,0.9847998989439041
2016-07-13 07:00:00,0.998429701414017,0.9935193077460418,0.9972057597828238,0.9858426954149693
2016-07-13 08:00:00,0.998429701414017,0.9957733533655283,0.9976803544570453,0.9852623660993101
2016-07-13 09:00:00,0.9984297014140167,0.9926054765187305,0.9977667191541966,0.9842606935092477
2016-07-13 10:00:00,0.9984297014140168,0.9926054765187305,0.9972921244799752,0.9842606935092477
2016-07-13 11:00:00,0.9973912934309581,0.9926054765187305,0.9970434362098937,0.9822162244481202
2016-07-13 12:00:00,0.9978772558494705,0.9926054765187304,0.996917916282553,0.9822162244481202
2016-07-13 13:00:00,0.9980611501091591,0.9912887526200501,0.9970870829564082,0.9830632793913268
2016-07-14 07:00:00,0.9975328016956692,0.9870922485668979,0.9971666045526346,0.9820616068012644
2016-07-14 08:00:00,0.9964943937126106,0.9824039751089692,0.9969179162825532,0.9817323710564339
2016-07-14 09:00:00,0.9972153997328166,0.9877770014945523,0.9970042809797047,0.981732371056434
2016-07-14 10:00:00,0.9975328016956692,0.985522955875066,0.996475420449691,0.9814031353116034
2016-07-14 11:00:00,0.9971562498292645,0.9855229558750662,0.9959335042469932,0.9809406681561972
2016-07-14 12:00:00,0.9962329454737313,0.979517958518457,0.9959728713223649,0.9796832707945093
2016-07-14 13:00:00,0.9959155435108787,0.9801499294894829,0.9959335042469932,0.9786815982044471
2016-07-15 07:00:00,0.9960711311110113,0.979517958518457,0.9952496746472632,0.9783523624596164
2016-07-15 08:00:00,0.9955851686924989,0.9801499294894829,0.9943476840708874,0.9766324979425225
2016-07-15 09:00:00,0.9961640188942308,0.9861549268460919,0.9943476840708874,0.9757854429993157
2016-07-15 10:00:00,0.9961640188942308,0.986154926846092,0.9942221641435469,0.9760411677709414
2016-07-15 11:00:00,0.9972024268772894,0.9884089724655781,0.9950060232017296,0.976888222714148
2016-07-15 12:00:00,0.9959617205589034,0.9884089724655781,0.9946808436641069,0.9789326917752758
2016-07-15 13:00:00,0.9970468392771568,0.9926054765187304,0.9948063635914473,0.9785481039874752
2016-07-18 07:00:00,0.9964943937126106,0.9884089724655781,0.9940225045332645,0.9799088725410534
2016-07-18 08:00:00,0.9964943937126106,0.9898408937442943,0.9945925800854052,0.978866076069988
2016-07-18 09:00:00,0.9959155435108787,0.9877770014945523,0.9948063635914474,0.9765658822372347
2016-07-18 10:00:00,0.9969539514939374,0.9897194599282182,0.9950451784319188,0.9776086787083001
2016-07-18 11:00:00,0.9962329454737315,0.9859196121103947,0.9950451784319188,0.9781890080239594
2016-07-18 12:00:00,0.9959155435108787,0.9865515830814204,0.994105306509968,0.9791906806140219
2016-07-18 13:00:00,0.9969539514939373,0.9890347070005638,0.993932497117459,0.9795752684018223
2016-07-19 07:00:00,0.9969539514939373,0.9912887526200501,0.9938915230039259,0.9807515590898594
2016-07-19 08:00:00,0.9969539514939373,0.9912887526200501,0.993632108474078,0.9822156988353278
2016-07-19 09:00:00,0.9969539514939373,0.9912887526200501,0.9934389158520995,0.9819278497778967
2016-07-19 10:00:00,0.9966235766755575,0.9912887526200501,0.9934389158520998,0.9815432619900961
2016-07-19 11:00:00,0.9966235766755575,0.9870922485668979,0.9938915230039259,0.98326312650719
2016-07-19 12:00:00,0.9969539514939373,0.9877770014945523,0.9938915230039259,0.9847272662526585
2016-07-19 13:00:00,0.9980390702121905,0.9926054765187304,0.994634407948576,0.9851118540404591
2016-07-20 07:00:00,0.9985915157767369,0.9926054765187305,0.9950997971319909,0.9868684740441558
2016-07-20 08:00:00,0.9991198641902268,0.9957733533655283,0.9957672332620293,0.9873309411995618
2016-07-20 09:00:00,0.9989439704920852,0.993519307746042,0.9961826606556452,0.9858434821448524
2016-07-20 10:00:00,0.9989439704920852,0.9950886004378737,0.9961408327924746,0.9877934083549681
2016-07-20 11:00:00,0.9986135956737053,0.9937718765391934,0.9958814182626264,0.9892575481004364
2016-07-20 12:00:00,0.9989439704920852,0.9937718765391934,0.9961408327924746,0.9892575481004364
2016-07-20 13:00:00,0.9985674186256805,0.9950886004378737,0.9963417662873713,0.9905149454621244
2016-07-21 07:00:00,0.9985674186256805,0.9937718765391934,0.9965145756798801,0.990052478306718
2016-07-21 08:00:00,0.9978772558494705,0.9937718765391934,0.9964317737031765,0.9885883385612497
2016-07-21 09:00:00,0.9980390702121906,0.9937718765391934,0.996475420449691,0.9882037507734491
2016-07-21 10:00:00,0.9980390702121906,0.9930247081881319,0.996516394563224,0.9878191629856488
2016-07-21 11:00:00,0.9980390702121906,0.9952787538076182,0.9972075786661677,0.9873566958302424
2016-07-21 12:00:00,0.9982076306678505,0.9944566294668479,0.9970870829564082,0.9879370251459016
2016-07-21 13:00:00,0.9980390702121906,0.9950886004378737,0.9972075786661677,0.9867607344578646
2016-07-22 07:00:00,0.9980390702121906,0.993519307746042,0.9969588903960863,0.9872232016132708
2016-07-22 08:00:00,0.9978772558494706,0.9897194599282184,0.9969179162825532,0.986606116811009
2016-07-22 09:00:00,0.9975328016956692,0.9890347070005638,0.9961881222576429,0.9856044442209468
2016-07-22 10:00:00,0.9975328016956692,0.989034707000564,0.996188122257643,0.9851419770655406
2016-07-22 11:00:00,0.9969539514939373,0.9897194599282182,0.996188122257643,0.9854298261229719
2016-07-22 12:00:00,0.9977086953938108,0.993519307746042,0.9969179162825532,0.9854298261229719
2016-07-22 13:00:00,0.9972024268772894,0.993519307746042,0.9967169827876564,0.9858922932783781
2016-07-25 07:00:00,0.996807470935246,0.9950886004378737,0.99623084020828,0.9836844697815931
2016-07-25 08:00:00,0.9968074709352459,0.9926054765187305,0.9960998586789416,0.9836844697815931
2016-07-25 09:00:00,0.9978925896534994,0.9950886004378738,0.9966287192089551,0.9846861423716554
2016-07-25 10:00:00,0.9987754100364254,0.9966578931297058,0.9973042473780732,0.9851486095270616
2016-07-25 11:00:00,0.9980852472602153,0.9945940008799636,0.9970605959325396,0.9846861423716556
2016-07-25 12:00:00,0.9980852472602155,0.9960259221586797,0.9971861158598803,0.9856878149617178
2016-07-25 13:00:00,0.9975789787436941,0.9966578931297058,0.9973042473780732,0.9856878149617178
2016-07-26 07:00:00,0.9965405707606353,0.9945940008799636,0.9970605959325396,0.9856878149617178
2016-07-26 08:00:00,0.997386321136978,0.9959107247786441,0.9968839833793951,0.9849739914290865
2016-07-26 09:00:00,0.9965405707606353,0.9945940008799636,0.9967610268818369,0.9839311949580211
2016-07-26 10:00:00,0.9955021627775764,0.9945940008799636,0.9966451685389237,0.9829295223679589
2016-07-26 11:00:00,0.9965405707606353,0.9930247081881317,0.9961705738647022,0.9824670552125526
2016-07-26 12:00:00,0.9952998644422493,0.9901386915976196,0.9962864322076156,0.9836433459005898
2016-07-26 13:00:00,0.9956948203842925,0.9901386915976196,0.9967610268818369,0.9836433459005898
2016-07-27 07:00:00,0.9946992475994898,0.9857520935890275,0.9964794940907282,0.9840279336883904
2016-07-27 08:00:00,0.9956948203842925,0.98258421674223,0.9966451685389237,0.983026261098328
2016-07-27 09:00:00,0.9956948203842925,0.986970814750822,0.9962132918153392,0.9815621213528596
2016-07-27 10:00:00,0.9967332283673512,0.9890347070005638,0.9964645815368123,0.9811775335650592
2016-07-27 11:00:00,0.9975789787436938,0.9855229558750662,0.9969691407150373,0.9821792061551216
2016-07-27 12:00:00,0.9980852472602153,0.9855229558750662,0.9970683062679375,0.9827962909573832
2016-07-27 13:00:00,0.9987754100364254,0.990351430899244,0.9972966976011599,0.981620000269346
2016-07-28 07:00:00,0.9983988581700208,0.9926054765187305,0.9975782303922683,0.9802592317157678
2016-07-28 08:00:00,0.9978200079682891,0.993519307746042,0.99775881739438,0.9812609043058301
2016-07-28 09:00:00,0.9973137394517676,0.990351430899244,0.9974527104649279,0.9806438195035684
2016-07-28 10:00:00,0.996807470935246,0.9897194599282184,0.9972966976011599,0.9776188012822621
2016-07-28 11:00:00,0.996145614818592,0.9903514308992443,0.9974527104649279,0.9755743322211344
2016-07-28 12:00:00,0.9946919532823247,0.9865515830814204,0.9971711776738195,0.9735298631600067
2016-07-28 13:00:00,0.9953538093989791,0.9903514308992443,0.9972966976011599,0.9739923303154129
2016-07-29 07:00:00,0.9960156655156331,0.9928345548183876,0.99775881739438,0.9731452753722061
2016-07-29 08:00:00,0.9953538093989789,0.9890347070005638,0.997589650720525,0.9722724657983188
2016-07-29 09:00:00,0.9946919532823247,0.988402736029538,0.9973081179294163,0.9718099986429127
2016-07-29 10:00:00,0.9952998644422493,0.9897194599282182,0.9976332974670394,0.9722724657983188
2016-07-29 11:00:00,0.996145614818592,0.9922025838473617,0.99775881739438,0.9722724657983188
2016-07-29 12:00:00,0.996145614818592,0.9922025838473617,0.9972966976011601,0.9732741383883812
2016-07-29 13:00:00,0.996807470935246,0.9937718765391934,0.9972966976011601,0.9747382781338496
2016-08-01 07:00:00,0.9960156655156331,0.9937718765391934,0.9971497277171486,0.9753553629361114
2016-08-01 08:00:00,0.9953538093989789,0.9917079842894515,0.9968436207876967,0.973867903881402
2016-08-01 09:00:00,0.9949940214411488,0.9945940008799636,0.9970242077898082,0.9735386681365714
2016-08-01 10:00:00,0.9954092749943573,0.9966578931297055,0.9973057405809166,0.9745814646076368
2016-08-01 11:00:00,0.9940187462675107,0.9945940008799636,0.9971400661327211,0.975295288140268
2016-08-01 12:00:00,0.9935327838489983,0.9917079842894515,0.9970242077898082,0.9738679038814019
2016-08-01 13:00:00,0.9935327838489983,0.9937718765391936,0.9973057405809166,0.9738679038814019
2016-08-02 07:00:00,0.994018746267511,0.9958357687889355,0.9973959884369097,0.9738679038814019
2016-08-02 08:00:00,0.9954092749943573,0.9980898144084218,0.9973959884369097,0.975044194569439
2016-08-02 09:00:00,0.9947734901673843,0.9966578931297055,0.9973959884369097,0.977574450095214
2016-08-02 10:00:00,0.9949233125758449,0.9945940008799636,0.9973959884369097,0.9763981594071768
2016-08-02 11:00:00,0.994131507156232,0.9945940008799636,0.9972650069075712,0.9763981594071768
2016-08-02 12:00:00,0.9949233125758449,0.9945940008799636,0.9977180837210345,0.9781180239242708
2016-08-02 13:00:00,0.9947734901673843,0.9911212340986831,0.9977180837210345,0.9766906396654048
2016-08-03 07:00:00,0.994358236614176,0.9902991097579129,0.9978490652503728,0.9770752274532052
2016-08-03 08:00:00,0.9949940214411489,0.9895519414068514,0.9974787904136132,0.9767873783957742
2016-08-03 09:00:00,0.9954092749943573,0.9918059870263375,0.9976724526972285,0.9777890509858363
2016-08-03 10:00:00,0.9955851686924988,0.9918059870263375,0.9978490652503729,0.9803516020517364
2016-08-03 11:00:00,0.9966235766755575,0.9925531553773993,0.99775881739438,0.980736189839537
2016-08-03 12:00:00,0.9973137394517676,0.990070031458256,0.9978433632081876,0.9829440133363216
2016-08-03 13:00:00,0.996807470935246,0.9900700314582558,0.9975782303922686,0.9829440133363216
2016-08-04 07:00:00,0.996145614818592,0.98410723293101,0.9972966976011599,0.9826561642788904
2016-08-04 08:00:00,0.9959617205589034,0.9841072329310098,0.9975782303922686,0.9829440133363216
2016-08-04 09:00:00,0.9956563105503103,0.9795735890242366,0.9972966976011601,0.9844081530817901
2016-08-04 10:00:00,0.9964679890754247,0.9818531873115237,0.9973812434149676,0.983694329549159
2016-08-04 11:00:00,0.9966365495310846,0.9818531873115237,0.9971101341311079,0.9808694212501126
2016-08-04 12:00:00,0.9966365495310846,0.9858735274051037,0.9973874959832728,0.9774598152410058
2016-08-04 13:00:00,0.996838847866412,0.9858735274051037,0.9976586052671322,0.9774598152410059
2016-08-05 07:00:00,0.9972153997328164,0.9877770014945523,0.9976586052671322,0.975251991744221
2016-08-05 08:00:00,0.9974080573395324,0.9919735055477046,0.9976586052671323,0.9792786825555895
2016-08-05 09:00:00,0.9977678452973627,0.9912887526200502,0.9979401380582407,0.9788162154001833
2016-08-05 10:00:00,0.9973912934309582,0.98997202872137,0.9978974201076038,0.9806394511091675
2016-08-05 11:00:00,0.996838847866412,0.9893852785306015,0.9975844829605736,0.982396071112864
2016-08-05 12:00:00,0.9966702874107523,0.9893852785306015,0.9975844829605736,0.9835723618009014
2016-08-05 13:00:00,0.9971562498292648,0.9893852785306015,0.9975844829605736,0.9842861853335324
2016-08-08 07:00:00,0.9964943937126105,0.9873213862808594,0.9975844829605736,0.983956949588702
2016-08-08 08:00:00,0.9954092749943573,0.9833010461872795,0.9975844829605736,0.9831098946454951
2016-08-08 09:00:00,0.994485970638824,0.9846177700859599,0.9975844829605736,0.9816825103866291
2016-08-08 10:00:00,0.9934903978540209,0.9857520935890277,0.9973874959832728,0.9810654255843675
2016-08-08 11:00:00,0.9921923239178866,0.9857520935890277,0.9970255883173005,0.9814500133721679
2016-08-08 12:00:00,0.993490397854021,0.9895519414068513,0.9975355124416315,0.9817792491169984
2016-08-08 13:00:00,0.9937958078626141,0.9907706625686454,0.9973663457677765,0.9817792491169984
2016-08-09 07:00:00,0.9939981061979413,0.9930247081881317,0.9974153162867188,0.9831400176705767
2016-08-09 08:00:00,0.9952388125163274,0.9952787538076182,0.9977692275472817,0.9856770769121921
2016-08-09 09:00:00,0.9952388125163274,0.9952787538076182,0.9979283331790081,0.985677076912192
2016-08-09 10:00:00,0.9950832249161947,0.9933752797181693,0.9977145496729659,0.9860616646999925
2016-08-09 11:00:00,0.9948809265808672,0.9925531553773993,0.9975744219184448,0.983236756400946
2016-08-09 12:00:00,0.9948809265808672,0.994122448069231,0.9977145496729659,0.98180937214208
2016-08-09 13:00:00,0.9948809265808674,0.9967730905097416,0.9976177748229127,0.9800527521383833
2016-08-10 07:00:00,0.9948809265808674,0.9967730905097416,0.9979796824888851,0.9780705303881425
2016-08-10 08:00:00,0.9948809265808674,0.9967730905097416,0.997887359065475,0.9800527521383833
2016-08-10 09:00:00,0.9959660452991206,0.9952037978179096,0.9978873590654748,0.9796681643505828
2016-08-10 10:00:00,0.9959660452991206,0.9927206738987664,0.997714549672966,0.978954340817952
2016-08-10 11:00:00,0.9948809265808674,0.9927206738987664,0.9972425068942097,0.978410766988895
2016-08-10 12:00:00,0.9944137022095542,0.9900700314582558,0.9973204838915483,0.978954340817952
2016-08-10 13:00:00,0.9945755165722744,0.9886381101795397,0.9973606384124029,0.978954340817952
2016-08-11 07:00:00,0.9955710893570773,0.9918059870263376,0.9977145496729659,0.9809988098790795
2016-08-11 08:00:00,0.9944859706388238,0.9918059870263376,0.9975554440412397,0.9809988098790795
2016-08-11 09:00:00,0.9928824866940966,0.9893549396245894,0.9975964181547727,0.9809988098790795
2016-08-11 10:00:00,0.9922707930336807,0.9863905884096481,0.9977145496729659,0.9816158946813414
2016-08-11 11:00:00,0.993355911751934,0.9863905884096481,0.9979283331790079,0.9806142220912791
2016-08-11 12:00:00,0.9935688669698152,0.9863905884096481,0.998241270326038,0.9784063985944943
2016-08-11 13:00:00,0.9944921713253484,0.9863905884096481,0.9983694628863601,0.9806142220912791
2016-08-12 07:00:00,0.9960271693412974,0.9863905884096481,0.9987550914120383,0.9809020711487104
2016-08-12 08:00:00,0.9951038649857642,0.9901021079756511,0.9987550914120383,0.9786942476519254
2016-08-12 09:00:00,0.9945755165722744,0.9901021079756511,0.9983694628863601,0.9780771628496637
2016-08-12 10:00:00,0.9939638229118585,0.9863905884096481,0.998241270326038,0.9780771628496637
2016-08-12 11:00:00,0.9954988209278076,0.9863905884096481,0.9984899585961193,0.9770754902596016
2016-08-12 12:00:00,0.9960271693412974,0.9872127127504181,0.9987550914120383,0.9778559294975202
2016-08-12 13:00:00,0.9954988209278077,0.9872127127504181,0.9985064031419569,0.9764285452386543
2016-08-15 07:00:00,0.9945755165722744,0.9863905884096479,0.9982412703260379,0.9768131330264547
2016-08-15 08:00:00,0.9948809265808674,0.9893549396245894,0.9977692275472817,0.9756368423384175
2016-08-15 09:00:00,0.9944137022095542,0.9856434200585864,0.9974073198813096,0.9759660780832482
2016-08-15 10:00:00,0.9952965225924802,0.9863905884096479,0.9976946180733577,0.9750932685093607
2016-08-15 11:00:00,0.9966870513193266,0.9872127127504181,0.9979597508892766,0.974476183707099
2016-08-15 12:00:00,0.9970044532821793,0.9863905884096481,0.9979597508892768,0.9741469479622685
2016-08-15 13:00:00,0.9977254593023852,0.9909242323164211,0.9982986870153511,0.9751486205523306
2016-08-16 07:00:00,0.9974080573395325,0.9872127127504181,0.9982986870153511,0.9747640327645302
2016-08-16 08:00:00,0.9974080573395325,0.9872127127504181,0.9981295203414959,0.9752264999199363
2016-08-16 09:00:00,0.9972153997328166,0.9863905884096479,0.9985725566418561,0.9744460606820177
2016-08-16 10:00:00,0.9964943937126106,0.9863905884096479,0.9983186186149595,0.971909001440402
2016-08-16 11:00:00,0.9954988209278076,0.9821959953696222,0.9981001781986446,0.9722382371852327
2016-08-16 12:00:00,0.9947778149076016,0.9856434200585864,0.9981001781986446,0.9726228249730333
2016-08-16 13:00:00,0.9945755165722744,0.9839074644905048,0.9983997472493473,0.9707995892640489
2016-08-17 07:00:00,0.9932428168916526,0.9788907471097085,0.9981403327194992,0.9707995892640489
2016-08-17 08:00:00,0.9936926961893483,0.9774588258309925,0.9981001781986446,0.9707995892640489
2016-08-17 09:00:00,0.9936926961893483,0.9816534188710183,0.9977940712691923,0.9700857657314177
2016-08-17 10:00:00,0.9926075774710951,0.9833010461872795,0.9973116678934607,0.9682625300224337
2016-08-17 11:00:00,0.9913668711527088,0.9846177700859599,0.997012098842758,0.9682625300224335
2016-08-17 12:00:00,0.9911539159348278,0.9871008940051033,0.9973977273684363,0.9689763535550645
2016-08-17 13:00:00,0.9908485059262347,0.9846177700859596,0.9968651289587467,0.9703371221086425
2016-08-18 07:00:00,0.9888757547554003,0.9816534188710183,0.9965188675084401,0.9663104312972741
2016-08-18 08:00:00,0.987790636037147,0.9833010461872793,0.9964795004330684,0.9663104312972743
2016-08-18 09:00:00,0.9880154339741514,0.9805364634128434,0.9968651289587467,0.9674867219853115
2016-08-18 10:00:00,0.9894059627009978,0.9815650906191977,0.9972040650848211,0.9705117402066176
2016-08-18 11:00:00,0.9907040366371322,0.9815650906191977,0.9976571418982845,0.9708409759514482
2016-08-18 12:00:00,0.9907040366371322,0.9780533394937001,0.9976177748229128,0.9696646852634109
2016-08-18 13:00:00,0.9907040366371322,0.9754026970531897,0.9976571418982845,0.9711288250088795
2016-08-19 07:00:00,0.9921576981733992,0.9786009128059995,0.9976571418982845,0.9721304975989417
2016-08-19 08:00:00,0.9926075774710951,0.9780533394937001,0.9973182057722101,0.9726740714279986
2016-08-19 09:00:00,0.9913668711527089,0.978685310464726,0.9969325772465316,0.9720569866257367
2016-08-19 10:00:00,0.9896189179188788,0.978685310464726,0.9964795004330682,0.9717691375683054
2016-08-19 11:00:00,0.9896189179188788,0.978685310464726,0.9958568097366501,0.971439901823475
2016-08-19 12:00:00,0.9913668711527089,0.9828818145178781,0.9960552619854229,0.9729040415689434
2016-08-19 13:00:00,0.9911539159348278,0.9835665674455324,0.996007457654312,0.9739468380400088
2016-08-22 07:00:00,0.9894059627009977,0.9853328619196262,0.9954627439552322,0.9732330145073779
2016-08-22 08:00:00,0.9875776808192659,0.982881814517878,0.9950006241620123,0.9732330145073781
2016-08-22 09:00:00,0.9875776808192659,0.9853328619196262,0.995038505507587,0.9729772897357521
2016-08-22 10:00:00,0.9893256340530961,0.9878159858387695,0.9955105482863432,0.9729772897357521
2016-08-22 11:00:00,0.9894754564615563,0.989034707000564,0.9954325712890049,0.9744046739946182
2016-08-22 12:00:00,0.9891811647639933,0.9842062319763859,0.9954325712890049,0.9734030014045558
2016-08-22 13:00:00,0.9893256340530961,0.9815555895358753,0.994922647164674,0.9724013288144937
2016-08-23 07:00:00,0.9911539159348278,0.9863840645600533,0.994922647164674,0.9736587261761815
2016-08-23 08:00:00,0.9920367363177541,0.9878159858387695,0.995346885612319,0.9751228659216499
2016-08-23 09:00:00,0.9920367363177541,0.9846481089919717,0.995346885612319,0.97512286592165
2016-08-23 10:00:00,0.9932774426361399,0.9836194817856174,0.995700796872882,0.9741211933315878
2016-08-23 11:00:00,0.9932774426361399,0.9836194817856174,0.9963613689148753,0.9759444290405721
2016-08-23 12:00:00,0.9932774426361399,0.9815555895358753,0.995738678218457,0.975481961885166
2016-08-23 13:00:00,0.9932774426361399,0.9777557417180517,0.9954325712890049,0.9769461016306344
2016-08-24 07:00:00,0.9932774426361399,0.9786695729453632,0.9954325712890049,0.975481961885166
2016-08-24 08:00:00,0.9924447335392109,0.9821423397266436,0.9958568097366499,0.9740178221396975
2016-08-24 09:00:00,0.9905282378613486,0.9815555895358755,0.995700796872882,0.9719733530785697
2016-08-24 10:00:00,0.9905282378613486,0.9863840645600536,0.996361368914875,0.9689483348572635
2016-08-24 11:00:00,0.9905282378613486,0.9890347070005638,0.9967003050409494,0.9659233166359572
2016-08-24 12:00:00,0.9889932398453993,0.9842062319763859,0.9968184365591426,0.9656675918643317
2016-08-24 13:00:00,0.9877137121933443,0.9829875108145916,0.9968184365591426,0.9662846766665935
2016-08-25 07:00:00,0.9889544185117303,0.9864602775958721,0.9971646980094494,0.9650272793049057
2016-08-25 08:00:00,0.9905535122267402,0.9912887526200501,0.9976177748229127,0.9656076086205649
2016-08-25 09:00:00,0.9907153265894604,0.989034707000564,0.997271513372606,0.9662246934228269
2016-08-25 10:00:00,0.9898293130450174,0.9869708147508218,0.9968184365591426,0.9656076086205649
2016-08-25 11:00:00,0.987889511867752,0.9825842167422297,0.9965188675084399,0.9656076086205649
2016-08-25 12:00:00,0.9880918102030796,0.9834980479695414,0.9968651289587467,0.9648339730984866
2016-08-25 13:00:00,0.9894528677134982,0.9872978957873649,0.9973977273684363,0.9648339730984866
2016-08-26 07:00:00,0.9904205668312529,0.9895519414068513,0.9978407636687965,0.9668784421596144
2016-08-26 08:00:00,0.9923603680085179,0.9922025838473617,0.9978885679999074,0.9688283683697299
2016-08-26 09:00:00,0.9921580696731905,0.9912887526200501,0.9978885679999074,0.9708105901199707
2016-08-26 10:00:00,0.9927369198749223,0.9930247081881319,0.9978885679999074,0.9738356083412769
2016-08-26 11:00:00,0.9921580696731905,0.9930247081881319,0.9978885679999074,0.9752629926001427
2016-08-26 12:00:00,0.9914370636529845,0.9930247081881319,0.9978885679999077,0.9761100475433495
2016-08-26 13:00:00,0.9921580696731903,0.9937718765391934,0.9981946749293598,0.9757254597555491
2016-08-29 07:00:00,0.9917631137311471,0.9950886004378738,0.9984540894592075,0.9769828571172369
2016-08-29 08:00:00,0.9935724316311232,0.993352644869792,0.9983595927284924,0.9773120928620673
2016-08-29 09:00:00,0.9943271755309968,0.9950886004378738,0.9984540894592075,0.9780925320999861
2016-08-29 10:00:00,0.9947037273974013,0.99652052171659,0.9983617660357975,0.9772454771567796
2016-08-29 11:00:00,0.9928944094974252,0.9944566294668479,0.9980078547752342,0.9763726675828922
2016-08-29 12:00:00,0.9911569066554874,0.9944566294668479,0.9977539167483377,0.9766283923545178
2016-08-29 13:00:00,0.9930967078327526,0.9960259221586797,0.9977539167483376,0.9746784661444021
2016-08-30 07:00:00,0.9930967078327526,0.9960259221586797,0.9980668538953676,0.9733176975908241
2016-08-30 08:00:00,0.9932893654394687,0.9960259221586797,0.9983207919222643,0.9740981368287429
2016-08-30 09:00:00,0.9927105152377369,0.99734264605736,0.9980668538953678,0.9732510818855361
2016-08-30 10:00:00,0.9928944094974252,0.9980898144084218,0.9981479825297555,0.9726339970832744
2016-08-30 11:00:00,0.9913495642622037,0.9960259221586797,0.9977145496729659,0.9726339970832744
2016-08-30 12:00:00,0.9932893654394687,0.9980898144084218,0.99776124207257,0.9726339970832744
2016-08-30 13:00:00,0.9927105152377367,0.9966578931297058,0.9981151533331332,0.9726339970832744
2016-08-31 07:00:00,0.9928944094974252,0.9966578931297058,0.998020656602418,0.9740613813421404
2016-08-31 08:00:00,0.9913495642622037,0.9937718765391936,0.997861550970692,0.9740613813421404
2016-08-31 09:00:00,0.9925346215395952,0.9937718765391936,0.9979796824888849,0.9743492303995714
2016-08-31 10:00:00,0.9939489834975276,0.9945940008799637,0.9977145496729659,0.9751296696374905
2016-08-31 11:00:00,0.9939489834975278,0.9937718765391936,0.9976334210385781,0.9761313422275528
2016-08-31 12:00:00,0.9939489834975278,0.9966578931297055,0.9977145496729659,0.975350902989634
2016-08-31 13:00:00,0.9928127239241135,0.9966578931297058,0.9974149806222632,0.973923518730768
2016-09-01 07:00:00,0.9928127239241135,0.9966578931297058,0.9973204838915483,0.9734610515753618
2016-09-01 08:00:00,0.9928127239241135,0.9937718765391936,0.996942937843507,0.9736911132683834
2016-09-01 09:00:00,0.9912898520509749,0.994456629466848,0.996942937843507,0.9716466442072557
2016-09-01 10:00:00,0.9912898520509749,0.9922025838473617,0.9972558749905371,0.9709328206746244
2016-09-01 11:00:00,0.9911059577912862,0.9922025838473617,0.9975554440412399,0.9700857657314179
2016-09-01 12:00:00,0.9894989382266373,0.9902991097579129,0.9970455199169088,0.9689828944645089
2016-09-01 13:00:00,0.9888370821099833,0.9902991097579129,0.9967459508662062,0.9692129561575304
2016-09-02 07:00:00,0.9904441016746323,0.9864992619400894,0.9972558749905371,0.9689251071000992
2016-09-02 08:00:00,0.9915397350669988,0.988402736029538,0.9976334210385781,0.969772162043306
2016-09-02 09:00:00,0.9935124862378333,0.989224860370308,0.9976334210385781,0.9708149585143714
2016-09-02 10:00:00,0.9945080590226364,0.9930247081881317,0.997320483891548,0.9700345192764526
2016-09-02 11:00:00,0.9959617205589034,0.9937718765391934,0.9974149806222632,0.972571578518068
2016-09-02 12:00:00,0.9959617205589034,0.9937718765391934,0.9978090464036811,0.973285402050699
2016-09-02 13:00:00,0.996807470935246,0.9937718765391934,0.9978090464036811,0.9741582116245864
2016-09-06 07:00:00,0.9978925896534994,0.9922025838473617,0.9978090464036811,0.9755855958834522
2016-09-06 08:00:00,0.9975328016956692,0.9922025838473615,0.997714549672966,0.9755855958834524
2016-09-06 09:00:00,0.9975328016956692,0.9912887526200501,0.9974149806222633,0.9748717723508212
2016-09-06 10:00:00,0.9978925896534994,0.9944566294668479,0.9970610693617001,0.9752010080956518
2016-09-06 11:00:00,0.9975751876906467,0.9922025838473617,0.9966368309140551,0.9754888571530831
2016-09-06 12:00:00,0.9970468392771568,0.9950886004378737,0.9966368309140551,0.9742314597913954
2016-09-06 13:00:00,0.9972307335368452,0.9937718765391934,0.9969907421746181,0.9744871845630211
2016-09-07 07:00:00,0.9978925896534995,0.994456629466848,0.9968939673245649,0.9740247174076144
2016-09-07 08:00:00,0.9978925896534994,0.9930247081881319,0.996696980347264,0.9740247174076144
2016-09-07 09:00:00,0.996807470935246,0.9950886004378737,0.9967734716148055,0.9707140226439209
2016-09-07 10:00:00,0.9964476829774159,0.9919207235910761,0.9971124077408797,0.9696712261728553
2016-09-07 11:00:00,0.9954092749943573,0.9926054765187305,0.9967734716148055,0.9689574026402242
2016-09-07 12:00:00,0.9955851686924988,0.993519307746042,0.996361368914875,0.9663948515743244
2016-09-07 13:00:00,0.9941315071562318,0.993519307746042,0.9958514447905441,0.9657777667720624
2016-09-08 07:00:00,0.9933198286311175,0.9922025838473615,0.9953521452391135,0.9669540574600999
2016-09-08 08:00:00,0.9933198286311175,0.992887336775016,0.9947294545426955,0.9691618809568846
2016-09-08 09:00:00,0.9933198286311175,0.9944566294668479,0.9947294545426955,0.9701635535469469
2016-09-08 10:00:00,0.9933198286311175,0.9944566294668479,0.9946178897514993,0.9673386452479003
2016-09-08 11:00:00,0.9930255369335542,0.9944566294668479,0.9939984304156281,0.9683403178379625
2016-09-08 12:00:00,0.9917848306151682,0.9912887526200501,0.9939984304156277,0.9705481413347473
2016-09-08 13:00:00,0.9917848306151682,0.9912887526200502,0.9943113675626577,0.9691207570758813
2016-09-09 07:00:00,0.9917848306151682,0.9878159858387695,0.9943113675626577,0.9676332980211719
2016-09-09 08:00:00,0.9935327838489983,0.9922025838473617,0.9943113675626577,0.9676332980211719
2016-09-09 09:00:00,0.9927409784293855,0.9950886004378738,0.9939984304156281,0.9680957651765781
2016-09-09 10:00:00,0.991929299904271,0.9912887526200501,0.9939984304156277,0.9615021549049089
2016-09-09 11:00:00,0.9909126965476538,0.989856831341334,0.9943113675626579,0.9603258642168717
2016-09-09 12:00:00,0.9899565487334365,0.9863840645600533,0.9936358393935396,0.9603258642168717
2016-09-09 13:00:00,0.9909126965476536,0.9825842167422297,0.9938591443462881,0.9593241916268094
2016-09-12 07:00:00,0.9899565487334365,0.9814498932391621,0.9939686795578286,0.9596120406842407
2016-09-12 08:00:00,0.9913470774602827,0.9804212660328075,0.9937109283116745,0.9596120406842407
2016-09-12 09:00:00,0.9904689897654789,0.9804212660328075,0.9937109283116745,0.9606548371553061
2016-09-12 10:00:00,0.9900924378990745,0.9844416061263874,0.9937109283116745,0.9606548371553061
2016-09-12 11:00:00,0.9889968045067077,0.9804212660328078,0.9937474319990856,0.9606548371553063
2016-09-12 12:00:00,0.9904689897654787,0.9804212660328078,0.9942467315505161,0.9593974397936182
2016-09-12 13:00:00,0.9901092018076488,0.9804212660328078,0.9942000391509118,0.9575742040846339
2016-09-13 07:00:00,0.9901092018076488,0.9744162686761986,0.9937109283116745,0.9565914824094118
2016-09-13 08:00:00,0.9901092018076486,0.9797892950617817,0.9945522871277811,0.9548348624057154
2016-09-13 09:00:00,0.9904689897654789,0.9826753116522937,0.9950144069210008,0.9573719216473308
2016-09-13 10:00:00,0.9916090318393845,0.9841072329310098,0.9950144069210008,0.9579890064495927
2016-09-13 11:00:00,0.9906528840251673,0.9764546082581398,0.9950515866792113,0.9589717281248146
2016-09-13 12:00:00,0.9913147401418214,0.9748853155663079,0.995290401519683,0.9604591871795242
2016-09-13 13:00:00,0.993525527517247,0.9795735890242366,0.9960038110343761,0.9621790516966181
2016-09-14 07:00:00,0.9935255275172473,0.9841072329310098,0.9961804235875203,0.9636064359554841
2016-09-14 08:00:00,0.993525527517247,0.9841072329310098,0.9965579696355614,0.9605814177341778
2016-09-14 09:00:00,0.995048399390386,0.9876189840565076,0.9968031142839386,0.962301282251272
2016-09-14 10:00:00,0.9956841842173588,0.9834224800033555,0.9965579696355614,0.9640579022549685
2016-09-14 11:00:00,0.9953538093989791,0.9818531873115237,0.9961425422419455,0.9640579022549685
2016-09-14 12:00:00,0.995048399390386,0.9795735890242366,0.9957183037943003,0.9640579022549685
2016-09-14 13:00:00,0.9958600779155006,0.9795735890242366,0.9954471945104408,0.9640579022549681
2016-09-15 07:00:00,0.995048399390386,0.9795735890242366,0.995031767116825,0.9640579022549682
2016-09-15 08:00:00,0.9958600779155006,0.9811428817160684,0.995541691241156,0.9623380377378741
2016-09-15 09:00:00,0.9958600779155006,0.98410723293101,0.9957386782184569,0.9614909827946676
2016-09-15 10:00:00,0.9943372060423616,0.9841072329310098,0.995276558425237,0.9640535338605675
2016-09-15 11:00:00,0.9933416332575586,0.98410723293101,0.9945631489105441,0.9635099600315107
2016-09-15 12:00:00,0.9940317960337687,0.98410723293101,0.9942092376499808,0.9652298245486048
2016-09-15 13:00:00,0.9943372060423615,0.98410723293101,0.9941720578917703,0.9674376480453896
2016-09-16 07:00:00,0.9936753499257074,0.9858735274051037,0.9935394798028757,0.9669751808899835
2016-09-16 08:00:00,0.9916090318393845,0.9818531873115237,0.9927718044323907,0.9646749870572302
2016-09-16 09:00:00,0.9916090318393845,0.9826753116522939,0.9927718044323907,0.9635721157903212
2016-09-16 10:00:00,0.9916090318393845,0.9826753116522937,0.9927718044323907,0.9639013515351519
2016-09-16 11:00:00,0.9916090318393845,0.9844416061263876,0.9926622692208503,0.9649441480062173
2016-09-16 12:00:00,0.9906134590545816,0.9804212660328075,0.9925062563570823,0.9663715322650831
2016-09-16 13:00:00,0.9912492438815544,0.9804212660328075,0.9929683761503022,0.964212519901824
2016-09-19 07:00:00,0.9907208954680646,0.9764801609259405,0.9931868165666171,0.9650595748450306
2016-09-19 08:00:00,0.9917164682528675,0.9787342065454266,0.993855246421431,0.965932384418918
2016-09-19 09:00:00,0.9936329639307303,0.9787342065454266,0.993855246421431,0.968091396782177
2016-09-19 10:00:00,0.9939774180845315,0.9787342065454266,0.9939497431521459,0.9685538639375835
2016-09-19 11:00:00,0.9949940214411488,0.9834224800033555,0.9944786036821597,0.9762503454761619
2016-09-19 12:00:00,0.9953114234040016,0.9794813748964885,0.9949677145213969,0.9752075490050961
2016-09-19 13:00:00,0.995817691920523,0.9794813748964885,0.9946621589441318,0.9741647525340307
2016-09-20 07:00:00,0.9949348715375972,0.9794813748964885,0.9942467315505159,0.9727373682751647
2016-09-20 08:00:00,0.9942948200473842,0.9794813748964885,0.9940234265977675,0.9727373682751647
2016-09-20 09:00:00,0.994934871537597,0.9848544012820717,0.9945522871277811,0.9737801647462303
2016-09-20 10:00:00,0.995817691920523,0.9873054486838199,0.994828281726463,0.975824633807358
2016-09-20 11:00:00,0.995817691920523,0.9841072329310098,0.994828281726463,0.9765982693294364
2016-09-20 12:00:00,0.9963460403340129,0.9826753116522937,0.994828281726463,0.9762136815416358
2016-09-20 13:00:00,0.9958397718174914,0.9826753116522937,0.994828281726463,0.9779335460587302
2016-09-21 07:00:00,0.9956841842173588,0.9826753116522937,0.994828281726463,0.9796901660624264
2016-09-21 08:00:00,0.9946675808607415,0.9797892950617817,0.994828281726463,0.9801526332178327
2016-09-21 09:00:00,0.9958600779155004,0.9857520935890275,0.9955416912411559,0.9809996881610393
2016-09-21 10:00:00,0.9958600779155006,0.9857520935890275,0.995738678218457,0.9809996881610393
2016-09-21 11:00:00,0.9953928535441873,0.9833010461872795,0.9952287540941259,0.9803826033587776
2016-09-21 12:00:00,0.9942003564894284,0.9833010461872793,0.995541691241156,0.978432677148662
2016-09-21 13:00:00,0.9938405685315984,0.9838486194995788,0.9957007968728822,0.978432677148662
2016-09-22 07:00:00,0.9938405685315982,0.9833010461872795,0.9949502075999787,0.9786627388416834
2016-09-22 08:00:00,0.9942003564894282,0.9833010461872795,0.9948557108692635,0.9782002716862772
2016-09-22 09:00:00,0.9936720080759385,0.9833010461872795,0.994334697571565,0.9782002716862772
2016-09-22 10:00:00,0.9930603144155226,0.9833010461872793,0.9936519244487123,0.9771985990962151
2016-09-22 11:00:00,0.9928917539598628,0.9798282794059987,0.9933925099188645,0.9764847755635839
2016-09-22 12:00:00,0.9914612207005129,0.9798282794059989,0.9926248345483796,0.9760223084081777
2016-09-22 13:00:00,0.9911167665467114,0.977885820972333,0.9921255349969489,0.9764068961959783
2016-09-23 07:00:00,0.9909549521839913,0.9805364634128434,0.9921255349969491,0.9760223084081777
2016-09-23 08:00:00,0.9903655873081462,0.9805364634128434,0.9918958386875598,0.9768693633513845
2016-09-23 09:00:00,0.9903655873081462,0.9761498654042512,0.9921255349969491,0.9764068961959783
2016-09-23 10:00:00,0.9903655873081462,0.9821126639314971,0.9927371975036662,0.9753640997249129
2016-09-23 11:00:00,0.9903655873081462,0.9821126639314971,0.992431641926401,0.9753640997249129
2016-09-23 12:00:00,0.9887585677434975,0.9821126639314971,0.9918958386875596,0.9739367154660469
2016-09-23 13:00:00,0.987673449025244,0.9789144481786873,0.9921255349969489,0.9739367154660469
2016-09-26 07:00:00,0.9871451006117542,0.9773451554868556,0.9918599869216406,0.9739367154660469
2016-09-26 08:00:00,0.9842765777612652,0.9773451554868554,0.9918958386875598,0.9722168509489529
2016-09-26 09:00:00,0.9842765777612651,0.9773451554868554,0.9912284025575212,0.9727604247780095
2016-09-26 10:00:00,0.9871451006117542,0.9773451554868554,0.9918958386875598,0.9736332343518971
2016-09-26 11:00:00,0.9856914390754871,0.9708690531464162,0.9912284025575212,0.9722724657983188
2016-09-26 12:00:00,0.9859294752800779,0.9724383458382482,0.9915419274269965,0.9705158457946222
2016-09-26 13:00:00,0.9865695267702909,0.9733521770655598,0.9922247005498492,0.9705158457946222
2016-09-27 07:00:00,0.9861066926286953,0.9733521770655598,0.9922247005498492,0.9718766143482005
2016-09-27 08:00:00,0.9861066926286953,0.9798282794059989,0.9928572786387441,0.9724936991504622
2016-09-27 09:00:00,0.9850901958069636,0.9798282794059987,0.9928572786387441,0.9717798756178312
2016-09-27 10:00:00,0.9844544109799908,0.979828279405999,0.9928572786387441,0.9697354065567034
2016-09-27 11:00:00,0.9827709454068935,0.9773451554868554,0.9919601461993162,0.9686926100856378
2016-09-27 12:00:00,0.9816346858334791,0.9741772786400577,0.9912917163445024,0.9690771978734384
2016-09-27 13:00:00,0.9795684803309487,0.9682144801128119,0.9913275681104214,0.9683035623513601
2016-09-28 07:00:00,0.9818476410513602,0.9671858529064574,0.9919111756803739,0.967759988522303
2016-09-28 08:00:00,0.9832381697782063,0.9671858529064574,0.9923140574598792,0.9673754007345029
2016-09-28 09:00:00,0.9850901958069636,0.9713823569596096,0.9923140574598792,0.9665949614965839
2016-09-28 10:00:00,0.9827709454068935,0.9708690531464165,0.9919601461993162,0.9647717257875995
2016-09-28 11:00:00,0.980491784686482,0.9713823569596096,0.9917304498899269,0.9638989162137123
2016-09-28 12:00:00,0.980704739904363,0.9754026970531897,0.9923140574598794,0.9631252806916337
2016-09-28 13:00:00,0.9814594838042365,0.9773451554868556,0.9919431650071794,0.9656555362174087
2016-09-29 07:00:00,0.9827709454068936,0.9791114499609493,0.991359557437227,0.96594338527484
2016-09-29 08:00:00,0.9832381697782067,0.9791114499609493,0.9907400981013558,0.9668161948487274
2016-09-29 09:00:00,0.9832381697782067,0.9791114499609493,0.9907400981013558,0.9660425593266488
2016-09-29 10:00:00,0.9842765777612652,0.9834980479695414,0.9913237056713078,0.9666596441289106
2016-09-29 11:00:00,0.9871451006117541,0.9866659248163391,0.9923140574598794,0.9675066990721174
2016-09-29 12:00:00,0.9873473989470813,0.988235217508171,0.9926269946069094,0.9700437583137326
2016-09-29 13:00:00,0.9870299969842288,0.988235217508171,0.9919431650071796,0.9711466295806416
2016-09-30 07:00:00,0.9895151042436813,0.9882352175081709,0.9926269946069094,0.9716324160452888
2016-09-30 08:00:00,0.988124575516835,0.9882352175081709,0.9928611613424209,0.970205031786423
2016-09-30 09:00:00,0.9872012711613016,0.9882352175081709,0.9919431650071794,0.9705896195742234
2016-09-30 10:00:00,0.9872012711613017,0.9895519414068511,0.991359557437227,0.9711331934032802
2016-09-30 11:00:00,0.9893135079102857,0.9878159858387696,0.9916814793709846,0.9742138264739524
2016-09-30 12:00:00,0.9893135079102857,0.9878159858387696,0.9916814793709846,0.9752566229450178
2016-09-30 13:00:00,0.9893135079102857,0.9878159858387696,0.9916814793709846,0.9747941557896116
2016-10-03 07:00:00,0.987790636037147,0.9863840645600533,0.9916814793709846,0.9747941557896116
2016-10-03 08:00:00,0.9875066811698948,0.9825842167422297,0.9916456276050656,0.9757958283796737
2016-10-03 09:00:00,0.985440363083572,0.9785638766486497,0.9918388202270442,0.9732587691380585
2016-10-03 10:00:00,0.9859031972251674,0.9766214182149838,0.9926622692208503,0.9726416843357966
2016-10-03 11:00:00,0.9859031972251674,0.9701453158745447,0.9928876627753038,0.9732587691380585
2016-10-03 12:00:00,0.9839867015473048,0.9701453158745447,0.9927718044323907,0.9718313848791925
2016-10-03 13:00:00,0.9819644284294476,0.9717929431908058,0.9926622692208503,0.9718313848791925
2016-10-04 07:00:00,0.9839867015473048,0.9737354016244717,0.993330699075664,0.9709585753053053
2016-10-04 08:00:00,0.9855901854920323,0.9796982001517176,0.9936368060051161,0.9709585753053053
2016-10-04 09:00:00,0.9855901854920323,0.9791114499609493,0.9937104894507375,0.9712464243627362
2016-10-04 10:00:00,0.9879404584456074,0.9825842167422297,0.9940160450280026,0.9735466181954898
2016-10-04 11:00:00,0.9877275032277263,0.986970814750822,0.9945153445794331,0.9749740024543556
2016-10-04 12:00:00,0.9881652563826118,0.9884027360295381,0.9946698594508528,0.9787128442082929
2016-10-04 13:00:00,0.9896189179188788,0.9922025838473617,0.9947666343009062,0.9812499034499083
2016-10-05 07:00:00,0.9911539159348278,0.9930247081881319,0.995276558425237,0.9822926999209739
2016-10-05 08:00:00,0.9911539159348278,0.9952787538076182,0.9957007968728822,0.9833354963920393
2016-10-05 09:00:00,0.9927573998795552,0.9960259221586797,0.9957007968728822,0.9845117870800766
2016-10-05 10:00:00,0.9927573998795552,0.9937718765391936,0.9953468856123191,0.9837979635474455
2016-10-05 11:00:00,0.9938425185978087,0.994456629466848,0.9954485630110387,0.9835101144900142
2016-10-05 12:00:00,0.9947658229533419,0.994456629466848,0.9954485630110387,0.984357169433221
2016-10-05 13:00:00,0.9950832249161945,0.9918059870263376,0.9948258723146206,0.9840279336883904
2016-10-06 07:00:00,0.9952388125163274,0.9918059870263376,0.9943637525214006,0.9828516430003532
2016-10-06 08:00:00,0.9950832249161947,0.9918059870263376,0.9943637525214006,0.9831808787451836
2016-10-06 09:00:00,0.9958042309364008,0.9933752797181695,0.994766634300906,0.9823080691712964
2016-10-06 10:00:00,0.9958042309364005,0.9952787538076182,0.9949226471646738,0.9814610142280896
2016-10-06 11:00:00,0.9948809265808674,0.9952787538076182,0.9949226471646738,0.9821748377607209
2016-10-06 12:00:00,0.9948809265808674,0.9952787538076182,0.9943265727631901,0.9804182177570242
2016-10-06 13:00:00,0.9936402202624813,0.9952787538076182,0.9941705598994222,0.9804182177570242
2016-10-07 07:00:00,0.9948809265808674,0.9960259221586797,0.9946698594508527,0.9815945084450614
2016-10-07 08:00:00,0.9961216328992533,0.9960259221586797,0.9953304314928456,0.9811320412896554
2016-10-07 09:00:00,0.9961216328992533,0.9960259221586797,0.9950852868444684,0.980669574134249
2016-10-07 10:00:00,0.9961216328992533,0.9960259221586797,0.9946326796926422,0.9800892448185896
2016-10-07 11:00:00,0.9957266769572098,0.9960259221586797,0.9944781648212224,0.9781393186084743
2016-10-07 12:00:00,0.9955710893570773,0.9980898144084218,0.9941720578917705,0.9789129541305526
2016-10-07 13:00:00,0.9948809265808674,0.9952037978179096,0.994209237649981,0.9774855698716866
2016-10-10 07:00:00,0.9939981061979413,0.9960259221586797,0.9940160450280026,0.977814805616517
2016-10-10 08:00:00,0.9939981061979413,0.9967730905097416,0.9941720578917705,0.977814805616517
2016-10-10 09:00:00,0.9938425185978087,0.994122448069231,0.9934043825212854,0.9795346701336112
2016-10-10 10:00:00,0.9936402202624811,0.994122448069231,0.9936131632484972,0.9805774666046766
2016-10-10 11:00:00,0.9934272650446002,0.994122448069231,0.9940160450280026,0.9814245215478834
2016-10-10 12:00:00,0.9932774426361399,0.994122448069231,0.9942092376499808,0.9796679015441867
2016-10-10 13:00:00,0.9922390346530813,0.9909242323164211,0.9940160450280026,0.9792054343887806
2016-10-11 07:00:00,0.990848505926235,0.9863905884096479,0.9940160450280026,0.9789175853313493
2016-10-11 08:00:00,0.9920367363177539,0.9856434200585864,0.9940160450280026,0.9799603818024148
2016-10-11 09:00:00,0.9929600406732871,0.9893549396245894,0.9940160450280024,0.9804228489578208
2016-10-11 10:00:00,0.9939984486563459,0.9918059870263375,0.9944781648212226,0.9824673180189488
2016-10-11 11:00:00,0.9944137022095543,0.990070031458256,0.9944781648212226,0.9820048508635426
2016-10-11 12:00:00,0.9944137022095542,0.9893852785306013,0.9952287540941259,0.9827852901014614
2016-10-11 13:00:00,0.9939984486563459,0.9886381101795395,0.9956063001421671,0.9838280865725271
2016-10-12 07:00:00,0.9929600406732874,0.9900700314582558,0.995346885612319,0.9831142630398958
2016-10-12 08:00:00,0.9909872895024526,0.9868718157054461,0.9951536929903405,0.9824004395072646
2016-10-12 09:00:00,0.9915989831628684,0.9868718157054461,0.9952287540941258,0.9824004395072649
2016-10-12 10:00:00,0.9921273315763584,0.9868718157054461,0.9956063001421671,0.9806805749901708
2016-10-12 11:00:00,0.9938057910496296,0.9868718157054461,0.9956063001421671,0.9812609043058301
2016-10-12 12:00:00,0.9930255369335541,0.9868718157054461,0.9956063001421671,0.9825183016675179
2016-10-12 13:00:00,0.9932181945402703,0.9886381101795395,0.9961903809166185,0.9836945923555551
2016-10-13 07:00:00,0.9945162684764047,0.9858735274051037,0.9965033180636487,0.9844084158881863
2016-10-13 08:00:00,0.9952965225924802,0.9886381101795397,0.9965033180636484,0.9855847065762234
2016-10-13 09:00:00,0.9949661477741005,0.9900700314582558,0.9965033180636484,0.98643176151943
2016-10-13 10:00:00,0.9952965225924802,0.9925531553773993,0.9959192372891971,0.9872788164626368
2016-10-13 11:00:00,0.9956019326010733,0.9925531553773993,0.9959192372891971,0.9878959012648986
2016-10-13 12:00:00,0.9956019326010733,0.9901021079756511,0.9959192372891973,0.9878959012648987
2016-10-13 13:00:00,0.9949661477741005,0.9863905884096479,0.9958055662634451,0.9878959012648987
2016-10-14 07:00:00,0.9944137022095542,0.9909242323164215,0.9953721334066556,0.9875666655200681
2016-10-14 08:00:00,0.9944137022095542,0.994122448069231,0.9948557108692637,0.9872374297752374
2016-10-14 09:00:00,0.9944137022095542,0.9909242323164211,0.9943666000300263,0.9875666655200681
2016-10-14 10:00:00,0.9944137022095542,0.9909242323164215,0.9942074943983,0.9878959012648986
2016-10-14 11:00:00,0.9931729958911681,0.9893549396245894,0.9943666000300263,0.9868531047938331
2016-10-14 12:00:00,0.9914250426573379,0.9893549396245894,0.9936981701752128,0.9864685170060327
2016-10-14 13:00:00,0.9908171314974136,0.9893549396245894,0.9943350884223642,0.9860060498506266
2016-10-17 07:00:00,0.9914250426573379,0.9909242323164211,0.9946969960883364,0.9860060498506266
2016-10-17 08:00:00,0.9902887830839238,0.9909242323164215,0.9948830225674183,0.9841828141416421
2016-10-17 09:00:00,0.9891005526924048,0.9909242323164211,0.9950035182771778,0.9827554298827761
2016-10-17 10:00:00,0.986988315943421,0.9909242323164211,0.9944318632724172,0.9809988098790797
2016-10-17 11:00:00,0.9847412448885593,0.9872127127504181,0.9937282106951535,0.9797414125173917
2016-10-17 12:00:00,0.984741244888559,0.9863905884096479,0.9939494598966856,0.9797414125173917
2016-10-17 13:00:00,0.984741244888559,0.9848212957178162,0.9940289814929121,0.9797414125173917
2016-10-18 07:00:00,0.9836561261703057,0.9877856469327575,0.9939494598966856,0.9801260003051923
2016-10-18 08:00:00,0.9836561261703057,0.9855316013132712,0.9933920632457607,0.9794121767725611
2016-10-18 09:00:00,0.9847412448885593,0.9846177700859599,0.9939494598966855,0.9794121767725611
2016-10-18 10:00:00,0.9865695267702911,0.9855316013132712,0.9946178897514993,0.9794121767725611
2016-10-18 11:00:00,0.9881765463349398,0.9846177700859599,0.9952019705259508,0.9819492360141767
2016-10-18 12:00:00,0.9895376038453584,0.9846177700859599,0.9952019705259508,0.9831255267022136
2016-10-18 13:00:00,0.9909912653816254,0.9846177700859599,0.9952019705259508,0.9838393502348449
2016-10-19 07:00:00,0.9909912653816254,0.9846177700859599,0.9958847436488033,0.9848821467059103
2016-10-19 08:00:00,0.9922893393177599,0.9877856469327575,0.9957377737647921,0.9854624760215696
2016-10-19 09:00:00,0.9930440832176334,0.9877856469327575,0.9957855780959032,0.9868898602804358
2016-10-19 10:00:00,0.992436172057709,0.9877856469327574,0.9961976807958334,0.9873523274358418
2016-10-19 11:00:00,0.992436172057709,0.9895519414068511,0.9964318475313448,0.9863095309647764
2016-10-19 12:00:00,0.9912057043594648,0.9895519414068511,0.9957855780959031,0.9834846226657298
2016-10-19 13:00:00,0.9892659031821998,0.9871008940051031,0.9952019705259508,0.9819971636110203
2016-10-20 07:00:00,0.9906268541577328,0.9853649384370214,0.9956952018602686,0.9819971636110203
2016-10-20 08:00:00,0.9910218100997762,0.9876189840565078,0.9956952018602688,0.9816679278661898
2016-10-20 09:00:00,0.991550158513266,0.9900700314582558,0.995301136078851,0.982669600456252
2016-10-20 10:00:00,0.992436172057709,0.9912887526200501,0.9955308323882405,0.9837724717231611
2016-10-20 11:00:00,0.992436172057709,0.9893852785306013,0.9955308323882405,0.9840281964947863
2016-10-20 12:00:00,0.9935318054500756,0.9878159858387696,0.9949982339785505,0.9840281964947866
2016-10-20 13:00:00,0.9930255369335542,0.9857520935890275,0.9945551976781903,0.9840281964947866
2016-10-21 07:00:00,0.9924361720577092,0.980817922268136,0.994365655889656,0.9840281964947866
2016-10-21 08:00:00,0.992436172057709,0.980817922268136,0.9944772206808522,0.9840281964947866
2016-10-21 09:00:00,0.9926491272755901,0.980817922268136,0.9950732950823358,0.983643608706986
2016-10-21 10:00:00,0.9932279774773219,0.9846177700859599,0.9949226471646737,0.9844906636501928
2016-10-21 11:00:00,0.9935724316311232,0.9878159858387696,0.9950243245633935,0.9853377185933994
2016-10-21 12:00:00,0.9943236108696885,0.9864992619400892,0.9945310932290757,0.9856669543382299
2016-10-21 13:00:00,0.9930440832176334,0.9853649384370214,0.9938333414288721,0.9844095569765422
2016-10-24 07:00:00,0.9935724316311232,0.9878159858387695,0.993323417304541,0.9840249691887417
2016-10-24 08:00:00,0.9939489834975276,0.9886381101795397,0.9931727693868792,0.9862327926855265
2016-10-24 09:00:00,0.9928944094974252,0.9826753116522937,0.9929832275983446,0.9857703255301203
2016-10-24 10:00:00,0.9927105152377367,0.9826753116522939,0.9929832275983446,0.984594034842083
2016-10-24 11:00:00,0.9927105152377367,0.9886381101795398,0.9929832275983446,0.9820569756004676
2016-10-24 12:00:00,0.9927105152377367,0.9930247081881317,0.9929832275983446,0.983880211309452
2016-10-24 13:00:00,0.9927105152377367,0.9922025838473615,0.9929832275983446,0.9834177441540456
2016-10-25 07:00:00,0.992894409497425,0.9912887526200501,0.9929832275983446,0.9838023319418462
2016-10-25 08:00:00,0.9930783037571136,0.9877770014945523,0.9929832275983446,0.984345905770903
2016-10-25 09:00:00,0.9943087714553581,0.9864602775958721,0.9930197312857555,0.9858100455163714
2016-10-25 10:00:00,0.9959832550494566,0.988402736029538,0.9937174830859589,0.9855221964589403
2016-10-25 11:00:00,0.996359806915861,0.988402736029538,0.9936131632484972,0.9875666655200681
2016-10-25 12:00:00,0.9959832550494564,0.988402736029538,0.9934661933644859,0.9875666655200681
2016-10-25 13:00:00,0.9959832550494564,0.9912887526200501,0.993717483085959,0.9875666655200681
2016-10-26 07:00:00,0.9959832550494566,0.991920723591076,0.9942167826373893,0.9865649929300055
2016-10-26 08:00:00,0.995799360789768,0.9870922485668979,0.9940235900154111,0.9847417572210214
2016-10-26 09:00:00,0.9959832550494566,0.9877770014945523,0.9941796028791791,0.9854555807536524
2016-10-26 10:00:00,0.9954044048477246,0.9892089227732684,0.9941796028791791,0.9859180479090588
2016-10-26 11:00:00,0.9954044048477246,0.9877770014945523,0.9939344582308018,0.9846606505473707
2016-10-26 12:00:00,0.9963605526619419,0.986558280332758,0.9934453473915645,0.9849898862922014
2016-10-26 13:00:00,0.9971722311870564,0.9877770014945523,0.993523324388903,0.9849898862922014
2016-10-27 07:00:00,0.9969963374889147,0.9892089227732684,0.9942575798765174,0.983166650583217
2016-10-27 08:00:00,0.9969963374889147,0.9898408937442943,0.9945571489272201,0.9812167243731013
2016-10-27 09:00:00,0.9971722311870564,0.988524169845614,0.9945571489272201,0.979460104369405
2016-10-27 10:00:00,0.996204532069302,0.988524169845614,0.9945571489272199,0.9786130494261983
2016-10-27 11:00:00,0.996204532069302,0.9877770014945523,0.9952034183626617,0.9786130494261983
2016-10-27 12:00:00,0.996204532069302,0.9884089724655781,0.9949038493119592,0.9786130494261983
2016-10-27 13:00:00,0.995568747242329,0.9898408937442943,0.9949038493119592,0.9792301342284598
2016-10-28 07:00:00,0.9962045320693018,0.9877770014945523,0.994903849311959,0.9789008984836294
2016-10-28 08:00:00,0.997658193605569,0.9926054765187304,0.994903849311959,0.9785716627387989
2016-10-28 09:00:00,0.9974822999074273,0.9912887526200501,0.9949038493119592,0.9775288662677335
2016-10-28 10:00:00,0.9966904944878143,0.989034707000564,0.9953862526876908,0.9766818113245267
2016-10-28 11:00:00,0.9966904944878142,0.9878159858387696,0.9958016800813067,0.9745227989612675
2016-10-28 12:00:00,0.9968523088505344,0.988402736029538,0.9950882705666136,0.9742349499038362
2016-10-28 13:00:00,0.9970208693061943,0.9897194599282182,0.9947493344405394,0.9739057141590055
2016-10-31 07:00:00,0.9970208693061943,0.989034707000564,0.9947493344405394,0.9739057141590055
2016-10-31 08:00:00,0.9970208693061943,0.9865515830814204,0.9947493344405394,0.9739057141590057
2016-10-31 09:00:00,0.9968523088505346,0.9817231080572424,0.9941532600390557,0.9764427734006209
2016-10-31 10:00:00,0.9968523088505346,0.9811363578664739,0.9938010120621865,0.9786505968974057
2016-10-31 11:00:00,0.9968523088505344,0.9846481089919717,0.9938010120621864,0.9798268875854431
2016-10-31 12:00:00,0.9954912513401157,0.9846481089919719,0.9931182389393337,0.9783995033265771
2016-10-31 13:00:00,0.9968523088505344,0.9863840645600536,0.993470486916203,0.97722321263854
2016-11-01 07:00:00,0.9970208693061942,0.9878159858387696,0.9936206616293658,0.9776856797939462
2016-11-01 08:00:00,0.9966764151523927,0.9922025838473617,0.9935820517073991,0.9786684014691682
2016-11-01 09:00:00,0.9963460403340129,0.9937718765391936,0.9935820517073991,0.9786684014691682
2016-11-01 10:00:00,0.9955002899576703,0.9920359209711119,0.9936192314656096,0.9761313422275528
2016-11-01 11:00:00,0.9936720080759385,0.9933526448697922,0.9928143763369142,0.9740868731664251
2016-11-01 12:00:00,0.9919110999982086,0.9912887526200501,0.9923150767854836,0.9737022853786245
2016-11-01 13:00:00,0.993165739559417,0.9912887526200502,0.9931199319141791,0.9716578163174967
2016-11-02 07:00:00,0.9927891876930126,0.9912887526200502,0.9936192314656096,0.9711953491620904
2016-11-02 08:00:00,0.9920089335769369,0.989034707000564,0.9931199319141791,0.9716578163174967
2016-11-02 09:00:00,0.990768227258551,0.9863840645600533,0.9931199319141791,0.9724314518395752
2016-11-02 10:00:00,0.9905923335604093,0.9878159858387696,0.9931199319141791,0.9715843968963686
2016-11-02 11:00:00,0.9905923335604093,0.9878159858387696,0.9931199319141791,0.9718722459537996
2016-11-02 12:00:00,0.9921273315763584,0.9878159858387696,0.9937662013496209,0.9722568337416002
2016-11-02 13:00:00,0.9924447335392111,0.988500738766424,0.9938426926171624,0.9737209734870687
2016-11-03 07:00:00,0.9905282378613486,0.9885007387664241,0.9937662013496209,0.974301302802728
2016-11-03 08:00:00,0.9905282378613486,0.988500738766424,0.9938426926171624,0.974301302802728
2016-11-03 09:00:00,0.9905282378613486,0.988500738766424,0.9938426926171624,0.9740134537452966
2016-11-03 10:00:00,0.9905282378613486,0.9897194599282182,0.9938426926171624,0.9740134537452966
2016-11-03 11:00:00,0.9915666458444072,0.9912887526200501,0.9938916631361047,0.9718056302485119
2016-11-03 12:00:00,0.992637391145927,0.9944566294668479,0.9946050726507976,0.9718056302485119
2016-11-03 13:00:00,0.9924447335392109,0.9950886004378738,0.9945561021318553,0.9726784398223992
2016-11-04 07:00:00,0.9926373911459272,0.993352644869792,0.995038505507587,0.9755033481214458
2016-11-04 08:00:00,0.994160263019066,0.99652052171659,0.9956611962040052,0.9772599681251424
2016-11-04 09:00:00,0.9926373911459272,0.9957733533655283,0.9952277633472156,0.9772599681251424
2016-11-04 10:00:00,0.9933275539221369,0.9965205217165898,0.9956611962040052,0.9776445559129427
2016-11-04 11:00:00,0.99432312670694,0.9958357687889353,0.9956611962040052,0.976387158551255
2016-11-04 12:00:00,0.9938559023356269,0.9965205217165898,0.995545337861092,0.9775634492392922
2016-11-04 13:00:00,0.9932442086752111,0.9965205217165898,0.9948475860608886,0.9775634492392922
2016-11-07 07:00:00,0.9938559023356269,0.99652052171659,0.9942500348891089,0.9779480370270928
2016-11-07 08:00:00,0.993327553922137,0.9972052746442445,0.9942500348891087,0.9751231287280463
2016-11-07 09:00:00,0.9911167665467114,0.9940373977974467,0.9940604931005742,0.9730786596669183
2016-11-07 10:00:00,0.9903655873081462,0.9892089227732684,0.9931832825185486,0.9728229348952926
2016-11-07 11:00:00,0.9916451149602014,0.9892089227732684,0.9930865076684955,0.9736957444691803
2016-11-07 12:00:00,0.9926012627744186,0.9892089227732684,0.9937549375233092,0.9725928732022713
2016-11-07 13:00:00,0.9919110999982087,0.9885241698456142,0.9934086760730023,0.9685661823909028
2016-11-08 07:00:00,0.9902276344251113,0.9892089227732684,0.9930951512035271,0.9685661823909028
2016-11-08 08:00:00,0.9886341380762471,0.9845206493153396,0.9934807797292056,0.9663583588941179
2016-11-08 09:00:00,0.9905874223829415,0.9845206493153397,0.9941883703800987,0.9672054138373247
2016-11-08 10:00:00,0.9900590739694517,0.9838358963876852,0.9941883703800987,0.9677857431529839
2016-11-08 11:00:00,0.9873255355466818,0.9819324222982365,0.9936167153753382,0.9663583588941179
2016-11-08 12:00:00,0.9865743563081164,0.9787342065454266,0.9926485084475416,0.9654855493202307
2016-11-08 13:00:00,0.9870081335838291,0.9787342065454266,0.9922544426661237,0.9654855493202307
2016-11-09 07:00:00,0.9894473803090357,0.98410723293101,0.9925679675355991,0.9654855493202307
2016-11-09 08:00:00,0.9874940960023416,0.98410723293101,0.9925679675355991,0.9676933728170153
2016-11-09 09:00:00,0.9870081335838291,0.9826753116522939,0.992789216737131,0.9659735082999213
2016-11-09 10:00:00,0.9876198272442449,0.9826753116522939,0.992789216737131,0.9652596847672903
2016-11-09 11:00:00,0.9862871275636232,0.9803957133650069,0.9925679675355991,0.9657454712319375
2016-11-09 12:00:00,0.9854754490385087,0.9781416677455207,0.9925679675355991,0.9662890450609943
2016-11-09 13:00:00,0.9857808590471017,0.9758876221260344,0.9918210098093342,0.9662890450609943
2016-11-10 07:00:00,0.9854754490385087,0.9758876221260344,0.9918210098093342,0.9662890450609943
2016-11-10 08:00:00,0.9862871275636232,0.9781416677455205,0.9924756918676558,0.9683335141221221
2016-11-10 09:00:00,0.9870081335838291,0.9781416677455207,0.9929091247244451,0.9679489263343215
2016-11-10 10:00:00,0.9897416720065989,0.9816534188710183,0.9936167153753381,0.9722313419173155
2016-11-10 11:00:00,0.9903774568335717,0.9853649384370213,0.9941883703800986,0.9718467541295149
2016-11-10 12:00:00,0.9902276344251113,0.9830853401497344,0.9941883703800986,0.9730230448175523
2016-11-10 13:00:00,0.9894473803090357,0.9761261643352726,0.9939629768256449,0.9713031803004584
2016-11-11 07:00:00,0.9894473803090357,0.971475363717208,0.9929947698978482,0.9705295447783798
2016-11-11 08:00:00,0.9894473803090357,0.9683074868704102,0.9929546153769935,0.97052954477838
2016-11-11 09:00:00,0.9909549521839914,0.9702499453040762,0.9939228223047902,0.9708173938358111
2016-11-11 10:00:00,0.993165739559417,0.9734178221508739,0.9945746393323622,0.9721781623893891
2016-11-11 11:00:00,0.9924447335392111,0.9742399464916441,0.994222391355493,0.9727217362184462
2016-11-11 12:00:00,0.9918330398787951,0.9663923892746205,0.9932541844276962,0.9737234088085085
2016-11-11 13:00:00,0.9918330398787951,0.9641383436551341,0.9929546153769937,0.9741079965963089
2016-11-14 07:00:00,0.9918330398787951,0.9663923892746205,0.9926007041164304,0.9744372323411394
2016-11-14 08:00:00,0.9918330398787951,0.9600767438695689,0.9919592110158025,0.976387158551255
2016-11-14 09:00:00,0.9931657395594169,0.9683348477082864,0.9919592110158025,0.9768496257066612
2016-11-14 10:00:00,0.9936720080759385,0.969082016059348,0.991194252781685,0.9772342134944617
2016-11-14 11:00:00,0.9931657395594169,0.9665988921402047,0.9907608199248954,0.9772342134944617
2016-11-14 12:00:00,0.9946886114325557,0.9683348477082864,0.9915651452343847,0.9766171286922001
2016-11-14 13:00:00,0.9941602630190659,0.9742399464916441,0.9919592110158025,0.9776599251632655
2016-11-15 07:00:00,0.9941602630190659,0.9806267026777903,0.9919592110158026,0.9779477742206968
2016-11-15 08:00:00,0.9946886114325557,0.9848212957178162,0.9919592110158026,0.9782770099655271
2016-11-15 09:00:00,0.993355911751934,0.9848212957178162,0.9916299507499847,0.9745381682115899
2016-11-15 10:00:00,0.9912436750029499,0.981373871028852,0.9912270745443745,0.972007912685815
2016-11-15 11:00:00,0.9909133001845701,0.9788907471097085,0.9915897962291301,0.9723925004736155
2016-11-15 12:00:00,0.9913510533394557,0.9798045783370201,0.9922973868800231,0.9700923066408623
2016-11-15 13:00:00,0.9901585562846966,0.9848212957178162,0.992562519695942,0.9700923066408623
2016-11-16 07:00:00,0.9891039822845941,0.981373871028852,0.9917567617108267,0.9697077188530617
2016-11-16 08:00:00,0.987650320748327,0.9806267026777902,0.9916338052132683,0.9690906340507998
2016-11-16 09:00:00,0.987650320748327,0.9848212957178162,0.9917567617108267,0.9694198697956304
2016-11-16 10:00:00,0.9896725938661842,0.9848212957178162,0.9914922073602936,0.9709073288503399
2016-11-16 11:00:00,0.9917848306151682,0.9856434200585864,0.9920768415136285,0.97346987991624
2016-11-16 12:00:00,0.9917848306151682,0.9863905884096479,0.9926885040203454,0.9752264999199363
2016-11-16 13:00:00,0.9917848306151682,0.9863905884096479,0.9924651990675971,0.976983119923633
2016-11-17 07:00:00,0.9917848306151682,0.9893549396245894,0.9928680752732073,0.9774455870790392
2016-11-17 08:00:00,0.9917848306151682,0.9925531553773993,0.9931741822026592,0.9782926420222459
2016-11-17 09:00:00,0.9935327838489983,0.9925531553773993,0.9934452914865186,0.9792943146123082
2016-11-17 10:00:00,0.9941946399656527,0.9925531553773993,0.9938975082498949,0.9792943146123082
2016-11-17 11:00:00,0.9932384921514352,0.9893549396245894,0.9938975082498949,0.9784472596691014
2016-11-17 12:00:00,0.9947734901673843,0.9893549396245894,0.9945390013505228,0.9796235503571387
2016-11-17 13:00:00,0.9958586088856377,0.9893549396245894,0.9950554238879148,0.981923744189892
2016-11-18 07:00:00,0.9951038649857644,0.9893549396245894,0.9952320364410591,0.9819237441898918
2016-11-18 08:00:00,0.9943236108696887,0.9839074644905046,0.9945905433404314,0.9793866849482766
2016-11-18 09:00:00,0.9932384921514352,0.9824755432117885,0.9943721029241163,0.979057449203446
2016-11-18 10:00:00,0.9936334480934786,0.9861870627777916,0.9948356879888084,0.9781846396295587
2016-11-18 11:00:00,0.9947734901673845,0.9893852785306013,0.9948356879888084,0.9786471067849649
2016-11-18 12:00:00,0.9943236108696887,0.9876189840565078,0.9948356879888084,0.9786471067849649
2016-11-18 13:00:00,0.9938173423531672,0.9861870627777916,0.9948356879888084,0.9783592577275336
2016-11-21 07:00:00,0.9951500420337889,0.9886381101795398,0.9951632448749312,0.9778734712628866
2016-11-21 08:00:00,0.9956563105503103,0.9912887526200501,0.9950687481442161,0.9804037267886614
2016-11-21 09:00:00,0.9958586088856377,0.9912887526200501,0.9952534927309242,0.9789763425297954
2016-11-21 10:00:00,0.995279758683906,0.9912887526200501,0.9950687481442161,0.979305578274626
2016-11-21 11:00:00,0.9943236108696887,0.990070031458256,0.99424625654408,0.9758959722655194
2016-11-21 12:00:00,0.9926491272755901,0.9860496913646759,0.9933388211602447,0.9747931009986104
2016-11-21 13:00:00,0.99195896449938,0.9818531873115237,0.9931203807439298,0.975177688786411
2016-11-22 07:00:00,0.9930440832176334,0.9818531873115237,0.993583965808622,0.975177688786411
2016-11-22 08:00:00,0.9926491272755901,0.9826753116522939,0.9936742136646148,0.9738169202328327
2016-11-22 09:00:00,0.9906268541577328,0.9826753116522939,0.9936742136646148,0.9726406295447954
2016-11-22 10:00:00,0.9899366913815227,0.9838096351553616,0.9941180639837581,0.9720235447425336
2016-11-22 11:00:00,0.9889689922637682,0.9858735274051037,0.9942462565440802,0.9720235447425336
2016-11-22 12:00:00,0.9893842458169766,0.9893852785306013,0.9940956086264182,0.9716389569547332
2016-11-22 13:00:00,0.9895460601796967,0.9878159858387695,0.9939617140239108,0.9709251334221022
2016-11-23 07:00:00,0.9885295633579649,0.9860496913646757,0.9932049265577376,0.9713097212099027
2016-11-23 08:00:00,0.9872314894218306,0.9853649384370214,0.99312038074393,0.9704626662666961
2016-11-23 09:00:00,0.9863081850662974,0.9878159858387696,0.9932049265577375,0.9700001991112897
2016-11-23 10:00:00,0.9876062590024316,0.9909838626855673,0.9930014411673757,0.9696156113234891
2016-11-23 11:00:00,0.9885295633579649,0.9925531553773993,0.9930014411673757,0.9704626662666959
2016-11-23 12:00:00,0.9885295633579649,0.994122448069231,0.9937104243024377,0.9696156113234895
2016-11-23 13:00:00,0.9887425185758462,0.9925531553773991,0.9946372357400354,0.9690352820078298
2016-11-25 07:00:00,0.9896658229313794,0.9902991097579129,0.995058992941557,0.9708585177168143
2016-11-25 08:00:00,0.9904205668312529,0.9925531553773993,0.9950589929415569,0.9713209848722204
2016-11-25 09:00:00,0.9904205668312529,0.9925531553773993,0.9950589929415569,0.9750598266261578
2016-11-25 10:00:00,0.9907971186976574,0.9937718765391934,0.9950589929415569,0.9768830623351421
2016-11-28 07:00:00,0.9925346215395952,0.9966578931297058,0.9951928875440643,0.9772676501229425
2016-11-28 08:00:00,0.9913495642622034,0.9966578931297058,0.9945173658279396,0.9775233748945682
2016-11-28 09:00:00,0.9907971186976573,0.9966578931297058,0.9944310011307881,0.9775233748945682
2016-11-28 10:00:00,0.9904205668312527,0.99734264605736,0.9949695825913158,0.9779079626823688
2016-11-28 11:00:00,0.9881414061108413,0.9960259221586797,0.9949695825913158,0.9761513426786721
2016-11-28 12:00:00,0.9859526279086356,0.9925531553773993,0.99424625654408,0.9726315617618346
2016-11-28 13:00:00,0.9843996270418996,0.9925531553773993,0.993338821160245,0.970280929457375
2016-11-29 07:00:00,0.9851914324615125,0.9925531553773993,0.9934333178909599,0.969818462301969
2016-11-29 08:00:00,0.9847761789083043,0.9925531553773993,0.9943407532747952,0.9702030500897694
2016-11-29 09:00:00,0.984776178908304,0.994456629466848,0.9943834712254321,0.9697405829343633
2016-11-29 10:00:00,0.9829317177627275,0.9918059870263375,0.9938550750924815,0.9676961138732355
2016-11-29 11:00:00,0.9829317177627276,0.9925531553773993,0.9938550750924815,0.9683131986754973
2016-11-29 12:00:00,0.9855679843279171,0.9925531553773993,0.9939453229484745,0.9703576677366251
2016-11-29 13:00:00,0.983539628922652,0.9901021079756511,0.9939453229484745,0.9703576677366251
2016-11-30 07:00:00,0.983346971315936,0.9901021079756511,0.9939453229484745,0.969643844203994
2016-11-30 08:00:00,0.9833469713159361,0.9893549396245894,0.9936099304441045,0.969643844203994
2016-11-30 09:00:00,0.9857702826632445,0.9901021079756511,0.9936566228437085,0.9719944765084535
2016-11-30 10:00:00,0.9878757290945266,0.9925531553773991,0.9945640582275438,0.9747338181873723
2016-11-30 11:00:00,0.9896695513546889,0.9937718765391934,0.9947110281115551,0.977264073713147
2016-11-30 12:00:00,0.9917357568572194,0.9937718765391934,0.9947110281115551,0.9775933094579775
2016-11-30 13:00:00,0.9919284144639352,0.994456629466848,0.9947110281115549,0.9801303686995929
2016-12-01 07:00:00,0.9919284144639355,0.9922025838473617,0.9947110281115549,0.9805928358549991
2016-12-01 08:00:00,0.9919284144639352,0.9950886004378738,0.9945173658279395,0.9815945084450616
2016-12-01 09:00:00,0.993473259699157,0.9950886004378738,0.9943407532747952,0.9841315676866769
2016-12-01 10:00:00,0.9936659173058731,0.9950886004378738,0.99424625654408,0.9851743641577423
2016-12-01 11:00:00,0.9936659173058731,0.9950886004378738,0.9944310011307881,0.9872188332188702
2016-12-01 12:00:00,0.9948963850041175,0.9950886004378738,0.9945301666836884,0.9872188332188702
2016-12-01 13:00:00,0.9948963850041175,0.9965205217165898,0.9944399188276954,0.9872188332188702
2016-12-02 07:00:00,0.9948963850041175,0.99734264605736,0.9948503077279008,0.9872188332188702
2016-12-02 08:00:00,0.9948963850041175,0.99652052171659,0.9953112138264173,0.986756366063464
2016-12-02 09:00:00,0.9934820230461846,0.9944566294668479,0.9949348535417086,0.9867563660634638
2016-12-02 10:00:00,0.9934820230461846,0.9925531553773993,0.9941123619415727,0.986756366063464
2016-12-02 11:00:00,0.9934820230461846,0.9893549396245894,0.993583965808622,0.9852689070087545
2016-12-02 12:00:00,0.9932893654394687,0.9933752797181695,0.9940278161277651,0.9849396712639238
2016-12-02 13:00:00,0.9932893654394687,0.9919433584394534,0.9948503077279012,0.9842258477312928
2016-12-05 07:00:00,0.9927369198749224,0.9919433584394534,0.9952122153938735,0.9836455184156335
2016-12-05 08:00:00,0.9925346215395952,0.9919433584394534,0.9952122153938735,0.9836455184156335
2016-12-05 09:00:00,0.9913495642622037,0.9919433584394534,0.9944399188276954,0.9826438458255713
2016-12-05 10:00:00,0.9915518625975309,0.9911212340986831,0.9945366936777486,0.9821813786701651
2016-12-05 11:00:00,0.9913495642622034,0.9925531553773993,0.9945794116283856,0.9811385821990997
2016-12-05 12:00:00,0.9915518625975308,0.9918059870263375,0.9945304411094434,0.9826027219445681
2016-12-05 13:00:00,0.9927369198749223,0.9930247081881316,0.9948078029616081,0.9840901809992775
2016-12-06 07:00:00,0.9943439394395713,0.9912887526200502,0.9954833246777328,0.9844194167441079
2016-12-06 08:00:00,0.9943439394395711,0.9944566294668479,0.9954833246777328,0.9844194167441082
2016-12-06 09:00:00,0.9943439394395711,0.994456629466848,0.9954833246777328,0.9847486524889387
2016-12-06 10:00:00,0.9954395728319377,0.9960259221586797,0.995901512825612,0.9864685170060327
2016-12-06 11:00:00,0.9965796149058436,0.9960259221586797,0.9956731214923896,0.9857546934734015
2016-12-06 12:00:00,0.9965796149058436,0.99734264605736,0.9956241509734474,0.9839314577644172
2016-12-06 13:00:00,0.9962030630394392,0.9980273989850145,0.9956241509734474,0.9825040735055511
2016-12-07 07:00:00,0.9952469152252219,0.9957733533655283,0.9956241509734474,0.9819237441898918
2016-12-07 08:00:00,0.9946680650234901,0.99734264605736,0.9959658958847389,0.981209920657261
2016-12-07 09:00:00,0.9939133211236164,0.9950886004378737,0.9956947866008793,0.9822527171283264
2016-12-07 10:00:00,0.9946680650234899,0.9950886004378737,0.995595621047979,0.9814056621851197
2016-12-07 11:00:00,0.9946680650234901,0.993519307746042,0.995595621047979,0.9809431950297135
2016-12-07 12:00:00,0.9962030630394392,0.9957733533655283,0.995595621047979,0.9812310440871448
2016-12-07 13:00:00,0.9973912934309582,0.9957733533655283,0.9955956210479793,0.9816156318749454
2016-12-08 07:00:00,0.9977678452973627,0.99652052171659,0.9953504763996021,0.9841526911165606
2016-12-08 08:00:00,0.9981276332551928,0.9952037978179097,0.9955737813523505,0.9844819268613912
2016-12-08 09:00:00,0.9975751876906467,0.9927206738987662,0.9959221314043625,0.9819448676197758
2016-12-08 10:00:00,0.9975751876906467,0.9952037978179096,0.9959221314043625,0.9826586911524068
2016-12-08 11:00:00,0.9975751876906467,0.99652052171659,0.9954057088669706,0.9835057460956136
2016-12-08 12:00:00,0.9975751876906467,0.9957733533655282,0.9948807462618141,0.9839682132510198
2016-12-08 13:00:00,0.9973912934309581,0.9957733533655282,0.9954057088669706,0.9843528010388204
2016-12-09 07:00:00,0.9973912934309582,0.9957733533655282,0.9957036909880476,0.9839682132510198
2016-12-09 08:00:00,0.9973912934309582,0.9965205217165898,0.9957036909880476,0.9814311540094044
2016-12-09 09:00:00,0.9962030630394393,0.9950886004378738,0.9953971687992061,0.9808140692071426
2016-12-09 10:00:00,0.9965796149058438,0.9973426460573602,0.9953971687992061,0.9803516020517364
2016-12-09 11:00:00,0.9965796149058436,0.995910724778644,0.9953971687992061,0.9810654255843673
2016-12-09 12:00:00,0.9961846589638003,0.9950886004378738,0.9953971687992061,0.9820670981744297
2016-12-09 13:00:00,0.9968204437907732,0.99652052171659,0.9961672760527397,0.9820670981744297
2016-12-12 07:00:00,0.9971378457536259,0.994456629466848,0.996437946475662,0.9829141531176363
2016-12-12 08:00:00,0.9971378457536259,0.9950886004378737,0.9961672760527397,0.9829141531176363
2016-12-12 09:00:00,0.9969539514939374,0.9950886004378737,0.9963857164690546,0.983243388862467
2016-12-12 10:00:00,0.9969539514939374,0.9950886004378737,0.9970684895919072,0.983243388862467
2016-12-12 11:00:00,0.9969539514939374,0.9936566791591576,0.9973885693947089,0.9840904438056735
2016-12-12 12:00:00,0.9958176919205229,0.9930247081881319,0.9976596786785683,0.9848042673383047
2016-12-12 13:00:00,0.995817691920523,0.9930247081881319,0.9981589782299987,0.9851335030831352
2016-12-13 07:00:00,0.9947792839374644,0.9918059870263375,0.9981589782299989,0.9844196795505041
2016-12-13 08:00:00,0.9959155435108787,0.9918059870263375,0.9981589782299989,0.9837058560178731
2016-12-13 09:00:00,0.9960841039665385,0.9918059870263375,0.9982928728325063,0.983705856017873
2016-12-13 10:00:00,0.9959155435108787,0.9895519414068513,0.9982928728325063,0.983705856017873
2016-12-13 11:00:00,0.9960841039665385,0.9863840645600536,0.9986626692023162,0.9829920324852421
2016-12-13 12:00:00,0.9960841039665385,0.9863840645600533,0.9990402152503571,0.9844194167441082
2016-12-13 13:00:00,0.9964015059293913,0.9857520935890277,0.9990402152503571,0.9861760367478047
2016-12-14 07:00:00,0.995478201573858,0.9863840645600536,0.9990402152503571,0.9855589519455428
2016-12-14 08:00:00,0.995478201573858,0.9869708147508218,0.9989519516716558,0.9855589519455428
2016-12-14 09:00:00,0.9954782015738579,0.9869708147508218,0.9989519516716558,0.9845572793554808
2016-12-14 10:00:00,0.9962329454737315,0.9869708147508218,0.9990402152503571,0.9845572793554805
2016-12-14 11:00:00,0.9957266769572101,0.9863840645600533,0.9988636026972129,0.9849418671432811
2016-12-14 12:00:00,0.9951478267554781,0.9895519414068513,0.9985763045051645,0.9849418671432809
2016-12-14 13:00:00,0.9951478267554781,0.9857520935890277,0.9984860566491718,0.9845572793554805
2016-12-15 07:00:00,0.9938497528193437,0.9834980479695412,0.9984393642495676,0.9842280436106501
2016-12-15 08:00:00,0.9931878967026896,0.9775352494422954,0.9983111716892457,0.9837655764552439
2016-12-15 09:00:00,0.9917342351664225,0.9775352494422954,0.9982209238332527,0.9825081790935561
2016-12-15 10:00:00,0.9931878967026896,0.9817317534954475,0.9982209238332527,0.9842280436106501
2016-12-15 11:00:00,0.9938497528193437,0.9857520935890275,0.9978957442956298,0.9833809886674433
2016-12-15 12:00:00,0.9951478267554781,0.9857520935890275,0.9980239368559517,0.983710224412274
2016-12-15 13:00:00,0.9948304247926255,0.9857520935890275,0.9982209238332527,0.9833256366244734
2016-12-16 07:00:00,0.9953163872111378,0.9857520935890275,0.9982209238332527,0.982941048836673
2016-12-16 08:00:00,0.9953163872111378,0.9857520935890275,0.9981326602545514,0.9803784977707729
2016-12-16 09:00:00,0.9938627256748709,0.9808179222681362,0.9977787489939883,0.9803784977707729
2016-12-16 10:00:00,0.994024540037591,0.9817317534954476,0.9974972162028797,0.9813801703608352
2016-12-16 11:00:00,0.9952652463559769,0.9833010461872795,0.9976227361302203,0.9813801703608352
2016-12-16 12:00:00,0.9952652463559769,0.9833010461872795,0.9980381635238362,0.9817647581486356
2016-12-16 13:00:00,0.9949478443931241,0.9768249438468403,0.9979126435964958,0.9824785816812667
2016-12-19 07:00:00,0.9956688504133301,0.9750889882787586,0.9980381635238361,0.9820161145258605
2016-12-19 08:00:00,0.9938405685315984,0.9729582874884746,0.9981562950420294,0.98168687878103
2016-12-19 09:00:00,0.9938405685315984,0.9788888360965824,0.9979126435964956,0.9809730552483991
2016-12-19 10:00:00,0.9931195625113923,0.9788888360965824,0.9978670125726896,0.9805884674605985
2016-12-19 11:00:00,0.9923393083953168,0.9746942430565563,0.9974239762723295,0.9795867948705361
2016-12-19 12:00:00,0.9929510020557326,0.9715752622904594,0.9970541799025198,0.9803006184031673
2016-12-19 13:00:00,0.9927891876930124,0.9695113700407173,0.9973081179294165,0.9791243277151299
2016-12-20 07:00:00,0.992034443793139,0.9737059630807434,0.9977235453230324,0.9779480370270928
2016-12-20 08:00:00,0.9932269408478981,0.9768249438468403,0.9979572604286826,0.9787950919702993
2016-12-20 09:00:00,0.9918658833374792,0.9805364634128434,0.9973983657854093,0.9779480370270928
2016-12-20 10:00:00,0.9929510020557326,0.9834224800033555,0.9977235453230324,0.9794121767725612
2016-12-20 11:00:00,0.9929510020557326,0.9834224800033555,0.9975142241283226,0.978410504182499
2016-12-20 12:00:00,0.9929510020557326,0.9834224800033555,0.9970987967347068,0.9779480370270928
2016-12-20 13:00:00,0.9936720080759385,0.9834224800033555,0.9969618564791096,0.9779480370270928
2016-12-21 07:00:00,0.9923393083953166,0.9834224800033555,0.9964292580694198,0.9765206527682267
2016-12-21 08:00:00,0.9918330398787953,0.9834224800033555,0.9964292580694198,0.975263255406539
2016-12-21 09:00:00,0.9905784003175868,0.9834224800033554,0.9962308058206468,0.9761103103497455
2016-12-21 10:00:00,0.9896586606233618,0.9757698553304851,0.9959435076285988,0.9756478431943394
2016-12-21 11:00:00,0.9889039167234883,0.9764546082581398,0.9954442080771684,0.976264927996601
2016-12-21 12:00:00,0.9905784003175868,0.9711391805625743,0.9952594634904602,0.9779847925136952
2016-12-21 13:00:00,0.9923393083953168,0.9772017766092014,0.9952594634904602,0.9817236342676323
2016-12-22 07:00:00,0.9929510020557326,0.9794813748964885,0.994815983675029,0.9817236342676325
2016-12-22 08:00:00,0.9936720080759385,0.9794813748964883,0.9943841069514447,0.982108222055433
2016-12-22 09:00:00,0.9923393083953166,0.9794813748964881,0.9941025741603361,0.9814911372531712
2016-12-22 10:00:00,0.9936720080759385,0.9801661278241427,0.9943841069514447,0.9821082220554329
2016-12-22 11:00:00,0.9938405685315982,0.9794189594730812,0.9944786036821597,0.9826885513710921
2016-12-22 12:00:00,0.9938405685315981,0.9841072329310098,0.9944786036821597,0.9816457549000267
2016-12-22 13:00:00,0.9938405685315982,0.9801661278241429,0.9946124982846669,0.9828220455880639
2016-12-23 07:00:00,0.9938405685315982,0.9801661278241427,0.9950367367323122,0.9832066333758644
2016-12-23 08:00:00,0.9950330655863572,0.9848544012820717,0.9953347188533892,0.9832066333758644
2016-12-23 09:00:00,0.9936720080759385,0.9873054486838199,0.9950367367323122,0.9832066333758644
2016-12-23 10:00:00,0.9930603144155227,0.9841072329310098,0.994749438540264,0.9824928098432333
2016-12-23 11:00:00,0.9932442086752111,0.9848544012820717,0.9950367367323122,0.9813165191551962
2016-12-23 12:00:00,0.9908939357216361,0.9848544012820717,0.9946591906842711,0.9804437095813087
2016-12-23 13:00:00,0.9910698294197776,0.9841072329310098,0.9949028421298047,0.9794420369912465
2016-12-27 07:00:00,0.9910698294197777,0.9841072329310098,0.9953919529690421,0.9811619015083405
2016-12-27 08:00:00,0.9934201023733528,0.9876189840565076,0.9958238296926264,0.9820089564515473
2016-12-27 09:00:00,0.9934201023733528,0.9876189840565076,0.9953347188533892,0.9805815721926813
2016-12-27 10:00:00,0.9934201023733528,0.9853649384370213,0.9949028421298047,0.9783737486958963
2016-12-27 11:00:00,0.9930603144155227,0.9853649384370213,0.9948561497302008,0.9790875722285275
2016-12-27 12:00:00,0.9942528114702817,0.9853649384370214,0.9948561497302008,0.9790875722285275
2016-12-27 13:00:00,0.9946125994281118,0.9828818145178781,0.9944650817275518,0.9783737486958964
2016-12-28 07:00:00,0.995568747242329,0.9814498932391621,0.9942438325260199,0.9801969844048807
2016-12-28 08:00:00,0.9953928535441873,0.9825842167422297,0.9940154411927971,0.9798677486600502
2016-12-28 09:00:00,0.9952169598460457,0.9834980479695412,0.9942693792196939,0.9784403644011842
2016-12-28 10:00:00,0.9952169598460457,0.9834980479695414,0.9947012559432783,0.9784403644011842
2016-12-28 11:00:00,0.9950330655863574,0.9834980479695414,0.9944977705529164,0.9779778972457779
2016-12-28 12:00:00,0.9948645051306975,0.9869708147508218,0.9949677080245299,0.9775933094579775
2016-12-28 13:00:00,0.9948645051306975,0.9825842167422297,0.9947583868298201,0.9783071329906087
2016-12-29 07:00:00,0.9946886114325559,0.9825842167422297,0.9947583868298201,0.9765872684735145
2016-12-29 08:00:00,0.9958248710059701,0.9869708147508217,0.9953559380016,0.978410504182499
2016-12-29 09:00:00,0.9960007647041117,0.9907706625686457,0.9959275930063602,0.9775634492392922
2016-12-29 10:00:00,0.9950330655863574,0.9922025838473617,0.9963264559896048,0.978410504182499
2016-12-29 11:00:00,0.9940769177721399,0.9884027360295381,0.9964794940907282,0.9775634492392922
2016-12-29 12:00:00,0.9939083573164803,0.9857520935890275,0.9967610268818369,0.9767898137172139
2016-12-29 13:00:00,0.9917961205674962,0.9857520935890275,0.9965559853582697,0.9725073981342198
2016-12-30 07:00:00,0.992324468980986,0.9815555895358753,0.9962308058206468,0.970299574637435
2016-12-30 08:00:00,0.9907253752659763,0.9766214182149839,0.9957989290970626,0.9692979020473728
2016-12-30 09:00:00,0.9893110133080433,0.9754026970531897,0.9958368104426374,0.9681950307804638
2016-12-30 10:00:00,0.9893110133080433,0.9771689915272834,0.9955552776515287,0.9685796185682644
2016-12-30 11:00:00,0.9907253752659763,0.9825842167422297,0.9959328236995698,0.9696824898351732
2016-12-30 12:00:00,0.992324468980986,0.9857520935890275,0.9966462332142629,0.9702628191508326
2016-12-30 13:00:00,0.9930756482195512,0.9857520935890275,0.9965123386117555,0.9732878373721386
2017-01-03 07:00:00,0.9930756482195514,0.9878159858387696,0.9967610268818369,0.9707507781305231
2017-01-03 08:00:00,0.9939083573164802,0.9893852785306013,0.9971400661327213,0.9670119363765861
2017-01-03 09:00:00,0.9935318054500757,0.9937718765391934,0.997439635183424,0.9659691399055207
2017-01-03 10:00:00,0.9937003659057355,0.9937718765391934,0.9976832866289577,0.9671454305935578
2017-01-03 11:00:00,0.9927806262115104,0.9937718765391934,0.9977226537043296,0.9662983756503513
2017-01-03 12:00:00,0.992436172057709,0.9937718765391934,0.9975887591018221,0.9655247401282727
2017-01-03 13:00:00,0.9914195687010918,0.994456629466848,0.9975887591018221,0.9651955043834424
2017-01-04 07:00:00,0.9896102508011155,0.9930247081881316,0.9970046783273707,0.9648662686386117
2017-01-04 08:00:00,0.9901891010028473,0.9912887526200501,0.9966190498016921,0.9648662686386117
2017-01-04 09:00:00,0.9914195687010916,0.994456629466848,0.9967996368038036,0.9648662686386117
2017-01-04 10:00:00,0.992436172057709,0.994456629466848,0.9973837175782552,0.9653287357940179
2017-01-04 11:00:00,0.992436172057709,0.994456629466848,0.997383717578255,0.9653287357940179
2017-01-04 12:00:00,0.9914195687010918,0.9944566294668479,0.9970046783273705,0.9623037175727118
2017-01-04 13:00:00,0.9905335551566488,0.9930247081881319,0.9970046783273705,0.9602592485115841
2017-01-05 07:00:00,0.9921405747212977,0.9930247081881319,0.9970046783273705,0.9607450349762311
2017-01-05 08:00:00,0.9921405747212977,0.995910724778644,0.997138572929878,0.9582079757346157
2017-01-05 09:00:00,0.9942528114702817,0.99734264605736,0.9977226537043293,0.9582079757346157
2017-01-05 10:00:00,0.9942528114702817,0.9944566294668479,0.9978883281525248,0.9616175817437224
2017-01-05 11:00:00,0.9942528114702817,0.9950886004378737,0.9978088065562983,0.9609227091259314
2017-01-05 12:00:00,0.9942528114702814,0.99734264605736,0.9975493920264504,0.9590994734169471
2017-01-05 13:00:00,0.9942528114702814,0.994456629466848,0.9971276348249289,0.9626192543337845
2017-01-06 07:00:00,0.9942528114702814,0.9937718765391936,0.9969267013300321,0.9639800228873627
2017-01-06 08:00:00,0.9942528114702814,0.9960259221586797,0.9966287192089551,0.9639800228873627
2017-01-06 09:00:00,0.9942528114702817,0.994456629466848,0.9964521066558106,0.9633996935717034
2017-01-06 10:00:00,0.9921405747212977,0.9950886004378737,0.996213291815339,0.9603190605010312
2017-01-06 11:00:00,0.9923244689809863,0.995910724778644,0.9963291501582524,0.9593173879109691
2017-01-06 12:00:00,0.9910698294197777,0.9950886004378738,0.9966287192089551,0.9552906970996006
2017-01-06 13:00:00,0.992324468980986,0.99652052171659,0.9971861158598803,0.9552906970996006
2017-01-09 07:00:00,0.993420102373353,0.9987745673360762,0.9970605959325396,0.9561635066734879
2017-01-09 08:00:00,0.9934201023733528,0.9987745673360762,0.9970605959325396,0.9586937621992629
2017-01-09 09:00:00,0.9934201023733527,0.9980898144084218,0.9963471864178465,0.9582079757346157
2017-01-09 10:00:00,0.9934201023733528,0.99734264605736,0.996435449996548,0.959209648324678
2017-01-09 11:00:00,0.99443670572997,0.9980898144084218,0.9971488595112409,0.9583625933814712
2017-01-09 12:00:00,0.9944367057299702,0.9980898144084217,0.997148859511241,0.9576487698488403
2017-01-09 13:00:00,0.9930756482195515,0.9966578931297055,0.997148859511241,0.9571051960197835
2017-01-10 07:00:00,0.9940922515761688,0.9966578931297058,0.9977715502076592,0.9601858290904555
2017-01-10 08:00:00,0.9940922515761688,0.9960259221586797,0.9977715502076592,0.9634965238541494
2017-01-10 09:00:00,0.995048399390386,0.9980898144084218,0.9973925109567747,0.9634965238541494
2017-01-10 10:00:00,0.9961846589638004,0.9980898144084218,0.9976832866289577,0.9644981964442118
2017-01-10 11:00:00,0.9961846589638004,0.9987745673360762,0.9975176121807624,0.9650417702732685
2017-01-10 12:00:00,0.9969963374889147,0.9987745673360762,0.9972268365085792,0.9647539212158373
2017-01-10 13:00:00,0.9961846589638003,0.9987745673360763,0.9971488595112409,0.9657555938058996
2017-01-11 07:00:00,0.9958402048099989,0.9980898144084218,0.9972743794385813,0.9647539212158373
2017-01-11 08:00:00,0.9947001627360931,0.9980898144084218,0.9970773924612804,0.9647539212158375
2017-01-11 09:00:00,0.9943236108696887,0.99652052171659,0.9971210392077949,0.9625460977190524
2017-01-11 10:00:00,0.9943236108696887,0.99652052171659,0.997456431712165,0.9588072559651154
2017-01-11 11:00:00,0.9930255369335542,0.9950886004378738,0.9973681681334637,0.9536410299523121
2017-01-11 12:00:00,0.9930255369335542,0.9950886004378738,0.9970773924612806,0.9508161216532655
2017-01-11 13:00:00,0.9932384921514354,0.99652052171659,0.9971637571584321,0.9508161216532655
2017-01-12 07:00:00,0.9938173423531672,0.9957733533655283,0.9975427964093165,0.9526393573622498
2017-01-12 08:00:00,0.9947734901673845,0.9950886004378738,0.997824329200425,0.9523101216174191
2017-01-12 09:00:00,0.9953523403691162,0.99652052171659,0.997824329200425,0.9530239451500502
2017-01-12 10:00:00,0.9951500420337891,0.99652052171659,0.9977816112497879,0.9567627869039874
2017-01-12 11:00:00,0.9940099999598832,0.99652052171659,0.9977816112497879,0.9550429223868935
2017-01-12 12:00:00,0.9951500420337891,0.9958357687889355,0.9977379645032735,0.9550429223868935
2017-01-12 13:00:00,0.9955449979758323,0.9958357687889353,0.9981082393400331,0.953286302383197
2017-01-13 07:00:00,0.9956948203842927,0.99652052171659,0.997824329200425,0.9547504421286653
2017-01-13 08:00:00,0.9955449979758323,0.994456629466848,0.9975427964093165,0.9564703066457593
2017-01-13 09:00:00,0.9965405707606353,0.9950886004378737,0.997824329200425,0.9564703066457593
2017-01-13 10:00:00,0.9967332283673512,0.9950886004378737,0.9981082393400333,0.956182457588328
2017-01-13 11:00:00,0.9967332283673513,0.994456629466848,0.9979772578106949,0.9544258375846315
2017-01-13 12:00:00,0.9967332283673512,0.9927206738987662,0.9978908931135435,0.955298647158519
2017-01-13 13:00:00,0.9975789787436941,0.9919735055477046,0.9978908931135435,0.9575064706553038
2017-01-17 07:00:00,0.9975789787436938,0.9912887526200501,0.9978908931135433,0.9595509397164315
2017-01-17 08:00:00,0.9967332283673512,0.988524169845614,0.9978006452575504,0.9602647632490625
2017-01-17 09:00:00,0.9956948203842925,0.9898408937442944,0.9974754657199275,0.9592219667779969
2017-01-17 10:00:00,0.9965405707606352,0.9892089227732684,0.9976724526972285,0.9598390515802586
2017-01-17 11:00:00,0.9972024268772894,0.9877770014945523,0.9976724526972285,0.9591252280476276
2017-01-17 12:00:00,0.9968074709352459,0.9877770014945523,0.9980343603632007,0.9605893677930961
2017-01-17 13:00:00,0.9968074709352459,0.9892089227732684,0.9981207250603522,0.9602047800052957
2017-01-18 07:00:00,0.996807470935246,0.9898408937442943,0.9981207250603522,0.9592031074152336
2017-01-18 08:00:00,0.996807470935246,0.993352644869792,0.9982109729163452,0.9599169309478646
2017-01-18 09:00:00,0.9978925896534995,0.99652052171659,0.9980218746428818,0.963943621759233
2017-01-18 10:00:00,0.9978925896534994,0.994456629466848,0.9980218746428818,0.9642314708166643
2017-01-18 11:00:00,0.9983988581700208,0.994456629466848,0.9982228081377784,0.9659880908203609
2017-01-18 12:00:00,0.9985674186256807,0.994456629466848,0.9980499987452696,0.9680325598814886
2017-01-18 13:00:00,0.9985674186256807,0.9912887526200501,0.997967196768566,0.9680325598814884
2017-01-19 07:00:00,0.9979885684239488,0.9919207235910761,0.9983700785480714,0.9687463834141197
2017-01-19 08:00:00,0.9985674186256807,0.9950886004378737,0.998180980274608,0.966209324172504
2017-01-19 09:00:00,0.9987433123238223,0.9950886004378737,0.9980499987452697,0.965495500639873
2017-01-19 10:00:00,0.9979885684239488,0.9957733533655283,0.9977180837210345,0.9680325598814884
2017-01-19 11:00:00,0.9985674186256807,0.99734264605736,0.9978908931135433,0.966989763410423
2017-01-19 12:00:00,0.9992884246458866,0.99734264605736,0.9981781913055915,0.9688129991194072
2017-01-19 13:00:00,0.9989439704920852,0.9987745673360763,0.9982228081377784,0.9705696191231039
2017-01-20 07:00:00,0.9982229644718792,0.9980898144084217,0.9980499987452697,0.9699525343208419
2017-01-20 08:00:00,0.9985674186256807,0.99734264605736,0.9984119064112418,0.9706663578534731
2017-01-20 09:00:00,0.9987433123238223,0.995910724778644,0.9980499987452697,0.9696646852634109
2017-01-20 10:00:00,0.9979885684239488,0.9936566791591578,0.9984119064112418,0.9676202162022831
2017-01-20 11:00:00,0.9979885684239488,0.9936566791591576,0.9987052115135102,0.9664439255142461
2017-01-20 12:00:00,0.9979885684239488,0.9936566791591576,0.9984119064112418,0.9672909804574527
2017-01-20 13:00:00,0.9976441142701473,0.9950886004378737,0.998321658555249,0.9672909804574527
2017-01-23 07:00:00,0.9976441142701473,0.9944566294668479,0.9985064031419569,0.9690476004611491
2017-01-23 08:00:00,0.9982229644718792,0.9944566294668479,0.9986830156951014,0.9678713097731119
2017-01-23 09:00:00,0.9971378457536259,0.992887336775016,0.9984982711083933,0.9678713097731119
2017-01-23 10:00:00,0.997299660116346,0.9922025838473617,0.998321658555249,0.9655711159403587
2017-01-23 11:00:00,0.9976441142701473,0.9950886004378738,0.9980343603632007,0.9655711159403585
2017-01-23 12:00:00,0.9976441142701473,0.9950886004378738,0.998411906411242,0.9660335830957649
2017-01-23 13:00:00,0.9976441142701473,0.9950886004378738,0.9984982711083933,0.9664181708835653
2017-01-24 07:00:00,0.9971378457536259,0.9922025838473615,0.998618766818153,0.9656445353614869
2017-01-24 08:00:00,0.9971378457536259,0.9901386915976198,0.9987132635488678,0.9667474066283959
2017-01-24 09:00:00,0.997299660116346,0.9907706625686454,0.9987132635488679,0.9657457340383335
2017-01-24 10:00:00,0.9971378457536259,0.9863840645600533,0.9987534180697227,0.9652599475736864
2017-01-24 11:00:00,0.9962920953772834,0.9846177700859596,0.9985877436215275,0.9656445353614868
2017-01-24 12:00:00,0.9966094973401359,0.9846177700859596,0.9985877436215275,0.9656445353614868
2017-01-24 13:00:00,0.9975328016956692,0.9871008940051031,0.9986779914775203,0.9656445353614868
2017-01-25 07:00:00,0.9966499813127431,0.9895519414068511,0.9988436659257156,0.9648640961235679
2017-01-25 08:00:00,0.9966499813127431,0.9918059870263375,0.9988035114048609,0.9648640961235679
2017-01-25 09:00:00,0.9975328016956692,0.9918059870263376,0.9986633836503398,0.9652486839113685
2017-01-25 10:00:00,0.9977254593023852,0.9918059870263376,0.9986633836503396,0.9645348603787373
2017-01-25 11:00:00,0.9974080573395324,0.9877856469327575,0.9986633836503398,0.9670651159045123
2017-01-25 12:00:00,0.9977254593023852,0.9871008940051033,0.9986633836503398,0.9670651159045123
2017-01-25 13:00:00,0.9977254593023852,0.9846177700859599,0.9985324021210015,0.9665215420754555
2017-01-26 07:00:00,0.9975328016956692,0.9855316013132712,0.9983700785480712,0.9665215420754557
2017-01-26 08:00:00,0.9982538077158751,0.9877856469327574,0.9986633836503398,0.9682414065925496
2017-01-26 09:00:00,0.9989439704920852,0.9893549396245894,0.9986187668181526,0.9667772668470812
2017-01-26 10:00:00,0.9986135956737052,0.9893549396245894,0.9983593522883049,0.9667772668470812
2017-01-26 11:00:00,0.9975751876906467,0.9893549396245894,0.998013090837998,0.9645694433502964
2017-01-26 12:00:00,0.9961846589638004,0.9863905884096479,0.9977644025679165,0.9633931526622592
2017-01-26 13:00:00,0.9961846589638004,0.9848212957178162,0.9981978354247061,0.9636810017196903
2017-01-27 07:00:00,0.9975751876906467,0.9885328152838192,0.9985440968750129,0.9622536174608243
2017-01-27 08:00:00,0.9977510813887882,0.9925531553773993,0.998407156619416,0.9613808078869369
2017-01-27 09:00:00,0.9969394028636737,0.9876189840565076,0.9981584683493342,0.9613808078869369
2017-01-27 10:00:00,0.9977510813887882,0.9885328152838192,0.9977644025679165,0.9613808078869369
2017-01-27 11:00:00,0.9981276332551926,0.9885328152838192,0.9977644025679165,0.9605337529437301
2017-01-27 12:00:00,0.998127633255193,0.9885328152838192,0.9977644025679165,0.9591729843901521
2017-01-27 13:00:00,0.9981276332551926,0.9885328152838192,0.9977644025679165,0.9587883966023515
2017-01-30 07:00:00,0.9981276332551926,0.9853649384370214,0.9978567259913267,0.9591729843901521
2017-01-30 08:00:00,0.9989733836315355,0.9871008940051031,0.9981500310935949,0.9583993488680735
2017-01-30 09:00:00,0.9983115275148812,0.9816534188710185,0.9981500310935951,0.9578190195524143
2017-01-30 10:00:00,0.9983115275148812,0.9861870627777917,0.9976676277178631,0.9574897838075836
2017-01-30 11:00:00,0.9983115275148811,0.9911212340986831,0.9976676277178633,0.9571051960197833
2017-01-30 12:00:00,0.9973159547300782,0.9871008940051031,0.9976676277178631,0.9562581410765765
2017-01-30 13:00:00,0.9971320604703897,0.9871008940051033,0.9970964193862069,0.9552564684865145
2017-01-31 07:00:00,0.9973159547300783,0.985037001755361,0.9972303139887143,0.9556410562743148
2017-01-31 08:00:00,0.996956166772248,0.9850370017553611,0.9968949214843443,0.9556410562743148
2017-01-31 09:00:00,0.9961759126561724,0.985037001755361,0.9966462332142627,0.9559289053317461
2017-01-31 10:00:00,0.9948963850041175,0.9795895266212764,0.9966462332142627,0.9561846301033716
2017-01-31 11:00:00,0.9947037273974014,0.980503357848588,0.997268923910681,0.9558967810459403
2017-01-31 12:00:00,0.9961759126561724,0.9805033578485878,0.997268923910681,0.9528161479752683
2017-01-31 13:00:00,0.9959920183964841,0.9833893744391001,0.997268923910681,0.952353680819862
2017-02-01 07:00:00,0.9961759126561724,0.9848212957178162,0.9971350293081735,0.9541103008235585
2017-02-01 08:00:00,0.9973159547300783,0.9839074644905046,0.9972819991921849,0.9569352091226051
2017-02-01 09:00:00,0.9973159547300783,0.9893549396245894,0.9970972546054769,0.956354879806946
2017-02-01 10:00:00,0.9961759126561724,0.9893549396245894,0.9968536031599431,0.9560256440621153
2017-02-01 11:00:00,0.9971320604703899,0.9925531553773993,0.9973746164576416,0.9585627033037308
2017-02-01 12:00:00,0.9967722725125596,0.9933752797181695,0.9975796579812085,0.9647717257875995
2017-02-01 13:00:00,0.9954395728319381,0.9909242323164215,0.9970972546054769,0.9662591848423089
2017-02-02 07:00:00,0.9954395728319381,0.9901021079756511,0.9970972546054769,0.9657156110132521
2017-02-02 08:00:00,0.9957993607897682,0.9885328152838192,0.9970972546054767,0.9637656848031365
2017-02-02 09:00:00,0.9956234670916265,0.9877856469327575,0.9975306874622663,0.965522304806833
2017-02-02 10:00:00,0.9965796149058436,0.9877856469327575,0.9975306874622663,0.9689319108159398
2017-02-02 11:00:00,0.9965796149058438,0.9893549396245894,0.9975306874622664,0.9702926793695178
2017-02-02 12:00:00,0.9965796149058436,0.9933752797181695,0.9975796579812085,0.9711654889434053
2017-02-02 13:00:00,0.9965796149058436,0.9933752797181695,0.9975796579812085,0.972012543886612
2017-02-03 07:00:00,0.995799360789768,0.9893549396245894,0.9975796579812085,0.973115415153521
2017-02-03 08:00:00,0.9959832550494566,0.9893549396245894,0.9973746164576416,0.9727308273657204
2017-02-03 09:00:00,0.9961759126561727,0.9901021079756511,0.9978080493144311,0.9735778823089272
2017-02-03 10:00:00,0.9957993607897682,0.9909242323164215,0.9978080493144311,0.9712776884761738
2017-02-03 11:00:00,0.9954395728319381,0.9909242323164211,0.9982021150958489,0.9708931006883733
2017-02-03 12:00:00,0.9952469152252219,0.9909242323164211,0.9979737237626264,0.9697902294214644
2017-02-03 13:00:00,0.9956234670916265,0.9909242323164215,0.9978080493144311,0.9697902294214642
2017-02-06 07:00:00,0.9969561667722482,0.9909242323164215,0.9982021150958489,0.9701748172092648
2017-02-06 08:00:00,0.9965796149058436,0.994122448069231,0.9982021150958489,0.9686873581545554
2017-02-06 09:00:00,0.9952469152252219,0.9909242323164211,0.9982021150958489,0.9701748172092649
2017-02-06 10:00:00,0.9949024610714204,0.9909242323164211,0.9982021150958489,0.969071945942356
2017-02-06 11:00:00,0.9952469152252217,0.9893549396245894,0.9982021150958489,0.9712797694391407
2017-02-06 12:00:00,0.9950446168898945,0.9925531553773993,0.9978080493144311,0.9704993302012218
2017-02-06 13:00:00,0.9950446168898945,0.9933752797181693,0.9977644025679165,0.9710796595168812
2017-02-07 07:00:00,0.9935724316311233,0.9893549396245894,0.9976864255705781,0.9703658359842501
2017-02-07 08:00:00,0.9932279774773219,0.9925531553773993,0.9979148169038008,0.9714086324553155
2017-02-07 09:00:00,0.9941512818328552,0.9952037978179096,0.9982209238332529,0.9714086324553155
2017-02-07 10:00:00,0.9941512818328552,0.994456629466848,0.9982209238332529,0.9727694010088938
2017-02-07 11:00:00,0.9941512818328552,0.9960259221586797,0.9981326602545514,0.9735498402468125
2017-02-07 12:00:00,0.9947037273974014,0.9944566294668479,0.9982507917727446,0.9754997664569283
2017-02-07 13:00:00,0.9948963850041171,0.9944566294668479,0.9981562950420292,0.9758290022017588
2017-02-08 07:00:00,0.9961759126561724,0.9944566294668479,0.9981562950420292,0.9758290022017588
2017-02-08 08:00:00,0.996359806915861,0.9960259221586797,0.9981562950420292,0.9768717986728241
2017-02-08 09:00:00,0.9963598069158609,0.99734264605736,0.9981562950420292,0.9777446082467117
2017-02-08 10:00:00,0.9963598069158609,0.9957733533655282,0.9982445586207309,0.9767018117756463
2017-02-08 11:00:00,0.9950802792638059,0.9928873367750162,0.9982445586207309,0.9749451917719496
2017-02-08 12:00:00,0.9948963850041175,0.994456629466848,0.9985984698812937,0.9763725760308156
2017-02-08 13:00:00,0.9945198331377131,0.9937718765391936,0.9985082220253009,0.9768350431862218
2017-02-09 07:00:00,0.9932893654394687,0.9925531553773993,0.9982209238332527,0.975987988243015
2017-02-09 08:00:00,0.9919284144639352,0.9925531553773993,0.9982209238332527,0.975987988243015
2017-02-09 09:00:00,0.9915518625975308,0.9952037978179097,0.998645162280898,0.9768350431862218
2017-02-09 10:00:00,0.9930967078327524,0.99652052171659,0.9989840984069723,0.9780924405479094
2017-02-09 11:00:00,0.9947037273974014,0.99734264605736,0.9991497728551676,0.9800423667580254
2017-02-09 12:00:00,0.9950802792638059,0.99734264605736,0.9991497728551676,0.9791953118148186
2017-02-09 13:00:00,0.9948963850041174,0.99734264605736,0.9990574494317577,0.9799091353474498
2017-02-10 07:00:00,0.9961759126561727,0.9987745673360762,0.998926467902419,0.981373275092918
2017-02-10 08:00:00,0.9973159547300783,0.9987745673360762,0.998926467902419,0.9806594515602871
2017-02-10 09:00:00,0.9969561667722482,0.9987745673360762,0.9988362200464264,0.9794831608722498
2017-02-10 10:00:00,0.9965796149058436,0.9987745673360762,0.9985232828993963,0.9784403644011844
2017-02-10 11:00:00,0.9965796149058438,0.9987745673360762,0.9981770214490895,0.9784403644011844
2017-02-10 12:00:00,0.9962351607520423,0.9987745673360762,0.9983426958972847,0.979057449203446
2017-02-10 13:00:00,0.9964278183587582,0.9987745673360762,0.9983426958972847,0.9767572553706928
2017-02-13 07:00:00,0.9950951186781366,0.9987745673360762,0.9983426958972847,0.9742201961290773
2017-02-13 08:00:00,0.9949024610714206,0.9987745673360762,0.9983017217837515,0.9731773996580116
2017-02-13 09:00:00,0.9938173423531672,0.99734264605736,0.9983845237604552,0.9728481639131814
2017-02-13 10:00:00,0.9947734901673845,0.99734264605736,0.9983426958972847,0.9731773996580116
2017-02-13 11:00:00,0.9955851686924988,0.9973426460573602,0.9979887846367218,0.9734331244296374
2017-02-13 12:00:00,0.9943444623741128,0.9973426460573602,0.9980715866134251,0.9731452753722063
2017-02-13 13:00:00,0.9949233125758447,0.9973426460573602,0.9984254978739884,0.972659488907559
2017-02-14 07:00:00,0.9955021627775766,0.9973426460573602,0.9984254978739884,0.972659488907559
2017-02-14 08:00:00,0.9949233125758447,0.9950886004378738,0.9980715866134251,0.9719456653749278
2017-02-14 09:00:00,0.9949233125758447,0.9959107247786441,0.9979887846367215,0.9725627501771897
2017-02-14 10:00:00,0.9935327838489983,0.9973426460573602,0.9979486301158669,0.9725627501771897
2017-02-14 11:00:00,0.9941116340507303,0.9980898144084218,0.9982615672628967,0.9721002830217835
2017-02-14 12:00:00,0.9931160612659274,0.9967730905097416,0.9982615672628967,0.9724295187666142
2017-02-14 13:00:00,0.993927739791042,0.9960259221586797,0.9982615672628967,0.9706728987629175
2017-02-15 07:00:00,0.9947734901673845,0.994456629466848,0.9982615672628967,0.9711586852275647
2017-02-15 08:00:00,0.9947734901673845,0.9952787538076182,0.9984899585961196,0.9736957444691803
2017-02-15 09:00:00,0.9959617205589035,0.9952787538076182,0.9987550914120383,0.9754523644728765
2017-02-15 10:00:00,0.9972024268772894,0.9952787538076182,0.9991013528623452,0.9768797487317425
2017-02-15 11:00:00,0.9972024268772894,0.9952787538076182,0.9989783963647868,0.9775935722643737
2017-02-15 12:00:00,0.9968258750108848,0.9930247081881319,0.9989783963647868,0.9775935722643737
2017-02-15 13:00:00,0.9968258750108848,0.9911212340986831,0.9990211143154238,0.9775935722643737
2017-02-16 07:00:00,0.9955851686924988,0.9861870627777917,0.9990211143154238,0.9768131330264547
2017-02-16 08:00:00,0.9947734901673845,0.9816534188710185,0.9987978093626754,0.9776601879696615
2017-02-16 09:00:00,0.9954092749943573,0.9823381717986728,0.9987550914120386,0.9771977208142553
2017-02-16 10:00:00,0.9960711311110115,0.9846177700859599,0.9987978093626756,0.9776601879696615
2017-02-16 11:00:00,0.9955851686924988,0.9816534188710183,0.9985267000788159,0.9776601879696615
2017-02-16 12:00:00,0.9959155435108787,0.9800841261791866,0.9986078287132037,0.9766585153795994
2017-02-16 13:00:00,0.9948304247926253,0.9823381717986729,0.9982615672628969,0.9744506918828144
2017-02-17 07:00:00,0.9946174695747443,0.9877856469327577,0.9984848722156454,0.9726940718791179
2017-02-17 08:00:00,0.9948304247926253,0.9877856469327574,0.9987978093626754,0.9749018953759028
2017-02-17 09:00:00,0.9943444623741129,0.9860496913646759,0.9985927678391083,0.9755189801781644
2017-02-17 10:00:00,0.9935327838489983,0.9860496913646757,0.9983491163935748,0.9733111566813797
2017-02-17 11:00:00,0.9941116340507302,0.9885328152838192,0.9985257289467191,0.9714879209723952
2017-02-17 12:00:00,0.9935327838489983,0.9909838626855676,0.9984393642495678,0.9711033331845951
2017-02-17 13:00:00,0.9932384921514354,0.9878159858387696,0.9979294401252365,0.9713911822420261
2017-02-21 07:00:00,0.9921428587590686,0.9878159858387696,0.9979294401252365,0.9713911822420261
2017-02-21 08:00:00,0.9938173423531672,0.9878159858387696,0.9979294401252365,0.9713911822420259
2017-02-21 09:00:00,0.9929715919768245,0.9818531873115237,0.9979294401252365,0.9717757700298265
2017-02-21 10:00:00,0.9942122982952104,0.9846177700859599,0.9982005494090962,0.9712321962007696
2017-02-21 11:00:00,0.9942122982952105,0.9853649384370214,0.9982005494090962,0.9734400196975546
2017-02-21 12:00:00,0.9953523403691162,0.9860496913646759,0.9981141847119447,0.97597707893917
2017-02-21 13:00:00,0.9947734901673845,0.9835665674455324,0.9982005494090962,0.9763616667269706
2017-02-22 07:00:00,0.9939277397910418,0.9835665674455324,0.9982005494090962,0.974874207672261
2017-02-22 08:00:00,0.9949233125758447,0.9853328619196262,0.9982005494090962,0.975588031204892
2017-02-22 09:00:00,0.9954092749943573,0.9853328619196262,0.9985257289467191,0.9749709464026303
2017-02-22 10:00:00,0.9949940214411488,0.9885007387664241,0.9985724213463231,0.9760137428736959
2017-02-22 11:00:00,0.9953114234040016,0.9897194599282184,0.9983918343442119,0.9770565393447611
2017-02-22 12:00:00,0.9944656730276591,0.9897194599282184,0.9986354857897455,0.9753599941369082
2017-02-22 13:00:00,0.9949940214411489,0.9897194599282184,0.998412180836997,0.974646170604277
2017-02-23 07:00:00,0.9949940214411489,0.9897194599282182,0.9979401380582407,0.9759035679659648
2017-02-23 08:00:00,0.9954092749943573,0.9897194599282182,0.9981207250603522,0.9759035679659648
2017-02-23 09:00:00,0.9964476829774159,0.9928873367750162,0.9983918343442116,0.9767506229091716
2017-02-23 10:00:00,0.9949940214411488,0.9897194599282182,0.9980666548065887,0.9760367993765408
2017-02-23 11:00:00,0.9956019326010733,0.9897194599282182,0.9982005494090962,0.9763246484339718
2017-02-23 12:00:00,0.9959617205589035,0.9928873367750162,0.9986626692023161,0.9780211936418247
2017-02-23 13:00:00,0.9970468392771568,0.9944566294668479,0.9986626692023161,0.9800656627029527
2017-02-24 07:00:00,0.9963566765009467,0.9909838626855674,0.9986626692023161,0.9807794862355838
2017-02-24 08:00:00,0.9972024268772894,0.9922025838473617,0.9986626692023161,0.980162401433322
2017-02-24 09:00:00,0.9975328016956692,0.9922025838473617,0.9989499673943644,0.9791607288432597
2017-02-24 10:00:00,0.9978772558494706,0.9922025838473617,0.9988160727918569,0.9802035253143251
2017-02-24 11:00:00,0.9969539514939374,0.9928345548183876,0.9988160727918569,0.9789461279526374
2017-02-24 12:00:00,0.9969539514939374,0.9922025838473617,0.9988160727918569,0.9796599514852683
2017-02-24 13:00:00,0.9964015059293913,0.9922025838473617,0.9988160727918569,0.9796599514852683
2017-02-27 07:00:00,0.9960711311110115,0.9928345548183876,0.9989783963647868,0.9796599514852683
2017-02-27 08:00:00,0.9959155435108787,0.9922025838473617,0.9987978093626754,0.9796599514852683
2017-02-27 09:00:00,0.9959155435108789,0.9909838626855674,0.998574504409927,0.9811240912307369
2017-02-27 10:00:00,0.9959155435108787,0.9922025838473617,0.9986974609074853,0.9801224186406745
2017-02-27 11:00:00,0.9960841039665385,0.9897194599282184,0.998574504409927,0.9812252899075835
2017-02-27 12:00:00,0.9964015059293913,0.9890347070005638,0.998574504409927,0.9816098776953839
2017-02-27 13:00:00,0.9951607996110052,0.9878159858387695,0.9982615672628969,0.9796599514852683
2017-02-28 07:00:00,0.9945250147840324,0.9878159858387695,0.997907656002334,0.9796599514852683
2017-02-28 08:00:00,0.9945250147840324,0.9878159858387695,0.9980306124998922,0.9782325672264023
2017-02-28 09:00:00,0.9933887552106181,0.9878159858387695,0.9980306124998922,0.9771296959594934
2017-02-28 10:00:00,0.9924326073964008,0.9878159858387696,0.9979076560023339,0.9762826410162868
2017-02-28 11:00:00,0.9922707930336807,0.9829875108145916,0.9979076560023339,0.9770562765383651
2017-02-28 12:00:00,0.9928824866940964,0.9798196339677937,0.9980306124998922,0.9753597313305118
2017-02-28 13:00:00,0.9928824866940964,0.9846481089919717,0.9983017217837516,0.9764025278015774
2017-03-01 07:00:00,0.9928824866940964,0.9846481089919717,0.9981787652861934,0.9764025278015777
2017-03-01 08:00:00,0.9921923239178866,0.9825842167422296,0.9982615672628969,0.9764025278015777
2017-03-01 09:00:00,0.9921923239178866,0.9815555895358755,0.9982615672628969,0.9764025278015777
2017-03-01 10:00:00,0.9934903978540209,0.9869708147508217,0.9982615672628969,0.9764025278015777
2017-03-01 11:00:00,0.9930405185563251,0.9857520935890275,0.9981360473355564,0.9753597313305122
2017-03-01 12:00:00,0.9930405185563251,0.9863840645600533,0.9983017217837515,0.9710773157475182
2017-03-01 13:00:00,0.9930405185563251,0.9863840645600533,0.9983017217837519,0.97227909825984
2017-03-02 07:00:00,0.9930405185563251,0.9863840645600536,0.9983017217837515,0.9736398668134179
2017-03-02 08:00:00,0.9930405185563251,0.9846481089919719,0.9983017217837515,0.9748161575014552
2017-03-02 09:00:00,0.9924326073964008,0.9846481089919719,0.9981787652861933,0.9752786246568614
2017-03-02 10:00:00,0.9911345334602664,0.9846481089919719,0.9981360473355563,0.9748161575014552
2017-03-02 11:00:00,0.9904443706840566,0.9852348591827402,0.9983017217837516,0.9748161575014552
2017-03-02 12:00:00,0.9896116615871275,0.9865515830814204,0.9981787652861934,0.9730595374977586
2017-03-02 13:00:00,0.9911345334602666,0.9897194599282182,0.9985326765467565,0.971077315747518
2017-03-03 07:00:00,0.9909097355232621,0.993519307746042,0.9985326765467565,0.9716576450631774
2017-03-03 08:00:00,0.990117930103649,0.993519307746042,0.998099243689967,0.970614848592112
2017-03-03 09:00:00,0.9904483049220291,0.9922025838473617,0.9976272009112106,0.9709994363799122
2017-03-03 10:00:00,0.9908981842197249,0.9922025838473617,0.9978281344061073,0.9718722459537998
2017-03-03 11:00:00,0.9902864905593087,0.993519307746042,0.9977453324294038,0.9722014816986303
2017-03-03 12:00:00,0.9912541896770634,0.9926054765187304,0.9980992436899668,0.9725860694864308
2017-03-03 13:00:00,0.9915845644954431,0.9897194599282182,0.9976272009112106,0.9734588790603182
2017-03-06 07:00:00,0.9935573156662778,0.993519307746042,0.9976272009112106,0.9739213462157242
2017-03-06 08:00:00,0.9935573156662778,0.9957733533655282,0.9978555922444332,0.9739213462157242
2017-03-06 09:00:00,0.992196258155859,0.9926054765187305,0.9975740594533246,0.9713842869741088
2017-03-06 10:00:00,0.9918658833374794,0.9912887526200501,0.9973398927178134,0.9726962443941615
2017-03-06 11:00:00,0.9918658833374794,0.9912887526200501,0.9972962459712986,0.9733133291964232
2017-03-06 12:00:00,0.9918658833374792,0.9912887526200501,0.9972117001574912,0.971849189450955
2017-03-06 13:00:00,0.990117930103649,0.9864602775958721,0.9968577888969282,0.970421805192089
2017-03-07 07:00:00,0.9895285652278037,0.9864602775958721,0.9970108269980519,0.9692455145040516
2017-03-07 08:00:00,0.9880980319684537,0.9848909849040401,0.9970108269980519,0.9672010454429238
2017-03-07 09:00:00,0.9865751600953152,0.9848909849040401,0.9972201481927617,0.9636812645260865
2017-03-07 10:00:00,0.9880980319684539,0.9864602775958721,0.9972201481927617,0.9626384680550211
2017-03-07 11:00:00,0.987767657150074,0.9864602775958721,0.9969427863405969,0.9648462915518059
2017-03-07 12:00:00,0.9879362176057339,0.9877770014945523,0.9970683062679375,0.9662736758106717
2017-03-07 13:00:00,0.9879362176057337,0.9912887526200502,0.9973456681201024,0.9692986940319779
2017-03-08 07:00:00,0.988687396844299,0.9926054765187305,0.9973456681201022,0.9718357532735934
2017-03-08 08:00:00,0.9889816885418622,0.9897194599282182,0.9970683062679375,0.9709492607146023
2017-03-08 09:00:00,0.9883699948814462,0.9897194599282182,0.9966654244884322,0.9686490668818488
2017-03-08 10:00:00,0.988687396844299,0.9903514308992443,0.9967482264651358,0.9677762573079615
2017-03-08 11:00:00,0.9889816885418622,0.9897194599282184,0.9967482264651358,0.9692036415668275
2017-03-08 12:00:00,0.9889816885418622,0.9884027360295381,0.9962951496516724,0.969532877311658
2017-03-08 13:00:00,0.9883699948814464,0.9829875108145916,0.996129475203477,0.9710364546729109
2017-03-09 07:00:00,0.9886873968442992,0.9798196339677937,0.9964110079945856,0.9703226311402801
2017-03-09 08:00:00,0.9870089373710277,0.9771689915272834,0.9959474229298936,0.9714989218283171
2017-03-09 09:00:00,0.9860891976768025,0.9700296706676065,0.9959474229298937,0.9707850982956863
2017-03-09 10:00:00,0.9833511581036024,0.963553568327167,0.9954148245202038,0.9696088076076489
2017-03-09 11:00:00,0.9807355675668608,0.9540435475915758,0.9952557188884777,0.9667838993086023
2017-03-09 12:00:00,0.9819902071280692,0.9610027234060379,0.9955832757746005,0.9676309542518089
2017-03-09 13:00:00,0.9819902071280692,0.962434644684754,0.9953444609341289,0.9689917228053871
2017-03-10 07:00:00,0.9802128165195169,0.9643381187742026,0.9946981914986872,0.9681446678621803
2017-03-10 08:00:00,0.9833511581036026,0.9704007148208299,0.9946981914986874,0.9698645323792745
2017-03-10 09:00:00,0.9847122156140213,0.9742005626386534,0.9949821016382955,0.9720235447425338
2017-03-10 10:00:00,0.9847122156140213,0.9758481899549145,0.9952580962369775,0.9743237385752871
2017-03-10 11:00:00,0.9855982291584643,0.9758481899549145,0.9955832757746005,0.9755000292633242
2017-03-10 12:00:00,0.985766789614124,0.9764801609259405,0.9948698662599076,0.9766029005302332
2017-03-10 13:00:00,0.9860841915769767,0.9776144844290082,0.9942235968244659,0.9766029005302332
2017-03-13 07:00:00,0.988687396844299,0.9842062319763857,0.9949741860973693,0.9776045731202955
2017-03-13 08:00:00,0.9896550959620536,0.9850283563171559,0.9955832757746005,0.9788619704819833
2017-03-13 09:00:00,0.9896550959620536,0.9850283563171559,0.9953444609341289,0.9791498195394146
2017-03-13 10:00:00,0.9918658833374792,0.9892248603703082,0.9953959432988906,0.9791498195394146
2017-03-13 11:00:00,0.9918658833374792,0.9912887526200502,0.9953444609341289,0.9769419960426297
2017-03-13 12:00:00,0.9918658833374792,0.9900700314582558,0.9949821016382955,0.9791498195394146
2017-03-13 13:00:00,0.9918658833374792,0.9878159858387696,0.9949821016382955,0.9794790552842451
2017-03-14 07:00:00,0.9918658833374792,0.9878159858387696,0.9943730119610643,0.9794790552842451
2017-03-14 08:00:00,0.9924447335392111,0.988500738766424,0.9942686921236026,0.9809431950297135
2017-03-14 09:00:00,0.9921273315763584,0.9835665674455326,0.99358591900075,0.9826998150334102
2017-03-14 10:00:00,0.9939556134580902,0.9860496913646759,0.9943730119610643,0.982237347878004
2017-03-14 11:00:00,0.99395561345809,0.9860496913646759,0.9950192813965058,0.982237347878004
2017-03-14 12:00:00,0.9925945559476714,0.988500738766424,0.9945446867222845,0.9808765793244257
2017-03-14 13:00:00,0.9925945559476714,0.9909838626855673,0.9945446867222845,0.9812611671122261
2017-03-15 07:00:00,0.9925945559476714,0.9885328152838192,0.9942686921236026,0.9815904028570568
2017-03-15 08:00:00,0.9942730154209428,0.9885328152838192,0.9943730119610643,0.9812058150692564
2017-03-15 09:00:00,0.9936329639307301,0.9885328152838192,0.9950192813965061,0.9794491950655597
2017-03-15 10:00:00,0.9936329639307301,0.9830853401497344,0.9942686921236026,0.978832110263298
2017-03-15 11:00:00,0.9944656730276591,0.9830853401497344,0.9946123052684857,0.9788321102632982
2017-03-15 12:00:00,0.9949940214411489,0.9855684640688779,0.994700568847187,0.9801928788168762
2017-03-15 13:00:00,0.9942730154209428,0.9885328152838192,0.9949821016382955,0.9776558195752608
2017-03-16 07:00:00,0.9936329639307303,0.9909838626855674,0.9955031149359939,0.9770754902596016
2017-03-16 08:00:00,0.9942730154209428,0.9925531553773991,0.9956047923347137,0.9799003985586481
2017-03-16 09:00:00,0.9953114234040014,0.9893852785306015,0.9962008667361972,0.9792833137563861
2017-03-16 10:00:00,0.9949940214411489,0.9893852785306015,0.9962008667361972,0.9801303686995929
2017-03-16 11:00:00,0.9951558358038688,0.9878159858387696,0.9964396815766688,0.9807474535018547
2017-03-16 12:00:00,0.9951558358038688,0.988500738766424,0.9958169908802508,0.9810766892466852
2017-03-16 13:00:00,0.9955002899576703,0.992887336775016,0.9961042890722989,0.9810766892466855
2017-03-17 07:00:00,0.9962920953772834,0.9957733533655283,0.9962059664710186,0.9824374578002634
2017-03-17 08:00:00,0.9968204437907732,0.9950886004378738,0.9965260462738204,0.9838648420591293
2017-03-17 09:00:00,0.9961846589638004,0.9937718765391936,0.9964495550062789,0.9828631694690673
2017-03-17 10:00:00,0.9956563105503103,0.9944566294668479,0.9965725115038371,0.9825339337242366
2017-03-17 11:00:00,0.9966518833351135,0.99734264605736,0.9965725115038371,0.9828631694690673
2017-03-17 12:00:00,0.9966518833351135,0.99734264605736,0.9971816011810685,0.9849076385301949
2017-03-17 13:00:00,0.9962920953772834,0.99734264605736,0.9966883698467502,0.9869521075913227
2017-03-20 07:00:00,0.9971378457536259,0.9980273989850146,0.9966883698467502,0.9877991625345293
2017-03-20 08:00:00,0.9971378457536259,0.9980273989850146,0.9960277978047575,0.987336695379123
2017-03-20 09:00:00,0.9958397718174914,0.9980273989850145,0.9958996052444354,0.9845117870800766
2017-03-20 10:00:00,0.9956558775578028,0.99734264605736,0.9962125423914655,0.9845117870800764
2017-03-20 11:00:00,0.9969539514939373,0.99734264605736,0.9965033180636484,0.985554583551142
2017-03-20 12:00:00,0.997122511949597,0.9944566294668479,0.9963048658148754,0.9835101144900145
2017-03-20 13:00:00,0.9959862523761828,0.9922025838473617,0.9961518277137518,0.9820827302311482
2017-03-21 07:00:00,0.9956558775578028,0.9908858599486814,0.9956627168745146,0.981620263075742
2017-03-21 08:00:00,0.9966235766755575,0.9922025838473617,0.996396972362129,0.9804439723877049
2017-03-21 09:00:00,0.9969539514939374,0.9901386915976196,0.9965735849152734,0.9795711628138175
2017-03-21 10:00:00,0.9960711311110115,0.9884027360295381,0.9966563868919769,0.9789908334981582
2017-03-21 11:00:00,0.9964015059293913,0.9899720287213698,0.996350279962525,0.9789908334981582
2017-03-21 12:00:00,0.9969539514939374,0.9899720287213698,0.9968495795139554,0.9789908334981582
2017-03-21 13:00:00,0.9960711311110113,0.9899720287213698,0.9963859944492632,0.9789908334981582
2017-03-22 07:00:00,0.9962329454737315,0.9864992619400892,0.9962936710258531,0.9789908334981582
2017-03-22 08:00:00,0.9959155435108787,0.9810840367251428,0.9962936710258531,0.977814542810121
2017-03-22 09:00:00,0.9959155435108787,0.9810840367251428,0.9964496838896211,0.976557145448433
2017-03-22 10:00:00,0.9959155435108787,0.9810840367251428,0.9958521327178413,0.9753808547603958
2017-03-22 11:00:00,0.9949922391553453,0.9761498654042512,0.9960614539125511,0.9753808547603958
2017-03-22 12:00:00,0.9949922391553453,0.9690105445445742,0.9955515297882203,0.9750930057029648
2017-03-22 13:00:00,0.9936941652192111,0.9690105445445744,0.9955515297882203,0.9725627501771897
2017-03-23 07:00:00,0.9938627256748709,0.9690105445445744,0.9955515297882201,0.9722749011197585
2017-03-23 08:00:00,0.9951034319932569,0.9701870668770054,0.9957362743749282,0.9697378418781433
2017-03-23 09:00:00,0.9934249725199854,0.9654987934190766,0.9958521327178413,0.9689574026402242
2017-03-23 10:00:00,0.9932564120643257,0.9726381142787536,0.9952003156902696,0.966657208807471
2017-03-23 11:00:00,0.9914955039865957,0.9786009128059995,0.9947668828334798,0.9641201495658556
2017-03-23 12:00:00,0.9918258788049754,0.9780533394937001,0.9949762040281896,0.9630773530947899
2017-03-23 13:00:00,0.992501668164452,0.9780533394936999,0.9956673881311333,0.9648339730984866
2017-03-24 07:00:00,0.9937423744828382,0.9840161380209459,0.9958521327178413,0.966657208807471
2017-03-24 08:00:00,0.992501668164452,0.9840161380209459,0.9959301097151797,0.9675042637506778
2017-03-24 09:00:00,0.9926572557645846,0.9829875108145913,0.9959301097151797,0.9675042637506778
2017-03-24 10:00:00,0.9926572557645846,0.9858735274051037,0.9958521327178413,0.9672164146932465
2017-03-24 11:00:00,0.9912035942283176,0.9873054486838196,0.9950844573473564,0.9654965501761525
2017-03-24 12:00:00,0.9913654085910378,0.9841072329310098,0.9954096368849793,0.9663693597500397
2017-03-24 13:00:00,0.9913654085910378,0.9858735274051036,0.9952003156902696,0.9663693597500397
2017-03-27 07:00:00,0.9928882804641764,0.9873054486838196,0.9958521327178413,0.9638323005084245
2017-03-27 08:00:00,0.9928882804641764,0.9900700314582558,0.9961983941681481,0.9638323005084245
2017-03-27 09:00:00,0.9930438680643093,0.9912887526200502,0.9962763711654866,0.9657822267185399
2017-03-27 10:00:00,0.9930438680643093,0.9912887526200502,0.9958521327178413,0.9640623622014459
2017-03-27 11:00:00,0.9930438680643093,0.9912887526200502,0.9957362743749282,0.9640623622014459
2017-03-27 12:00:00,0.9930438680643093,0.9900700314582558,0.9960614539125511,0.9637331264566152
2017-03-27 13:00:00,0.9915209961911704,0.9912887526200501,0.9958521327178413,0.9641955936120216
2017-03-28 07:00:00,0.9915209961911704,0.9898568313413342,0.9956961198540735,0.9659154581291156
2017-03-28 08:00:00,0.9930438680643093,0.9907706625686457,0.99604238130438,0.9659154581291156
2017-03-28 09:00:00,0.9913654085910378,0.9928345548183876,0.9958285977983383,0.9664957874447748
2017-03-28 10:00:00,0.992501668164452,0.9950886004378738,0.9963859944492632,0.9683190231537593
2017-03-28 11:00:00,0.992501668164452,0.9912887526200501,0.9965997779553052,0.9680889614607376
2017-03-28 12:00:00,0.9937423744828382,0.9912887526200501,0.9972603499972983,0.9698088259778317
2017-03-28 13:00:00,0.9934119996644583,0.989224860370308,0.9968905536274882,0.9711695945314099
2017-03-29 07:00:00,0.9949348715375972,0.9930247081881319,0.9971089940438032,0.9725303630849881
2017-03-29 08:00:00,0.9936941652192111,0.9930247081881319,0.9971089940438035,0.9711695945314099
2017-03-29 09:00:00,0.9947792839374644,0.9930247081881319,0.9971089940438035,0.9683446862323634
2017-03-29 10:00:00,0.9932564120643255,0.9892248603703082,0.9970633630199973,0.9656053445534446
2017-03-29 11:00:00,0.9918658833374792,0.98997202872137,0.9970633630199973,0.96604449239961
2017-03-29 12:00:00,0.9921962581558591,0.9912887526200502,0.9967982302040782,0.9651716828257225
2017-03-29 13:00:00,0.9925016681644522,0.9878159858387696,0.9961004784038747,0.9639142854640348
2017-03-30 07:00:00,0.9941801276377237,0.9909838626855674,0.996192801827285,0.966994918534707
2017-03-30 08:00:00,0.9936941652192111,0.9909838626855674,0.9961928018272849,0.9665324513793008
2017-03-30 09:00:00,0.9932564120643255,0.9925531553773991,0.996192801827285,0.9652750540176129
2017-03-30 10:00:00,0.9934119996644581,0.9937718765391934,0.996192801827285,0.9648359061714477
2017-03-30 11:00:00,0.9921712933460722,0.9912887526200501,0.996192801827285,0.9661478635915002
2017-03-30 12:00:00,0.992501668164452,0.9897194599282184,0.9956354051763597,0.9652750540176129
2017-03-30 13:00:00,0.9926572557645846,0.9897194599282182,0.9955430817529498,0.9652750540176129
2017-03-31 07:00:00,0.9937423744828379,0.9912887526200501,0.9955430817529499,0.966994918534707
2017-03-31 08:00:00,0.9949348715375972,0.9937718765391934,0.9956354051763598,0.9687147830518009
2017-03-31 09:00:00,0.9952652463559769,0.9912887526200502,0.9956354051763598,0.9698910737398381
2017-03-31 10:00:00,0.9965633202921113,0.9922025838473617,0.9960880123281862,0.9703535408952445
2017-03-31 11:00:00,0.9972843263123171,0.9950886004378738,0.9963859944492632,0.972398009956372
2017-03-31 12:00:00,0.9964015059293913,0.9944566294668479,0.996151827713752,0.975708704720066
2017-03-31 13:00:00,0.9964015059293911,0.9930247081881317,0.9963656112197937,0.9745324140320286
2017-04-03 07:00:00,0.9964015059293911,0.9937718765391936,0.9965997779553052,0.9720021585062538
2017-04-03 08:00:00,0.9969539514939374,0.9952037978179097,0.9968905536274882,0.9720021585062536
2017-04-03 09:00:00,0.9966235766755577,0.9937718765391936,0.9965997779553052,0.9700522322961382
2017-04-03 10:00:00,0.9969539514939374,0.9944566294668479,0.9962936710258531,0.9693573596783472
2017-04-03 11:00:00,0.997122511949597,0.9944566294668479,0.9962936710258531,0.969069510620916
2017-04-03 12:00:00,0.9966365495310846,0.9930247081881319,0.9966188505634762,0.969069510620916
2017-04-03 13:00:00,0.9955002899576704,0.9907706625686454,0.9964496838896212,0.9686070434655099
2017-04-04 07:00:00,0.99566885041333,0.9895519414068513,0.9962936710258533,0.969069510620916
2017-04-04 08:00:00,0.9956688504133301,0.9895519414068513,0.9959054410487832,0.9680678380308537
2017-04-04 09:00:00,0.9955002899576703,0.9922025838473617,0.9957362743749282,0.9657172057263943
2017-04-04 10:00:00,0.9946675808607415,0.9912887526200501,0.9962936710258531,0.9657172057263943
2017-04-04 11:00:00,0.9936720080759384,0.9899720287213698,0.9961089264391452,0.9670779742799726
2017-04-04 12:00:00,0.9922414748165883,0.9912887526200501,0.9961089264391452,0.9660351778089069
2017-04-04 13:00:00,0.9936720080759384,0.9930247081881319,0.9959054410487832,0.9660351778089071
2017-04-05 07:00:00,0.9933416332575586,0.9937718765391934,0.9960614539125511,0.9642119420999227
2017-04-05 08:00:00,0.9922708879560389,0.9958357687889353,0.9967369820816694,0.9642119420999227
2017-04-05 09:00:00,0.9920949942578972,0.9952037978179096,0.9962649393029132,0.9662564111610502
2017-04-05 10:00:00,0.9935255275172472,0.9960259221586797,0.9966188505634762,0.9684642346578353
2017-04-05 11:00:00,0.9935255275172472,0.9960259221586797,0.9967369820816694,0.9690445639734945
2017-04-05 12:00:00,0.9922708879560387,0.9960259221586797,0.9967369820816692,0.9684642346578353
2017-04-05 13:00:00,0.9920949942578972,0.9925531553773993,0.9962649393029132,0.9687934704026658
2017-04-06 07:00:00,0.9935255275172473,0.9933752797181695,0.9966188505634761,0.9696405253458724
2017-04-06 08:00:00,0.9935255275172473,0.9960259221586797,0.9964496838896212,0.9706833218169378
2017-04-06 09:00:00,0.9923854854433415,0.9966578931297058,0.9966188505634762,0.9716849944070002
2017-04-06 10:00:00,0.9933416332575586,0.99734264605736,0.9966188505634762,0.9735731595560535
2017-04-06 11:00:00,0.9928917539598628,0.9966578931297058,0.9966188505634762,0.9727927203181346
2017-04-06 12:00:00,0.9930603144155227,0.9950886004378738,0.9970824356281681,0.9734098051203965
2017-04-06 13:00:00,0.9942528114702818,0.995910724778644,0.9973057405809167,0.975359731330512
2017-04-07 07:00:00,0.9950330655863574,0.99734264605736,0.9967610268818369,0.9758221984859184
2017-04-07 08:00:00,0.9960007647041117,0.9980898144084217,0.997138572929878,0.9758221984859182
2017-04-07 09:00:00,0.9950330655863572,0.99734264605736,0.9967996368038036,0.9758221984859184
2017-04-07 10:00:00,0.9942528114702817,0.9973426460573602,0.9970046783273707,0.9724125924768116
2017-04-07 11:00:00,0.9939083573164802,0.9950886004378738,0.9970046783273707,0.9731264160094428
2017-04-07 12:00:00,0.9940922515761688,0.9958357687889353,0.9966190498016921,0.9743838133711306
2017-04-07 13:00:00,0.9940922515761688,0.9937718765391934,0.996781373374622,0.9723393443100027
2017-04-10 07:00:00,0.9940922515761688,0.9960259221586797,0.9969436969475521,0.969988712005543
2017-04-10 08:00:00,0.9934020887999588,0.9945940008799636,0.9965102640907625,0.9697329872339174
2017-04-10 09:00:00,0.994358236614176,0.9945940008799636,0.9965102640907625,0.9712365645951706
2017-04-10 10:00:00,0.9949661477741005,0.9966578931297058,0.9969436969475521,0.9735367584279239
2017-04-10 11:00:00,0.9949661477741005,0.9966578931297058,0.996781373374622,0.9743838133711304
2017-04-10 12:00:00,0.9949661477741005,0.9966578931297058,0.9966190498016921,0.9746716624285617
2017-04-10 13:00:00,0.9956019326010733,0.9966578931297058,0.9965804398797254,0.9763682076364147
2017-04-11 07:00:00,0.9948809265808674,0.9950886004378738,0.9965804398797254,0.9749408233775487
2017-04-11 08:00:00,0.9939981061979413,0.9936566791591578,0.9960705157553944,0.9731842033738524
2017-04-11 09:00:00,0.9952388125163274,0.9950886004378738,0.9964645815368123,0.9731842033738524
2017-04-11 10:00:00,0.9961216328992535,0.9950886004378738,0.9967033963772837,0.9727217362184462
2017-04-11 11:00:00,0.9959193345639261,0.99734264605736,0.9970824356281681,0.9737645326895116
2017-04-11 12:00:00,0.9948809265808674,0.995910724778644,0.9967033963772837,0.9731474478872498
2017-04-11 13:00:00,0.9948809265808674,0.995910724778644,0.9963904592302536,0.9751919169483776
2017-04-12 07:00:00,0.9959193345639261,0.995910724778644,0.9968540442949457,0.9737645326895116
2017-04-12 08:00:00,0.9948809265808672,0.995910724778644,0.9966152294544741,0.9746115876327184
2017-04-12 09:00:00,0.9950832249161945,0.9950886004378737,0.996464581536812,0.9746115876327184
2017-04-12 10:00:00,0.9948809265808674,0.9973426460573602,0.9967033963772837,0.9746115876327184
2017-04-12 11:00:00,0.9954092749943573,0.9987745673360762,0.9963904592302535,0.9780211936418249
2017-04-12 12:00:00,0.9962920953772831,0.9987745673360762,0.9968950184084787,0.9780211936418249
2017-04-12 13:00:00,0.9954092749943573,0.99734264605736,0.9968950184084787,0.9780211936418249
2017-04-13 07:00:00,0.9959155435108787,0.99734264605736,0.9963904592302536,0.9805514491675997
2017-04-13 08:00:00,0.9959155435108787,0.9980273989850146,0.9962247847820582,0.9833763574666464
2017-04-13 09:00:00,0.9964679890754249,0.9987745673360762,0.996769498481138,0.9838388246220529
2017-04-13 10:00:00,0.9964679890754247,0.9980898144084217,0.9965725115038371,0.9838388246220529
2017-04-13 11:00:00,0.9951699151392903,0.9980898144084218,0.9968540442949455,0.9810139163230062
2017-04-13 12:00:00,0.9946174695747442,0.9973426460573602,0.9969320212922841,0.9777032215593123
2017-04-13 13:00:00,0.9955002899576703,0.99652052171659,0.9974646197019738,0.9759466015556157
2017-04-17 07:00:00,0.996467989075425,0.99734264605736,0.9974646197019738,0.9771228922436531
2017-04-17 08:00:00,0.9964679890754249,0.99652052171659,0.9974646197019738,0.9760800957725875
2017-04-17 09:00:00,0.9948645051306975,0.9944566294668479,0.9974646197019738,0.972053404961219
2017-04-17 10:00:00,0.9939816847477714,0.9950886004378738,0.9971445398991721,0.9707960075995311
2017-04-17 11:00:00,0.9946174695747443,0.9957733533655282,0.9972256685335599,0.972053404961219
2017-04-17 12:00:00,0.9943120595661513,0.9944566294668479,0.9966930701238701,0.9722834666542407
2017-04-17 13:00:00,0.9951038649857642,0.994456629466848,0.9970131499266719,0.9726680544420411
2017-04-18 07:00:00,0.9956563105503103,0.9960259221586797,0.9974662267401351,0.9756930726633473
2017-04-18 08:00:00,0.9950446168898945,0.9933752797181695,0.9973071211084091,0.9756930726633473
2017-04-18 09:00:00,0.9935724316311233,0.9909242323164211,0.9966980314311776,0.9754052236059162
2017-04-18 10:00:00,0.9943271755309968,0.9909242323164211,0.9966980314311776,0.9762780331798034
2017-04-18 11:00:00,0.9943271755309968,0.9909242323164211,0.9966980314311776,0.9740702096830186
2017-04-18 12:00:00,0.9945198331377127,0.994122448069231,0.9970683062679375,0.9747840332156497
2017-04-18 13:00:00,0.992912813573064,0.9901021079756509,0.9964220368324959,0.9747840332156497
2017-04-19 07:00:00,0.9932893654394684,0.9893549396245894,0.9969691407150373,0.9740702096830185
2017-04-19 08:00:00,0.9936659173058731,0.9893549396245894,0.9972966976011599,0.9771508427536908
2017-04-19 09:00:00,0.9948963850041175,0.9893549396245894,0.9973812434149676,0.9774800784985213
2017-04-19 10:00:00,0.9945198331377131,0.9893549396245894,0.9970683062679375,0.977017611343115
2017-04-19 11:00:00,0.9932893654394687,0.9863905884096481,0.9968341395324261,0.9752977468260211
2017-04-19 12:00:00,0.9919284144639352,0.981373871028852,0.9968341395324261,0.9750420220543956
2017-04-19 13:00:00,0.9919284144639352,0.9806267026777903,0.9968341395324261,0.9743281985217644
2017-04-20 07:00:00,0.9921210720706513,0.9856434200585864,0.9968341395324261,0.9748717723508212
2017-04-20 08:00:00,0.9936659173058731,0.9863905884096483,0.996791421581789,0.9758734449408836
2017-04-20 09:00:00,0.9936659173058731,0.9856434200585864,0.9970625308656487,0.9776300649445799
2017-04-20 10:00:00,0.993473259699157,0.9893549396245894,0.9976586052671323,0.9786728614156456
2017-04-20 11:00:00,0.993473259699157,0.9933752797181695,0.9974302139339098,0.9814977697146922
2017-04-20 12:00:00,0.9947037273974014,0.9933752797181695,0.9977013232177693,0.9822115932473231
2017-04-20 13:00:00,0.9945198331377129,0.9925531553773993,0.9974302139339098,0.9814977697146923
2017-04-21 07:00:00,0.9939673875731667,0.9911212340986831,0.9977013232177693,0.9818270054595227
2017-04-21 08:00:00,0.9952469152252219,0.9918059870263375,0.9979297145509917,0.9830844028212106
2017-04-21 09:00:00,0.9965796149058436,0.9909838626855673,0.9977013232177693,0.9827965537637794
2017-04-21 10:00:00,0.9962351607520421,0.9909838626855674,0.9979297145509917,0.9824673180189488
2017-04-21 11:00:00,0.9965796149058438,0.9925531553773993,0.9977013232177694,0.9835101144900142
2017-04-21 12:00:00,0.9967722725125596,0.9925531553773993,0.9979401380582407,0.9826630595468077
2017-04-21 13:00:00,0.995439572831938,0.9893549396245894,0.9974302139339098,0.9826630595468074
2017-04-24 07:00:00,0.9965796149058436,0.9876189840565078,0.9977013232177694,0.9829509086042387
2017-04-24 08:00:00,0.9977678452973627,0.9885328152838192,0.9974302139339098,0.9841271992922762
2017-04-24 09:00:00,0.9977678452973625,0.9830853401497344,0.9971542193352279,0.9845117870800766
2017-04-24 10:00:00,0.9977678452973627,0.9860496913646759,0.9977013232177694,0.984896374867877
2017-04-24 11:00:00,0.9975751876906465,0.9860496913646759,0.9974302139339098,0.9860726655559143
2017-04-24 12:00:00,0.9969394028636739,0.9823381717986729,0.9971542193352279,0.9848963748678771
2017-04-24 13:00:00,0.9959832550494566,0.9764076231905652,0.9971542193352279,0.9837200841798397
2017-04-25 07:00:00,0.995799360789768,0.979170294951875,0.9977013232177694,0.9834322351224086
2017-04-25 08:00:00,0.9969394028636739,0.9823381717986729,0.9974302139339098,0.9841460586550395
2017-04-25 09:00:00,0.9977510813887884,0.9823381717986728,0.9973874959832728,0.9846085258104458
2017-04-25 10:00:00,0.9975751876906467,0.9846177700859599,0.9976586052671322,0.9846085258104458
2017-04-25 11:00:00,0.9972153997328164,0.9863840645600536,0.9981685293914633,0.9850709929658522
2017-04-25 12:00:00,0.9980611501091592,0.9907706625686457,0.9983694628863601,0.9856880777681137
2017-04-25 13:00:00,0.9975751876906467,0.9907706625686457,0.9978974201076038,0.985975926825545
2017-04-26 07:00:00,0.9968204437907732,0.9907706625686457,0.9981685293914633,0.9855913390377447
2017-04-26 08:00:00,0.9975751876906467,0.9907706625686454,0.9984121808369969,0.9853034899803131
2017-04-26 09:00:00,0.9972153997328164,0.9907706625686457,0.998364376505886,0.9849742542354827
2017-04-26 10:00:00,0.9970468392771568,0.9869708147508218,0.9985927678391084,0.9853588420232833
2017-04-26 11:00:00,0.9975328016956692,0.9840847981603097,0.9987693803922527,0.9862058969664899
2017-04-26 12:00:00,0.9980611501091592,0.9878846459781334,0.9987266624416159,0.9876700367119585
2017-04-26 13:00:00,0.9971378457536259,0.9878846459781334,0.9987712792738027,0.9879992724567888
2017-04-27 07:00:00,0.9971378457536259,0.9878846459781334,0.9989945842265512,0.9879992724567888
2017-04-27 08:00:00,0.9969539514939373,0.986970814750822,0.9989499673943644,0.9872854489241579
2017-04-27 09:00:00,0.9963460403340129,0.9850283563171559,0.9991122909672945,0.9868229817687518
2017-04-27 10:00:00,0.9971378457536259,0.989856831341334,0.9989317039651828,0.9875368053013828
2017-04-27 11:00:00,0.997299660116346,0.986970814750822,0.9989317039651828,0.9875368053013825
2017-04-27 12:00:00,0.9976441142701473,0.9850283563171559,0.9989317039651828,0.9882506288340138
2017-04-27 13:00:00,0.9968523088505344,0.9810872512102888,0.9989317039651828,0.9882506288340138
2017-04-28 07:00:00,0.9970208693061942,0.9831511434600306,0.9988035114048609,0.9878660410462132
2017-04-28 08:00:00,0.9968523088505344,0.9825191724890048,0.9988917749835624,0.985328981804598
2017-04-28 09:00:00,0.9953294369773957,0.9810872512102888,0.9984583421267725,0.983901597545732
2017-04-28 10:00:00,0.9949849828235943,0.973121181074213,0.9985984698812937,0.9832845127434701
2017-04-28 11:00:00,0.9949849828235943,0.9744379049728933,0.9985102063025925,0.9844608034315074
2017-04-28 12:00:00,0.9953294369773957,0.9770885474134037,0.9985102063025925,0.9844608034315074
2017-04-28 13:00:00,0.9966904944878143,0.9831511434600309,0.9985102063025925,0.9869978626731227
2017-05-01 07:00:00,0.9974822999074273,0.988524169845614,0.9985102063025925,0.9877783019110417
2017-05-01 08:00:00,0.997658193605569,0.9877770014945523,0.9985102063025925,0.9883586312267009
2017-05-01 09:00:00,0.9971722311870564,0.9870922485668979,0.9985102063025925,0.9887432190145014
2017-05-01 10:00:00,0.9971722311870564,0.9870922485668979,0.9983511006708663,0.9875669283264641
2017-05-01 11:00:00,0.9969963374889147,0.9870922485668977,0.9983977930704703,0.9863095309647764
2017-05-01 12:00:00,0.9960286383711603,0.9877770014945523,0.998221180517326,0.9855957074321453
2017-05-01 13:00:00,0.9952169598460457,0.9877770014945523,0.9979823656768546,0.9847486524889385
2017-05-02 07:00:00,0.99407691777214,0.9877770014945523,0.997483066125424,0.9832845127434701
2017-05-02 08:00:00,0.9927158602617212,0.9877770014945523,0.9973885693947089,0.9807542572176953
2017-05-02 09:00:00,0.9927158602617212,0.9824039751089692,0.9973885693947089,0.9811388450054956
2017-05-02 10:00:00,0.9918330398787953,0.9805005010195204,0.9977955455227291,0.9825662292643617
2017-05-02 11:00:00,0.9920089335769369,0.9811852539471748,0.9982109729163452,0.9834132842075685
2017-05-02 12:00:00,0.9920089335769369,0.9824039751089692,0.9982109729163452,0.9819858999487024
2017-05-02 13:00:00,0.9907682272585508,0.9805005010195204,0.9982109729163452,0.9792465582697839
2017-05-03 07:00:00,0.9893376939992008,0.9789312083276885,0.9983419544456835,0.9792465582697839
2017-05-03 08:00:00,0.9884179543049758,0.9782992373566627,0.9980604216545752,0.9785327347371526
2017-05-03 09:00:00,0.9868144703602485,0.9771649138535947,0.9981040684010895,0.9766445695880994
2017-05-03 10:00:00,0.9868144703602485,0.9771649138535947,0.9980604216545752,0.9752171853292335
2017-05-03 11:00:00,0.9863956811871186,0.9789312083276885,0.9976534455265547,0.9748879495844028
2017-05-03 12:00:00,0.9840764307870483,0.9704175648793134,0.9976534455265547,0.9744254824289966
2017-05-03 13:00:00,0.9839005370889068,0.9704175648793134,0.9976534455265547,0.9744254824289966
2017-05-04 07:00:00,0.9839005370889068,0.9715518883823812,0.9976534455265547,0.9740408946411963
2017-05-04 08:00:00,0.9839005370889068,0.9691008409806331,0.9976534455265547,0.9747547181738271
2017-05-04 09:00:00,0.9839005370889068,0.9653009931628092,0.9976534455265547,0.9744254824289968
2017-05-04 10:00:00,0.9859228102067641,0.967036948730891,0.9979721580758736,0.9750425672312584
2017-05-04 11:00:00,0.9885260154740863,0.9706164208583746,0.9984820822002047,0.9779735288513772
2017-05-04 12:00:00,0.9893376939992008,0.9706164208583746,0.9984820822002046,0.9791498195394146
2017-05-04 13:00:00,0.988701909172228,0.9706164208583746,0.9985703457789061,0.9791498195394146
2017-05-05 07:00:00,0.9877342100544734,0.962650350722299,0.9988139972244398,0.9788205837945839
2017-05-05 08:00:00,0.9866385766621066,0.9591775839410183,0.9988139972244398,0.9773564440491155
2017-05-05 09:00:00,0.9846658254912721,0.9527014816005792,0.9990626854945214,0.9769718562613151
2017-05-05 10:00:00,0.9846658254912724,0.9561742483818598,0.9991063322410358,0.9769718562613151
2017-05-05 11:00:00,0.9866385766621069,0.9615894735968064,0.9988779409078132,0.9781481469493523
2017-05-05 12:00:00,0.9866385766621069,0.9626503507222988,0.9985578611050114,0.976324911240368
2017-05-05 13:00:00,0.9866385766621069,0.9615894735968064,0.9985142143584969,0.9785327347371526
2017-05-08 07:00:00,0.9868144703602485,0.9636533658465481,0.9985578611050114,0.9778189112045218
2017-05-08 08:00:00,0.9868144703602485,0.969100840980633,0.9986005790556484,0.978281378359928
2017-05-08 09:00:00,0.9880691099214568,0.9764801609259405,0.9988779409078131,0.9787438455153342
2017-05-08 10:00:00,0.990181346670441,0.9818531873115237,0.9988779409078131,0.9779634062774152
2017-05-08 11:00:00,0.9891647433138234,0.9805364634128434,0.9985578611050114,0.9771829670394965
2017-05-08 12:00:00,0.9870525065648397,0.9829875108145916,0.9983091728349299,0.9761401705684308
2017-05-08 13:00:00,0.9880691099214568,0.9858735274051037,0.9983091728349299,0.9779634062774152
2017-05-09 07:00:00,0.9901813466704408,0.9878159858387696,0.9983091728349299,0.9801712297742
2017-05-09 08:00:00,0.9908171314974136,0.9878159858387695,0.9983091728349299,0.9808850533068311
2017-05-09 09:00:00,0.9914250426573381,0.9912887526200501,0.9983091728349299,0.9818867258968935
2017-05-09 10:00:00,0.9920367363177541,0.9919735055477044,0.9980252626953218,0.9826005494295246
2017-05-09 11:00:00,0.9920367363177541,0.9900700314582558,0.9980679806459586,0.9826005494295244
2017-05-09 12:00:00,0.9928824866940966,0.9912887526200501,0.9982303042188887,0.982215961641724
2017-05-09 13:00:00,0.9928824866940966,0.9877770014945523,0.9980252626953215,0.9829108342595148
2017-05-10 07:00:00,0.9928824866940966,0.9858735274051037,0.9976035054938002,0.9825262464717144
2017-05-10 08:00:00,0.9928824866940966,0.9912887526200501,0.9979388979981703,0.9825262464717142
2017-05-10 09:00:00,0.9940187462675107,0.9930247081881317,0.9982228081377784,0.9829887136271204
2017-05-10 10:00:00,0.9932269408478981,0.9901386915976196,0.9982228081377786,0.9835690429427796
2017-05-10 11:00:00,0.9917732793116311,0.9878846459781334,0.9980218746428818,0.9831065757873735
2017-05-10 12:00:00,0.9927409784293855,0.9907706625686457,0.9977379645032736,0.9845339600462396
2017-05-10 13:00:00,0.9941946399656525,0.9936566791591578,0.997977257810695,0.9853810149894462
2017-05-11 07:00:00,0.9948304247926253,0.9936566791591578,0.9980218746428818,0.9858434821448524
2017-05-11 08:00:00,0.9946174695747443,0.9936566791591578,0.9977379645032736,0.9853810149894462
2017-05-11 09:00:00,0.9946174695747443,0.9936566791591576,0.9979772578106949,0.9859613443051055
2017-05-11 10:00:00,0.9955851686924988,0.9928345548183873,0.9982546196628596,0.9864238114605118
2017-05-11 11:00:00,0.9955851686924989,0.993519307746042,0.9985257289467191,0.9859613443051055
2017-05-11 12:00:00,0.9948304247926253,0.9926054765187304,0.9985703457789061,0.9864238114605116
2017-05-11 13:00:00,0.9946174695747443,0.993519307746042,0.9985257289467191,0.9859613443051055
2017-05-12 07:00:00,0.9946174695747443,0.9957733533655283,0.9985703457789059,0.985576756517305
2017-05-12 08:00:00,0.9955002899576704,0.9980273989850146,0.998385601192198,0.9841493722584392
2017-05-12 09:00:00,0.9959155435108787,0.99734264605736,0.9986139925254206,0.9841493722584391
2017-05-12 10:00:00,0.9949478443931241,0.9957733533655282,0.9988576439709542,0.9841493722584391
2017-05-12 11:00:00,0.9955002899576703,0.9980273989850146,0.9988139972244398,0.9845339600462395
2017-05-12 12:00:00,0.995817691920523,0.99734264605736,0.9986830156951012,0.98491854783404
2017-05-12 13:00:00,0.9963460403340129,0.9987745673360762,0.9986830156951014,0.985535632636302
2017-05-15 07:00:00,0.9974822999074273,0.9987745673360762,0.9986830156951014,0.9841748640827237
2017-05-15 08:00:00,0.9969539514939373,0.99734264605736,0.9986830156951014,0.9841748640827237
2017-05-15 09:00:00,0.9969539514939374,0.9980898144084217,0.9983511006708663,0.9845040998275544
2017-05-15 10:00:00,0.9974822999074273,0.9987745673360763,0.9981744881177218,0.9878147945912479
2017-05-15 11:00:00,0.9985674186256807,0.9973426460573602,0.9985987265653671,0.9889910852792854
2017-05-15 12:00:00,0.9985674186256805,0.99652052171659,0.9987753391185116,0.9889910852792854
2017-05-15 13:00:00,0.9982370438073008,0.99652052171659,0.9986830156951012,0.9881440303360786
2017-05-16 07:00:00,0.9978925896534994,0.99652052171659,0.9986830156951012,0.9890168399099658
2017-05-16 08:00:00,0.9983988581700208,0.9973426460573602,0.9984393642495676,0.9878405492219288
2017-05-16 09:00:00,0.9973137394517676,0.9973426460573602,0.9983491163935747,0.9855403553891754
2017-05-16 10:00:00,0.996807470935246,0.9950886004378738,0.9982209238332527,0.9837837353854789
2017-05-16 11:00:00,0.996807470935246,0.9959107247786441,0.9977109997089217,0.9843273092145357
2017-05-16 12:00:00,0.9973137394517674,0.9936566791591578,0.9974772846032716,0.9857546934734015
2017-05-16 13:00:00,0.9977086953938108,0.9907706625686457,0.9975740594533248,0.9861392812612021
2017-05-17 07:00:00,0.9978925896534995,0.9907706625686457,0.9977109997089217,0.9856768141057959
2017-05-17 08:00:00,0.9983988581700209,0.9901386915976196,0.9978391922692437,0.9860060498506266
2017-05-17 09:00:00,0.9987754100364254,0.9857520935890275,0.9983491163935747,0.9845786655917605
2017-05-17 10:00:00,0.9980852472602155,0.9825842167422296,0.9982209238332527,0.9851957503940221
2017-05-17 11:00:00,0.9986135956737053,0.9857520935890275,0.9980239368559517,0.9834391303903258
2017-05-17 12:00:00,0.9980611501091591,0.9813654955804356,0.9980239368559517,0.9842861853335322
2017-05-17 13:00:00,0.9985674186256807,0.9786009128059995,0.9979294401252365,0.981749126091917
2017-05-18 07:00:00,0.9985674186256807,0.9821126639314971,0.9980158048223882,0.981035302559286
2017-05-18 08:00:00,0.9989439704920852,0.9815650906191977,0.9985257289467191,0.9816156318749452
2017-05-18 09:00:00,0.9991198641902267,0.9840161380209457,0.9985703457789059,0.9833722518786416
2017-05-18 10:00:00,0.9989439704920852,0.9821126639314973,0.998385601192198,0.9842193068218484
2017-05-18 11:00:00,0.999303758449915,0.9761498654042512,0.9986139925254204,0.9846038946096489
2017-05-18 12:00:00,0.9991198641902267,0.9724383458382482,0.9990382309730657,0.98531771814228
2017-05-18 13:00:00,0.999479652148057,0.9689265947127506,0.9990382309730657,0.9838903338834142
2017-05-19 07:00:00,0.9993037584499153,0.9689265947127503,0.9990382309730657,0.9835610981385835
2017-05-19 08:00:00,0.9986135956737053,0.969673763063812,0.999286919243147,0.9820969583931148
2017-05-19 09:00:00,0.9986135956737053,0.9750889882787586,0.999286919243147,0.9800524893319873
2017-05-19 10:00:00,0.9991198641902267,0.9724383458382484,0.999286919243147,0.9810541619220496
2017-05-19 11:00:00,0.9993037584499153,0.9677500723803194,0.999286919243147,0.9813833976668801
2017-05-19 12:00:00,0.9993037584499153,0.9652990249785712,0.9992432724966328,0.982000482469142
2017-05-19 13:00:00,0.9996482126037167,0.9677500723803194,0.9991996257501181,0.9820004824691417
2017-05-22 07:00:00,0.9992884246458866,0.9754026970531897,0.999408946944828,0.9809988098790795
2017-05-22 08:00:00,0.9991198641902268,0.9786009128059994,0.999578113618683,0.9803817250768178
2017-05-22 09:00:00,0.9991198641902268,0.9754026970531897,0.9996199414818536,0.9803817250768178
2017-05-22 10:00:00,0.9983988581700209,0.9726381142787534,0.9996626594324907,0.9796012858388989
2017-05-22 11:00:00,0.9983988581700208,0.9786009128059994,0.9993975266165716,0.9792720500940684
2017-05-22 12:00:00,0.9978925896534994,0.9780533394936999,0.9993548086659346,0.9798891348963302
2017-05-22 13:00:00,0.9978925896534994,0.9780533394936999,0.9992684439687831,0.9810654255843675
2017-05-23 07:00:00,0.9983988581700208,0.9840161380209457,0.9993548086659346,0.9836024848259829
2017-05-23 08:00:00,0.9983988581700208,0.9813654955804355,0.9996199414818535,0.9856469538871104
2017-05-23 09:00:00,0.9978925896534994,0.9771689915272834,0.9996199414818535,0.9859761896319412
2017-05-23 10:00:00,0.9987754100364254,0.980336868374081,0.9996199414818536,0.985976189631941
2017-05-23 11:00:00,0.9978925896534994,0.9754026970531897,0.9996199414818536,0.9847998989439039
2017-05-23 12:00:00,0.9972024268772894,0.9700296706676064,0.9996199414818535,0.9837571024728382
2017-05-23 13:00:00,0.9975789787436938,0.9744162686761986,0.9995335767847021,0.9830432789402074
2017-05-24 07:00:00,0.9975789787436938,0.9804212660328075,0.9993966365291052,0.9833725146850381
2017-05-24 08:00:00,0.9967332283673512,0.9804212660328075,0.9992684439687832,0.9821962239970007
2017-05-24 09:00:00,0.9956948203842925,0.9749737908987228,0.9992684439687832,0.980439603993304
2017-05-24 10:00:00,0.9963566765009467,0.9766214182149838,0.9993607673921932,0.980439603993304
2017-05-24 11:00:00,0.9963566765009467,0.978685310464726,0.9994917489215315,0.9808241917811046
2017-05-24 12:00:00,0.9963566765009467,0.9814498932391621,0.9994917489215315,0.9811534275259353
2017-05-24 13:00:00,0.9968426389194591,0.9825842167422297,0.9994917489215315,0.9829100475296316
2017-05-25 07:00:00,0.9970044532821793,0.9825842167422297,0.9995373799453376,0.9829100475296316
2017-05-25 08:00:00,0.9966870513193267,0.9825842167422297,0.999454577968634,0.9811534275259353
2017-05-25 09:00:00,0.9962920953772831,0.9857520935890275,0.9992779654154897,0.9783285192268887
2017-05-25 10:00:00,0.9968204437907732,0.9866659248163391,0.9994034853428302,0.9787909863822949
2017-05-25 11:00:00,0.996820443790773,0.9866659248163391,0.9993206833661267,0.9784617506374642
2017-05-25 12:00:00,0.996820443790773,0.9822793268077471,0.9992779654154897,0.9780771628496637
2017-05-25 13:00:00,0.9968204437907732,0.9866659248163391,0.9991856419920796,0.9762539271406793
2017-05-26 07:00:00,0.9962920953772831,0.9847624507268904,0.9990128325995706,0.9784617506374642
2017-05-26 08:00:00,0.9952965225924804,0.9847624507268904,0.9989317039651828,0.9784617506374642
2017-05-26 09:00:00,0.9956019326010733,0.9847624507268904,0.9986187668181526,0.9784617506374642
2017-05-26 10:00:00,0.9957637469637933,0.9866659248163391,0.9990128325995706,0.9784617506374642
2017-05-26 11:00:00,0.9966870513193267,0.9901386915976198,0.9991856419920796,0.97988913489633
2017-05-26 12:00:00,0.996356676500947,0.988235217508171,0.9990128325995706,0.9816457549000265
2017-05-26 13:00:00,0.996356676500947,0.9882352175081709,0.9988035114048609,0.9822628397022884
2017-05-30 07:00:00,0.996356676500947,0.988235217508171,0.9989264679024191,0.97823614889092
2017-05-30 08:00:00,0.9961640188942308,0.9917079842894516,0.9989264679024191,0.97823614889092
2017-05-30 09:00:00,0.9951684461094278,0.989057341848941,0.9986268988517164,0.9789499724235509
2017-05-30 10:00:00,0.9961640188942309,0.988235217508171,0.9987132635488679,0.9809944414846788
2017-05-30 11:00:00,0.9959617205589034,0.989057341848941,0.9989317039651828,0.9752478861562163
2017-05-30 12:00:00,0.9945080590226364,0.989057341848941,0.9986187668181528,0.9740715954681791
2017-05-30 13:00:00,0.9945080590226364,0.9873213862808594,0.9986187668181528,0.9736870076803785
2017-05-31 07:00:00,0.9959617205589034,0.988235217508171,0.9986605946813233,0.9744674469182976
2017-05-31 08:00:00,0.9959617205589034,0.9911212340986831,0.9983832328291585,0.9744674469182976
2017-05-31 09:00:00,0.9951159701825609,0.9873213862808596,0.9983832328291585,0.971930387676682
2017-05-31 10:00:00,0.9935124862378335,0.9873213862808596,0.9983832328291585,0.9707540969886449
2017-05-31 11:00:00,0.9929600406732874,0.9873213862808596,0.9988262691295187,0.9693267127297789
2017-05-31 12:00:00,0.9922390346530813,0.9873213862808596,0.9990973784133781,0.9659171067206721
2017-05-31 13:00:00,0.9907161627799423,0.989224860370308,0.9993206833661266,0.9641604867169754
2017-06-01 07:00:00,0.9894754564615565,0.9892248603703082,0.9993206833661266,0.9626963469715072
2017-06-01 08:00:00,0.9905138644446152,0.9912887526200501,0.9993206833661266,0.9630255827163375
2017-06-01 09:00:00,0.9883030770691896,0.9858735274051036,0.9993206833661266,0.963488049871744
2017-06-01 10:00:00,0.9868494155329226,0.9864602775958721,0.9993206833661267,0.9617314298680473
2017-06-01 11:00:00,0.988765911210785,0.9892248603703082,0.9992779654154897,0.9617314298680473
2017-06-01 12:00:00,0.988765911210785,0.9901386915976198,0.9990128325995706,0.9674779851965098
2017-06-01 13:00:00,0.988765911210785,0.9917079842894515,0.9988789379970632,0.9692346052002063
2017-06-02 07:00:00,0.9894560739869951,0.9917079842894515,0.9990973784133781,0.9709912252039029
2017-06-02 08:00:00,0.9894560739869949,0.9917079842894516,0.999054660462741,0.9713758129917035
2017-06-02 09:00:00,0.9896116615871275,0.989057341848941,0.999054660462741,0.9693313439305757
2017-06-02 10:00:00,0.9904443706840566,0.9890573418489412,0.999054660462741,0.968714259128314
2017-06-02 11:00:00,0.9883321339350724,0.9855845750676606,0.9990128325995706,0.9658893508292675
2017-06-02 12:00:00,0.9890222967112824,0.9855845750676606,0.9990574494317574,0.9661771998866986
2017-06-02 13:00:00,0.9867752256564207,0.9850370017553611,0.9990574494317574,0.9647498156278326
2017-06-05 07:00:00,0.9850143175786911,0.9815642349740805,0.9990574494317574,0.9624496217950794
2017-06-05 08:00:00,0.9834694723434693,0.9815642349740805,0.9988436659257155,0.9621203860502487
2017-06-05 09:00:00,0.9841685672023484,0.9815642349740805,0.9991497728551676,0.9629931956241361
2017-06-05 10:00:00,0.9841685672023484,0.9815642349740805,0.9988502038044649,0.9604561363825209
2017-06-05 11:00:00,0.98367759868401,0.9806504037467692,0.9987192222751263,0.9579190771409053
2017-06-05 12:00:00,0.984808618692561,0.9806504037467692,0.9989731603020231,0.9590953678289424
2017-06-05 13:00:00,0.9864156382572098,0.9855845750676606,0.9990187913258293,0.9613031913257273
2017-06-06 07:00:00,0.9878692997934768,0.988235217508171,0.9990597654393623,0.9653298821370957
2017-06-06 08:00:00,0.9871451006117541,0.988235217508171,0.9990597654393623,0.9647863083080389
2017-06-06 09:00:00,0.9871451006117541,0.988235217508171,0.9992782058556772,0.964786308308039
2017-06-06 10:00:00,0.9858470266756196,0.988235217508171,0.9992782058556772,0.9653298821370957
2017-06-06 11:00:00,0.987869299793477,0.9908858599486814,0.9992782058556772,0.9653298821370957
2017-06-06 12:00:00,0.9896302078712068,0.9908858599486814,0.9992325748318712,0.9635066464281115
2017-06-06 13:00:00,0.9896302078712068,0.9917079842894516,0.9994053842243802,0.9649340306869773
2017-06-07 07:00:00,0.9917424446201908,0.9945940008799636,0.9995335767847021,0.9652632664318078
2017-06-07 08:00:00,0.990704036637132,0.9925301086302218,0.9994053842243802,0.9649340306869773
2017-06-07 09:00:00,0.988591799888148,0.9925301086302218,0.9994053842243802,0.9646461816295462
2017-06-07 10:00:00,0.9896302078712068,0.9945940008799636,0.9994917489215315,0.964646181629546
2017-06-07 11:00:00,0.9898550058082113,0.9937718765391936,0.9995353956680461,0.9624383581327614
2017-06-07 12:00:00,0.9881765463349398,0.9917079842894515,0.999407203107724,0.9632187973706803
2017-06-07 13:00:00,0.9893128059083539,0.9945940008799636,0.999407203107724,0.9632187973706803
2017-06-08 07:00:00,0.9900675498082274,0.9966578931297058,0.999407203107724,0.9669576391246174
2017-06-08 08:00:00,0.9917460092814991,0.9958357687889355,0.999270262852127,0.9694946983662328
2017-06-08 09:00:00,0.9909912653816256,0.9966578931297058,0.999407203107724,0.9715391674273606
2017-06-08 10:00:00,0.9917424446201909,0.9966578931297058,0.9996256435240389,0.9708253438947295
2017-06-08 11:00:00,0.9922707930336807,0.9966578931297055,0.9995353956680461,0.9708253438947295
2017-06-08 12:00:00,0.9926657489757241,0.9950886004378738,0.9994917489215315,0.9726485796037138
2017-06-08 13:00:00,0.9944137022095543,0.99652052171659,0.9994917489215315,0.9726485796037138
2017-06-09 07:00:00,0.9944137022095543,0.9980898144084218,0.9996256435240389,0.9738248702917511
2017-06-09 08:00:00,0.9947734901673845,0.99734264605736,0.9995353956680461,0.976032693788536
2017-06-09 09:00:00,0.9951500420337891,0.99734264605736,0.9993548086659347,0.977460078047402
2017-06-09 10:00:00,0.9951500420337891,0.99734264605736,0.9992684439687832,0.97882084660098
2017-06-09 11:00:00,0.9959617205589035,0.9960259221586797,0.9992266161056125,0.9805774666046766
2017-06-09 12:00:00,0.9947734901673845,0.9960259221586797,0.9989555068217532,0.9785329975435488
2017-06-09 13:00:00,0.9955851686924989,0.9960259221586797,0.9989555068217532,0.9785329975435487
2017-06-12 07:00:00,0.9959617205589034,0.9960259221586797,0.9989555068217532,0.9799603818024147
2017-06-12 08:00:00,0.9956563105503103,0.9952787538076182,0.998955506821753,0.9805774666046766
2017-06-12 09:00:00,0.9959617205589034,0.9960259221586797,0.99891453270822,0.9805774666046766
2017-06-12 10:00:00,0.9962920953772831,0.994122448069231,0.9985526250422477,0.9802896175472453
2017-06-12 11:00:00,0.997532801695669,0.994122448069231,0.9984643614635462,0.981332414018311
2017-06-12 12:00:00,0.9975328016956694,0.9967730905097416,0.9987417233157109,0.981332414018311
2017-06-12 13:00:00,0.9975328016956692,0.9967730905097416,0.9987417233157109,0.9817170018061113
2017-06-13 07:00:00,0.9980852472602153,0.9967730905097414,0.9988262691295187,0.984541910105158
2017-06-13 08:00:00,0.9987754100364254,0.9960259221586797,0.998957250658857,0.984541910105158
2017-06-13 09:00:00,0.9980852472602152,0.9960259221586797,0.9990400526355606,0.9838280865725271
2017-06-13 10:00:00,0.9973950844840055,0.9967730905097414,0.998957250658857,0.9829552769986396
2017-06-13 11:00:00,0.9968426389194591,0.994122448069231,0.99891453270822,0.9798746439279672
2017-06-13 12:00:00,0.9966870513193266,0.9960259221586797,0.9987417233157112,0.9788729713379051
2017-06-13 13:00:00,0.9970468392771568,0.9944566294668479,0.9990128325995705,0.9797200262811119
2017-06-14 07:00:00,0.9959617205589034,0.994456629466848,0.9988471581513753,0.9797200262811119
2017-06-14 08:00:00,0.9962920953772831,0.9925531553773993,0.9988035114048609,0.9809774236427997
2017-06-14 09:00:00,0.9970468392771566,0.9941224480692313,0.9986187668181526,0.9815945084450614
2017-06-14 10:00:00,0.9972024268772894,0.9933752797181695,0.9982798306920783,0.9807474535018549
2017-06-14 11:00:00,0.9968426389194593,0.9893549396245894,0.9982798306920786,0.9790275889847608
2017-06-14 12:00:00,0.9961216328992533,0.9839074644905048,0.9981934659949271,0.9776668204311826
2017-06-14 13:00:00,0.9970044532821793,0.9830853401497346,0.9980565257393298,0.975910200427486
2017-06-15 07:00:00,0.9970044532821793,0.9839074644905048,0.9983216585552489,0.9762947882152866
2017-06-15 08:00:00,0.9970044532821793,0.9846546328415665,0.9984421542650085,0.9765505129869122
2017-06-15 09:00:00,0.9977254593023854,0.9901021079756511,0.9987132635488678,0.977264336519543
2017-06-15 10:00:00,0.9984156220785952,0.9941224480692313,0.9988938505509793,0.977264336519543
2017-06-15 11:00:00,0.9984156220785952,0.994122448069231,0.9989840984069723,0.9777268036749492
2017-06-15 12:00:00,0.9984156220785951,0.994122448069231,0.9988471581513754,0.9777268036749492
2017-06-15 13:00:00,0.9977254593023852,0.9933752797181693,0.9988471581513753,0.9759701836712528
2017-06-16 07:00:00,0.9970044532821793,0.9909242323164211,0.9988035114048609,0.9765872684735145
2017-06-16 08:00:00,0.9970044532821793,0.994122448069231,0.9985440968750129,0.9758734449408836
2017-06-16 09:00:00,0.9970044532821793,0.994122448069231,0.998850203804465,0.9773008291997495
2017-06-16 10:00:00,0.9959660452991206,0.9925531553773993,0.9984645752787865,0.9764537742565428
2017-06-16 11:00:00,0.9948809265808674,0.9925531553773993,0.9984645752787865,0.9757399507239117
2017-06-16 12:00:00,0.9948809265808674,0.9925531553773993,0.9983700785480714,0.9764537742565428
2017-06-16 13:00:00,0.9957266769572101,0.9902991097579129,0.9983700785480714,0.9770708590588045
2017-06-19 07:00:00,0.9960711311110115,0.9902991097579129,0.9983700785480712,0.9770708590588045
2017-06-19 08:00:00,0.9959155435108787,0.9902991097579129,0.9978490652503729,0.9763570355261737
2017-06-19 09:00:00,0.9947792839374645,0.9902991097579129,0.9978908931135433,0.9726181937722362
2017-06-19 10:00:00,0.9947792839374645,0.9911212340986831,0.9980499987452696,0.9714419030841991
2017-06-19 11:00:00,0.9947792839374644,0.9911212340986831,0.9983700785480712,0.9714419030841992
2017-06-19 12:00:00,0.9936941652192111,0.9911212340986831,0.9981934659949269,0.9722889580274058
2017-06-19 13:00:00,0.9949348715375972,0.9902991097579129,0.9985324021210013,0.9720011089699745
2017-06-20 07:00:00,0.9960711311110115,0.9925531553773993,0.9988035114048607,0.972873918543862
2017-06-20 08:00:00,0.9962329454737315,0.9933752797181695,0.9985440968750128,0.9725860694864308
2017-06-20 09:00:00,0.9962329454737315,0.9960259221586797,0.9985440968750128,0.972042495657374
2017-06-20 10:00:00,0.9962329454737315,0.9960259221586797,0.9983784224268175,0.9725860694864307
2017-06-20 11:00:00,0.9962329454737315,0.994456629466848,0.9981297341567361,0.9695054364157584
2017-06-20 12:00:00,0.9951478267554781,0.9909838626855674,0.9979927939011389,0.9683291457277214
2017-06-20 13:00:00,0.994485970638824,0.9885328152838192,0.9981978354247061,0.9690429692603523
2017-06-21 07:00:00,0.9955710893570774,0.9893549396245894,0.9985440968750128,0.9684993954312955
2017-06-21 08:00:00,0.9962329454737315,0.9861870627777916,0.9983593522883049,0.9693464503745021
2017-06-21 09:00:00,0.9971562498292648,0.9871008940051031,0.9984071566194158,0.9716466442072554
2017-06-21 10:00:00,0.996838847866412,0.9833893744391001,0.9985301131169743,0.9723604677398865
2017-06-21 11:00:00,0.9971562498292648,0.9871008940051031,0.9984071566194158,0.9732332773137738
2017-06-21 12:00:00,0.9964015059293913,0.9882352175081709,0.9981787652861933,0.9736957444691803
2017-06-21 13:00:00,0.9964015059293913,0.9864992619400892,0.998013090837998,0.9736957444691803
2017-06-22 07:00:00,0.9960841039665385,0.9853649384370213,0.9977419815541386,0.972981920936549
2017-06-22 08:00:00,0.996838847866412,0.9885328152838192,0.9977419815541386,0.9724015916208898
2017-06-22 09:00:00,0.9959155435108787,0.9860496913646757,0.9972595781784068,0.9731820308588087
2017-06-22 10:00:00,0.9945250147840324,0.9860496913646759,0.9973407068127944,0.9717178911133401
2017-06-22 11:00:00,0.9935688669698152,0.9806022162305913,0.9968876299993312,0.9720471268581707
2017-06-22 12:00:00,0.9922893393177599,0.9771547915416269,0.9964445936989711,0.9720471268581707
2017-06-22 13:00:00,0.9914033257733168,0.9697394081491263,0.9964445936989711,0.971430042055909
2017-06-23 07:00:00,0.9922893393177599,0.973643040416129,0.9964445936989711,0.9702537513678718
2017-06-23 08:00:00,0.9916814281578357,0.9770904651050933,0.9964445936989713,0.9697912842124654
2017-06-23 09:00:00,0.9916814281578353,0.9793700633923804,0.9958605129245197,0.969462048467635
2017-06-23 10:00:00,0.9907954146133925,0.9764057121774389,0.9957423814063266,0.967742183950541
2017-06-23 11:00:00,0.9907954146133927,0.9788888360965822,0.9962247847820583,0.9692063236960093
2017-06-23 12:00:00,0.9917631137311471,0.9788888360965822,0.9966883698467502,0.9694941727534406
2017-06-23 13:00:00,0.991763113731147,0.9788888360965824,0.9962247847820583,0.9684925001633785
2017-06-26 07:00:00,0.9919390074292889,0.9795735890242366,0.9964684362275921,0.9684925001633785
2017-06-26 08:00:00,0.9925178576310206,0.9860496913646759,0.9965701136263118,0.9684925001633785
2017-06-26 09:00:00,0.9917631137311471,0.9835665674455326,0.9966102681471666,0.9684925001633783
2017-06-26 10:00:00,0.9917631137311473,0.982881814517878,0.9965701136263118,0.9684925001633785
2017-06-26 11:00:00,0.9905780564537556,0.9806022162305911,0.996326462180778,0.9670050411086689
2017-06-26 12:00:00,0.9925178576310206,0.9806022162305911,0.9965601772864283,0.9670050411086689
2017-06-26 13:00:00,0.9925178576310206,0.9806022162305911,0.9970534086207464,0.9641801328096224
2017-06-27 07:00:00,0.9911569066554874,0.9771547915416269,0.9970534086207464,0.9607705268005156
2017-06-27 08:00:00,0.9911569066554876,0.9796379154607703,0.9975254513995025,0.96051480202889
2017-06-27 09:00:00,0.9905780564537556,0.9830853401497346,0.9971313856180847,0.9561290152540058
2017-06-27 10:00:00,0.9890907011529569,0.9788907471097087,0.9970534086207464,0.9550862187829404
2017-06-27 11:00:00,0.9866889677328703,0.9742399464916441,0.9970534086207464,0.954213409209053
2017-06-27 12:00:00,0.988877745935076,0.9758092391834762,0.9975254513995025,0.954213409209053
2017-06-27 13:00:00,0.9890907011529569,0.9821959953696222,0.9975744219184448,0.9521689401479251
2017-06-28 07:00:00,0.9896695513546887,0.9821959953696222,0.9979283331790079,0.9527492694635845
2017-06-28 08:00:00,0.9894856570950004,0.982195995369622,0.9975744219184448,0.9533295987792437
2017-06-28 09:00:00,0.9876918348348381,0.982195995369622,0.9970534086207464,0.952017641359191
2017-06-28 10:00:00,0.9874991772281221,0.9863905884096481,0.9971715401389394,0.9510159687691288
2017-06-28 11:00:00,0.9874991772281221,0.9863905884096481,0.9971715401389394,0.9515962980847882
2017-06-28 12:00:00,0.9849784772436314,0.981373871028852,0.996650526841241,0.950168913825922
2017-06-28 13:00:00,0.9843996270418996,0.981373871028852,0.9967285038385795,0.9499131890542964
2017-06-29 07:00:00,0.9849784772436315,0.981373871028852,0.9966783088046215,0.9510894797423337
2017-06-29 08:00:00,0.9849784772436314,0.9788907471097087,0.9965987872083952,0.9589950474340556
2017-06-29 09:00:00,0.9870839236749137,0.9788907471097087,0.9970322200651845,0.9602524447957435
2017-06-29 10:00:00,0.9885179579772457,0.9757228702629109,0.9964095293687663,0.9605081695673692
2017-06-29 11:00:00,0.9887309131951268,0.9774588258309924,0.9965377219290884,0.9611252543696308
2017-06-29 12:00:00,0.9889332115304542,0.9824755432117886,0.9967033963772837,0.9625893941150994
2017-06-29 13:00:00,0.989109105228596,0.9839074644905048,0.9961869738398916,0.9619723093128376
2017-06-30 07:00:00,0.9896879554303277,0.9848212957178162,0.9967033963772837,0.9664847865888532
2017-06-30 08:00:00,0.9915518625975308,0.9848212957178162,0.9971276348249289,0.9667405113604787
2017-06-30 09:00:00,0.9915518625975308,0.9848212957178162,0.9968839833793951,0.9657388387704164
2017-06-30 10:00:00,0.9911753107311263,0.9830853401497344,0.9966188505634761,0.9663559235726783
2017-06-30 11:00:00,0.9911753107311263,0.9788888360965824,0.9959054410487832,0.9672029785158849
2017-06-30 12:00:00,0.9915518625975308,0.9788888360965824,0.9959899868625908,0.9660266878278475
2017-06-30 13:00:00,0.9919284144639352,0.9781416677455207,0.9962960937920429,0.9660266878278477
2017-07-03 07:00:00,0.9919284144639352,0.9826753116522939,0.9962960937920429,0.9674908275733162
2017-07-03 08:00:00,0.9919284144639354,0.9841072329310098,0.9960309609761239,0.9685336240443816
2017-07-03 09:00:00,0.9919284144639354,0.9811428817160684,0.9961869738398917,0.9680478375797343
2017-07-03 10:00:00,0.9900645072967323,0.9811428817160684,0.9961058452055039,0.9677921128081088
2017-07-05 07:00:00,0.9896879554303277,0.9788888360965822,0.9953381698350189,0.9669193032342215
2017-07-05 08:00:00,0.9915518625975308,0.9816534188710183,0.9950670605511595,0.9671750280058471
2017-07-05 09:00:00,0.9915518625975308,0.9823381717986729,0.9952640475284602,0.9671750280058471
2017-07-05 10:00:00,0.9915518625975308,0.9839074644905046,0.9957929080584738,0.9699999363048937
2017-07-05 11:00:00,0.9919284144639354,0.9846546328415663,0.9960212993916964,0.9685357965594252
2017-07-05 12:00:00,0.9919284144639354,0.9804600398015404,0.9959008036819369,0.9688650323042558
2017-07-05 13:00:00,0.9919284144639354,0.9846546328415665,0.9965377219290884,0.9698667048943179
2017-07-06 07:00:00,0.9919284144639354,0.9876189840565076,0.9969619603767337,0.9684025651488496
2017-07-06 08:00:00,0.9915518625975308,0.9868718157054461,0.9966746621846854,0.9703847868990902
2017-07-06 09:00:00,0.9917445202042469,0.9868718157054461,0.9965377219290884,0.9683403178379627
2017-07-06 10:00:00,0.9919284144639354,0.9876189840565076,0.9966968275608145,0.966876178092494
2017-07-06 11:00:00,0.9900645072967323,0.9876189840565076,0.9962633947040251,0.9662958487768348
2017-07-06 12:00:00,0.9894856570950006,0.9876189840565076,0.995587866534907,0.9639956549440816
2017-07-06 13:00:00,0.9896783147017164,0.98410723293101,0.9959008036819369,0.965945581154197
2017-07-07 07:00:00,0.9917445202042469,0.98410723293101,0.9965377219290884,0.9682457749869503
2017-07-07 08:00:00,0.9932893654394687,0.9873054486838196,0.9960212993916964,0.969288571458016
2017-07-07 09:00:00,0.9925346215395952,0.9858735274051036,0.9956961198540736,0.969288571458016
2017-07-07 10:00:00,0.9921580696731906,0.9858735274051036,0.9954823363480316,0.9684415165148091
2017-07-07 11:00:00,0.9902182684959255,0.9858735274051036,0.995402814751805,0.9659112609890342
2017-07-07 12:00:00,0.9883543613287225,0.9858735274051036,0.995402814751805,0.965038451415147
2017-07-07 13:00:00,0.9904205668312529,0.988524169845614,0.996116224266498,0.9654230392029474
2017-07-10 07:00:00,0.9902182684959255,0.9891561408166399,0.996162916666102,0.9623424061322752
2017-07-10 08:00:00,0.9900053132780444,0.9898408937442943,0.996361368914875,0.9609816375786971
2017-07-10 09:00:00,0.9894528677134982,0.9851526202863655,0.9964795004330682,0.9614441047341034
2017-07-10 10:00:00,0.99046936453523,0.9844678673587111,0.9960552619854229,0.9631639692511973
2017-07-10 11:00:00,0.9920763840998789,0.9838358963876851,0.996007457654312,0.9641656418412595
2017-07-10 12:00:00,0.9920763840998789,0.9831511434600306,0.9954864443566135,0.9654230392029474
2017-07-10 13:00:00,0.9911903705554359,0.9831511434600306,0.9950243245633936,0.9654230392029474
2017-07-11 07:00:00,0.9888128162232854,0.9819324222982365,0.9949492634596083,0.9611406236199536
2017-07-11 08:00:00,0.9888128162232854,0.9758698262516093,0.9950484290125087,0.961469859364784
2017-07-11 09:00:00,0.9893652617878316,0.9758698262516093,0.995481861869298,0.960366988097875
2017-07-11 10:00:00,0.9893652617878316,0.9758698262516093,0.9949492634596083,0.9611406236199533
2017-07-11 11:00:00,0.991742816119982,0.9811852539471748,0.9954023402730716,0.960138951029891
2017-07-11 12:00:00,0.9915501585132662,0.9817720041379433,0.9957879687987501,0.960138951029891
2017-07-11 13:00:00,0.9901891010028473,0.9810872512102888,0.9956674730889906,0.9629638593289377
2017-07-12 07:00:00,0.9912057043594648,0.9870922485668979,0.9961498764647224,0.9598832262582655
2017-07-12 08:00:00,0.9906268541577328,0.9870922485668979,0.996006409215065,0.9624134817840405
2017-07-12 09:00:00,0.9901205856412113,0.9850283563171559,0.9958440856421351,0.9624134817840405
2017-07-12 10:00:00,0.9906268541577328,0.9850283563171559,0.996120080240817,0.9624134817840403
2017-07-12 11:00:00,0.9912057043594648,0.9864602775958721,0.9966024836165488,0.9654941148547127
2017-07-12 12:00:00,0.9924361720577092,0.9845568035064235,0.9963631903091273,0.9650083283900655
2017-07-12 13:00:00,0.9915501585132662,0.9838096351553616,0.9959562141811071,0.9628005048932807
2017-07-13 07:00:00,0.9909101070230533,0.9864602775958721,0.9959562141811071,0.9628005048932807
2017-07-13 08:00:00,0.9905503190652233,0.9838096351553618,0.9960871957104455,0.9606414925300214
2017-07-13 09:00:00,0.9919646810231562,0.9829875108145913,0.9966342995929868,0.9613553160626525
2017-07-13 10:00:00,0.9919646810231562,0.9845568035064233,0.9963631903091272,0.9613553160626525
2017-07-13 11:00:00,0.9905503190652233,0.9858735274051036,0.9960871957104457,0.9613553160626525
2017-07-13 12:00:00,0.9914363326096659,0.9864602775958721,0.9962008667361977,0.961611040834278
2017-07-13 13:00:00,0.9927158602617212,0.9872074459469337,0.9963631903091276,0.9616110408342781
2017-07-14 07:00:00,0.9927158602617212,0.988524169845614,0.9962125423914653,0.9643503825131966
2017-07-14 08:00:00,0.9928917539598628,0.9898408937442943,0.9960397329989564,0.9650642060458277
2017-07-14 09:00:00,0.9921405747212975,0.9905256466719486,0.9958866948978329,0.9607817904628334
2017-07-14 10:00:00,0.9910698294197777,0.9905256466719489,0.9956354051763598,0.9593544062039676
2017-07-14 11:00:00,0.9893863638466804,0.9898408937442943,0.9956354051763601,0.9579270219451016
2017-07-14 12:00:00,0.988155896148436,0.9844678673587111,0.9956354051763598,0.9583894891005079
2017-07-14 13:00:00,0.9866110509132143,0.9770885474134037,0.9954057088669704,0.9553088560298357
2017-07-17 07:00:00,0.9869708388710445,0.9764565764423777,0.9954057088669704,0.9548463888744296
2017-07-17 08:00:00,0.9898393617215335,0.9838358963876852,0.9957036909880476,0.9588730796857979
2017-07-17 09:00:00,0.990015255419675,0.9838358963876852,0.9954057088669704,0.9611732735185512
2017-07-17 10:00:00,0.9885076835447195,0.9817720041379431,0.9954057088669704,0.9615578613063518
2017-07-17 11:00:00,0.9885076835447195,0.9817720041379431,0.9953647347534376,0.9629186298599298
2017-07-17 12:00:00,0.9871467325691863,0.9782992373566627,0.994487524171412,0.9552221483213518
2017-07-17 13:00:00,0.985193448262492,0.9703331672205868,0.9940338715474155,0.9530143248245667
2017-07-18 07:00:00,0.98295104067339,0.9703331672205868,0.9940338715474155,0.9482927613954076
2017-07-18 08:00:00,0.9802286666429056,0.9703331672205869,0.9940338715474155,0.9479081736076073
2017-07-18 09:00:00,0.9826065865195887,0.9763957632672139,0.9947013076774541,0.948688612845526
2017-07-18 10:00:00,0.9836230833413205,0.9776144844290082,0.9952262702826102,0.9512256720871414
2017-07-18 11:00:00,0.9829329205651105,0.9764801609259404,0.9953126349797617,0.9505118485545104
2017-07-18 12:00:00,0.983277374718912,0.9739970370067971,0.9950532204499138,0.9519392328133764
2017-07-18 13:00:00,0.9838459863005021,0.9649700897452286,0.9950532204499138,0.952786287756583
2017-07-19 07:00:00,0.9865743563081164,0.9710326857918558,0.9953587760271787,0.9555256294355017
2017-07-19 08:00:00,0.9865743563081164,0.9726803131081168,0.9955393630292904,0.9563726843787083
2017-07-19 09:00:00,0.9865743563081164,0.9764801609259404,0.9956648829566308,0.9578000686375743
2017-07-19 10:00:00,0.9865743563081164,0.9771649138535947,0.9955393630292901,0.9563726843787083
2017-07-19 11:00:00,0.9865743563081163,0.9811852539471747,0.9956648829566308,0.9578000686375745
2017-07-19 12:00:00,0.9865743563081164,0.9811852539471747,0.9958945792660201,0.9589029399044833
2017-07-19 13:00:00,0.9870081335838291,0.9771649138535949,0.9958945792660201,0.960160337266171
2017-07-20 07:00:00,0.9897416720065989,0.9771649138535949,0.9964519759169452,0.9606228044215772
2017-07-20 08:00:00,0.9900590739694515,0.9771649138535949,0.9965858705194527,0.9601603372661712
2017-07-20 09:00:00,0.9884655776205874,0.9787342065454266,0.9961539937958682,0.958799568712593
2017-07-20 10:00:00,0.9905874223829414,0.9818531873115237,0.9966704163332601,0.9650085911964615
2017-07-20 11:00:00,0.9912232072099143,0.9818531873115237,0.9969045830687716,0.965393178984262
2017-07-20 12:00:00,0.9902276344251114,0.9843042347132719,0.9965858705194527,0.964907392519615
2017-07-20 13:00:00,0.9874940960023415,0.9843042347132719,0.9963152000965302,0.9636499951579273
2017-07-21 07:00:00,0.9865743563081164,0.980504386895448,0.9963152000965302,0.963649995157927
2017-07-21 08:00:00,0.9870081335838291,0.9780533394936999,0.9963152000965302,0.9636499951579268
2017-07-21 09:00:00,0.9894473803090357,0.9828818145178781,0.9967369572980518,0.9644970501011337
2017-07-21 10:00:00,0.9894473803090357,0.9835665674455324,0.9966505926009003,0.9657544474628216
2017-07-21 11:00:00,0.9894473803090357,0.9853328619196262,0.9958804853473668,0.9659845091558431
2017-07-21 12:00:00,0.9894473803090357,0.9840161380209459,0.9953203000197604,0.9659845091558431
2017-07-21 13:00:00,0.9897416720065987,0.9840161380209459,0.9953203000197604,0.967241906517531
2017-07-24 07:00:00,0.9902088963779118,0.9840161380209459,0.9950223178986833,0.9655453613096778
2017-07-24 08:00:00,0.9902088963779118,0.9840161380209459,0.9945798220658213,0.966259184842309
2017-07-24 09:00:00,0.9902088963779119,0.9864992619400892,0.995108682595835,0.9692842030636153
2017-07-24 10:00:00,0.9902088963779119,0.9878159858387696,0.995492255370297,0.9705416004253029
2017-07-24 11:00:00,0.9902088963779118,0.9878159858387696,0.9950223178986833,0.9696687908514157
2017-07-24 12:00:00,0.9902088963779118,0.9860496913646759,0.995108682595835,0.9709807482714682
2017-07-24 13:00:00,0.9903774568335715,0.9878159858387696,0.9950223178986833,0.9714432154268746
2017-07-25 07:00:00,0.9891892264420525,0.9846177700859599,0.9948884232961761,0.9714432154268746
2017-07-25 08:00:00,0.9870673816796988,0.9818531873115237,0.994934054319982,0.9697466702190213
2017-07-25 09:00:00,0.9877883876999046,0.982881814517878,0.9950650358493204,0.9697466702190213
2017-07-25 10:00:00,0.9870673816796988,0.980817922268136,0.9949340543199819,0.9697466702190215
2017-07-25 11:00:00,0.9877883876999046,0.980817922268136,0.9945361753193068,0.9714665347361154
2017-07-25 12:00:00,0.9881057896627573,0.9780533394936999,0.9945361753193068,0.9714665347361154
2017-07-25 13:00:00,0.9882556120712177,0.9766214182149838,0.9939870056420891,0.9731630799439683
2017-07-26 07:00:00,0.9877883876999046,0.9701453158745447,0.9939870056420891,0.9724492564113373
2017-07-26 08:00:00,0.9881057896627573,0.9701453158745447,0.9944051937899685,0.9731630799439686
2017-07-26 09:00:00,0.9891013624475604,0.9766214182149838,0.9945361753193068,0.9731630799439686
2017-07-26 10:00:00,0.9891013624475604,0.9731486514337033,0.9945361753193068,0.9706260207023529
2017-07-26 11:00:00,0.9891013624475604,0.9731486514337033,0.9940752692207906,0.9734509290013996
2017-07-26 12:00:00,0.9887959524389673,0.9731486514337033,0.9939413746182831,0.9738355167892002
2017-07-26 13:00:00,0.9913850215726343,0.9741772786400579,0.9943392536189584,0.9753229758439096
2017-07-27 07:00:00,0.9930684871457317,0.9791114499609491,0.9945905433404312,0.9790618175978466
2017-07-27 08:00:00,0.9949849828235943,0.9825842167422297,0.9954304886898321,0.9804225861514249
2017-07-27 09:00:00,0.995153543279254,0.9857520935890277,0.9956110756919435,0.9814242587414872
2017-07-27 10:00:00,0.995153543279254,0.9815555895358753,0.9951928875440643,0.980961791586081
2017-07-27 11:00:00,0.995153543279254,0.9863840645600536,0.9951928875440643,0.9814242587414872
2017-07-27 12:00:00,0.9963460403340129,0.9890347070005638,0.9951928875440643,0.9810396709536868
2017-07-27 13:00:00,0.9974822999074273,0.9897194599282182,0.9951928875440643,0.981620000269346
2017-07-28 07:00:00,0.9971225119495971,0.9919735055477046,0.9949477428956871,0.9829807688229243
2017-07-28 08:00:00,0.9974822999074273,0.9957733533655282,0.9946041297508041,0.9829807688229243
2017-07-28 09:00:00,0.9978772558494706,0.9950886004378738,0.9949021118718812,0.9837612080608431
2017-07-28 10:00:00,0.9975328016956694,0.9950886004378738,0.9947711303425428,0.9829141531176365
2017-07-28 11:00:00,0.9968117956754633,0.9950886004378737,0.9943189135791666,0.9822970683153746
2017-07-28 12:00:00,0.9955710893570773,0.9950886004378738,0.9948138482931799,0.9808696840565085
2017-07-28 13:00:00,0.9942730154209428,0.9950886004378738,0.9952320364410591,0.9817167389997153
2017-07-31 07:00:00,0.9951558358038688,0.9950886004378737,0.9953203000197606,0.9817167389997153
2017-07-31 08:00:00,0.995817691920523,0.99734264605736,0.9953203000197604,0.9840169328324687
2017-07-31 09:00:00,0.9951558358038688,0.99734264605736,0.9952320364410591,0.9822603128287721
2017-07-31 10:00:00,0.9942730154209428,0.995910724778644,0.9952320364410591,0.9825895485736026
2017-07-31 11:00:00,0.994273015420943,0.99734264605736,0.9952320364410591,0.9817167389997153
2017-07-31 12:00:00,0.9930323091025568,0.9957733533655283,0.9946372357400354,0.980715066409653
2017-07-31 13:00:00,0.9925945559476715,0.99652052171659,0.9945905433404314,0.9811775335650594
2017-08-01 07:00:00,0.9934272650446003,0.9965205217165898,0.9948356879888084,0.9818913570976902
2017-08-01 08:00:00,0.993582852644733,0.9927206738987662,0.9948356879888084,0.9818913570976902
2017-08-01 09:00:00,0.9932774426361399,0.9912887526200501,0.9941601662726838,0.9818913570976902
2017-08-01 10:00:00,0.9932774426361399,0.9912887526200501,0.9932527308888487,0.9818913570976902
2017-08-01 11:00:00,0.9934272650446002,0.9912887526200501,0.9932527308888485,0.980715066409653
2017-08-01 12:00:00,0.992342146326347,0.9899720287213698,0.9937384090711623,0.9803304786218526
2017-08-01 13:00:00,0.9905138644446152,0.9845568035064233,0.9932527308888487,0.9817578628807186
2017-08-02 07:00:00,0.9900639851469194,0.9813585877536134,0.992463030601147,0.9805004655190308
2017-08-02 08:00:00,0.9896302078712068,0.9797109604373526,0.992463030601147,0.9800146790543834
2017-08-02 09:00:00,0.988591799888148,0.9788888360965822,0.9921919213172878,0.9791676241111766
2017-08-02 10:00:00,0.9891811647639932,0.9788888360965824,0.9916754987798956,0.9798814476438079
2017-08-02 11:00:00,0.9891811647639932,0.9788888360965824,0.9916754987798956,0.9805952711764389
2017-08-02 12:00:00,0.9879404584456073,0.9768249438468403,0.9921522619205669,0.9798814476438079
2017-08-02 13:00:00,0.9860530196336277,0.9686892456999473,0.9916754987798956,0.9779315214336921
2017-08-03 07:00:00,0.9835679123741748,0.962302489513801,0.9908044460501019,0.9762349762258392
2017-08-03 08:00:00,0.9834180899657147,0.9607331968219692,0.9908044460501019,0.9744783562221427
2017-08-03 09:00:00,0.9839867015473048,0.9607331968219692,0.9908044460501021,0.9724338871610149
2017-08-03 10:00:00,0.9839867015473048,0.9671199530081154,0.9908044460501019,0.9710065029021488
2017-08-03 11:00:00,0.9844495356889004,0.9721366703889115,0.9909087658875637,0.9724338871610149
2017-08-03 12:00:00,0.9860530196336278,0.9797892950617817,0.9912790407243236,0.9734766836320805
2017-08-03 13:00:00,0.9875066811698948,0.9813585877536134,0.9915919778713534,0.9738612714198809
2017-08-04 07:00:00,0.9877314791068991,0.9813585877536134,0.9925647079998668,0.9747083263630876
2017-08-04 08:00:00,0.9877314791068993,0.9813585877536134,0.9930414711405384,0.976195785417797
2017-08-04 09:00:00,0.9896189179188788,0.9845568035064233,0.9932220581426496,0.9775077428378497
2017-08-04 10:00:00,0.9911539159348278,0.9899720287213698,0.9931203807439298,0.9789351270967157
2017-08-04 11:00:00,0.9923946222532138,0.9892248603703083,0.992822398622853,0.9803625113555815
2017-08-04 12:00:00,0.9923946222532138,0.9892248603703082,0.992822398622853,0.9808249785109877
2017-08-04 13:00:00,0.9923946222532138,0.9899720287213698,0.9933507947558037,0.9803625113555817
2017-08-07 07:00:00,0.9923946222532141,0.9864992619400892,0.993225274828463,0.9812095662987883
2017-08-07 08:00:00,0.9908596242372648,0.9864992619400892,0.9922107361161359,0.9792596400886725
2017-08-07 09:00:00,0.9908596242372648,0.988402736029538,0.9920216378426724,0.9792596400886725
2017-08-07 10:00:00,0.9911539159348278,0.9857520935890277,0.9923843595274279,0.9803625113555813
2017-08-07 11:00:00,0.9911539159348278,0.9857520935890277,0.9923843595274279,0.9799233635094162
2017-08-07 12:00:00,0.9923421463263468,0.9834980479695412,0.9929229409879555,0.9810996541974534
2017-08-07 13:00:00,0.9936402202624813,0.9815555895358755,0.9933654368208175,0.9810996541974534
2017-08-08 07:00:00,0.9936402202624813,0.9857520935890275,0.9931566560936059,0.980056857726388
2017-08-08 08:00:00,0.9927573998795552,0.9886381101795398,0.9928792942414408,0.9796722699385874
2017-08-08 09:00:00,0.9911539159348278,0.9873213862808596,0.9925859891391726,0.9786294734675219
2017-08-08 10:00:00,0.9895504319901004,0.9813585877536136,0.9922960959487264,0.9796722699385874
2017-08-08 11:00:00,0.9895504319901004,0.9838096351553616,0.9928792942414411,0.9792098027831813
2017-08-08 12:00:00,0.9875776808192659,0.9803368683740812,0.9926742527178738,0.9784959792505502
2017-08-08 13:00:00,0.9856049296484313,0.9797892950617816,0.991637401801163,0.9771352106969722
2017-08-09 07:00:00,0.9839304460543328,0.9768249438468403,0.9913140471917793,0.9765916368679154
2017-08-09 08:00:00,0.9842247377518959,0.9797109604373524,0.9913140471917793,0.9758778133352843
2017-08-09 09:00:00,0.9859031972251674,0.9834224800033555,0.9915284065083543,0.9750307583920776
2017-08-09 10:00:00,0.9859031972251674,0.9853649384370214,0.9917676998157757,0.9742503191541586
2017-08-09 11:00:00,0.9875776808192659,0.9846177700859599,0.9920216378426724,0.9749641426867899
2017-08-09 12:00:00,0.9871278015215703,0.9817317534954476,0.9923843595274279,0.9732075226830932
2017-08-09 13:00:00,0.9853668934438403,0.9808179222681362,0.9922960959487264,0.9735921104708938
2017-08-10 07:00:00,0.9871278015215701,0.9808179222681362,0.9920315415981935,0.9756365795320213
2017-08-10 08:00:00,0.988460501202192,0.9825842167422296,0.9922854796250901,0.9769485369520741
2017-08-10 09:00:00,0.9902084544360222,0.9857520935890275,0.993322330541801,0.9774110041074804
2017-08-10 10:00:00,0.9904107527713495,0.9857520935890275,0.9938084731211775,0.9791676241111766
2017-08-10 11:00:00,0.9915989831628684,0.9857520935890275,0.9943658697721025,0.9796300912665831
2017-08-10 12:00:00,0.9921273315763581,0.9838096351553616,0.9952058151215035,0.9796300912665828
2017-08-10 13:00:00,0.9938057910496298,0.9873213862808594,0.9958604971798249,0.9811175503212924
2017-08-11 07:00:00,0.9942730154209428,0.9864992619400894,0.9958604971798249,0.9811175503212924
2017-08-11 08:00:00,0.9946174695747443,0.9893852785306013,0.9959596627327253,0.9799412596332552
2017-08-11 09:00:00,0.9959155435108787,0.9937718765391934,0.9960997904872464,0.9799412596332552
2017-08-11 10:00:00,0.9969539514939373,0.9930247081881319,0.9958604971798248,0.980484833462312
2017-08-11 11:00:00,0.9969539514939373,0.9930247081881319,0.9953559380015998,0.9797710099296809
2017-08-11 12:00:00,0.9966235766755575,0.9911212340986831,0.9947012559432783,0.9809473006177182
2017-08-11 13:00:00,0.9964476829774159,0.9893852785306015,0.9947012559432784,0.9805627128299176
2017-08-14 07:00:00,0.9956558775578028,0.9893852785306015,0.9952058151215034,0.9802334770850871
2017-08-14 08:00:00,0.9951699151392905,0.9893852785306015,0.9955065859192619,0.9805627128299178
2017-08-14 09:00:00,0.9951699151392905,0.9893852785306015,0.9949920316154616,0.9818201101916055
2017-08-14 10:00:00,0.9951699151392903,0.9893852785306015,0.9941520862660607,0.9801002456745114
2017-08-14 11:00:00,0.9951699151392903,0.9893852785306015,0.9942776061934012,0.9795199163588522
2017-08-14 12:00:00,0.9951699151392903,0.9911212340986831,0.9943721029241165,0.9805627128299176
2017-08-14 13:00:00,0.9951699151392903,0.9918059870263376,0.993897508249895,0.9812765363625487
2017-08-15 07:00:00,0.9951699151392903,0.9944566294668479,0.993897508249895,0.9801002456745114
2017-08-15 08:00:00,0.9951699151392903,0.99734264605736,0.9935919526726299,0.9801002456745114
2017-08-15 09:00:00,0.9953538093989789,0.9980898144084218,0.9938103930889448,0.9794831608722498
2017-08-15 10:00:00,0.9956841842173586,0.9980898144084218,0.9947574417668377,0.9790206937168436
2017-08-15 11:00:00,0.9962920953772831,0.999521735687138,0.9947574417668377,0.9801969844048809
2017-08-15 12:00:00,0.9966518833351132,0.999521735687138,0.9945390013505228,0.9801969844048807
2017-08-15 13:00:00,0.9953538093989787,0.9987745673360763,0.9948807462618143,0.9808140692071426
2017-08-16 07:00:00,0.9951699151392903,0.9987745673360763,0.9948807462618141,0.9819903598951798
2017-08-16 08:00:00,0.9951699151392903,0.9987745673360763,0.994574639332362,0.9812765363625487
2017-08-16 09:00:00,0.9939816847477714,0.999521735687138,0.9939677616051515,0.9804037267886616
2017-08-16 10:00:00,0.9935318054500756,0.999521735687138,0.9936323754339758,0.9784538005785458
2017-08-16 11:00:00,0.992436172057709,0.999521735687138,0.9929090493867402,0.9771418431584933
2017-08-16 12:00:00,0.9924361720577092,0.9995217356871378,0.9928680752732071,0.9766793760030872
2017-08-16 13:00:00,0.9914195687010918,0.9988369827594833,0.9937948867108047,0.9770086117479175
2017-08-17 07:00:00,0.9918573218559772,0.9980898144084217,0.9944363798114325,0.9774710789033235
2017-08-17 08:00:00,0.992436172057709,0.9980898144084217,0.9947902910719958,0.9771418431584933
2017-08-17 09:00:00,0.9927806262115103,0.9980898144084217,0.9947902910719958,0.9783992405201811
2017-08-17 10:00:00,0.9946680650234899,0.9980898144084217,0.9947902910719958,0.980095785728034
2017-08-17 11:00:00,0.9954483191395657,0.99734264605736,0.995091061869754,0.981198656994943
2017-08-17 12:00:00,0.9959155435108787,0.9987745673360762,0.9947781247227241,0.9801969844048809
2017-08-17 13:00:00,0.9952797586839057,0.9980273989850145,0.9939199572740406,0.9801969844048807
2017-08-18 07:00:00,0.9956563105503106,0.9980273989850145,0.9942328944210707,0.9801969844048807
2017-08-18 08:00:00,0.9960007647041118,0.9973426460573602,0.995091061869754,0.9816611241503493
2017-08-18 09:00:00,0.9966365495310846,0.994456629466848,0.995595621047979,0.9825339337242366
2017-08-18 10:00:00,0.9978772558494706,0.9944566294668479,0.9957722336011235,0.9825339337242366
2017-08-18 11:00:00,0.9972153997328166,0.9937718765391934,0.9957722336011235,0.9833143729621555
2017-08-18 12:00:00,0.9968204437907732,0.9937718765391934,0.9963438886058841,0.983643608706986
2017-08-18 13:00:00,0.9962920953772834,0.9960259221586797,0.9966563868919769,0.9832590209191856
2017-08-21 07:00:00,0.9966518833351135,0.9960259221586797,0.9971089940438033,0.9827965537637794
2017-08-21 08:00:00,0.9968204437907732,0.9925531553773993,0.9973026563274185,0.9835103772964104
2017-08-21 09:00:00,0.9971378457536259,0.9901021079756511,0.9973026563274185,0.9827965537637794
2017-08-21 10:00:00,0.9975328016956694,0.9885328152838192,0.997433637856757,0.9830844028212106
2017-08-21 11:00:00,0.9970468392771566,0.9909838626855673,0.9974336378567572,0.9830844028212106
2017-08-21 12:00:00,0.9966702874107523,0.9925531553773993,0.9976520782730719,0.9805473435795952
2017-08-21 13:00:00,0.9955851686924989,0.9893549396245894,0.9978411765465353,0.9771377375704883
2017-08-22 07:00:00,0.9949233125758447,0.9839074644905046,0.9979356732772504,0.9765206527682267
2017-08-22 08:00:00,0.9949233125758447,0.9863905884096479,0.9976645639933909,0.976983119923633
2017-08-22 09:00:00,0.9939277397910417,0.9848212957178162,0.9972119568415645,0.9752264999199363
2017-08-22 10:00:00,0.9921797865572116,0.9816534188710185,0.9966761536027232,0.9729263060871831
2017-08-22 11:00:00,0.9921797865572116,0.9816534188710185,0.9963278035507113,0.9709763798770673
2017-08-22 12:00:00,0.9921797865572116,0.9830853401497346,0.9966343257395528,0.9721526705651047
2017-08-22 13:00:00,0.9921797865572116,0.9848212957178162,0.9966761536027232,0.9709763798770673
2017-08-23 07:00:00,0.9907076012984404,0.9871008940051031,0.9961044985979626,0.9702625563444365
2017-08-23 08:00:00,0.991084153164845,0.9879230183458734,0.9966761536027232,0.9699747072870052
2017-08-23 09:00:00,0.9913681080320973,0.9833893744391001,0.9969472628865826,0.968798416598968
2017-08-23 10:00:00,0.9915810632499782,0.9816534188710185,0.9971705678393311,0.9677967440089057
2017-08-23 11:00:00,0.991297108382726,0.9787674022805063,0.9971705678393311,0.9698412130700332
2017-08-23 12:00:00,0.9925378147011118,0.9795895266212765,0.997483066125424,0.9710175037580707
2017-08-23 13:00:00,0.9936229334193653,0.9778535710531947,0.9976596786785683,0.9723782723116489
2017-08-24 07:00:00,0.9918136155193891,0.9789144481786874,0.9971705678393311,0.9723782723116489
2017-08-24 08:00:00,0.9934206350840378,0.9821126639314973,0.9971705678393312,0.973379944901711
2017-08-24 09:00:00,0.9936229334193653,0.984016138020946,0.9973044624418386,0.9751365649054077
2017-08-24 10:00:00,0.9943439394395711,0.9878159858387696,0.9977935732810758,0.9785461709145142
2017-08-24 11:00:00,0.9943439394395711,0.9864992619400894,0.99784026568068,0.9795478435045766
2017-08-24 12:00:00,0.9943439394395711,0.9857520935890275,0.99784026568068,0.9789307587023146
2017-08-24 13:00:00,0.9927369198749223,0.9846177700859599,0.9978402656806797,0.979393225857721
2017-08-25 07:00:00,0.9930967078327526,0.9853649384370213,0.9976169607279315,0.9785461709145145
2017-08-25 08:00:00,0.9932893654394684,0.9828818145178781,0.9976169607279315,0.9797224616025515
2017-08-25 09:00:00,0.9948963850041175,0.9818531873115237,0.9976169607279315,0.9810832301561297
2017-08-25 10:00:00,0.9945365970462874,0.9829875108145916,0.9976169607279314,0.9800404336850642
2017-08-25 11:00:00,0.9945365970462874,0.9857520935890277,0.9973885693947089,0.979460104369405
2017-08-25 12:00:00,0.9945365970462874,0.9886381101795398,0.997483066125424,0.9786796651314861
2017-08-25 13:00:00,0.9945365970462872,0.9844416061263876,0.99743637372582,0.980887488628271
2017-08-28 07:00:00,0.9943439394395711,0.9870922485668979,0.9976169607279315,0.9826441086319673
2017-08-28 08:00:00,0.9943439394395711,0.9919207235910761,0.9976596786785683,0.9830286964197679
2017-08-28 09:00:00,0.9943439394395711,0.9890347070005638,0.9971705678393311,0.9841315676866769
2017-08-28 10:00:00,0.9943439394395711,0.9878159858387696,0.9965989128345707,0.9833579321645984
2017-08-28 11:00:00,0.9945365970462872,0.9878159858387696,0.9965561948839338,0.9830286964197679
2017-08-28 12:00:00,0.9948963850041175,0.9909838626855673,0.9963278035507113,0.9836090257354271
2017-08-28 13:00:00,0.9948963850041175,0.9909838626855673,0.9963278035507113,0.9844560806786339
2017-08-29 07:00:00,0.9961759126561727,0.9909838626855673,0.9963278035507113,0.9869863362044088
2017-08-29 08:00:00,0.9973159547300783,0.9925531553773991,0.9963278035507113,0.9855589519455428
2017-08-29 09:00:00,0.9973159547300783,0.994122448069231,0.9963278035507113,0.9864060068887496
2017-08-29 10:00:00,0.9961759126561727,0.9901021079756511,0.9963278035507113,0.9864060068887496
2017-08-29 11:00:00,0.9961759126561727,0.9855684640688779,0.9963278035507113,0.9864060068887496
2017-08-29 12:00:00,0.9973159547300783,0.9855684640688779,0.9960148664036812,0.9866617316603751
2017-08-29 13:00:00,0.9981276332551928,0.9830853401497346,0.9958713991540238,0.9876634042504374
2017-08-30 07:00:00,0.9979437389955045,0.9860496913646759,0.9960997904872462,0.9876634042504374
2017-08-30 08:00:00,0.9973912934309581,0.9885007387664241,0.9964616981532185,0.9854555807536524
2017-08-30 09:00:00,0.996838847866412,0.9897194599282184,0.9964616981532187,0.9841981833919646
2017-08-30 10:00:00,0.9960841039665385,0.9865515830814204,0.9970333531579789,0.9845827711797651
2017-08-30 11:00:00,0.9964015059293913,0.9865515830814204,0.9973044624418386,0.9848706202371964
2017-08-30 12:00:00,0.9965633202921113,0.9865515830814204,0.9973044624418386,0.9860469109252334
2017-08-30 13:00:00,0.9954782015738579,0.9853328619196263,0.9967328074370781,0.9855844437698275
2017-08-31 07:00:00,0.9952652463559769,0.9878159858387695,0.9964616981532187,0.9844081530817901
2017-08-31 08:00:00,0.9962329454737313,0.9909838626855673,0.9964616981532187,0.9848706202371964
2017-08-31 09:00:00,0.9964015059293913,0.9878159858387696,0.9970333531579789,0.9865904847542905
2017-08-31 10:00:00,0.9964015059293913,0.9853328619196262,0.9970811574890901,0.9865904847542905
2017-08-31 11:00:00,0.9962329454737315,0.9865515830814204,0.9970811574890901,0.9860469109252337
2017-08-31 12:00:00,0.9969539514939374,0.9897194599282182,0.9970811574890901,0.9842902909215372
2017-08-31 13:00:00,0.995655877557803,0.988402736029538,0.9971257743212769,0.9834432359783305
2017-09-01 07:00:00,0.9958397718174914,0.9892248603703083,0.9968128371742468,0.9813987669172025
2017-09-01 08:00:00,0.9971378457536259,0.9930247081881319,0.9968128371742468,0.9813987669172025
2017-09-01 09:00:00,0.9962920953772831,0.9930247081881319,0.9968128371742468,0.9791909434204177
2017-09-01 10:00:00,0.9968204437907732,0.9930247081881319,0.9973964447441994,0.979478792477849
2017-09-01 11:00:00,0.9962920953772834,0.989224860370308,0.9975246373045213,0.9802592317157678
2017-09-01 12:00:00,0.9955002899576703,0.989224860370308,0.9976615775601185,0.9806438195035684
2017-09-01 13:00:00,0.9956558775578028,0.9857520935890275,0.9977479422572698,0.9824004395072649
2017-09-05 07:00:00,0.9949940214411489,0.9813654955804355,0.9973044624418386,0.9820158517194645
2017-09-05 08:00:00,0.993165739559417,0.9808179222681359,0.9967328074370781,0.9810141791294024
2017-09-05 09:00:00,0.9941613123442199,0.984016138020946,0.9966464427399268,0.9803970943271404
2017-09-05 10:00:00,0.9933155619678774,0.9821126639314973,0.9970811574890901,0.9800678585823098
2017-09-05 11:00:00,0.9934914556660192,0.9786009128059995,0.9973518279120125,0.9786037188368413
2017-09-05 12:00:00,0.9951699151392905,0.9763957632672139,0.9977588040400327,0.980648187897969
2017-09-05 13:00:00,0.9951699151392905,0.973227886420416,0.9977588040400327,0.981428627135888
2017-09-06 07:00:00,0.9939774180845315,0.9798196339677937,0.9978957442956298,0.981428627135888
2017-09-06 08:00:00,0.9939774180845313,0.978685310464726,0.9977109997089217,0.9818910942912942
2017-09-06 09:00:00,0.9929390101014728,0.978685310464726,0.9972117001574912,0.9807148036032568
2017-09-06 10:00:00,0.9915084768421228,0.9786853104647257,0.9970425334836364,0.9812951329189162
2017-09-06 11:00:00,0.9934249725199854,0.978685310464726,0.996808818377986,0.983339601980044
2017-09-06 12:00:00,0.9943077929029113,0.9793700633923804,0.9968577888969282,0.9848037417255124
2017-09-06 13:00:00,0.9936720080759385,0.9764057121774389,0.9968577888969282,0.9852662088809186
2017-09-07 07:00:00,0.9940317960337687,0.9717174387195101,0.9968577888969282,0.9865236062426063
2017-09-07 08:00:00,0.9946675808607415,0.9793700633923804,0.9970425334836364,0.9861390184548061
2017-09-07 09:00:00,0.9936720080759385,0.9764057121774391,0.9972117001574914,0.9850962219837406
2017-09-07 10:00:00,0.9926012627744186,0.9764057121774391,0.9973964447441994,0.983272986274756
2017-09-07 11:00:00,0.9922568086206172,0.9828818145178781,0.9978957442956298,0.9832729862747562
2017-09-07 12:00:00,0.9925622186292102,0.9846177700859599,0.9981141847119448,0.9828883984869556
2017-09-07 13:00:00,0.9915666458444072,0.9816534188710185,0.9981141847119447,0.9823448246578989
2017-09-08 07:00:00,0.9915666458444072,0.9853649384370214,0.9978381901132626,0.9817277398556371
2017-09-08 08:00:00,0.9919110999982087,0.9860496913646759,0.9977072085839243,0.9807260672655749
2017-09-08 09:00:00,0.9933416332575586,0.9860496913646759,0.9981141847119447,0.9798790123223683
2017-09-08 10:00:00,0.9935255275172473,0.9878159858387696,0.9981141847119447,0.9798790123223683
2017-09-08 11:00:00,0.9935255275172473,0.9846177700859599,0.9980695678797579,0.9805928358549991
2017-09-08 12:00:00,0.9935255275172472,0.9833010461872795,0.9982928728325063,0.9797457809117925
2017-09-08 13:00:00,0.9923854854433415,0.9833010461872793,0.9981589782299989,0.9806185904856798
2017-09-11 07:00:00,0.9933416332575586,0.9846177700859599,0.9983977930704703,0.9794422997976425
2017-09-11 08:00:00,0.994358236614176,0.9826753116522939,0.9985744056236148,0.9769052405560273
2017-09-11 09:00:00,0.9933416332575588,0.9797892950617817,0.9985744056236148,0.9754778562971611
2017-09-11 10:00:00,0.9948645051306975,0.9826753116522939,0.9989519516716558,0.9783027645962078
2017-09-11 11:00:00,0.994358236614176,0.9858735274051037,0.9989519516716558,0.9772599681251424
2017-09-11 12:00:00,0.9933198286311175,0.986558280332758,0.9987083002261222,0.9744350598260957
2017-09-11 13:00:00,0.9923032252745002,0.9843042347132717,0.9985744056236148,0.9730742912725177
2017-09-12 07:00:00,0.9933416332575586,0.9878159858387695,0.9987083002261222,0.9751187603336454
2017-09-12 08:00:00,0.9928917539598628,0.9846177700859599,0.9987083002261222,0.974656293178239
2017-09-12 09:00:00,0.9927158602617212,0.9846177700859596,0.9986626692023161,0.975503348121446
2017-09-12 10:00:00,0.993855902335627,0.9846177700859596,0.9989945842265512,0.9755033481214458
2017-09-12 11:00:00,0.9927158602617212,0.9823381717986729,0.9989082195293998,0.9732031542886925
2017-09-12 12:00:00,0.9921875118482314,0.9846177700859599,0.9989945842265513,0.9732031542886925
2017-09-12 13:00:00,0.993327553922137,0.9861870627777916,0.9989499673943644,0.9728185665008919
2017-09-13 07:00:00,0.9927158602617212,0.9797109604373524,0.9988636026972129,0.9735323900335232
2017-09-13 08:00:00,0.9921875118482314,0.9768249438468403,0.9989063206478497,0.97407596386258
2017-09-13 09:00:00,0.9941602630190659,0.9778535710531947,0.9989063206478497,0.9755033481214458
2017-09-13 10:00:00,0.9941602630190659,0.9778535710531947,0.9989063206478497,0.978040407363061
2017-09-13 11:00:00,0.9941602630190659,0.9833010461872793,0.9989063206478499,0.9755033481214458
2017-09-13 12:00:00,0.9932774426361399,0.9833010461872793,0.9987753391185114,0.9755033481214458
2017-09-13 13:00:00,0.9924447335392111,0.9833010461872793,0.9988636026972129,0.9747895245888147
2017-09-14 07:00:00,0.9918330398787951,0.9833010461872793,0.9989063206478499,0.9751187603336452
2017-09-14 08:00:00,0.9913470774602827,0.9833010461872795,0.9987297080947055,0.9745016755313834
2017-09-14 09:00:00,0.9923636808169002,0.9833010461872793,0.9989063206478497,0.9739213462157245
2017-09-14 10:00:00,0.9909731520900537,0.9838486194995788,0.9987297080947054,0.9710964379166777
2017-09-14 11:00:00,0.9896936244379986,0.977885820972333,0.9985064031419569,0.9707672021718472
2017-09-14 12:00:00,0.9913681080320973,0.977885820972333,0.9985987265653671,0.9699201472286405
2017-09-14 13:00:00,0.9929715919768245,0.977885820972333,0.9987753391185116,0.9699201472286405
2017-09-15 07:00:00,0.9925950401104199,0.9833010461872795,0.9985744056236148,0.972745055527687
2017-09-15 08:00:00,0.9939277397910418,0.980817922268136,0.9985744056236148,0.9721279707254251
2017-09-15 09:00:00,0.9941300381263691,0.9840161380209459,0.9985744056236148,0.9733042614134625
2017-09-15 10:00:00,0.9933752942264956,0.9864992619400894,0.9985744056236148,0.971481025704478
2017-09-15 11:00:00,0.9927395093995227,0.9864992619400892,0.9987753391185116,0.971481025704478
2017-09-15 12:00:00,0.9939277397910418,0.988235217508171,0.9991142752445857,0.971481025704478
2017-09-15 13:00:00,0.9939277397910418,0.989057341848941,0.9990686442207798,0.971481025704478
2017-09-18 07:00:00,0.9939277397910417,0.9873213862808594,0.9990686442207798,0.9726573163925154
2017-09-18 08:00:00,0.9939277397910418,0.9873213862808594,0.9988920316676353,0.9732744011947772
2017-09-18 09:00:00,0.9931160612659272,0.9873213862808594,0.9989731603020231,0.9732744011947772
2017-09-18 10:00:00,0.9945065899927735,0.9899720287213698,0.9992325748318712,0.9732744011947772
2017-09-18 11:00:00,0.9931160612659272,0.9893852785306013,0.9989264679024191,0.973274401194777
2017-09-18 12:00:00,0.9929715919768245,0.9845568035064233,0.9989264679024191,0.9726573163925154
2017-09-18 13:00:00,0.9929715919768243,0.9806156983995562,0.9992325748318712,0.9718102614493087
2017-09-19 07:00:00,0.9929715919768243,0.9798685300484944,0.9992325748318712,0.9721948492371093
2017-09-19 08:00:00,0.9931160612659272,0.9787342065454266,0.9990187913258293,0.9716512754080523
2017-09-19 09:00:00,0.9933087188726433,0.9764801609259404,0.9991916007183381,0.9706084789369869
2017-09-19 10:00:00,0.9933087188726433,0.9742005626386534,0.9988453392680313,0.9691210198822775
2017-09-19 11:00:00,0.9927008077127187,0.9710326857918558,0.9988453392680315,0.9676936356234115
2017-09-19 12:00:00,0.99186809861579,0.9749737908987229,0.9985324021210015,0.9664918531110896
2017-09-19 13:00:00,0.9907280565418843,0.972211119137413,0.9983700785480714,0.9675346495821551
2017-09-20 07:00:00,0.9915607656388131,0.9682700140305457,0.9986633836503396,0.9675346495821551
2017-09-20 08:00:00,0.9902280659581912,0.9640735099773936,0.9985324021210013,0.9663583588941179
2017-09-20 09:00:00,0.989833110016148,0.9682700140305459,0.9989264679024191,0.9666462079515492
2017-09-20 10:00:00,0.9898331100161478,0.9710326857918558,0.9990574494317574,0.9666462079515492
2017-09-20 11:00:00,0.9902280659581914,0.9764057121774389,0.9990574494317574,0.9648229722425647
2017-09-20 12:00:00,0.9902280659581914,0.9828818145178781,0.9987035381711944,0.9642426429269055
2017-09-20 13:00:00,0.9913681080320973,0.9846177700859599,0.9988436659257155,0.9632409703368432
2017-09-21 07:00:00,0.9892558712831131,0.9846177700859599,0.9989264679024193,0.9628563825490427
2017-09-21 08:00:00,0.9893953568612626,0.9846177700859599,0.9986670533725712,0.9619835729751552
2017-09-21 09:00:00,0.9890004009192193,0.9817317534954478,0.9989264679024191,0.9594465137335401
2017-09-21 10:00:00,0.9893953568612626,0.9817317534954476,0.9985725566418561,0.9594465137335401
2017-09-21 11:00:00,0.9907280565418844,0.9833010461872795,0.9983186186149595,0.9594465137335401
2017-09-21 12:00:00,0.9907280565418844,0.9833010461872795,0.9979796824888851,0.9600635985358017
2017-09-21 13:00:00,0.9905353989351683,0.9815650906191977,0.9975554440412397,0.9593497750031708
2017-09-22 07:00:00,0.9913470774602827,0.9828818145178781,0.9973166292007681,0.9596054997747964
2017-09-22 08:00:00,0.9926797771409045,0.9878159858387696,0.9978265533250993,0.9589884149725345
2017-09-22 09:00:00,0.9926797771409046,0.9895519414068513,0.9981326602545514,0.9603491835261128
2017-09-22 10:00:00,0.9926797771409046,0.9922025838473617,0.9979093553018029,0.9603491835261128
2017-09-22 11:00:00,0.9917236293266873,0.9895519414068511,0.9975554440412399,0.960093458754487
2017-09-22 12:00:00,0.9913470774602826,0.9857520935890275,0.9976864255705782,0.9586293190090186
2017-09-22 13:00:00,0.9923854854433415,0.9895519414068511,0.9979925325000303,0.9617099520796908
2017-09-25 07:00:00,0.9926797771409046,0.9922025838473617,0.9976724526972285,0.9621724192350971
2017-09-25 08:00:00,0.991425137579696,0.9922025838473617,0.9973026563274187,0.9564258639066344
2017-09-25 09:00:00,0.9916090318393845,0.994456629466848,0.9977180837210344,0.9597365586703281
2017-09-25 10:00:00,0.9936753499257074,0.9960259221586797,0.997861550970692,0.9617810277314559
2017-09-25 11:00:00,0.9943372060423616,0.9937718765391934,0.997861550970692,0.9689917228053869
2017-09-25 12:00:00,0.994823168460874,0.9922025838473617,0.9976645639933909,0.9692795718628182
2017-09-25 13:00:00,0.994823168460874,0.9930247081881319,0.9978411765465353,0.9689917228053871
2017-09-26 07:00:00,0.9960156655156331,0.995910724778644,0.9979356732772504,0.9704558625508556
2017-09-26 08:00:00,0.9953538093989789,0.9950886004378737,0.9977590607241059,0.9704558625508556
2017-09-26 09:00:00,0.9946919532823247,0.9930247081881319,0.9979560477014069,0.9704558625508556
2017-09-26 10:00:00,0.9952998644422493,0.995910724778644,0.9983802861490522,0.9717132599125434
2017-09-26 11:00:00,0.9965405707606352,0.995910724778644,0.9985987265653671,0.9734698799162399
2017-09-26 12:00:00,0.9965405707606352,0.995910724778644,0.9983802861490522,0.9729263060871831
2017-09-26 13:00:00,0.9963566765009467,0.9959107247786441,0.9979560477014071,0.9724638389317769
2017-09-27 07:00:00,0.9961640188942308,0.9973426460573602,0.9983335937494481,0.9718467541295152
2017-09-27 08:00:00,0.9953523403691162,0.9973426460573602,0.9984131153456745,0.9725605776621462
2017-09-27 09:00:00,0.9945065899927735,0.9966578931297058,0.9981946749293595,0.9725605776621462
2017-09-27 10:00:00,0.9946992475994898,0.9973426460573602,0.9981946749293595,0.9715589050720839
2017-09-27 11:00:00,0.9956948203842925,0.99652052171659,0.9984942439800623,0.9736033741332116
2017-09-27 12:00:00,0.9967332283673512,0.99734264605736,0.9987536585099102,0.9731409069778054
2017-09-27 13:00:00,0.9955449979758321,0.9980898144084218,0.9986725298755224,0.9711909807676897
2017-09-28 07:00:00,0.9965405707606352,0.9967730905097416,0.9984540894592075,0.9715202165125203
2017-09-28 08:00:00,0.9970468392771566,0.9960259221586797,0.9983595927284924,0.9715202165125203
2017-09-28 09:00:00,0.9966518833351132,0.9952787538076182,0.9984540894592075,0.9734701427226361
2017-09-28 10:00:00,0.9971378457536259,0.9952787538076182,0.9983595927284924,0.9743171976658426
2017-09-28 11:00:00,0.9969539514939373,0.9952787538076182,0.9986725298755224,0.9743171976658426
2017-09-28 12:00:00,0.9973137394517676,0.9952787538076182,0.9986725298755224,0.9768542569074581
2017-09-28 13:00:00,0.9968074709352459,0.9960259221586797,0.9984131153456745,0.9788987259685857
2017-09-29 07:00:00,0.9973137394517674,0.9960259221586797,0.9984131153456745,0.9776413286068982
2017-09-29 08:00:00,0.9963460403340129,0.9973426460573602,0.9986725298755224,0.9765985321358326
2017-09-29 09:00:00,0.9966764151523928,0.9959107247786441,0.9987192222751266,0.976983119923633
2017-09-29 10:00:00,0.9968523088505344,0.9930247081881319,0.9988003509095144,0.9761360649804262
2017-09-29 11:00:00,0.9970208693061942,0.9886381101795398,0.9987593767959813,0.9754222414477953
2017-09-29 12:00:00,0.9965146007896727,0.9858735274051037,0.9984942439800623,0.9762692963910019
2017-09-29 13:00:00,0.9974822999074273,0.9878159858387695,0.9984942439800623,0.9776966806498679
2017-10-02 07:00:00,0.9982370438073008,0.9895519414068513,0.9987126843963772,0.9776966806498679
2017-10-02 08:00:00,0.9983988581700208,0.9918059870263376,0.9987126843963772,0.9791240649087339
2017-10-02 09:00:00,0.9985674186256807,0.9877856469327575,0.998589727898819,0.9791240649087337
2017-10-02 10:00:00,0.998911872779482,0.9855316013132712,0.9988035114048607,0.9795865320641401
2017-10-02 11:00:00,0.998911872779482,0.9855316013132712,0.998895834828271,0.9795865320641401
2017-10-02 12:00:00,0.998911872779482,0.9832520030259844,0.9985102063025925,0.9799157678089706
2017-10-02 13:00:00,0.9989118727794821,0.9800841261791866,0.9988035114048607,0.9803003555967711
2017-10-03 07:00:00,0.9994643183440282,0.9816534188710183,0.9988917749835622,0.9788729713379051
2017-10-03 08:00:00,0.9994643183440282,0.9797109604373524,0.9985378637229991,0.9769230451277896
2017-10-03 09:00:00,0.9991198641902267,0.9824755432117885,0.9987035381711944,0.9769230451277896
2017-10-03 10:00:00,0.9994796521480568,0.9861870627777916,0.9987471849177089,0.9769230451277894
2017-10-03 11:00:00,0.9991198641902267,0.9834224800033554,0.9985378637229991,0.9777701000709962
2017-10-03 12:00:00,0.9991198641902267,0.9813585877536134,0.9987471849177089,0.9797200262811119
2017-10-03 13:00:00,0.9991198641902267,0.9813585877536134,0.9989319295044169,0.9793354384933113
2017-10-04 07:00:00,0.9991198641902268,0.9797109604373526,0.9985378637229991,0.9803782349643769
2017-10-04 08:00:00,0.9984297014140167,0.9824755432117885,0.9987035381711944,0.9812252899075835
2017-10-04 09:00:00,0.998789489371847,0.9861870627777916,0.9987471849177089,0.9824015805956209
2017-10-04 10:00:00,0.9991198641902268,0.9893852785306013,0.9983041486173487,0.9819391134402145
2017-10-04 11:00:00,0.9991198641902268,0.9876189840565076,0.9983041486173487,0.9823237012280148
2017-10-04 12:00:00,0.9996482126037167,0.9861870627777916,0.998473315291204,0.982323701228015
2017-10-04 13:00:00,0.9992884246458866,0.9834224800033555,0.9987070303968543,0.9831965108019025
2017-10-05 07:00:00,0.9992884246458866,0.9813585877536134,0.9987070303968543,0.9831965108019025
2017-10-05 08:00:00,0.9991198641902268,0.9845568035064233,0.9991010961782721,0.9820202201138651
2017-10-05 09:00:00,0.9985674186256807,0.9845568035064233,0.9990574494317577,0.9811731651706583
2017-10-05 10:00:00,0.9979885684239488,0.9866206957561654,0.9986633836503398,0.9822159616417242
2017-10-05 11:00:00,0.9976441142701473,0.9866206957561654,0.9985378637229991,0.982215961641724
2017-10-05 12:00:00,0.9976441142701473,0.9866206957561654,0.9985378637229991,0.9815021381090929
2017-10-05 13:00:00,0.9976441142701474,0.9920359209711118,0.9985378637229991,0.9815021381090929
2017-10-06 07:00:00,0.9979885684239488,0.9912887526200501,0.9982839256961026,0.9823491930522997
2017-10-06 08:00:00,0.9979885684239488,0.9937718765391934,0.9981936778401096,0.9818867258968935
2017-10-06 09:00:00,0.9985674186256805,0.9920359209711119,0.9981936778401096,0.9823491930522995
2017-10-06 10:00:00,0.9991198641902267,0.9912887526200502,0.9981936778401096,0.9817688637366403
2017-10-06 11:00:00,0.9985915157767369,0.993352644869792,0.9985877436215275,0.9843314148025404
2017-10-06 12:00:00,0.9985915157767369,0.9912887526200502,0.9985877436215272,0.9831551241145031
2017-10-06 13:00:00,0.9985915157767369,0.9919735055477046,0.9985877436215272,0.9836175912699093
2017-10-09 07:00:00,0.9980852472602155,0.9926054765187305,0.9985082220253009,0.9853374557870033
2017-10-09 08:00:00,0.9984297014140168,0.9950886004378738,0.9985082220253009,0.9853374557870033
2017-10-09 09:00:00,0.9991198641902267,0.9950886004378737,0.9985082220253009,0.9860512793196343
2017-10-09 10:00:00,0.9996482126037165,0.99652052171659,0.9985877436215272,0.9847938819579465
2017-10-09 11:00:00,0.999472318905575,0.9987745673360762,0.9985440968750129,0.9847938819579465
2017-10-09 12:00:00,0.9992884246458866,0.9987745673360762,0.9981978354247061,0.9870940757907
2017-10-09 13:00:00,0.9989439704920852,0.9995217356871378,0.9979267261408464,0.9867094880028994
2017-10-10 07:00:00,0.999472318905575,0.9987745673360762,0.9982729875911533,0.9858624330596926
2017-10-10 08:00:00,0.9992884246458866,0.9987745673360762,0.9981934659949271,0.9841425685425986
2017-10-10 09:00:00,0.9989439704920852,0.9987745673360762,0.998020656602418,0.9841425685425986
2017-10-10 10:00:00,0.999472318905575,0.9995217356871378,0.9983595927284924,0.9849896234858054
2017-10-10 11:00:00,0.9989439704920849,0.9995217356871378,0.9984540894592075,0.9880702565564776
2017-10-10 12:00:00,0.9984156220785952,0.999521735687138,0.9981946749293595,0.9880702565564776
2017-10-10 13:00:00,0.9985915157767369,0.9987745673360762,0.9984942439800623,0.9890719291465397
2017-10-11 07:00:00,0.9991198641902267,0.9987745673360762,0.9984131153456745,0.9902482198345769
2017-10-11 08:00:00,0.9989439704920852,0.9995217356871378,0.9981479825297556,0.9894011648913703
2017-10-11 09:00:00,0.9989439704920852,0.999521735687138,0.9984942439800625,0.9879370251459019
2017-10-11 10:00:00,0.9989439704920852,0.9987745673360762,0.9982348294502144,0.9879370251459021
2017-10-11 11:00:00,0.9985674186256805,0.9987745673360762,0.9978885679999074,0.9894011648913703
2017-10-11 12:00:00,0.9982229644718792,0.9980898144084218,0.9975423065496007,0.9894011648913703
2017-10-11 13:00:00,0.9989439704920852,0.9980898144084217,0.9974945022184896,0.9900182496936321
2017-10-12 07:00:00,0.9991198641902267,0.9980898144084218,0.9974149806222633,0.9885541099481636
2017-10-12 08:00:00,0.9991198641902267,0.9952037978179096,0.9972944849125038,0.9873778192601264
2017-10-12 09:00:00,0.9989439704920852,0.9952037978179097,0.9975655941963635,0.9853333501989987
2017-10-12 10:00:00,0.9982538077158751,0.9952037978179097,0.9972944849125038,0.9835767301953022
2017-10-12 11:00:00,0.9980852472602155,0.9952037978179096,0.9968702464648587,0.982400439507265
2017-10-12 12:00:00,0.998591515776737,0.9937718765391936,0.9968702464648587,0.9828629066626712
2017-10-12 13:00:00,0.9977086953938108,0.9893852785306015,0.9968702464648587,0.9825750576052399
2017-10-13 07:00:00,0.9978925896534994,0.9878159858387696,0.9968702464648587,0.9825750576052399
2017-10-13 08:00:00,0.9982370438073008,0.9886381101795398,0.9972558749905371,0.9843316776089364
2017-10-13 09:00:00,0.9983988581700208,0.9886381101795398,0.9968939673245649,0.9843316776089364
2017-10-13 10:00:00,0.9977086953938109,0.9886381101795395,0.9964318475313448,0.9831553869208992
2017-10-13 11:00:00,0.9971562498292648,0.9873213862808592,0.9963113518215854,0.9821125904498337
2017-10-13 12:00:00,0.9959155435108787,0.9841231705280498,0.9963113518215854,0.9831142630398958
2017-10-13 13:00:00,0.9959155435108787,0.9841231705280498,0.9958393090428291,0.9827296752520953
2017-10-16 07:00:00,0.9969539514939374,0.9850370017553614,0.9958393090428294,0.9847741443132232
2017-10-16 08:00:00,0.9966094973401359,0.9806504037467689,0.9958393090428294,0.9837313478421575
2017-10-16 09:00:00,0.9966094973401359,0.9761167598399959,0.9955633144441475,0.9828585382682703
2017-10-16 10:00:00,0.9969539514939374,0.9752029286126843,0.9960626139955776,0.9808140692071426
2017-10-16 11:00:00,0.9959155435108787,0.9682437527982223,0.9955633144441475,0.9822414534660087
2017-10-16 12:00:00,0.9964943937126105,0.9682437527982223,0.9961593888456308,0.980484833462312
2017-10-16 13:00:00,0.9975328016956692,0.9708943952387327,0.9961593888456308,0.9825293025234397
2017-10-17 07:00:00,0.9970044532821791,0.9724383458382482,0.9956004942023577,0.979704394224393
2017-10-17 08:00:00,0.9970044532821791,0.97417430140633,0.9958393090428294,0.9800336299692236
2017-10-17 09:00:00,0.9970044532821791,0.9795895266212762,0.9961104183266888,0.9789908334981582
2017-10-17 10:00:00,0.9976946160583894,0.9768249438468404,0.9966693129699619,0.9797046570307892
2017-10-17 11:00:00,0.9975328016956692,0.9733521770655598,0.9961104183266886,0.9808809477188264
2017-10-17 12:00:00,0.9975328016956692,0.9743808042719143,0.9959634484426773,0.9829254167799544
2017-10-17 13:00:00,0.9984156220785952,0.9789144481786874,0.9959634484426773,0.9814980325210884
2017-10-18 07:00:00,0.9984156220785952,0.9806504037467689,0.9960973430451847,0.978960973279473
2017-10-18 08:00:00,0.9975328016956692,0.9806504037467689,0.9957349837493513,0.9792902090243035
2017-10-18 09:00:00,0.9975328016956692,0.9806504037467693,0.9957349837493513,0.978960973279473
2017-10-18 10:00:00,0.9978772558494706,0.9806504037467693,0.9957349837493515,0.9781139183362664
2017-10-18 11:00:00,0.9982538077158751,0.9806504037467693,0.9957349837493513,0.9777846825914357
2017-10-18 12:00:00,0.9984156220785952,0.9806504037467693,0.9957349837493513,0.980084876424189
2017-10-18 13:00:00,0.9980852472602153,0.9806504037467692,0.9960222819413996,0.980084876424189
2017-10-19 07:00:00,0.9970468392771566,0.977885820972333,0.9956432426905151,0.9797556406793585
2017-10-19 08:00:00,0.9977086953938109,0.9833010461872795,0.9960502188185354,0.9809319313673956
2017-10-19 09:00:00,0.9985915157767369,0.9841231705280495,0.9962308058206468,0.9803148465651339
2017-10-19 10:00:00,0.9987600762323967,0.9795895266212764,0.9958988907964117,0.9821380822741181
2017-10-19 11:00:00,0.9991198641902267,0.9833010461872795,0.9965594628384048,0.9821380822741181
2017-10-19 12:00:00,0.9986135956737053,0.9833010461872795,0.9962342833007818,0.981675615118712
2017-10-19 13:00:00,0.9986135956737053,0.9882352175081709,0.9962342833007818,0.9827184115897775
2017-10-20 07:00:00,0.9986135956737052,0.9882352175081709,0.996843372978013,0.9827184115897775
2017-10-20 08:00:00,0.9986135956737053,0.9855845750676606,0.9968054916324381,0.9827184115897776
2017-10-20 09:00:00,0.9986135956737053,0.9815642349740805,0.9962342833007818,0.9827184115897775
2017-10-20 10:00:00,0.9986135956737052,0.9806504037467692,0.9966497106943977,0.9834322351224086
2017-10-20 11:00:00,0.9982691415199039,0.9761167598399959,0.9962799143245878,0.984475031593474
2017-10-20 12:00:00,0.9982691415199038,0.9711825885191044,0.995864486930972,0.9848042673383045
2017-10-20 13:00:00,0.9980852472602153,0.976630063653189,0.9962799143245878,0.9856513222815113
2017-10-23 07:00:00,0.9980852472602153,0.976630063653189,0.9968890040018191,0.9856513222815113
2017-10-23 08:00:00,0.9974233911435613,0.976630063653189,0.9962799143245878,0.983351128448758
2017-10-23 09:00:00,0.9965405707606352,0.976630063653189,0.995864486930972,0.9829665406609575
2017-10-23 10:00:00,0.9961640188942308,0.9798282794059989,0.9964735766082032,0.981923744189892
2017-10-23 11:00:00,0.9951684461094278,0.9798282794059989,0.9964735766082031,0.981923744189892
2017-10-23 12:00:00,0.9945065899927735,0.976630063653189,0.9964735766082031,0.9824673180189488
2017-10-23 13:00:00,0.9945065899927735,0.9766300636531892,0.9959742770567728,0.9824673180189488
2017-10-24 07:00:00,0.9953523403691162,0.9806504037467689,0.9959286460329667,0.9824673180189488
2017-10-24 08:00:00,0.9953523403691162,0.9806504037467689,0.99602542088302,0.9814245215478834
2017-10-24 09:00:00,0.9955449979758321,0.9806504037467689,0.9961177443064303,0.9834689906090112
2017-10-24 10:00:00,0.9967332283673512,0.9806504037467692,0.99611774430643,0.9843160455522176
2017-10-24 11:00:00,0.9956948203842927,0.976630063653189,0.99611774430643,0.9817789863106022
2017-10-24 12:00:00,0.9946992475994896,0.976630063653189,0.9961177443064303,0.9803148465651338
2017-10-24 13:00:00,0.9946992475994896,0.976630063653189,0.9957023169128143,0.9803148465651338
2017-10-25 07:00:00,0.9946992475994896,0.9711825885191044,0.9951187093428617,0.979057449203446
2017-10-25 08:00:00,0.9935110172079706,0.9711825885191044,0.9946194097914315,0.9784403644011844
2017-10-25 09:00:00,0.9933183596012545,0.9748941080851073,0.9946194097914315,0.9784403644011842
2017-10-25 10:00:00,0.9933183596012546,0.9773451554868556,0.9946194097914315,0.9801969844048807
2017-10-25 11:00:00,0.9941300381263691,0.9773451554868556,0.9951085206306686,0.9806594515602871
2017-10-25 12:00:00,0.9939277397910418,0.9822793268077471,0.9956556245132101,0.9811219187156932
2017-10-25 13:00:00,0.9923927417750925,0.9822793268077471,0.995203017361384,0.9825860584611618
2017-10-26 07:00:00,0.9918402962105464,0.9791114499609493,0.9956556245132101,0.9818722349285305
2017-10-26 08:00:00,0.9902368122658189,0.9731486514337033,0.9956556245132101,0.978462628919424
2017-10-26 09:00:00,0.9902368122658189,0.9785638766486499,0.9957501212439253,0.9780001617640179
2017-10-26 10:00:00,0.9885623286717204,0.9791114499609493,0.9957501212439253,0.9780001617640179
2017-10-26 11:00:00,0.9893135079102857,0.9796982001517176,0.9956556245132101,0.9765360220185494
2017-10-26 12:00:00,0.9875655546764556,0.9785638766486497,0.9951085206306689,0.975359731330512
2017-10-26 13:00:00,0.9854533179274716,0.9731486514337033,0.9945249130607163,0.9748161575014552
2017-10-27 07:00:00,0.9839304460543328,0.9683201764095251,0.9949683928761475,0.9730962929843613
2017-10-27 08:00:00,0.9841552439913372,0.9737354016244717,0.9951085206306688,0.9720534965132959
2017-10-27 09:00:00,0.9819081729364756,0.9742829749367713,0.9950720169432578,0.9727673200459267
2017-10-27 10:00:00,0.9820430072423534,0.9737354016244717,0.9944759425417741,0.9725372583529053
2017-10-27 11:00:00,0.983565879115492,0.9796982001517178,0.9950230464243156,0.9716902034096986
2017-10-27 12:00:00,0.9847021386889064,0.9796982001517176,0.9948760765403043,0.9731175876685646
2017-10-27 13:00:00,0.9845673043830286,0.9796982001517176,0.9942566172044327,0.9727883519237339
2017-10-30 07:00:00,0.9826798655710491,0.9796982001517176,0.9937573176530022,0.9706293395604747
2017-10-30 08:00:00,0.9826798655710491,0.9786695729453632,0.9944759425417741,0.9706293395604747
2017-10-30 09:00:00,0.9804327945161876,0.9775352494422954,0.9944759425417741,0.9700490102448152
2017-10-30 10:00:00,0.978055240184037,0.9775352494422954,0.9944759425417741,0.9682923902411188
2017-10-30 11:00:00,0.9778172039794462,0.9817317534954475,0.9950230464243156,0.9682923902411188
2017-10-30 12:00:00,0.9792477372387958,0.9857520935890275,0.9950720169432575,0.969468680929156
2017-10-30 13:00:00,0.981270010356653,0.9857520935890275,0.9949752420932046,0.9703414905030433
2017-10-31 07:00:00,0.9812700103566532,0.9822793268077471,0.9943068122383908,0.9699569027152429
2017-10-31 08:00:00,0.9812700103566532,0.9822793268077471,0.9946766086082007,0.968699505353555
2017-10-31 09:00:00,0.9829444939507517,0.9857520935890275,0.9944829463245854,0.968699505353555
2017-10-31 10:00:00,0.9827064577461606,0.9857520935890275,0.9946264135742426,0.9695465602967618
2017-10-31 11:00:00,0.9806402522436304,0.9817317534954475,0.9938210835982592,0.9680824205512932
2017-10-31 12:00:00,0.9802024990887447,0.9797892950617817,0.9938667146220652,0.9690840931413556
2017-10-31 13:00:00,0.9827064577461607,0.9826753116522939,0.9943387574008213,0.9708039576584495
2017-11-01 07:00:00,0.983961097307369,0.9846177700859599,0.9944894053184833,0.9721647262120278
2017-11-01 08:00:00,0.983961097307369,0.9797892950617817,0.9938667146220652,0.9721647262120278
2017-11-01 09:00:00,0.983961097307369,0.9797892950617817,0.9939612113527801,0.9703414905030433
2017-11-01 10:00:00,0.983961097307369,0.9817317534954475,0.9947665413287636,0.9721647262120278
2017-11-01 11:00:00,0.983961097307369,0.9808179222681362,0.9951440873768048,0.9717022590566216
2017-11-01 12:00:00,0.983961097307369,0.9797892950617816,0.9958627122655765,0.9721647262120278
2017-11-01 13:00:00,0.983961097307369,0.9780533394936999,0.9958170812417706,0.9747272772779279
2017-11-02 07:00:00,0.9812191024453621,0.9743418199276968,0.9956310547626885,0.9740134537452966
2017-11-02 08:00:00,0.9812191024453621,0.9754026970531895,0.9958170812417706,0.9721252885962435
2017-11-02 09:00:00,0.981457138649953,0.977885820972333,0.9959138560918238,0.9706979043373775
2017-11-02 10:00:00,0.9802024990887447,0.9797892950617816,0.9959138560918238,0.9718741950254146
2017-11-02 11:00:00,0.9805942209971766,0.9754026970531895,0.9959138560918238,0.9742248273298741
2017-11-02 12:00:00,0.9802024990887447,0.9724383458382482,0.9952943967559524,0.9742248273298741
2017-11-02 13:00:00,0.9815139606914016,0.974341819927697,0.995197621905899,0.9725049628127802
2017-11-03 07:00:00,0.9820664062559478,0.9780533394936999,0.995197621905899,0.9707483428090836
2017-11-03 08:00:00,0.9805790509551493,0.9743418199276968,0.995197621905899,0.9704604937516523
2017-11-03 09:00:00,0.9802024990887447,0.9766214182149838,0.9955365580319735,0.969880164435993
2017-11-03 10:00:00,0.9793244113939409,0.9786853104647257,0.9959712727811368,0.966141322682056
2017-11-03 11:00:00,0.9773379315270626,0.9722092081242867,0.9957458792266831,0.9644214581649619
2017-11-03 12:00:00,0.9747347262597403,0.9715772371532608,0.9952526478923651,0.962917880803709
2017-11-03 13:00:00,0.9747347262597403,0.9694465363629768,0.9947827104207516,0.9629178808037092
2017-11-06 07:00:00,0.9747347262597403,0.9722092081242867,0.9952972647245522,0.9633024685915094
2017-11-06 08:00:00,0.9747347262597403,0.9715772371532608,0.9950039596222837,0.9640162921241405
2017-11-06 09:00:00,0.9778522261351696,0.9764057121774389,0.9950039596222837,0.9659044572731937
2017-11-06 10:00:00,0.9802024990887449,0.982881814517878,0.9950541546562418,0.9673318415320598
2017-11-06 11:00:00,0.9820664062559478,0.9835665674455326,0.9948148613488204,0.9683335141221221
2017-11-06 12:00:00,0.9805790509551493,0.9770904651050933,0.99430030704502,0.9668460550674125
2017-11-06 13:00:00,0.9805790509551492,0.9764057121774389,0.99430030704502,0.9662152872800471
2017-11-07 07:00:00,0.9830830096125652,0.9799174633029367,0.9950541546562418,0.9655014637474161
2017-11-07 08:00:00,0.98180348196051,0.9750889882787588,0.9946766086082007,0.9662152872800471
2017-11-07 09:00:00,0.9826815696553137,0.9815650906191978,0.995197621905899,0.9640074637832623
2017-11-07 10:00:00,0.9822187355137182,0.9853649384370214,0.9958660517607129,0.9640074637832623
2017-11-07 11:00:00,0.98180348196051,0.9878159858387696,0.9957291115051158,0.9636228759954617
2017-11-07 12:00:00,0.9841537549140851,0.9909838626855674,0.9961625443619052,0.9654461117044462
2017-11-07 13:00:00,0.9863065113092312,0.994456629466848,0.9967461519318577,0.9664889081755116
2017-11-08 07:00:00,0.9848343260504601,0.9930247081881319,0.9964974636617763,0.9679763672302212
2017-11-08 08:00:00,0.9848343260504601,0.9895519414068511,0.9959138560918238,0.9698645323792745
2017-11-08 09:00:00,0.9863065113092312,0.9863840645600536,0.9959138560918238,0.9698645323792745
2017-11-08 10:00:00,0.9881158292092075,0.9878159858387695,0.9964974636617764,0.971621152382971
2017-11-08 11:00:00,0.9879231716024914,0.9890347070005638,0.9963127190750684,0.9741837034488708
2017-11-08 12:00:00,0.9898959227733259,0.9870922485668979,0.9966983476007465,0.9741837034488708
2017-11-08 13:00:00,0.9898959227733259,0.9858735274051036,0.9966983476007465,0.9737991156610705
2017-11-09 07:00:00,0.9887558806994202,0.9836194817856172,0.9964496593306651,0.9700877148030327
2017-11-09 08:00:00,0.9881158292092073,0.985522955875066,0.9969489588820956,0.9694706300007709
2017-11-09 09:00:00,0.9893953568612626,0.9795179585184568,0.9971976471521772,0.9731820308588087
2017-11-09 10:00:00,0.9892558712831131,0.9782992373566627,0.9966983476007468,0.9706517753330338
2017-11-09 11:00:00,0.9907280565418844,0.9848909849040401,0.9968830921874547,0.9710363631208343
2017-11-09 12:00:00,0.9903515046754798,0.9782992373566627,0.9967461519318578,0.9710363631208343
2017-11-09 13:00:00,0.9905353989351683,0.979517958518457,0.9967461519318577,0.9684738120549343
2017-11-10 07:00:00,0.9883246115597425,0.9801499294894829,0.9964974636617763,0.9680892242671338
2017-11-10 08:00:00,0.9883246115597425,0.979517958518457,0.9959138560918238,0.968528372113299
2017-11-10 09:00:00,0.9896573112403643,0.9817231080572424,0.9964496593306654,0.9694011816871863
2017-11-10 10:00:00,0.9896573112403643,0.9775266040040902,0.99602542088302,0.9705040529540954
2017-11-10 11:00:00,0.9906134590545816,0.9775266040040902,0.995977616551909,0.9705040529540954
2017-11-10 12:00:00,0.9907973533142701,0.9817231080572424,0.995977616551909,0.9708886407418957
2017-11-10 13:00:00,0.9907973533142702,0.9823550790282682,0.995977616551909,0.9683515815002803
2017-11-13 07:00:00,0.9928636714005931,0.9865515830814204,0.9965247204344505,0.9671752908122432
2017-11-13 08:00:00,0.9926797771409046,0.9859196121103947,0.9965703514582567,0.9691252170223589
2017-11-13 09:00:00,0.9935255275172472,0.9859196121103947,0.9969401478280662,0.9684113934897278
2017-11-13 10:00:00,0.994358236614176,0.9897194599282182,0.9973643862757114,0.9696131760020495
2017-11-13 11:00:00,0.9933198286311172,0.990351430899244,0.9969489588820956,0.9685703795309841
2017-11-13 12:00:00,0.9941315071562318,0.9897194599282182,0.9969489588820956,0.9697466702190213
2017-11-13 13:00:00,0.9929895705345326,0.9861823884461992,0.9972313174074032,0.9689776018292448
2017-11-14 07:00:00,0.9928923488123873,0.9876391423783317,0.9971505461154175,0.9686835967430293
2017-11-14 08:00:00,0.9923049861076887,0.9837241476569377,0.9975308280043864,0.9691324023655353
2017-11-14 09:00:00,0.9927980950323557,0.9823675230340548,0.9975308280043864,0.9691324023655353
2017-11-14 10:00:00,0.9938296484383351,0.9862825177554488,0.9975308280043864,0.9720205548802322
2017-11-14 11:00:00,0.9940081288085083,0.9817629925344751,0.9978262585059465,0.9720205548802322
2017-11-14 12:00:00,0.993829648438335,0.9823675230340548,0.9976357899551394,0.9709964567844223
2017-11-14 13:00:00,0.9951468116970597,0.984925893132566,0.9979771821400982,0.9724557974072926
2017-11-15 07:00:00,0.9951468116970597,0.9849258931325662,0.9979771821400982,0.9730491191703176
2017-11-15 08:00:00,0.9951468116970597,0.9849258931325662,0.9979771821400982,0.9745460381638188
2017-11-15 09:00:00,0.9951468116970597,0.9849258931325662,0.9979771821400982,0.9730491191703176
2017-11-15 10:00:00,0.9951468116970597,0.9878993647712755,0.9979771821400982,0.9724557974072928
2017-11-15 11:00:00,0.9951468116970597,0.9900257992104038,0.9979771821400982,0.9724557974072926
2017-11-15 12:00:00,0.9943433620800994,0.9878993647712756,0.9982329602976245,0.9724557974072926
2017-11-15 13:00:00,0.993829648438335,0.9878993647712756,0.9982329602976245,0.9734798955031025
2017-11-16 07:00:00,0.9940081288085083,0.9878993647712756,0.9981880201550596,0.9737413454561825
2017-11-16 08:00:00,0.9945012377331753,0.9817123977977995,0.9981880201550597,0.9731104453225267
2017-11-16 09:00:00,0.9945012377331753,0.9809425879815544,0.9981880201550597,0.973503643284681
2017-11-16 10:00:00,0.9943433620800997,0.9809425879815544,0.9978862803141345,0.9741345434183366
2017-11-16 11:00:00,0.993829648438335,0.9754660867194567,0.9974978573788497,0.9721409621438154
2017-11-16 12:00:00,0.9933854577370543,0.9761172083259678,0.9974978573788496,0.9698837097627743
2017-11-16 13:00:00,0.9942812607726702,0.9731437366872586,0.9976357899551394,0.9719739505193005
2017-11-17 07:00:00,0.9951394486545474,0.9632335668374069,0.9974407243216425,0.9719739505193002
2017-11-17 08:00:00,0.9953179290247205,0.9619779147313158,0.9976912146806376,0.9729980486151103
2017-11-17 09:00:00,0.9956531622963118,0.9587140416164331,0.9979020526955992,0.9732332609430503
2017-11-17 10:00:00,0.9958242015822018,0.9554189102347505,0.9978580896683127,0.9744358864972377
2017-11-17 11:00:00,0.9956531622963118,0.9525705522247255,0.9976515623366039,0.9729765458743671
2017-11-17 12:00:00,0.9938663585115566,0.9461030587923435,0.9976912146806376,0.9688597052687145
2017-11-17 13:00:00,0.9938663585115566,0.9461030587923435,0.9973498224956788,0.9683630429876944
2017-11-20 07:00:00,0.9942015917831478,0.9450100338751691,0.9973498224956788,0.9676332383311985
2017-11-20 08:00:00,0.9923223300774972,0.9467075892919229,0.9970119996108423,0.9661124779543689
2017-11-20 09:00:00,0.9926718497335603,0.9461030587923432,0.9971029014368061,0.9664490846487105
2017-11-20 10:00:00,0.9928428890194504,0.9399595694006356,0.9971029014368061,0.9679698450255403
2017-11-20 11:00:00,0.9926718497335603,0.9361355795447537,0.9971029014368064,0.9683064517198819
2017-11-20 12:00:00,0.9928428890194504,0.9399595694006356,0.9964224781360279,0.965712592644499
2017-11-20 13:00:00,0.99068984065765,0.9361355795447537,0.996756798341598,0.9653759859501573
2017-11-21 07:00:00,0.99068984065765,0.9361355795447537,0.9969236733292729,0.9635800386329452
2017-11-21 08:00:00,0.99068984065765,0.9378331349615074,0.9964779710048683,0.9622387090318469
2017-11-21 09:00:00,0.9905188013717601,0.9361355795447537,0.9959760909004518,0.9627944524242408
2017-11-21 10:00:00,0.9901835681001688,0.9361355795447537,0.9961826182321605,0.9627944524242408
2017-11-21 11:00:00,0.9896698544584044,0.9361355795447537,0.9961395907311567,0.964291371417742
2017-11-21 12:00:00,0.9914733831641415,0.9446043937875792,0.9967284613638635,0.966155425836629
2017-11-21 13:00:00,0.9912867845771045,0.9413908984528125,0.9967284613638635,0.9687753474487804
2017-11-22 07:00:00,0.9896698544584044,0.9469267438197773,0.9967284613638633,0.9675466593578246
2017-11-22 08:00:00,0.9870592370155186,0.9487465623688434,0.9967284613638633,0.9616714498055906
2017-11-22 09:00:00,0.983974758434044,0.9459001732814333,0.9967284613638633,0.9627375924663069
2017-11-22 10:00:00,0.983816882780968,0.946926743819777,0.9961826182321605,0.9624432990269929
2017-11-22 11:00:00,0.9831165705521667,0.9413908984528125,0.9963494932198356,0.960040040626165
2017-11-22 12:00:00,0.9795376898276922,0.9367198713973492,0.9963064657188315,0.9595672197284733
2017-11-22 13:00:00,0.9795376898276922,0.9413908984528125,0.9961826182321606,0.9592729262891594
2017-11-24 07:00:00,0.9792390703110473,0.9390422214295473,0.9961395907311567,0.9585431216326635
2017-11-24 08:00:00,0.9781853916223554,0.932090407334833,0.9961826182321606,0.9585431216326635
2017-11-24 09:00:00,0.9743849524015228,0.9184528539723993,0.9961826182321606,0.9544262810270104
2017-11-24 10:00:00,0.9735613374275095,0.9151364328348892,0.9961826182321606,0.9532236554728232
2017-11-27 07:00:00,0.9718622290746742,0.915136432834889,0.996266020223188,0.9500740530050464
2017-11-27 08:00:00,0.9674987020042835,0.9128140828026912,0.996266020223188,0.9500740530050464
2017-11-27 09:00:00,0.9673521081668117,0.900397873920396,0.996266020223188,0.950940071864892
2017-11-27 10:00:00,0.9673521081668117,0.895387819574699,0.9960956277038704,0.9516698765213879
2017-11-27 11:00:00,0.9707054216761523,0.9057885185492742,0.9966844983365771,0.953927128902429
2017-11-27 12:00:00,0.9708520155136241,0.907486073966028,0.9967284613638635,0.9551297544566165
2017-11-27 13:00:00,0.9708520155136241,0.8896368233096241,0.9968548908558947,0.9551297544566165
2017-11-28 07:00:00,0.96880000308521,0.8829644754437171,0.9962660202231881,0.9540021920419411
2017-11-28 08:00:00,0.9674477048798734,0.8858935019045722,0.9956623938011359,0.9526207503371825
2017-11-28 09:00:00,0.9694997173082874,0.8951939930225519,0.9957028392967795,0.9532516504708384
2017-11-28 10:00:00,0.9678006089554522,0.8951939930225518,0.9956598117957755,0.9513875960519514
2017-11-28 11:00:00,0.9660269505270069,0.8951939930225518,0.9957028392967795,0.9509943980897972
2017-11-28 12:00:00,0.96589013336369,0.8858935019045722,0.9957028392967795,0.9492598705265444
2017-11-28 13:00:00,0.9660269505270068,0.8858935019045722,0.9956598117957755,0.9492598705265444
2017-11-29 07:00:00,0.9679421457921037,0.8934447986702704,0.9955359643091043,0.9492598705265444
2017-11-29 08:00:00,0.9677260588798424,0.8983456582372297,0.9947059796171751,0.9470026181455031
2017-11-29 09:00:00,0.9649895964004248,0.9059982829100998,0.9946663272731414,0.9470026181455031
2017-11-29 10:00:00,0.9694997173082873,0.9204796769822501,0.9955359643091045,0.9478686370053487
2017-11-29 11:00:00,0.9694997173082873,0.9229120089843273,0.9947876961402178,0.9478686370053487
2017-11-29 12:00:00,0.9694997173082873,0.9288748075115734,0.9947075983005407,0.9466660114511612
2017-11-29 13:00:00,0.973598776045765,0.9405673057638316,0.9953707080047948,0.9466660114511615
2017-11-30 07:00:00,0.9771776567702397,0.952186158207418,0.9960594928914793,0.9547485694643394
2017-11-30 08:00:00,0.9773191936068913,0.9537301088069337,0.9959303713995608,0.9554783741208352
2017-11-30 09:00:00,0.9759082159281796,0.952186158207418,0.9961808617585557,0.9541928260719456
2017-11-30 10:00:00,0.9756200852540561,0.952186158207418,0.9955772353365037,0.9541928260719456
2017-11-30 11:00:00,0.9773191936068911,0.9581167068155257,0.9955772353365037,0.9555742677767041
2017-11-30 12:00:00,0.9788767651230748,0.9635641819496104,0.9953267449775085,0.9551014468790127
2017-11-30 13:00:00,0.9822598632211942,0.9715302520856862,0.9959303713995606,0.954235428019167
2017-12-01 07:00:00,0.9822598632211942,0.9671436540770941,0.9959303713995606,0.9545720347135086
2017-12-01 08:00:00,0.9807022917050106,0.9671436540770941,0.9959303713995606,0.9554380535733543
2017-12-01 09:00:00,0.9807022917050106,0.9715302520856862,0.9958891003721615,0.9548071534396987
2017-12-01 10:00:00,0.9807022917050106,0.9720778253979856,0.9958891003721615,0.9525499010586574
2017-12-01 11:00:00,0.9773191936068913,0.9676912273893936,0.9959303713995608,0.9519565792956327
2017-12-01 12:00:00,0.9759082159281796,0.9627570560685021,0.9959303713995608,0.9504358189188027
2017-12-01 13:00:00,0.9739930206630827,0.9627570560685021,0.9958414682297093,0.9456085488457072
2017-12-04 07:00:00,0.9739930206630827,0.9693488036158796,0.9965938386931208,0.9478658012267485
2017-12-04 08:00:00,0.9755505921792663,0.9731486514337033,0.9965938386931208,0.9513517416987457
2017-12-04 09:00:00,0.9755505921792663,0.9780828227545948,0.996593838693121,0.9517449396608996
2017-12-04 10:00:00,0.9718251176173197,0.9780828227545948,0.9959215660693866,0.9522177605585913
2017-12-04 11:00:00,0.9735987760457647,0.9815555895358753,0.9951114123156257,0.9522177605585913
2017-12-04 12:00:00,0.9731774158226564,0.9815555895358753,0.9951114123156256,0.9522177605585911
2017-12-04 13:00:00,0.9735987760457647,0.9815555895358755,0.9948659952799069,0.9522177605585911
2017-12-05 07:00:00,0.9755505921792663,0.98258421674223,0.9955547801665913,0.9522177605585911
2017-12-05 08:00:00,0.9755505921792663,0.9863840645600536,0.9959657584450441,0.9534464486495471
2017-12-05 09:00:00,0.9755505921792663,0.9907706625686457,0.9960443004930878,0.9548376821707427
2017-12-05 10:00:00,0.9755505921792663,0.9907706625686457,0.9956333222146352,0.9570450306316868
2017-12-05 11:00:00,0.9755505921792663,0.9901386915976196,0.9958001972023103,0.9589754681348235
2017-12-05 12:00:00,0.9767562965471311,0.9930247081881319,0.9958398495463437,0.9576899200859336
2017-12-05 13:00:00,0.9767562965471311,0.9922025838473615,0.9958001972023103,0.9595539745048205
2017-12-06 07:00:00,0.9787870964399138,0.9937718765391934,0.9965525676657218,0.9595539745048205
2017-12-06 08:00:00,0.9819957458891718,0.9952037978179096,0.9965525676657218,0.9627035769725973
2017-12-06 09:00:00,0.9819957458891718,0.9980898144084218,0.9965525676657218,0.964094810493793
2017-12-06 10:00:00,0.9836228104801452,0.9973426460573602,0.9965525676657218,0.9637016125316389
2017-12-06 11:00:00,0.9863965479973675,0.9957733533655283,0.9965525676657215,0.9647063354383957
2017-12-06 12:00:00,0.9863965479973675,0.9944566294668479,0.9965525676657215,0.9662270958152255
2017-12-06 13:00:00,0.9863965479973675,0.9960259221586797,0.9965525676657218,0.9677478561920553
2017-12-07 07:00:00,0.9863965479973675,0.9944566294668479,0.9965525676657218,0.9672511939110352
2017-12-07 08:00:00,0.9873389273422565,0.9944566294668479,0.997168662509444,0.9664532821528645
2017-12-07 09:00:00,0.9857118627512831,0.9944566294668479,0.9972503790324868,0.9655872632930189
2017-12-07 10:00:00,0.9857118627512831,0.9944566294668479,0.9974244406669706,0.9647212444331733
2017-12-07 11:00:00,0.9855652689138114,0.9952037978179097,0.9975948331862883,0.9635186188789858
2017-12-07 12:00:00,0.9851251125605146,0.9965205217165898,0.9976799916509205,0.9628877187453302
2017-12-07 13:00:00,0.9854132432346382,0.9965205217165898,0.9977221226145488,0.9600870485213613
2017-12-08 07:00:00,0.9856547799716496,0.9933526448697922,0.9977221226145487,0.9600870485213613
2017-12-08 08:00:00,0.9856547799716496,0.9950886004378738,0.9977221226145487,0.9611531911820775
2017-12-08 09:00:00,0.985366649297526,0.9950886004378738,0.9977221226145487,0.9605598694190526
2017-12-08 10:00:00,0.9850567479652774,0.99652052171659,0.9976799916509206,0.9600870485213613
2017-12-08 11:00:00,0.9832699441805222,0.9958357687889355,0.9976799916509206,0.9618829958385734
2017-12-08 12:00:00,0.9807482912260775,0.9950886004378738,0.9976369641499166,0.9618829958385734
2017-12-08 13:00:00,0.9802917960563569,0.99652052171659,0.9975535621588891,0.9588864156747204
2017-12-11 07:00:00,0.9825350950108326,0.9952037978179097,0.9979446053966624,0.9596162203312163
2017-12-11 08:00:00,0.9825350950108326,0.9960259221586797,0.9974665716305988,0.9610755609540869
2017-12-11 09:00:00,0.9825350950108328,0.9980898144084218,0.9975535621588889,0.9610755609540869
2017-12-11 10:00:00,0.9825350950108328,0.9967730905097416,0.9980315959249527,0.9596162203312165
2017-12-11 11:00:00,0.9825350950108328,0.9967730905097416,0.9979024744330343,0.9602095420942413
2017-12-11 12:00:00,0.9819777450243784,0.9967730905097416,0.9979446053966624,0.9602095420942413
2017-12-11 13:00:00,0.9798810399073744,0.9967730905097416,0.9976888272391359,0.9587502014713707
2017-12-12 07:00:00,0.980350680433405,0.994122448069231,0.9981136406522627,0.9587502014713707
2017-12-12 08:00:00,0.9825350950108328,0.9925531553773993,0.9982374881389336,0.9602095420942413
2017-12-12 09:00:00,0.9825350950108326,0.9918059870263375,0.9981136406522627,0.9622031233687626
2017-12-12 10:00:00,0.9834719773715944,0.9911212340986831,0.9979357482980087,0.9627588667611564
2017-12-12 11:00:00,0.9834719773715944,0.9893852785306013,0.9978505898333763,0.9608948123422695
2017-12-12 12:00:00,0.9809720265105218,0.9878159858387695,0.9974621668980918,0.9594354717193989
2017-12-12 13:00:00,0.9815325962745466,0.9878159858387696,0.9969952225213367,0.9587663817248786
2017-12-13 07:00:00,0.9806091051820297,0.9846481089919717,0.9963147992205583,0.9591333075097569
2017-12-13 08:00:00,0.980648258266017,0.9890347070005638,0.9963999576851902,0.9599742320624496
2017-12-13 09:00:00,0.9832514635333393,0.9890347070005638,0.9966670117533986,0.9616940965795435
2017-12-13 10:00:00,0.9836112514911696,0.9852348591827402,0.996827270324485,0.963158236325012
2017-12-13 11:00:00,0.9860963587506222,0.989034707000564,0.9964724698260444,0.9628290005801814
2017-12-13 12:00:00,0.9880691099214567,0.9890347070005638,0.9970472936423674,0.9668556913915499
2017-12-13 13:00:00,0.9880691099214568,0.9836194817856174,0.997168662509444,0.9680319820795871
2017-12-14 07:00:00,0.9901813466704408,0.9844416061263874,0.9972575656792954,0.9708568903786337
2017-12-14 08:00:00,0.991137494484658,0.9886381101795398,0.9974244406669704,0.9737878519987525
2017-12-14 09:00:00,0.9927409784293855,0.9912887526200501,0.9975535621588889,0.9745016755313834
2017-12-14 10:00:00,0.9925650847312437,0.9886381101795398,0.9975114311952608,0.974886263319184
2017-12-14 11:00:00,0.99395561345809,0.9900700314582558,0.9976378606872922,0.974598414261753
2017-12-14 12:00:00,0.9954092749943573,0.9858735274051036,0.9980728669523519,0.9755811359369748
2017-12-14 13:00:00,0.9957266769572098,0.9834224800033554,0.9979464374603203,0.9765828085270369
2017-12-15 07:00:00,0.9964476829774158,0.9858735274051036,0.9978594469320302,0.9776256049981028
2017-12-15 08:00:00,0.9975328016956692,0.9838096351553616,0.9981523296743016,0.9798334284948874
2017-12-15 09:00:00,0.9977254593023852,0.9772178876079841,0.9985674186256807,0.980876224965953
2017-12-15 10:00:00,0.9978872736651054,0.973197547514404,0.9983565806107193,0.978313673900053
2017-12-15 11:00:00,0.9978872736651054,0.970943501894918,0.9983565806107193,0.9770562765383651
2017-12-15 12:00:00,0.9978872736651054,0.9698826247694252,0.9978201227922637,0.9770562765383651
2017-12-15 13:00:00,0.9978872736651054,0.9744162686761983,0.9981155532938241,0.9774408643261657
2017-12-18 07:00:00,0.9977254593023852,0.9766703142956848,0.9981155532938238,0.9757443191183126
2017-12-18 08:00:00,0.9980852472602155,0.9766703142956847,0.9977777304089875,0.9774408643261657
2017-12-18 09:00:00,0.9987754100364256,0.9766703142956847,0.9978594469320302,0.9770562765383649
2017-12-18 10:00:00,0.9987754100364256,0.9838096351553616,0.9979446053966624,0.9756955079847871
2017-12-18 11:00:00,0.9989439704920852,0.9845568035064233,0.9979885684239489,0.9756955079847871
2017-12-18 12:00:00,0.9989439704920852,0.9866206957561654,0.9979464374603205,0.9765683175586743
2017-12-18 13:00:00,0.9984156220785952,0.9848544012820717,0.9979464374603205,0.9758544940260433
2017-12-19 07:00:00,0.9984156220785952,0.9873054486838199,0.9980315959249527,0.9750074390828367
2017-12-19 08:00:00,0.9984156220785952,0.9873054486838196,0.9975114311952609,0.9738311483947993
2017-12-19 09:00:00,0.9978872736651054,0.9848544012820715,0.9975114311952609,0.9723670086493309
2017-12-19 10:00:00,0.9977254593023852,0.9873054486838196,0.9973850017032292,0.9723670086493309
2017-12-19 11:00:00,0.9980852472602152,0.9900700314582558,0.9968953363515383,0.9743169348594464
2017-12-19 12:00:00,0.9984156220785952,0.9900700314582558,0.9969787383425659,0.975781074604915
2017-12-19 13:00:00,0.9989439704920852,0.9900700314582558,0.9969787383425659,0.9791906806140217
2017-12-20 07:00:00,0.9993037584499153,0.9927206738987662,0.9975535621588891,0.981490874446775
2017-12-20 08:00:00,0.9993037584499153,0.990070031458256,0.9975948331862883,0.9806438195035684
2017-12-20 09:00:00,0.9991198641902267,0.9900700314582558,0.9971051678345974,0.9806438195035684
2017-12-20 10:00:00,0.9993037584499153,0.990070031458256,0.9971051678345974,0.9796010230325027
2017-12-20 11:00:00,0.9989439704920852,0.9900700314582558,0.9971051678345974,0.979601023032503
2017-12-20 12:00:00,0.9986135956737052,0.9876189840565076,0.9970217658435697,0.979601023032503
2017-12-20 13:00:00,0.9980852472602155,0.9853649384370214,0.9971051678345974,0.9787282134586155
2017-12-21 07:00:00,0.9987754100364252,0.9834224800033555,0.9976378606872921,0.9787282134586155
2017-12-21 08:00:00,0.9991198641902268,0.9834224800033555,0.9981580254169843,0.9791906806140217
2017-12-21 09:00:00,0.9984297014140168,0.9788888360965824,0.998072866952352,0.9799045041466528
2017-12-21 10:00:00,0.9984297014140168,0.9788888360965824,0.9975948331862883,0.9805215889489145
2017-12-21 11:00:00,0.9986135956737053,0.9797109604373526,0.9970200093699652,0.9805215889489145
2017-12-21 12:00:00,0.9982370438073008,0.9797109604373524,0.9963477367462308,0.9779590378830145
2017-12-21 13:00:00,0.9978772558494706,0.9826753116522939,0.9961808617585559,0.9786728614156456
2017-12-22 07:00:00,0.9985674186256807,0.9834224800033555,0.9960104692392381,0.9772087216701771
2017-12-22 08:00:00,0.9987600762323967,0.9861870627777917,0.9954068428171858,0.9772087216701771
2017-12-22 09:00:00,0.9980390702121908,0.9813585877536136,0.9955359643091043,0.9751642526090494
2017-12-22 10:00:00,0.9980390702121906,0.9813585877536136,0.9963064657188315,0.9751642526090494
2017-12-22 11:00:00,0.9976946160583894,0.9797892950617816,0.9968083458232481,0.9761659251991117
2017-12-22 12:00:00,0.9976946160583892,0.9833010461872795,0.9962194751905413,0.9757813374113111
2017-12-22 13:00:00,0.9973180641919848,0.9864992619400894,0.9960956277038704,0.9757813374113111
2017-12-26 07:00:00,0.9973180641919848,0.9878159858387696,0.9958001972023101,0.9727563191900048
2017-12-26 08:00:00,0.9973180641919848,0.9857520935890275,0.9952854739501094,0.9757813374113111
2017-12-26 09:00:00,0.9973180641919848,0.9884027360295381,0.9959321278731655,0.9761659251991117
2017-12-26 10:00:00,0.9973180641919848,0.9908858599486814,0.9958001972023101,0.9761659251991117
2017-12-26 11:00:00,0.9973180641919848,0.9884027360295381,0.9955547801665913,0.9779225452028083
2017-12-26 12:00:00,0.9973180641919848,0.9901386915976196,0.995633322214635,0.9753854859611927
2017-12-26 13:00:00,0.9973180641919848,0.9930247081881319,0.9957546910817116,0.9782103942602393
2017-12-27 07:00:00,0.9980390702121908,0.9930247081881319,0.9954132988967528,0.9807729453261392
2017-12-27 08:00:00,0.9969539514939374,0.9944566294668479,0.9959151790011691,0.9807729453261392
2017-12-27 09:00:00,0.9964476829774159,0.9937718765391934,0.9961656693601643,0.9807729453261392
2017-12-27 10:00:00,0.9957266769572098,0.9893852785306013,0.9962565711861281,0.9774622505624455
2017-12-27 11:00:00,0.9942730154209428,0.9900700314582558,0.9966113716845688,0.9771744015050144
2017-12-27 12:00:00,0.9954092749943573,0.9873054486838196,0.9966113716845688,0.9764605779723832
2017-12-27 13:00:00,0.9962920953772834,0.9900700314582558,0.9966113716845689,0.9797712727360772
2017-12-28 07:00:00,0.9956563105503102,0.9912887526200501,0.997131536414261,0.9803883575383389
2017-12-28 08:00:00,0.9959617205589035,0.9912887526200501,0.9969936038379711,0.9807175932831693
2017-12-28 09:00:00,0.9951699151392905,0.9926054765187305,0.9963520702412025,0.9803883575383389
2017-12-28 10:00:00,0.9949940214411489,0.9926054765187304,0.9961496807064878,0.9807175932831693
2017-12-28 11:00:00,0.995655877557803,0.9912887526200501,0.9965769933457824,0.9825408289921538
2017-12-28 12:00:00,0.995655877557803,0.9919207235910761,0.9968301040072663,0.9825408289921538
2017-12-28 13:00:00,0.9939774180845313,0.989034707000564,0.9972118899193891,0.9814980325210884
2017-12-29 07:00:00,0.9951699151392907,0.9912887526200501,0.9974184172510976,0.9818272682659189
2017-12-29 08:00:00,0.9946174695747443,0.989224860370308,0.997378764907064,0.9822118560537193
2017-12-29 09:00:00,0.9949478443931241,0.989224860370308,0.9975166974833537,0.9845120498864728
2017-12-29 10:00:00,0.9959155435108787,0.9912887526200501,0.9976801973140585,0.9853591048296794
2017-12-29 11:00:00,0.9962329454737315,0.9878159858387695,0.9976000994743813,0.9867864890885452
2017-12-29 12:00:00,0.995817691920523,0.9902991097579128,0.9975166974833537,0.9845786655917605
2017-12-29 13:00:00,0.9949348715375972,0.9925531553773991,0.9976870900026716,0.9845786655917605
2018-01-02 07:00:00,0.995817691920523,0.994122448069231,0.9975606605106402,0.9845786655917605
2018-01-02 08:00:00,0.9962329454737315,0.9925531553773993,0.997378764907064,0.9859394341453386
2018-01-02 09:00:00,0.9949348715375972,0.9893549396245894,0.997089384844059,0.9859394341453388
2018-01-02 10:00:00,0.9952652463559769,0.9876189840565076,0.9973977099396665,0.9867864890885453
2018-01-02 11:00:00,0.994024540037591,0.9900700314582558,0.9973977099396665,0.9867864890885455
2018-01-02 12:00:00,0.995478201573858,0.9878159858387696,0.9972657792688112,0.9867864890885455
2018-01-02 13:00:00,0.9964015059293911,0.9900700314582558,0.9969574541732037,0.9896113973875921
2018-01-03 07:00:00,0.9959155435108787,0.9886381101795397,0.9969574541732037,0.9887643424443853
2018-01-03 08:00:00,0.9947792839374644,0.9911212340986831,0.997089384844059,0.9880505189117541
2018-01-03 09:00:00,0.9942730154209428,0.9911212340986831,0.9965757656173777,0.9865863791662858
2018-01-03 10:00:00,0.9949940214411488,0.9911212340986831,0.9960271047175799,0.9865863791662858
2018-01-03 11:00:00,0.9944656730276589,0.9911212340986831,0.9960710677448664,0.9865863791662856
2018-01-03 12:00:00,0.9953114234040016,0.9937718765391936,0.9960710677448664,0.987048846321692
2018-01-03 13:00:00,0.9966094973401359,0.9922025838473617,0.9960271047175799,0.9882251370097291
2018-01-04 07:00:00,0.9971378457536259,0.9912887526200501,0.9955412056652126,0.9902696060708569
2018-01-04 08:00:00,0.9972996601163459,0.9922025838473617,0.9951501624274391,0.9902696060708569
2018-01-04 09:00:00,0.9966094973401362,0.9902991097579129,0.994785177339607,0.9899817570134256
2018-01-04 10:00:00,0.9971378457536259,0.9937718765391934,0.9948607823644341,0.9888054663253885
2018-01-04 11:00:00,0.9975328016956694,0.9930247081881319,0.9950631718991487,0.989848262796454
2018-01-04 12:00:00,0.9972153997328164,0.9918059870263375,0.994785177339607,0.989848262796454
2018-01-04 13:00:00,0.9965796149058436,0.9868718157054461,0.9940974565854293,0.9891344392638228
2018-01-05 07:00:00,0.9967555086039853,0.9860496913646759,0.993763136379859,0.9891344392638228
2018-01-05 08:00:00,0.9967555086039853,0.9860496913646757,0.9939655259145738,0.9891344392638228
2018-01-05 09:00:00,0.9971320604703899,0.9860496913646757,0.9941605915480705,0.9895190270516234
2018-01-05 10:00:00,0.9965796149058436,0.9860496913646759,0.9946532466687515,0.9899814942070296
2018-01-05 11:00:00,0.9975751876906467,0.9860496913646759,0.995139145721119,0.9908285491502363
2018-01-05 12:00:00,0.9975751876906467,0.9860496913646759,0.9956171794871828,0.9916756040934431
2018-01-05 13:00:00,0.9975751876906465,0.9860496913646757,0.9963199874598511,0.9921380712488492
2018-01-08 07:00:00,0.9966518833351132,0.9860496913646759,0.9965757656173777,0.9916756040934431
2018-01-08 08:00:00,0.9973137394517676,0.990070031458256,0.9967169087904098,0.9920048398382737
2018-01-08 09:00:00,0.9983988581700209,0.9912887526200502,0.9964438349465224,0.992389427626074
2018-01-08 10:00:00,0.9987433123238223,0.9926054765187305,0.9963199874598515,0.9928518947814801
2018-01-08 11:00:00,0.9985674186256807,0.9926054765187305,0.996816792934273,0.9928518947814803
2018-01-08 12:00:00,0.9982370438073008,0.9950886004378738,0.9969056961041245,0.9928518947814801
2018-01-08 13:00:00,0.9983988581700209,0.9950886004378738,0.9969056961041245,0.9928518947814801
2018-01-09 07:00:00,0.9987433123238224,0.993519307746042,0.9964594493957908,0.9935657183141113
2018-01-09 08:00:00,0.9991198641902268,0.993519307746042,0.9963705462259393,0.9925229218430459
2018-01-09 09:00:00,0.9987433123238223,0.9928345548183876,0.9963705462259393,0.9914801253719803
2018-01-09 10:00:00,0.9984129375054424,0.9950886004378737,0.9964594493957908,0.9907663018393492
2018-01-09 11:00:00,0.9982370438073008,0.99734264605736,0.9964594493957908,0.9907663018393492
2018-01-09 12:00:00,0.9975751876906465,0.9980898144084217,0.9961734819363303,0.9907663018393492
2018-01-09 13:00:00,0.9980611501091591,0.99652052171659,0.9958084968484983,0.9898934922654619
2018-01-10 07:00:00,0.9978925896534994,0.9950886004378738,0.9956175815687425,0.9890464373222553
2018-01-10 08:00:00,0.9977086953938109,0.9937718765391936,0.995406743553781,0.9894310251100559
2018-01-10 09:00:00,0.998591515776737,0.9944566294668479,0.9951207760943206,0.990303834683943
2018-01-10 10:00:00,0.998591515776737,0.9950886004378738,0.9943450883534425,0.9906884224717436
2018-01-10 11:00:00,0.9980852472602153,0.9937718765391934,0.9938268053952667,0.9895121317837062
2018-01-10 12:00:00,0.9970468392771566,0.9925531553773993,0.993529434385161,0.9885104591936441
2018-01-10 13:00:00,0.9973912934309581,0.9902991097579129,0.9929275531324261,0.9870830749347779
2018-01-11 07:00:00,0.9977678452973627,0.9911212340986831,0.9932276945442359,0.9882593656228151
2018-01-11 08:00:00,0.9977678452973627,0.9893852785306015,0.9938268053952668,0.9892610382128776
2018-01-11 09:00:00,0.9982538077158751,0.9902991097579129,0.9943236108696887,0.988876450425077
2018-01-11 10:00:00,0.9982538077158752,0.9911212340986831,0.9946614337545252,0.9897235053682838
2018-01-11 11:00:00,0.9982538077158752,0.9918059870263375,0.995179716712701,0.9879002696592993
2018-01-11 12:00:00,0.9975328016956692,0.9918059870263375,0.995179716712701,0.9853632104176842
2018-01-11 13:00:00,0.9971562498292648,0.9933752797181693,0.9954207440295962,0.984649386885053
2018-01-12 07:00:00,0.9973248102849245,0.9960259221586797,0.9956975410331655,0.984649386885053
2018-01-12 08:00:00,0.9978772558494706,0.9980898144084218,0.9957904960588703,0.9853632104176839
2018-01-12 09:00:00,0.9973912934309581,0.9952037978179096,0.9954897252611116,0.9871198304213804
2018-01-12 10:00:00,0.9973912934309581,0.9960259221586797,0.9956788235345752,0.9871198304213804
2018-01-12 11:00:00,0.9972153997328164,0.9960259221586797,0.9963335055928966,0.9871198304213804
2018-01-12 12:00:00,0.9973912934309581,0.9952787538076182,0.9964616981532185,0.98673524263358
2018-01-12 13:00:00,0.9973912934309581,0.995910724778644,0.9962432577369036,0.9880960111871583
2018-01-16 07:00:00,0.9970468392771566,0.9950886004378737,0.996814912741664,0.9876335440317519
2018-01-16 08:00:00,0.9970468392771566,0.9928345548183873,0.997170128978394,0.9880181318195524
2018-01-16 09:00:00,0.9970468392771566,0.9950886004378737,0.997483066125424,0.9876335440317521
2018-01-16 10:00:00,0.9970468392771566,0.9957733533655283,0.9974363737258201,0.9876335440317519
2018-01-16 11:00:00,0.9970468392771566,0.9957733533655283,0.9977123683245019,0.9864572533437149
2018-01-16 12:00:00,0.9960512664923538,0.9950886004378737,0.9977123683245019,0.985840168541453
2018-01-16 13:00:00,0.9965796149058436,0.9926054765187304,0.9977123683245019,0.9851263450088219
2018-01-17 07:00:00,0.9965796149058436,0.9926054765187304,0.9978433498538403,0.9854555807536524
2018-01-17 08:00:00,0.9962351607520421,0.9897194599282184,0.9979297145509917,0.985840168541453
2018-01-17 09:00:00,0.9962351607520423,0.993519307746042,0.9979297145509918,0.9844127842825869
2018-01-17 10:00:00,0.9964278183587582,0.9926054765187305,0.9983918343442119,0.9858769240280556
2018-01-17 11:00:00,0.9974233911435613,0.9912887526200502,0.9981685293914633,0.9876335440317521
2018-01-17 12:00:00,0.9974233911435613,0.9919735055477046,0.9981685293914633,0.9856513222815113
2018-01-17 13:00:00,0.9970468392771568,0.9919735055477046,0.9983694628863601,0.9848042673383047
2018-01-18 07:00:00,0.9970468392771566,0.9927206738987662,0.9987550914120383,0.9839572123950979
2018-01-18 08:00:00,0.9962920953772834,0.9908171998093176,0.9988362200464264,0.9833768830794387
2018-01-18 09:00:00,0.9971378457536259,0.9927206738987662,0.9990128325995706,0.9833768830794387
2018-01-18 10:00:00,0.9964476829774159,0.9920359209711118,0.998784441266348,0.9833768830794387
2018-01-18 11:00:00,0.9972024268772894,0.9920359209711118,0.9990128325995706,0.9833768830794387
2018-01-18 12:00:00,0.9977086953938109,0.9912887526200501,0.9991856419920796,0.9827965537637793
2018-01-18 13:00:00,0.9971562498292648,0.9912887526200502,0.9990128325995705,0.9827965537637793
2018-01-19 07:00:00,0.9977086953938109,0.9912887526200501,0.9990973784133781,0.9827965537637794
2018-01-19 08:00:00,0.9977086953938109,0.9930247081881317,0.9992779654154895,0.9862061597728861
2018-01-19 09:00:00,0.9971562498292648,0.9898568313413342,0.9991856419920796,0.9862061597728861
2018-01-19 10:00:00,0.996838847866412,0.9869708147508217,0.9992684439687831,0.9858215719850855
2018-01-19 11:00:00,0.9973912934309581,0.9869708147508218,0.9995335767847021,0.9852044871828237
2018-01-19 12:00:00,0.998429701414017,0.9869708147508218,0.9995335767847021,0.984357432239617
2018-01-19 13:00:00,0.9977678452973627,0.9825842167422297,0.9994917489215315,0.9831811415515799
2018-01-22 07:00:00,0.9977678452973627,0.9813654955804356,0.9994917489215315,0.9814245215478834
2018-01-22 08:00:00,0.9973912934309581,0.9825842167422297,0.9994917489215317,0.9807106980152523
2018-01-22 09:00:00,0.9965796149058438,0.980817922268136,0.9991856419920796,0.9803261102274518
2018-01-22 10:00:00,0.9965796149058436,0.9813654955804356,0.9991010961782719,0.9815024009154891
2018-01-22 11:00:00,0.9960512664923538,0.9857520935890275,0.9991010961782719,0.9811731651706583
2018-01-22 12:00:00,0.9963566765009467,0.9892248603703083,0.9990128325995705,0.9799157678089706
2018-01-22 13:00:00,0.9972024268772894,0.9899720287213698,0.9992266161056125,0.9799157678089706
2018-01-23 07:00:00,0.9975789787436938,0.9899720287213698,0.9994917489215315,0.982452827050586
2018-01-23 08:00:00,0.9982691415199039,0.9892248603703082,0.9994917489215315,0.983710224412274
2018-01-23 09:00:00,0.9986135956737053,0.9886381101795397,0.9992266161056125,0.9847118970023361
2018-01-23 10:00:00,0.998789489371847,0.989856831341334,0.9992266161056125,0.9858881876903735
2018-01-23 11:00:00,0.9981276332551928,0.986970814750822,0.9990128325995705,0.9858881876903732
2018-01-23 12:00:00,0.9977678452973625,0.9834980479695412,0.9986589213390076,0.9833511284487578
2018-01-23 13:00:00,0.9973912934309581,0.9815555895358755,0.9985250267365001,0.9826373049161268
2018-01-24 07:00:00,0.9975751876906467,0.9815555895358755,0.9987844412663482,0.9819234813834958
2018-01-24 08:00:00,0.9986135956737053,0.986970814750822,0.9988789379970634,0.9832842499370741
2018-01-24 09:00:00,0.9989439704920852,0.9884027360295381,0.9986078287132037,0.9853287189982017
2018-01-24 10:00:00,0.9985674186256807,0.9890347070005638,0.9986078287132037,0.9842859225271363
2018-01-24 11:00:00,0.9982370438073008,0.9863840645600533,0.9984421542650085,0.9846705103149367
2018-01-24 12:00:00,0.9986135956737053,0.9872978957873649,0.9984899585961196,0.9836688377248747
2018-01-24 13:00:00,0.9986135956737053,0.9863840645600533,0.9982615672628969,0.9836688377248747
2018-01-25 07:00:00,0.9991198641902268,0.9825842167422297,0.9981770214490895,0.9846705103149367
2018-01-25 08:00:00,0.9982370438073009,0.9785638766486497,0.99805652573933,0.9846705103149367
2018-01-25 09:00:00,0.9975751876906467,0.9731164015145651,0.9980565257393298,0.9833097417613585
2018-01-25 10:00:00,0.9970468392771568,0.9682879264903869,0.9976536439598247,0.9823080691712964
2018-01-25 11:00:00,0.9962920953772834,0.9628727012754404,0.9975254513995027,0.9819788334264657
2018-01-25 12:00:00,0.9954092749943573,0.9639335784009331,0.9971313856180847,0.9823080691712964
2018-01-25 13:00:00,0.9964476829774159,0.9693488036158796,0.9970322200651845,0.9823080691712964
2018-01-26 07:00:00,0.9962920953772834,0.9682879264903871,0.9968731144334584,0.9823080691712964
2018-01-26 08:00:00,0.9959617205589034,0.9693488036158796,0.996289033659007,0.9817644953422394
2018-01-26 09:00:00,0.9966235766755577,0.9747640288308261,0.9962890336590068,0.9814766462848084
2018-01-26 10:00:00,0.996015665515633,0.9785638766486497,0.996289033659007,0.9832998819937927
2018-01-26 11:00:00,0.9966235766755575,0.9834980479695414,0.996289033659007,0.9840137055264238
2018-01-26 12:00:00,0.9969539514939373,0.9878846459781334,0.9963753983561585,0.9852711028881115
2018-01-26 13:00:00,0.9976441142701473,0.9869708147508218,0.9967610268818369,0.9852711028881115
2018-01-29 07:00:00,0.9973137394517676,0.9825842167422297,0.9965559853582697,0.9852711028881115
2018-01-29 08:00:00,0.9973137394517674,0.9857520935890275,0.9967996368038036,0.9842694302980493
2018-01-29 09:00:00,0.9973137394517676,0.9878159858387696,0.9965016546827264,0.9853122267691149
2018-01-29 10:00:00,0.9973137394517676,0.988402736029538,0.9962143564906782,0.9841359360810775
2018-01-29 11:00:00,0.9969963374889147,0.9857520935890277,0.9962143564906782,0.9832631265071903
2018-01-29 12:00:00,0.9960286383711601,0.9886381101795397,0.9963766800636084,0.9801824934365181
2018-01-29 13:00:00,0.9960286383711601,0.9912887526200502,0.9958059916704244,0.9797200262811119
2018-01-30 07:00:00,0.9955002899576704,0.9912887526200501,0.9958059916704244,0.977512202784327
2018-01-30 08:00:00,0.9943077929029113,0.9927206738987662,0.9958059916704244,0.9762548054226393
2018-01-30 09:00:00,0.99566885041333,0.99652052171659,0.9965357856953345,0.9771276149965266
2018-01-30 10:00:00,0.9960286383711603,0.9965205217165898,0.9965357856953345,0.9771276149965266
2018-01-30 11:00:00,0.9963460403340129,0.9950886004378737,0.9965357856953344,0.9759513243084893
2018-01-30 12:00:00,0.9956841842173588,0.9944566294668479,0.9958059916704242,0.9748484530415803
2018-01-30 13:00:00,0.9946675808607415,0.9937718765391934,0.9957157438144312,0.9743859858861742
2018-01-31 07:00:00,0.9943372060423616,0.9912887526200501,0.995754353736398,0.9733431894151088
2018-01-31 08:00:00,0.9935255275172472,0.9900700314582558,0.9953301152887529,0.9745194801031457
2018-01-31 09:00:00,0.9940317960337687,0.9912887526200501,0.994788199086055,0.9738056565705149
2018-01-31 10:00:00,0.9922708879560387,0.9890347070005638,0.9946290934543289,0.9726293658824775
2018-01-31 11:00:00,0.9933416332575586,0.9928345548183873,0.9949426183238043,0.9733431894151088
2018-01-31 12:00:00,0.9936720080759385,0.993519307746042,0.9951017239555303,0.9766538841788023
2018-01-31 13:00:00,0.9946675808607415,0.9957733533655283,0.9955737667342865,0.9766538841788025
2018-02-01 07:00:00,0.9958600779155004,0.99734264605736,0.9960599093136633,0.9766538841788023
2018-02-01 08:00:00,0.9955002899576703,0.9980273989850145,0.9955737667342867,0.9758068292355957
2018-02-01 09:00:00,0.995655877557803,0.9957733533655283,0.9953301152887529,0.9754222414477952
2018-02-01 10:00:00,0.9951699151392905,0.9950886004378738,0.9953301152887529,0.9709097641717795
2018-02-01 11:00:00,0.9939774180845315,0.9950886004378738,0.9951609486148979,0.9686095703390264
2018-02-01 12:00:00,0.9939774180845315,0.9950886004378738,0.9955851870625431,0.9686095703390264
2018-02-01 13:00:00,0.995655877557803,0.9950886004378738,0.9962763711654866,0.9703294348561203
2018-02-02 07:00:00,0.995655877557803,0.9930247081881316,0.9963157382408583,0.9703294348561203
2018-02-02 08:00:00,0.995655877557803,0.994456629466848,0.996615307291561,0.9713722313271858
2018-02-02 09:00:00,0.995655877557803,0.9944566294668479,0.9969132894126379,0.9703294348561203
2018-02-02 10:00:00,0.9960156655156331,0.994456629466848,0.9972128584633406,0.9717568191149863
2018-02-02 11:00:00,0.996807470935246,0.9960259221586797,0.9975036341355238,0.9726296286888736
2018-02-02 12:00:00,0.9966235766755577,0.994122448069231,0.9975036341355238,0.9726296286888737
2018-02-02 13:00:00,0.995655877557803,0.994122448069231,0.9977174176415657,0.9740570129477395
2018-02-05 07:00:00,0.9951699151392907,0.9933752797181695,0.9977174176415657,0.9740570129477395
2018-02-05 08:00:00,0.9960156655156331,0.9933752797181695,0.9977174176415657,0.9740570129477395
2018-02-05 09:00:00,0.996807470935246,0.9960259221586797,0.9981295203414962,0.9740570129477397
2018-02-05 10:00:00,0.9971378457536259,0.9960259221586797,0.9975969219318063,0.9740570129477395
2018-02-05 11:00:00,0.9974822999074271,0.9960259221586797,0.9978456102018878,0.9740570129477397
2018-02-05 12:00:00,0.9974822999074273,0.9952787538076182,0.9976362890071779,0.9758136329514362
2018-02-05 13:00:00,0.9969539514939373,0.9918059870263375,0.997473965434248,0.9683472131058795
2018-02-06 07:00:00,0.9959862523761827,0.9911212340986831,0.997138572929878,0.9660470192731261
2018-02-06 08:00:00,0.9969539514939373,0.9893852785306015,0.9977226537043296,0.9668940742163329
2018-02-06 09:00:00,0.9973137394517676,0.9902991097579129,0.9979765917312261,0.9679969454832418
2018-02-06 10:00:00,0.9976441142701473,0.9911212340986831,0.9980593937079295,0.9685405193122988
2018-02-06 11:00:00,0.9974822999074273,0.9937718765391934,0.9978107054378481,0.9702603838293927
2018-02-06 12:00:00,0.9974822999074273,0.9937718765391936,0.9978970701349996,0.9697979166739866
2018-02-06 13:00:00,0.9974822999074273,0.9937718765391936,0.9984296685446894,0.9684371481204084
2018-02-07 07:00:00,0.9971378457536259,0.9937718765391936,0.9984296685446894,0.967856818804749
2018-02-07 08:00:00,0.9976441142701473,0.9937718765391936,0.9984296685446894,0.9672764894890898
2018-02-07 09:00:00,0.9971378457536259,0.9922025838473617,0.9978970701349998,0.9672764894890896
2018-02-07 10:00:00,0.9971378457536259,0.9895519414068511,0.9978970701349998,0.9672764894890898
2018-02-07 11:00:00,0.9976441142701474,0.9930247081881319,0.9978088065562983,0.9672764894890896
2018-02-07 12:00:00,0.9985674186256807,0.9922025838473617,0.9981363634424211,0.9744871845630209
2018-02-07 13:00:00,0.9980390702121908,0.9878159858387696,0.9982158850386474,0.9740247174076144
2018-02-08 07:00:00,0.9972843263123171,0.9858735274051036,0.9982158850386474,0.973640129619814
2018-02-08 08:00:00,0.9971225119495971,0.9858735274051036,0.997967196768566,0.9724638389317769
2018-02-08 09:00:00,0.9974822999074273,0.9829875108145913,0.9982605018708345,0.9710364546729109
2018-02-08 10:00:00,0.9968204437907732,0.9829875108145913,0.998180980274608,0.9727930746766075
2018-02-08 11:00:00,0.9968204437907732,0.9829875108145916,0.998180980274608,0.9720792511439763
2018-02-08 12:00:00,0.9975751876906467,0.9782992373566627,0.9983700785480712,0.972334975915602
2018-02-08 13:00:00,0.9982370438073008,0.9758481899549145,0.9984496001442978,0.9727195637034026
2018-02-09 07:00:00,0.9984129375054425,0.9763957632672139,0.9984496001442978,0.9723903279585719
2018-02-09 08:00:00,0.998789489371847,0.9776144844290082,0.9988436659257156,0.9706704634414778
2018-02-09 09:00:00,0.9991198641902268,0.9798685300484944,0.998926467902419,0.9699566399088467
2018-02-09 10:00:00,0.9992957578883684,0.9864602775958721,0.998926467902419,0.9702858756536774
2018-02-09 11:00:00,0.9994796521480568,0.987092248566898,0.9992325748318712,0.9680780521568926
2018-02-09 12:00:00,0.9991198641902268,0.9850283563171559,0.9992325748318712,0.9702858756536774
2018-02-09 13:00:00,0.9991198641902267,0.989856831341334,0.9990956345762741,0.9702858756536774
2018-02-12 07:00:00,0.9986135956737053,0.9919207235910761,0.9990128325995705,0.9694130660797899
2018-02-12 08:00:00,0.9986135956737053,0.9870922485668979,0.9990128325995706,0.9685402565059026
2018-02-12 09:00:00,0.9984297014140167,0.987092248566898,0.9990128325995706,0.9694130660797899
2018-02-12 10:00:00,0.9991198641902268,0.987092248566898,0.9991497728551677,0.9731519078337273
2018-02-12 11:00:00,0.9991198641902268,0.9877770014945523,0.9991916007183381,0.972150235243665
2018-02-12 12:00:00,0.9982370438073008,0.988524169845614,0.9991497728551677,0.9701057661825372
2018-02-12 13:00:00,0.9985674186256807,0.9892089227732684,0.9988035114048609,0.9681558399724215
2018-02-13 07:00:00,0.9983988581700208,0.9898408937442943,0.9985984698812937,0.9691986364434871
2018-02-13 08:00:00,0.9976441142701474,0.9891561408166399,0.9987712792738027,0.9691986364434871
2018-02-13 09:00:00,0.9979885684239488,0.9831511434600309,0.9989082195293998,0.9711485626536026
2018-02-13 10:00:00,0.9979885684239486,0.9810872512102887,0.9985763045051647,0.972150235243665
2018-02-13 11:00:00,0.9979885684239488,0.9790233589605467,0.9986626692023161,0.9706860954981965
2018-02-13 12:00:00,0.9970208693061942,0.9710572888244711,0.9987083002261222,0.9676610772768902
2018-02-13 13:00:00,0.9954979974330554,0.9675845220431905,0.9982928728325063,0.9672764894890898
2018-02-14 07:00:00,0.9950120350145428,0.9635641819496106,0.9977935732810758,0.9687406292345583
2018-02-14 08:00:00,0.9946675808607415,0.9539454876835779,0.9977935732810758,0.9684849044629328
2018-02-14 09:00:00,0.9946675808607413,0.9539454876835779,0.9977479422572698,0.9684849044629328
2018-02-14 10:00:00,0.9950120350145428,0.957965827777158,0.9978381901132628,0.9664404354018051
2018-02-14 11:00:00,0.9946675808607415,0.9574182544648584,0.9982005494090962,0.9672208746397241
2018-02-14 12:00:00,0.9938559023356269,0.9574182544648584,0.997881836859777,0.9672208746397238
2018-02-14 13:00:00,0.9936720080759384,0.9574182544648584,0.9979264536919641,0.9646838153981084
2018-02-15 07:00:00,0.9946886114325557,0.9574182544648585,0.9980187771153742,0.9646838153981084
2018-02-15 08:00:00,0.9938559023356269,0.9574182544648585,0.9979741602831872,0.9652641447137678
2018-02-15 09:00:00,0.9942003564894284,0.9606164702176684,0.9983811364112076,0.9680890530128144
2018-02-15 10:00:00,0.9938559023356269,0.9594821467146005,0.9984257532433946,0.9695164372716802
2018-02-15 11:00:00,0.9927158602617212,0.9594821467146005,0.9980633939475612,0.9685147646816181
2018-02-15 12:00:00,0.9928917539598628,0.9619331941163487,0.9984257532433946,0.9687704894532438
2018-02-15 13:00:00,0.9942528114702817,0.9703331672205868,0.9984713842672005,0.9687704894532436
2018-02-16 07:00:00,0.99443670572997,0.9738059340018673,0.9984713842672005,0.9687704894532436
2018-02-16 08:00:00,0.9934201023733528,0.973121181074213,0.9983374896646932,0.9687704894532438
2018-02-16 09:00:00,0.9946125994281118,0.9805005010195204,0.9983374896646932,0.965945581154197
2018-02-16 10:00:00,0.9946125994281118,0.9831511434600309,0.9986626692023161,0.9639011120930694
2018-02-16 11:00:00,0.9925003626791278,0.9819324222982365,0.9983811364112076,0.9634153256284221
2018-02-16 12:00:00,0.9925003626791278,0.9811852539471748,0.9984267674350136,0.9615920899194379
2018-02-16 13:00:00,0.992324468980986,0.9798685300484945,0.9984713842672007,0.9613363651478122
2018-02-20 07:00:00,0.9898393617215333,0.9787342065454269,0.9981090249713671,0.9608738979924061
2018-02-20 08:00:00,0.9894795737637033,0.9811852539471748,0.9981090249713671,0.961976769259315
2018-02-20 09:00:00,0.9919646810231562,0.9858735274051037,0.9981090249713671,0.9625570985749743
2018-02-20 10:00:00,0.9927158602617212,0.9829875108145916,0.998109024971367,0.9648572924077274
2018-02-20 11:00:00,0.9917961205674962,0.9829875108145916,0.9976199141321299,0.9657301019816149
2018-02-20 12:00:00,0.9909101070230534,0.9797892950617817,0.9971405825507794,0.9665771569248215
2018-02-20 13:00:00,0.9905503190652231,0.9818531873115235,0.9970503346947864,0.9658633333921904
2018-02-21 07:00:00,0.991190370555436,0.9853649384370213,0.9970503346947867,0.9652830040765312
2018-02-21 08:00:00,0.99046936453523,0.9805364634128434,0.99748504944395,0.9647026747608721
2018-02-21 09:00:00,0.9880918102030796,0.9750889882787586,0.99748504944395,0.9641591009318151
2018-02-21 10:00:00,0.9878895118677522,0.9743418199276968,0.9979741602831872,0.9641591009318151
2018-02-21 11:00:00,0.988744194326764,0.974341819927697,0.9982928728325061,0.9656232406772838
2018-02-21 12:00:00,0.9875591370493723,0.974341819927697,0.9979305135366727,0.9651374542126364
2018-02-21 13:00:00,0.9865780502650953,0.9708943952387326,0.9975752972999429,0.965522042000437
2018-02-22 07:00:00,0.9878895118677522,0.9681298124642965,0.99748504944395,0.9657777667720626
2018-02-22 08:00:00,0.9870066914848261,0.969673763063812,0.9973511548414427,0.9657777667720626
2018-02-22 09:00:00,0.9861286037900222,0.969673763063812,0.9973044624418386,0.9649307118288559
2018-02-22 10:00:00,0.9872137225082757,0.9750889882787586,0.997438357044346,0.9664181708835653
2018-02-22 11:00:00,0.9887585677434974,0.9780533394937001,0.9978818368597773,0.969243079182612
2018-02-22 12:00:00,0.9880684049672874,0.9761498654042512,0.9982005494090962,0.9696276669704124
2018-02-22 13:00:00,0.9862163789385304,0.9726381142787536,0.9981122858303947,0.9652418801955278
2018-02-23 07:00:00,0.9862163789385304,0.9761498654042513,0.9981122858303947,0.9656264679833284
2018-02-23 08:00:00,0.984975672620144,0.9690105445445744,0.9981122858303947,0.9642656994297502
2018-02-23 09:00:00,0.9849756726201442,0.9682633761935125,0.9984820822002046,0.9635518758971192
2018-02-23 10:00:00,0.9849756726201442,0.9754026970531895,0.9985703457789061,0.9630894087417132
2018-02-23 11:00:00,0.9855040210336342,0.9771689915272834,0.9986139925254206,0.9641322052127786
2018-02-23 12:00:00,0.9855040210336342,0.978082822754595,0.9987509327810175,0.9651750016838443
2018-02-23 13:00:00,0.9862197874889771,0.9815555895358755,0.9987509327810175,0.9723856967577751
2018-02-26 07:00:00,0.9887048947484296,0.9829875108145916,0.9987965638048235,0.9761245385117123
2018-02-26 08:00:00,0.9896725938661842,0.9857520935890275,0.9988411806370104,0.9773008291997495
2018-02-26 09:00:00,0.9903344499828384,0.9863840645600533,0.9987509327810175,0.9803814622704216
2018-02-26 10:00:00,0.9924466867318225,0.9846481089919717,0.9988411806370104,0.9818456020158902
2018-02-26 11:00:00,0.9930255369335542,0.9863840645600536,0.9987965638048235,0.9800223663069058
2018-02-26 12:00:00,0.9913510533394557,0.9814498932391619,0.9983811364112076,0.9800223663069058
2018-02-26 13:00:00,0.9924466867318223,0.9863840645600536,0.9984257532433946,0.9800223663069058
2018-02-27 07:00:00,0.9930255369335542,0.9895519414068511,0.9987509327810175,0.981383134860484
2018-02-27 08:00:00,0.9909133001845701,0.9877856469327577,0.9987509327810175,0.9803814622704218
2018-02-27 09:00:00,0.9901585562846968,0.9877856469327577,0.9987509327810175,0.9803814622704218
2018-02-27 10:00:00,0.9922707930336807,0.9860496913646759,0.9987509327810175,0.9799968744826212
2018-02-27 11:00:00,0.9938057910496298,0.9909838626855674,0.9985703457789061,0.9795344073272152
2018-02-27 12:00:00,0.9942730154209428,0.9922025838473617,0.9984820822002046,0.9807106980152521
2018-02-27 13:00:00,0.9944656730276591,0.9912887526200501,0.9986830156951014,0.9807106980152521
2018-02-28 07:00:00,0.9951558358038689,0.9937718765391934,0.9987266624416159,0.9818869887032895
2018-02-28 08:00:00,0.9949940214411488,0.9950886004378737,0.9987266624416159,0.9804228489578208
2018-02-28 09:00:00,0.9936329639307301,0.9912887526200501,0.9989317039651828,0.9792465582697837
2018-02-28 10:00:00,0.9942730154209428,0.9912887526200501,0.9990686442207798,0.9792465582697839
2018-02-28 11:00:00,0.9939556134580902,0.9919735055477047,0.9991996257501182,0.9796311460575843
2018-02-28 12:00:00,0.9921273315763584,0.9919735055477047,0.9989063206478499,0.9792465582697839
2018-02-28 13:00:00,0.9905923335604093,0.9877770014945523,0.9985744056236148,0.9778857897162057
2018-03-01 07:00:00,0.990768227258551,0.9912887526200502,0.9989063206478499,0.9767094990281685
2018-03-01 08:00:00,0.990768227258551,0.991920723591076,0.9990402152503571,0.9771719661835746
2018-03-01 09:00:00,0.990768227258551,0.991920723591076,0.9989945842265512,0.977556553971375
2018-03-01 10:00:00,0.9907682272585508,0.991920723591076,0.9986626692023162,0.977556553971375
2018-03-01 11:00:00,0.9896725938661842,0.9912887526200502,0.9982928728325063,0.9785582265614373
2018-03-01 12:00:00,0.9903344499828384,0.994456629466848,0.9982005494090962,0.9782703775040062
2018-03-01 13:00:00,0.9913510533394556,0.9922025838473617,0.9983811364112076,0.978270377504006
2018-03-02 07:00:00,0.9909133001845701,0.9937718765391936,0.9986626692023161,0.978270377504006
2018-03-02 08:00:00,0.9903344499828381,0.9930247081881319,0.9985744056236148,0.9794466681920432
2018-03-02 09:00:00,0.9924466867318223,0.9930247081881319,0.9987083002261222,0.9804483407821057
2018-03-02 10:00:00,0.9917848306151682,0.9937718765391934,0.9987965638048236,0.9807775765269362
2018-03-02 11:00:00,0.9913510533394556,0.9937718765391934,0.9984267674350138,0.9807775765269362
2018-03-02 12:00:00,0.9922707930336807,0.9922025838473615,0.9982928728325063,0.9802340026978794
2018-03-02 13:00:00,0.9928787041936051,0.9908858599486813,0.9983374896646932,0.9802340026978794
2018-03-05 07:00:00,0.9939638229118585,0.9937718765391934,0.9986626692023161,0.9788732341443012
2018-03-05 08:00:00,0.9939638229118585,0.9937718765391936,0.9986626692023161,0.9788732341443012
2018-03-05 09:00:00,0.9948871272673917,0.9937718765391936,0.9985724213463233,0.9788732341443012
2018-03-05 10:00:00,0.9962198269480135,0.9937718765391934,0.9988160727918569,0.9801306315059891
2018-03-05 11:00:00,0.995439572831938,0.9917079842894516,0.9988160727918569,0.9798013957611585
2018-03-05 12:00:00,0.9952469152252219,0.9945940008799636,0.9988160727918569,0.9790875722285275
2018-03-05 13:00:00,0.995439572831938,0.9937718765391934,0.9985927678391083,0.9796679015441867
2018-03-06 07:00:00,0.995439572831938,0.9950886004378738,0.9985927678391083,0.980669574134249
2018-03-06 08:00:00,0.9965796149058436,0.993519307746042,0.9985927678391083,0.9809988098790795
2018-03-06 09:00:00,0.9965796149058436,0.9957733533655283,0.9987266624416158,0.9799560134080142
2018-03-06 10:00:00,0.9967722725125596,0.994456629466848,0.9987266624416158,0.9799560134080141
2018-03-06 11:00:00,0.9977678452973625,0.9922025838473617,0.9985984698812937,0.9795714256202135
2018-03-06 12:00:00,0.9970468392771566,0.9928345548183876,0.9986830156951014,0.9791868378324131
2018-03-06 13:00:00,0.9970468392771566,0.9928345548183876,0.9988636026972129,0.9791868378324133
2018-03-07 07:00:00,0.9965796149058436,0.9928345548183876,0.9984393642495678,0.9791868378324131
2018-03-07 08:00:00,0.9965796149058436,0.9950886004378738,0.9984393642495678,0.9787243706770071
2018-03-07 09:00:00,0.9962198269480135,0.9950886004378738,0.9985316876729778,0.9791868378324131
2018-03-07 10:00:00,0.9954988209278076,0.9936566791591578,0.9985744056236148,0.9783397828892065
2018-03-07 11:00:00,0.9960512664923538,0.9907706625686457,0.9989063206478497,0.9795160735772437
2018-03-07 12:00:00,0.9970468392771568,0.9872978957873649,0.9988160727918569,0.9823409818762905
2018-03-07 13:00:00,0.9973912934309582,0.9823637244664735,0.9986354857897455,0.9837683661351565
2018-03-08 07:00:00,0.996838847866412,0.9855316013132712,0.9986354857897455,0.9834391303903258
2018-03-08 08:00:00,0.996838847866412,0.9877856469327577,0.9983918343442116,0.9834391303903258
2018-03-08 09:00:00,0.996838847866412,0.9877856469327574,0.9983918343442119,0.9831098946454951
2018-03-08 10:00:00,0.9973912934309582,0.9846177700859599,0.9983918343442119,0.983109894645495
2018-03-08 11:00:00,0.9977086953938109,0.9814498932391621,0.9985927678391084,0.9831098946454951
2018-03-08 12:00:00,0.9978772558494706,0.9814498932391621,0.9987550914120383,0.9831098946454951
2018-03-08 13:00:00,0.9973248102849245,0.9814498932391619,0.9986605946813233,0.9816457549000267
2018-03-09 07:00:00,0.9973248102849245,0.9846177700859599,0.9987550914120383,0.9816457549000267
2018-03-09 08:00:00,0.9964015059293913,0.9877856469327575,0.9990546604627413,0.9810654255843673
2018-03-09 09:00:00,0.9951607996110052,0.9885328152838192,0.9990546604627413,0.9796012858388989
2018-03-09 10:00:00,0.9946935752396922,0.9909838626855674,0.999054660462741,0.9802183706411607
2018-03-09 11:00:00,0.9960841039665385,0.9944566294668479,0.9990546604627413,0.9795045471085296
2018-03-09 12:00:00,0.9960841039665382,0.9950886004378738,0.9990973784133781,0.9802849863464485
2018-03-09 13:00:00,0.996838847866412,0.99652052171659,0.9992779654154895,0.9817123706053145
2018-03-12 07:00:00,0.9966702874107523,0.9944566294668479,0.9992779654154895,0.980248230859846
2018-03-12 08:00:00,0.9973912934309582,0.9950886004378738,0.9993206833661266,0.9817123706053145
2018-03-12 09:00:00,0.9972153997328166,0.99652052171659,0.9992779654154895,0.9817123706053145
2018-03-12 10:00:00,0.9966365495310848,0.9980898144084218,0.999408946944828,0.9823294554075762
2018-03-12 11:00:00,0.9964679890754249,0.99734264605736,0.999366228994191,0.9823294554075762
2018-03-12 12:00:00,0.9964679890754249,0.99734264605736,0.9993225822476764,0.9819448676197761
2018-03-12 13:00:00,0.9977086953938109,0.99734264605736,0.9993682132714825,0.9827919225629824
2018-03-13 07:00:00,0.9978772558494706,0.9960259221586797,0.9995373799453376,0.9821748377607209
2018-03-13 08:00:00,0.9980611501091591,0.9966578931297058,0.9995373799453376,0.9825594255485213
2018-03-13 09:00:00,0.9980611501091592,0.99734264605736,0.9994510152481861,0.9839868098073871
2018-03-13 10:00:00,0.9975328016956692,0.9960259221586797,0.9995373799453376,0.9839868098073872
2018-03-13 11:00:00,0.9980390702121908,0.9967730905097414,0.9994917489215315,0.9833697250051255
2018-03-13 12:00:00,0.9980390702121908,0.9960259221586797,0.9993635563612095,0.9825226700619187
2018-03-13 13:00:00,0.997284326312317,0.9960259221586797,0.999407203107724,0.981675615118712
2018-03-14 07:00:00,0.9980390702121905,0.9967730905097414,0.9996256435240389,0.9834988508276964
2018-03-14 08:00:00,0.9980390702121905,0.9980898144084217,0.9995373799453376,0.9834988508276964
2018-03-14 09:00:00,0.997284326312317,0.9988369827594833,0.9993682132714825,0.9814543817665685
2018-03-14 10:00:00,0.9980390702121905,0.9980898144084217,0.9995819967775245,0.9799902420211002
2018-03-14 11:00:00,0.9977086953938108,0.9952037978179096,0.9995819967775245,0.9787328446594123
2018-03-14 12:00:00,0.9978925896534995,0.9952037978179097,0.9995373799453376,0.9765250211626276
2018-03-14 13:00:00,0.996807470935246,0.99652052171659,0.9993189395290227,0.9751642526090494
2018-03-15 07:00:00,0.9961456148185918,0.994456629466848,0.9994528341315302,0.9755488403968497
2018-03-15 08:00:00,0.9958402048099989,0.990070031458256,0.9996256435240389,0.9763958953400566
2018-03-15 09:00:00,0.9958402048099989,0.9873054486838196,0.9995819967775245,0.9740957015073031
2018-03-15 10:00:00,0.9958402048099989,0.990070031458256,0.9993225822476764,0.9728383041456153
2018-03-15 11:00:00,0.9961846589638004,0.994456629466848,0.9990686442207799,0.9732228919334158
2018-03-15 12:00:00,0.9975751876906465,0.9952037978179096,0.9992452567739242,0.9750461276424001
2018-03-15 13:00:00,0.9973912934309581,0.9952037978179096,0.9990686442207799,0.9775831868840155
2018-03-16 07:00:00,0.9973912934309581,0.9980898144084217,0.9988636026972129,0.9786259833550811
2018-03-16 08:00:00,0.9977678452973627,0.9980898144084218,0.9988636026972129,0.976325789522328
2018-03-16 09:00:00,0.9981276332551928,0.9965205217165898,0.9990402152503571,0.9769061188379872
2018-03-16 10:00:00,0.9983115275148812,0.9950886004378737,0.9990402152503571,0.9769061188379872
2018-03-16 11:00:00,0.9989733836315353,0.9950886004378737,0.9990402152503571,0.976906118837987
2018-03-16 12:00:00,0.9989733836315353,0.9965205217165898,0.9990402152503571,0.9769061188379872
2018-03-16 13:00:00,0.9989733836315355,0.9972052746442442,0.9990402152503571,0.976443651682581
2018-03-19 07:00:00,0.999303758449915,0.9987745673360762,0.9987529170583092,0.975340780415672
2018-03-19 08:00:00,0.9991198641902267,0.9987745673360762,0.9986626692023162,0.9747604511000125
2018-03-19 09:00:00,0.9991198641902267,0.99652052171659,0.9986626692023161,0.9756332606739
2018-03-19 10:00:00,0.9991198641902267,0.99652052171659,0.9986626692023162,0.9756332606739
2018-03-19 11:00:00,0.9991198641902267,0.9944566294668479,0.9984393642495676,0.9781635161996748
2018-03-19 12:00:00,0.9989439704920852,0.9944566294668479,0.9983054696470604,0.9787806010019366
2018-03-19 13:00:00,0.9982538077158751,0.9928873367750162,0.9984860566491718,0.9805004655190307
2018-03-20 07:00:00,0.9984156220785952,0.9909838626855673,0.9982209238332527,0.9805004655190307
2018-03-20 08:00:00,0.9987600762323967,0.9925531553773991,0.9977588040400328,0.9828006593517841
2018-03-20 09:00:00,0.9987600762323967,0.9908171998093176,0.9977588040400328,0.9828006593517841
2018-03-20 10:00:00,0.9984156220785952,0.9908171998093176,0.9980403368311412,0.9835144828844151
2018-03-20 11:00:00,0.9976946160583894,0.9908171998093175,0.9978265533250993,0.9838023319418462
2018-03-20 12:00:00,0.9984156220785952,0.9900700314582558,0.9980403368311412,0.9855221964589403
2018-03-20 13:00:00,0.9984156220785952,0.9876189840565076,0.9979148169038008,0.9855221964589403
2018-03-21 07:00:00,0.9984156220785952,0.9908171998093175,0.9974048927794698,0.9865649929300058
2018-03-21 08:00:00,0.9989439704920852,0.9908171998093176,0.9974048927794696,0.9865649929300058
2018-03-21 09:00:00,0.9989439704920852,0.9908171998093176,0.9974048927794696,0.984520523868878
2018-03-21 10:00:00,0.9989439704920852,0.9925531553773993,0.9974048927794698,0.9841359360810775
2018-03-21 11:00:00,0.9989439704920852,0.9909838626855674,0.9974048927794698,0.9833554968431587
2018-03-21 12:00:00,0.9989439704920852,0.9922025838473617,0.9970425334836364,0.9823127003720933
2018-03-21 13:00:00,0.9987754100364254,0.9928873367750162,0.9972117001574912,0.9826972881598937
2018-03-22 07:00:00,0.9991198641902267,0.994456629466848,0.9977588040400328,0.9826972881598937
2018-03-22 08:00:00,0.9987754100364254,0.9928873367750162,0.9977588040400327,0.9815209974718566
2018-03-22 09:00:00,0.9986135956737053,0.9944566294668479,0.9977588040400327,0.9815209974718566
2018-03-22 10:00:00,0.9979517395570513,0.9944566294668479,0.9980239368559517,0.9810585303164503
2018-03-22 11:00:00,0.9975751876906467,0.9944566294668479,0.9982209238332529,0.9808028055448248
2018-03-22 12:00:00,0.9982370438073008,0.9937718765391934,0.9978957442956298,0.9808028055448248
2018-03-22 13:00:00,0.9980611501091591,0.9937718765391936,0.9973964447441993,0.9804182177570242
2018-03-23 07:00:00,0.9986135956737053,0.9950886004378738,0.9972117001574912,0.9794165451669619
2018-03-23 08:00:00,0.9977678452973627,0.99652052171659,0.9972117001574912,0.9791286961095308
2018-03-23 09:00:00,0.9979517395570511,0.9980898144084218,0.9973518279120125,0.9799757510527376
2018-03-23 10:00:00,0.9986135956737053,0.9965205217165898,0.9972117001574912,0.9804382182081437
2018-03-23 11:00:00,0.9986135956737053,0.9957733533655283,0.9973486404130882,0.9799757510527374
2018-03-23 12:00:00,0.9991198641902267,0.99734264605736,0.9973964447441994,0.9799757510527372
2018-03-23 13:00:00,0.9989439704920852,0.9950886004378737,0.9972117001574914,0.9799757510527376
2018-03-26 07:00:00,0.9986135956737053,0.9957733533655283,0.9977109997089217,0.979591163264937
2018-03-26 08:00:00,0.9991198641902268,0.9957733533655282,0.9974972162028797,0.9787183536910498
2018-03-26 09:00:00,0.9987600762323967,0.9957733533655282,0.9976227361302203,0.9776755572199841
2018-03-26 10:00:00,0.9984297014140168,0.9926054765187304,0.9980381635238362,0.9786772298100465
2018-03-26 11:00:00,0.9973912934309582,0.9897194599282182,0.9979925325000303,0.9786772298100465
2018-03-26 12:00:00,0.9962030630394392,0.9897194599282182,0.99775881739438,0.976853994101062
2018-03-26 13:00:00,0.9960271693412976,0.9848909849040401,0.9978769489125733,0.9753665350463525
2018-03-27 07:00:00,0.9962030630394392,0.9842062319763857,0.997452710464928,0.9742636637794435
2018-03-27 08:00:00,0.996838847866412,0.9842062319763857,0.9971275309273049,0.9730873730914064
2018-03-27 09:00:00,0.9966365495310846,0.9870922485668979,0.9969805610432937,0.9724702882891446
2018-03-27 10:00:00,0.9972153997328164,0.989856831341334,0.997589650720525,0.9724702882891446
2018-03-27 11:00:00,0.9962920953772831,0.9886381101795398,0.997589650720525,0.974293523998129
2018-03-27 12:00:00,0.9954092749943573,0.9846177700859599,0.997589650720525,0.9722490549370011
2018-03-27 13:00:00,0.9949233125758447,0.9816534188710183,0.9971275309273051,0.9709916575753135
2018-03-28 07:00:00,0.9951159701825609,0.9861870627777916,0.997433637856757,0.9728148932842977
2018-03-28 08:00:00,0.9956019326010733,0.9846177700859596,0.9973081179294163,0.9753451488100726
2018-03-28 09:00:00,0.9959617205589034,0.9860496913646757,0.9972198543507149,0.9768326078647822
2018-03-28 10:00:00,0.9964476829774159,0.9818531873115237,0.9967266230163971,0.9777054174386695
2018-03-28 11:00:00,0.9971378457536259,0.9826753116522937,0.9968605176189045,0.9791695571841379
2018-03-28 12:00:00,0.9975328016956692,0.9861870627777916,0.99705417990252,0.9801712297742002
2018-03-28 13:00:00,0.9980390702121908,0.9861870627777916,0.9967266230163969,0.981428627135888
2018-03-29 07:00:00,0.9977086953938109,0.9876189840565076,0.9968605176189044,0.9826860244975758
2018-03-29 08:00:00,0.9973912934309582,0.9900700314582558,0.9968605176189044,0.9833031092998376
2018-03-29 09:00:00,0.9979437389955045,0.9944566294668479,0.9973537489532224,0.9836323450446681
2018-03-29 10:00:00,0.9973912934309581,0.9909838626855674,0.9973537489532224,0.9853889650483646
2018-03-29 11:00:00,0.9984297014140167,0.9925531553773993,0.9973537489532224,0.9850597293035341
2018-03-29 12:00:00,0.9973912934309582,0.9937718765391936,0.9975675324592643,0.9843459057709032
2018-03-29 13:00:00,0.9977678452973627,0.9937718765391936,0.9978012475649146,0.9848083729263093
2018-04-02 07:00:00,0.9980852472602152,0.9902991097579129,0.9973942714368942,0.9862725126717776
2018-04-02 08:00:00,0.9975789787436938,0.9853649384370214,0.9967616933479998,0.9862725126717776
2018-04-02 09:00:00,0.9980852472602155,0.9828818145178781,0.9971605563312441,0.9862725126717776
2018-04-02 10:00:00,0.9974233911435613,0.9815650906191978,0.997114925307438,0.9862725126717776
2018-04-02 11:00:00,0.9982691415199039,0.9833010461872793,0.9974768329734103,0.9862725126717776
2018-04-02 12:00:00,0.9982691415199039,0.988235217508171,0.9979294401252365,0.9862725126717776
2018-04-02 13:00:00,0.9974233911435613,0.9855845750676606,0.9978391922692437,0.9862725126717778
2018-04-03 07:00:00,0.9980852472602155,0.9855845750676606,0.9978391922692437,0.9852708400817155
2018-04-03 08:00:00,0.9972024268772894,0.9806504037467692,0.9973398927178133,0.9858511693973748
2018-04-03 09:00:00,0.9972024268772894,0.9761167598399959,0.9970273944317203,0.985307595568318
2018-04-03 10:00:00,0.996825875010885,0.9761167598399959,0.9973826106684504,0.985307595568318
2018-04-03 11:00:00,0.9955851686924989,0.9761167598399959,0.9973826106684504,0.9844605406251115
2018-04-03 12:00:00,0.9954092749943573,0.9761167598399959,0.9970625308656487,0.9821603467923579
2018-04-03 13:00:00,0.9949940214411489,0.9815642349740807,0.9970625308656487,0.9816978796369517
2018-04-04 07:00:00,0.9954092749943573,0.9855845750676606,0.9973826106684504,0.9824117031695828
2018-04-04 08:00:00,0.9960711311110113,0.9855845750676606,0.9977013232177693,0.9824117031695827
2018-04-04 09:00:00,0.994934871537597,0.9855845750676606,0.9974302139339098,0.9812354124815454
2018-04-04 10:00:00,0.994934871537597,0.9838486194995788,0.9971101341311079,0.9815646482263761
2018-04-04 11:00:00,0.9960711311110113,0.9821126639314973,0.9976690287743812,0.9833212682300727
2018-04-04 12:00:00,0.9969539514939374,0.9864992619400894,0.9976690287743812,0.9819604996764945
2018-04-04 13:00:00,0.9962329454737313,0.9864992619400894,0.9976690287743812,0.9805997311229163
2018-04-05 07:00:00,0.9964015059293911,0.988402736029538,0.9976690287743812,0.9805997311229163
2018-04-05 08:00:00,0.9971562498292645,0.988402736029538,0.9978974201076038,0.981446786066123
2018-04-05 09:00:00,0.9980390702121908,0.9922025838473617,0.9978974201076036,0.9818313738539236
2018-04-05 10:00:00,0.9987600762323967,0.9928873367750162,0.9978974201076036,0.981446786066123
2018-04-05 11:00:00,0.9984297014140167,0.9922025838473617,0.9976586052671322,0.983166650583217
2018-04-05 12:00:00,0.998789489371847,0.9937718765391934,0.9981685293914633,0.9828374148383866
2018-04-05 13:00:00,0.9991198641902267,0.9945940008799636,0.9981685293914633,0.9846606505473707
2018-04-06 07:00:00,0.9986135956737053,0.9945940008799636,0.9976586052671322,0.9838135956041644
2018-04-06 08:00:00,0.9975751876906465,0.9933752797181695,0.9976586052671322,0.9812833400783895
2018-04-06 09:00:00,0.9973912934309582,0.9925531553773993,0.9978391922692437,0.9826441086319675
2018-04-06 10:00:00,0.9973912934309582,0.9937718765391936,0.9978819102198807,0.9829319576893986
2018-04-06 11:00:00,0.9979437389955043,0.9950886004378738,0.9983918343442116,0.9829319576893986
2018-04-06 12:00:00,0.9981276332551928,0.9950886004378737,0.9983918343442119,0.982084902746192
2018-04-06 13:00:00,0.9979517395570511,0.9950886004378737,0.9981207250603522,0.9829319576893986
2018-04-09 07:00:00,0.9982691415199039,0.9937718765391934,0.9978555922444332,0.9844194167441082
2018-04-09 08:00:00,0.9989593042961138,0.9930247081881319,0.9978555922444332,0.9855957074321451
2018-04-09 09:00:00,0.9987754100364252,0.9950886004378737,0.9976272009112106,0.9852664716873146
2018-04-09 10:00:00,0.9987754100364252,0.9950886004378737,0.9978555922444332,0.9857289388427211
2018-04-09 11:00:00,0.9982229644718791,0.9950886004378737,0.9980565257393298,0.9854410897852898
2018-04-09 12:00:00,0.9985674186256805,0.9950886004378738,0.9979597508892766,0.9854410897852898
2018-04-09 13:00:00,0.9980611501091591,0.9912887526200501,0.9976724526972285,0.9864427623753519
2018-04-10 07:00:00,0.9986135956737052,0.9912887526200501,0.9979925325000303,0.9878701466342179
2018-04-10 08:00:00,0.9986135956737053,0.9937718765391934,0.9981207250603522,0.9887172015774246
2018-04-10 09:00:00,0.9979517395570511,0.9911212340986831,0.9977955455227291,0.9891796687328308
2018-04-10 10:00:00,0.9969561667722482,0.9871008940051033,0.9971994711212455,0.9872297425227152
2018-04-10 11:00:00,0.9969561667722482,0.9846177700859596,0.9975195509240472,0.9869005067778847
2018-04-10 12:00:00,0.9971320604703897,0.9895519414068513,0.9973826106684504,0.9864380396224787
2018-04-10 13:00:00,0.995799360789768,0.9895519414068513,0.9973826106684501,0.9871518631551095
2018-04-11 07:00:00,0.9945198331377129,0.9871008940051033,0.9970273944317205,0.9854553179472564
2018-04-11 08:00:00,0.9947037273974013,0.9885328152838194,0.9969837476852058,0.9861691414798873
2018-04-11 09:00:00,0.9947037273974013,0.9925531553773993,0.996941029734569,0.9861691414798875
2018-04-11 10:00:00,0.9945198331377127,0.9960259221586797,0.9967562851478609,0.9854553179472564
2018-04-11 11:00:00,0.9947037273974014,0.9973426460573602,0.9971115013845909,0.9849928507918502
2018-04-11 12:00:00,0.9943271755309968,0.9973426460573602,0.9974302139339098,0.9831696150828658
2018-04-11 13:00:00,0.9930967078327526,0.9952787538076179,0.9968341395324261,0.9831696150828658
2018-04-12 07:00:00,0.9947037273974014,0.9960259221586797,0.9971115013845909,0.9843459057709032
2018-04-12 08:00:00,0.9943271755309968,0.9960259221586797,0.9974302139339098,0.9861691414798875
2018-04-12 09:00:00,0.9943271755309968,0.9952787538076182,0.9971101341311079,0.9853220865366809
2018-04-12 10:00:00,0.993748325329265,0.9960259221586797,0.9970255883173005,0.9857066743244812
2018-04-12 11:00:00,0.9943271755309968,0.9960259221586797,0.9975355124416315,0.9861691414798873
2018-04-12 12:00:00,0.9947037273974014,0.9960259221586797,0.9980565257393298,0.9866316086352935
2018-04-12 13:00:00,0.9943439394395711,0.9952037978179096,0.9977791638871651,0.9883882286389902
2018-04-13 07:00:00,0.9945198331377131,0.9952037978179097,0.9976946180733577,0.9876744051063592
2018-04-13 08:00:00,0.9959920183964841,0.99652052171659,0.9979597508892766,0.9893709503142123
2018-04-13 09:00:00,0.9971320604703899,0.9965205217165898,0.9981934659949271,0.9889084831588061
2018-04-13 10:00:00,0.9967722725125596,0.9940373977974465,0.9984421542650085,0.9893709503142123
2018-04-13 11:00:00,0.9967722725125596,0.993352644869792,0.9984421542650085,0.98836927772415
2018-04-13 12:00:00,0.9977678452973627,0.9940373977974465,0.9986605946813234,0.98836927772415
2018-04-13 13:00:00,0.9970468392771568,0.9927206738987662,0.9984421542650082,0.9894120741952154
2018-04-16 07:00:00,0.9970468392771568,0.99652052171659,0.9984421542650085,0.989027486407415
2018-04-16 08:00:00,0.9962920953772834,0.993352644869792,0.9984421542650085,0.9878511957193776
2018-04-16 09:00:00,0.9951038649857642,0.993352644869792,0.9984421542650085,0.9868083992483122
2018-04-16 10:00:00,0.9960271693412974,0.993352644869792,0.9987132635488679,0.9864238114605116
2018-04-16 11:00:00,0.9960271693412974,0.988524169845614,0.9987978093626754,0.9859613443051055
2018-04-16 12:00:00,0.9960271693412974,0.9891561408166398,0.998412180836997,0.9864238114605116
2018-04-16 13:00:00,0.9960271693412974,0.988524169845614,0.998412180836997,0.9859613443051055
2018-04-17 07:00:00,0.9962030630394392,0.9920359209711118,0.998412180836997,0.9842047243014088
2018-04-17 08:00:00,0.9954483191395657,0.9920359209711118,0.9981410715531375,0.9832030517113467
2018-04-17 09:00:00,0.9946680650234899,0.9885241698456142,0.9981410715531375,0.9838201365136084
2018-04-17 10:00:00,0.9937483253292649,0.9891561408166398,0.9976690287743814,0.9828374148383866
2018-04-17 11:00:00,0.9943271755309968,0.9891561408166398,0.9979401380582407,0.9831252638958177
2018-04-17 12:00:00,0.9947037273974014,0.9891561408166398,0.9984121808369969,0.9839723188390244
2018-04-17 13:00:00,0.9956234670916265,0.9891561408166398,0.9981410715531375,0.9867116605179429
2018-04-18 07:00:00,0.9965796149058436,0.993352644869792,0.9981410715531375,0.985997836985312
2018-04-18 08:00:00,0.9967555086039853,0.993352644869792,0.9981410715531375,0.9839533679241842
2018-04-18 09:00:00,0.9957993607897682,0.9912887526200502,0.9981410715531375,0.9821301322151997
2018-04-18 10:00:00,0.9950446168898945,0.989856831341334,0.9982615672628967,0.9816676650597936
2018-04-18 11:00:00,0.9950446168898945,0.9912887526200502,0.9981647924128437,0.9809538415271628
2018-04-18 12:00:00,0.9965796149058436,0.9927206738987662,0.9984848722156454,0.9816676650597936
2018-04-18 13:00:00,0.9960007647041118,0.9927206738987662,0.9986187668181528,0.9812051979043874
2018-04-19 07:00:00,0.9950446168898948,0.9900700314582558,0.9986187668181526,0.9797778136455214
2018-04-19 08:00:00,0.9956234670916263,0.990070031458256,0.9989317039651828,0.979448577900691
2018-04-19 09:00:00,0.9967635091655321,0.9912887526200501,0.9989317039651828,0.9813985041108065
2018-04-19 10:00:00,0.9979517395570511,0.9912887526200501,0.9992779654154895,0.9832217398197909
2018-04-19 11:00:00,0.9981276332551926,0.994456629466848,0.9993607673921932,0.9843980305078281
2018-04-19 12:00:00,0.9977678452973627,0.9973426460573602,0.9990956345762741,0.9833552340367627
2018-04-19 13:00:00,0.9974233911435613,0.9987745673360762,0.9989264679024193,0.9825081790935559
2018-04-20 07:00:00,0.9979517395570511,0.9987745673360762,0.9990574494317577,0.9828927668813565
2018-04-20 08:00:00,0.9973159547300783,0.99734264605736,0.9988436659257155,0.9835098516836183
2018-04-20 09:00:00,0.9971320604703899,0.995910724778644,0.9988436659257155,0.9835098516836183
2018-04-20 10:00:00,0.9981276332551928,0.9959107247786441,0.9988436659257155,0.9858100455163714
2018-04-20 11:00:00,0.9989733836315353,0.9950886004378738,0.9988436659257156,0.9875666655200681
2018-04-20 12:00:00,0.998789489371847,0.9912887526200502,0.9990128325995706,0.9871041983646617
2018-04-20 13:00:00,0.998613595673705,0.989034707000564,0.9989264679024191,0.9861025257745996
2018-04-23 07:00:00,0.9984297014140167,0.9922025838473617,0.9988436659257155,0.9865649929300058
2018-04-23 08:00:00,0.998789489371847,0.9922025838473617,0.9988436659257155,0.9883216129337022
2018-04-23 09:00:00,0.998613595673705,0.9922025838473617,0.9988436659257155,0.9889019422493617
2018-04-23 10:00:00,0.9986135956737053,0.9922025838473617,0.9990574494317574,0.9877256515613243
2018-04-23 11:00:00,0.9986135956737053,0.9922025838473617,0.9990992772949281,0.9885727065045312
2018-04-23 12:00:00,0.9984297014140168,0.9930247081881319,0.9991856419920794,0.9882848574470999
2018-04-23 13:00:00,0.9986135956737053,0.9950886004378737,0.9993225822476764,0.9889019422493615
2018-04-24 07:00:00,0.9987894893718471,0.9937718765391934,0.999408946944828,0.9880548873061549
2018-04-24 08:00:00,0.9977510813887884,0.9937718765391934,0.9992432724966328,0.9880548873061551
2018-04-24 09:00:00,0.9969963374889149,0.9917079842894516,0.9991122909672943,0.9872078323629484
2018-04-24 10:00:00,0.9960286383711603,0.9937718765391934,0.999366228994191,0.9863350227890609
2018-04-24 11:00:00,0.9956841842173588,0.9911212340986831,0.9991010961782719,0.9863350227890609
2018-04-24 12:00:00,0.9971378457536259,0.9911212340986831,0.9990128325995706,0.9869521075913227
2018-04-24 13:00:00,0.9982229644718791,0.9937718765391934,0.9990956345762741,0.9877991625345295
2018-04-25 07:00:00,0.9976946160583892,0.9930247081881319,0.9992684439687832,0.9882616296899356
2018-04-25 08:00:00,0.9982229644718791,0.994456629466848,0.9994917489215315,0.987932393945105
2018-04-25 09:00:00,0.9985674186256805,0.9950886004378737,0.9994034853428302,0.988646217477736
2018-04-25 10:00:00,0.9982370438073008,0.994456629466848,0.9994034853428302,0.9880291326754743
2018-04-25 11:00:00,0.9980611501091591,0.9912887526200502,0.9992268727896857,0.987448803359815
2018-04-25 12:00:00,0.9980611501091591,0.9912887526200501,0.9992268727896857,0.9882958583030218
2018-04-25 13:00:00,0.9978925896534994,0.9912887526200502,0.9994034853428302,0.9892975308930839
2018-04-26 07:00:00,0.9983988581700208,0.9926054765187304,0.9995800978959745,0.9878333911476156
2018-04-26 08:00:00,0.9983988581700209,0.9903514308992443,0.9995373799453374,0.9869863362044088
2018-04-26 09:00:00,0.9983988581700208,0.993519307746042,0.999454577968634,0.987448803359815
2018-04-26 10:00:00,0.9982370438073008,0.9922025838473617,0.9995373799453374,0.9862725126717776
2018-04-26 11:00:00,0.9991198641902268,0.9944566294668479,0.9996219257591451,0.9862725126717776
2018-04-26 12:00:00,0.9983988581700209,0.9950886004378738,0.9995762947353392,0.9862725126717776
2018-04-26 13:00:00,0.9976441142701474,0.99734264605736,0.9994917489215315,0.985425457728571
2018-04-27 07:00:00,0.9974822999074273,0.9952787538076182,0.999407203107724,0.9848083729263093
2018-04-27 08:00:00,0.9974822999074273,0.9952787538076182,0.9994917489215315,0.9852708400817155
2018-04-27 09:00:00,0.9974822999074273,0.99734264605736,0.999668361474676,0.9846905107660563
2018-04-27 10:00:00,0.9974822999074273,0.9980898144084217,0.9995344668721685,0.9852708400817155
2018-04-27 11:00:00,0.9974822999074273,0.9987745673360763,0.999578113618683,0.9857333072371217
2018-04-27 12:00:00,0.9968204437907732,0.99734264605736,0.9994089469448278,0.9861957743925279
2018-04-27 13:00:00,0.9962920953772834,0.99734264605736,0.9994917489215315,0.9871974469825899
2018-04-30 07:00:00,0.9969539514939373,0.9957733533655283,0.9995819967775245,0.9875820347703907
2018-04-30 08:00:00,0.995817691920523,0.9950886004378738,0.999668361474676,0.9871195676149844
2018-04-30 09:00:00,0.9963460403340129,0.9966578931297058,0.999668361474676,0.9881212402050469
2018-04-30 10:00:00,0.9956841842173588,0.9937718765391936,0.999668361474676,0.9860767711439189
2018-04-30 11:00:00,0.9956841842173588,0.9958357687889355,0.999668361474676,0.9856921833561185
2018-04-30 12:00:00,0.9956841842173588,0.9937718765391934,0.999668361474676,0.9861546505115245
2018-04-30 13:00:00,0.9946886114325559,0.9917079842894516,0.999408946944828,0.9856921833561185
2018-05-01 07:00:00,0.9951038649857642,0.9899720287213698,0.999408946944828,0.9871563231015871
2018-05-01 08:00:00,0.995409274994357,0.9845568035064235,0.999408946944828,0.9871563231015871
2018-05-01 09:00:00,0.9946174695747443,0.9845568035064233,0.9995428415473353,0.9856921833561185
2018-05-01 10:00:00,0.9955851686924989,0.9864602775958721,0.9994525936913423,0.9867349798271842
2018-05-01 11:00:00,0.9961640188942306,0.9870922485668979,0.999408946944828,0.9871974469825899
2018-05-01 12:00:00,0.9964943937126105,0.988524169845614,0.9994917489215317,0.9871974469825902
2018-05-01 13:00:00,0.997532801695669,0.9912887526200501,0.9994034853428302,0.9871974469825899
2018-05-02 07:00:00,0.9978925896534994,0.9912887526200501,0.9991801803900817,0.9883737376706274
2018-05-02 08:00:00,0.9978925896534994,0.9912887526200502,0.999054660462741,0.9886294624422528
2018-05-02 09:00:00,0.9980611501091591,0.9933526448697922,0.9988362200464261,0.9896311350323151
2018-05-02 10:00:00,0.9972153997328164,0.9912887526200501,0.9988362200464261,0.9893018992874846
2018-05-02 11:00:00,0.9972153997328166,0.9919735055477047,0.9988362200464261,0.9896311350323151
2018-05-02 12:00:00,0.9978772558494706,0.9919735055477044,0.9988362200464261,0.9902482198345769
2018-05-02 13:00:00,0.9978772558494706,0.992887336775016,0.998523282899396,0.9909620433672081
2018-05-03 07:00:00,0.996838847866412,0.9909838626855673,0.9984421542650085,0.9892421788501139
2018-05-03 08:00:00,0.996838847866412,0.9878159858387696,0.9987417233157112,0.9882405062600518
2018-05-03 09:00:00,0.9973912934309581,0.9902991097579129,0.9989264679024191,0.9870642155720144
2018-05-03 10:00:00,0.9973912934309581,0.9902991097579129,0.9989264679024191,0.9875266827274206
2018-05-03 11:00:00,0.9973912934309582,0.9882352175081709,0.9989264679024191,0.9870642155720144
2018-05-03 12:00:00,0.9973912934309582,0.9911212340986831,0.9988436659257155,0.9870642155720146
2018-05-03 13:00:00,0.9977678452973627,0.9911212340986831,0.9991497728551676,0.9857034470184362
2018-05-04 07:00:00,0.9972153997328166,0.9930247081881317,0.9992325748318712,0.98524097986303
2018-05-04 08:00:00,0.9972153997328166,0.9937718765391934,0.9992782058556772,0.9847785127076238
2018-05-04 09:00:00,0.9970468392771568,0.9930247081881317,0.9992782058556772,0.9843939249198235
2018-05-04 10:00:00,0.9977086953938109,0.9945940008799636,0.9990187913258293,0.984064689174993
2018-05-04 11:00:00,0.9964679890754249,0.9945940008799636,0.9990187913258293,0.9821147629648773
2018-05-04 12:00:00,0.9955002899576704,0.9917079842894515,0.9989731603020231,0.9808573656031895
2018-05-04 13:00:00,0.9955002899576704,0.9937718765391936,0.9988502038044649,0.9800103106599828
2018-05-07 07:00:00,0.9963460403340129,0.9958357687889355,0.9991497728551676,0.983090943730655
2018-05-07 08:00:00,0.9963460403340129,0.9958357687889355,0.9993189395290227,0.9825106144149957
2018-05-07 09:00:00,0.9963460403340129,0.9958357687889355,0.9990595249991746,0.9839747541604642
2018-05-07 10:00:00,0.9958397718174914,0.99652052171659,0.9989731603020231,0.9836455184156335
2018-05-07 11:00:00,0.9960156655156331,0.9965205217165898,0.9989731603020231,0.9814376949188488
2018-05-07 12:00:00,0.9960156655156331,0.9958357687889353,0.9988362200464264,0.9818222827066492
2018-05-07 13:00:00,0.9958600779155006,0.9937718765391934,0.9986268988517166,0.9825361062392801
2018-05-08 07:00:00,0.9956841842173588,0.9937718765391934,0.9988362200464264,0.9810719664938119
2018-05-08 08:00:00,0.9955002899576704,0.9950886004378737,0.9990128325995705,0.9796078267483432
2018-05-08 09:00:00,0.9949940214411488,0.9957733533655283,0.9990956345762741,0.9796078267483432
2018-05-08 10:00:00,0.9956841842173588,0.9940373977974465,0.9989264679024191,0.9796078267483433
2018-05-08 11:00:00,0.9955002899576704,0.9898408937442943,0.9989264679024191,0.9790274974326839
2018-05-08 12:00:00,0.9946174695747443,0.9898408937442943,0.9986135307553891,0.9801303686995929
2018-05-08 13:00:00,0.9951034319932569,0.9898408937442943,0.9986135307553891,0.9794165451669621
2018-05-09 07:00:00,0.9934249725199852,0.9898408937442943,0.9985725566418561,0.9785694902237554
2018-05-09 08:00:00,0.994463380503044,0.9898408937442943,0.9981295203414959,0.9794165451669621
2018-05-09 09:00:00,0.994463380503044,0.9905256466719486,0.998170494455029,0.9786429096448835
2018-05-09 10:00:00,0.9959862523761828,0.9947221507251011,0.9985324021210013,0.9781804424894772
2018-05-09 11:00:00,0.9951034319932567,0.9940373977974465,0.9985324021210013,0.9756178914235775
2018-05-09 12:00:00,0.9956558775578028,0.993352644869792,0.9982390970187329,0.976464946366784
2018-05-09 13:00:00,0.9963460403340129,0.9927206738987662,0.9980799913870068,0.9775077428378495
2018-05-10 07:00:00,0.9966764151523928,0.9940373977974467,0.9984119064112418,0.9794899645880901
2018-05-10 08:00:00,0.995153543279254,0.993352644869792,0.9982390970187329,0.9777333445843936
2018-05-10 09:00:00,0.994823168460874,0.9898408937442944,0.9978771893527608,0.978735017174456
2018-05-10 10:00:00,0.9943372060423616,0.9877770014945523,0.9976177748229127,0.9780211936418247
2018-05-10 11:00:00,0.9949990621590158,0.9877770014945523,0.9974586691911866,0.9780211936418247
2018-05-10 12:00:00,0.9949990621590158,0.9877770014945523,0.9970465664912561,0.9773263210240339
2018-05-10 13:00:00,0.9943372060423619,0.9877770014945525,0.9965018527921766,0.9770384719666029
2018-05-11 07:00:00,0.9943372060423616,0.9877770014945523,0.9967557908190732,0.9755743322211344
2018-05-11 08:00:00,0.9943372060423616,0.9811852539471748,0.9968337678164118,0.9741101924756659
2018-05-11 09:00:00,0.9946675808607415,0.9782992373566627,0.9968337678164118,0.9744394282204966
2018-05-11 10:00:00,0.9939774180845313,0.9782992373566627,0.9966199843103697,0.9725512630714431
2018-05-11 11:00:00,0.9955002899576703,0.9848909849040404,0.9971646980094494,0.9735940595425085
2018-05-11 12:00:00,0.9955002899576703,0.9884027360295378,0.9976972964191391,0.9735940595425085
2018-05-11 13:00:00,0.9969539514939373,0.9884027360295378,0.9978407636687965,0.9739786473303091
2018-05-14 07:00:00,0.9977086953938108,0.9912887526200501,0.9978885679999074,0.9731315923871025
2018-05-14 08:00:00,0.9978925896534995,0.9937718765391936,0.9978885679999074,0.9751760614482303
2018-05-14 09:00:00,0.9978925896534995,0.9922025838473617,0.9975423065496007,0.9766034457070961
2018-05-14 10:00:00,0.9978925896534995,0.9922025838473617,0.9978885679999074,0.9777777873235184
2018-05-14 11:00:00,0.9983988581700208,0.9922025838473615,0.9981946749293595,0.9766014966354811
2018-05-14 12:00:00,0.9983988581700208,0.9922025838473615,0.9985409363796663,0.9760211673198219
2018-05-14 13:00:00,0.9985674186256807,0.9922025838473617,0.9988003509095144,0.9760211673198219
2018-05-15 07:00:00,0.9985674186256807,0.9908858599486813,0.9987192222751266,0.9745937830609559
2018-05-15 08:00:00,0.9982076306678505,0.988402736029538,0.9987192222751266,0.9753742222988748
2018-05-15 09:00:00,0.9980390702121906,0.9829875108145916,0.9987192222751266,0.975836689454281
2018-05-15 10:00:00,0.9977086953938109,0.9848909849040401,0.9987192222751266,0.975836689454281
2018-05-15 11:00:00,0.9980390702121908,0.9877770014945523,0.9986268988517164,0.9737922203931533
2018-05-15 12:00:00,0.9972843263123171,0.9877770014945523,0.9988035114048607,0.9709673120941066
2018-05-15 13:00:00,0.9982076306678505,0.9912887526200501,0.9991497728551676,0.9709673120941068
2018-05-16 07:00:00,0.9982076306678505,0.9950886004378738,0.9994091873850155,0.9719500337693286
2018-05-16 08:00:00,0.9982076306678506,0.9950886004378738,0.9995373799453376,0.9734141735147972
2018-05-16 09:00:00,0.9982076306678505,0.99652052171659,0.9994528341315302,0.9748783132602656
2018-05-16 10:00:00,0.9985674186256805,0.9980898144084218,0.999407203107724,0.9748783132602654
2018-05-16 11:00:00,0.9985674186256807,0.99734264605736,0.9993635563612095,0.9748783132602659
2018-05-16 12:00:00,0.9974822999074273,0.99734264605736,0.9993225822476764,0.9730550775512812
2018-05-16 13:00:00,0.9971378457536259,0.99734264605736,0.9990992772949281,0.9715909378058127
2018-05-17 07:00:00,0.9966518833351132,0.9980273989850145,0.9988453392680313,0.9722080226080747
2018-05-17 08:00:00,0.9964679890754249,0.9980273989850146,0.9989763207973699,0.9732508190791401
2018-05-17 09:00:00,0.9959617205589032,0.9980273989850146,0.9989763207973699,0.9739646426117711
2018-05-17 10:00:00,0.9949661477741005,0.9957733533655283,0.9987712792738029,0.9748116975549779
2018-05-17 11:00:00,0.9939277397910417,0.9950886004378737,0.9988917749835622,0.9735543001932899
2018-05-17 12:00:00,0.9947734901673843,0.9950886004378737,0.9991569077994812,0.9725526276032278
2018-05-17 13:00:00,0.9938057910496298,0.9950886004378737,0.999366228994191,0.9730384140678748
2018-05-18 07:00:00,0.9954092749943573,0.9966578931297058,0.9992779654154897,0.9740400866579372
2018-05-18 08:00:00,0.9955851686924989,0.9950886004378737,0.9992779654154897,0.9765771458995526
2018-05-18 09:00:00,0.9959617205589034,0.9965205217165898,0.9993682132714825,0.9775788184896148
2018-05-18 10:00:00,0.9952998644422493,0.9965205217165898,0.999283667457675,0.9764025278015777
2018-05-18 11:00:00,0.9952998644422493,0.993352644869792,0.9990743462629651,0.9752262371135403
2018-05-18 12:00:00,0.9952998644422493,0.993352644869792,0.9990287152391593,0.9764025278015777
2018-05-18 13:00:00,0.9952998644422493,0.993352644869792,0.9988149317331173,0.9759400606461714
2018-05-21 07:00:00,0.9959617205589032,0.9940373977974465,0.9990743462629652,0.9759400606461714
2018-05-21 08:00:00,0.9966235766755575,0.9940373977974465,0.999283667457675,0.9738955915850436
2018-05-21 09:00:00,0.9977086953938108,0.99652052171659,0.9991934196016821,0.9748972641751058
2018-05-21 10:00:00,0.9977086953938108,0.99652052171659,0.9991122909672943,0.9746672024820843
2018-05-21 11:00:00,0.9975328016956692,0.9972052746442445,0.9992779654154895,0.9746672024820843
2018-05-21 12:00:00,0.9980852472602153,0.9987745673360762,0.9990973784133781,0.9746672024820843
2018-05-21 13:00:00,0.9970468392771568,0.99734264605736,0.9989317039651828,0.9746672024820843
2018-05-22 07:00:00,0.9978925896534994,0.9966578931297055,0.9992779654154897,0.9758434931701215
2018-05-22 08:00:00,0.9978925896534994,0.9950886004378738,0.9990128325995705,0.9761727289149519
2018-05-22 09:00:00,0.9978925896534994,0.9922025838473615,0.9986187668181528,0.9767530582306114
2018-05-22 10:00:00,0.9975328016956692,0.9922025838473615,0.998341404965988,0.9754956608689234
2018-05-22 11:00:00,0.9964943937126105,0.9878159858387696,0.9981363634424211,0.9763427158121302
2018-05-22 12:00:00,0.9964943937126105,0.9863840645600536,0.9980108435150804,0.9766305648695615
2018-05-22 13:00:00,0.9966870513193267,0.9863840645600536,0.9980108435150804,0.975587768398496
2018-05-23 07:00:00,0.9970468392771566,0.9898568313413342,0.9978769489125731,0.9761680977141552
2018-05-23 08:00:00,0.9978925896534994,0.9930247081881319,0.9981363634424211,0.9784682915469085
2018-05-23 09:00:00,0.9982691415199039,0.9907706625686457,0.9984137252945857,0.9784682915469085
2018-05-23 10:00:00,0.9982691415199039,0.9878846459781334,0.998598469881294,0.9774254950758431
2018-05-23 11:00:00,0.9982691415199039,0.9840847981603097,0.998384686375252,0.9774254950758431
2018-05-23 12:00:00,0.9982691415199039,0.9840847981603097,0.998384686375252,0.9774254950758431
2018-05-23 13:00:00,0.9982691415199039,0.9840847981603097,0.998384686375252,0.9767116715432118
2018-05-24 07:00:00,0.9982691415199039,0.9878846459781333,0.9986779914775202,0.9781991305979214
2018-05-24 08:00:00,0.9982691415199039,0.9840847981603097,0.9984293032074388,0.9762492043878058
2018-05-24 09:00:00,0.9982691415199039,0.9796982001517176,0.9984759956070429,0.9774254950758431
2018-05-24 10:00:00,0.9986135956737052,0.9834980479695412,0.998645162280898,0.9792487307848272
2018-05-24 11:00:00,0.9977678452973627,0.9796982001517176,0.998645162280898,0.981198656994943
2018-05-24 12:00:00,0.9980852472602155,0.9753116021431255,0.9983390553514458,0.981198656994943
2018-05-24 13:00:00,0.9974233911435613,0.969896376928179,0.9978670125726896,0.980484833462312
2018-05-25 07:00:00,0.9965405707606352,0.9639335784009331,0.9978670125726896,0.9796120238884247
2018-05-25 08:00:00,0.9967332283673512,0.9683201764095253,0.9979126435964956,0.9789949390861629
2018-05-25 09:00:00,0.9972394968838728,0.9737354016244718,0.9977787489939883,0.9807515590898594
2018-05-25 10:00:00,0.9980852472602155,0.9785638766486499,0.997589650720525,0.9810807948346901
2018-05-25 11:00:00,0.9980852472602155,0.9817317534954476,0.99775881739438,0.9810807948346901
2018-05-25 12:00:00,0.9980852472602153,0.9833010461872795,0.9978490652503729,0.9803003555967711
2018-05-25 13:00:00,0.9986135956737053,0.9857520935890275,0.9980381635238362,0.9794533006535646
2018-05-29 07:00:00,0.9982691415199039,0.9846177700859599,0.9981562950420292,0.9803261102274518
2018-05-29 08:00:00,0.9982691415199039,0.9857520935890275,0.9976352817443309,0.9791498195394146
2018-05-29 09:00:00,0.9975789787436938,0.9817317534954475,0.9976352817443309,0.977662360484705
2018-05-29 10:00:00,0.9982691415199039,0.9833010461872795,0.9976352817443309,0.9771187866556484
2018-05-29 11:00:00,0.9987754100364252,0.9882352175081709,0.9972650069075712,0.9765384573399892
2018-05-29 12:00:00,0.9983988581700208,0.988235217508171,0.9973959884369095,0.9762092215951585
2018-05-29 13:00:00,0.9987433123238223,0.988235217508171,0.9973959884369095,0.9779290861122526
2018-05-30 07:00:00,0.9991198641902267,0.9857520935890275,0.997589650720525,0.9779290861122526
2018-05-30 08:00:00,0.9983988581700208,0.9846177700859599,0.9976676277178631,0.9779290861122526
2018-05-30 09:00:00,0.9976441142701473,0.9886381101795398,0.9974739654342479,0.9765683175586743
2018-05-30 10:00:00,0.997299660116346,0.9878159858387695,0.9975622290129493,0.9772821410913053
2018-05-30 11:00:00,0.9971378457536259,0.9864992619400892,0.9972303139887143,0.9760247437296173
2018-05-30 12:00:00,0.9973137394517676,0.9882352175081709,0.9973959884369095,0.9765683175586743
2018-05-30 13:00:00,0.9976441142701473,0.9901386915976196,0.9976832866289579,0.9768975533035047
2018-05-31 07:00:00,0.997299660116346,0.9907706625686457,0.9976832866289579,0.9764350861480988
2018-05-31 08:00:00,0.997299660116346,0.9878846459781334,0.9976832866289579,0.9755622765742116
2018-05-31 09:00:00,0.9976946160583894,0.9907706625686457,0.9981363634424211,0.9764093315174179
2018-05-31 10:00:00,0.9982229644718792,0.9936566791591578,0.9980024688399137,0.9782325672264023
2018-05-31 11:00:00,0.9982229644718792,0.9930247081881319,0.9979597508892768,0.9787761410554593
2018-05-31 12:00:00,0.9985674186256807,0.9952787538076179,0.9982986870153511,0.980726067265575
2018-05-31 13:00:00,0.9989118727794821,0.994456629466848,0.9983832328291585,0.9807260672655747
2018-06-01 07:00:00,0.998911872779482,0.9952037978179097,0.9983832328291585,0.9815731222087813
2018-06-01 08:00:00,0.9981571288796085,0.9952037978179096,0.9983832328291585,0.9815731222087816
2018-06-01 09:00:00,0.9979885684239488,0.9925531553773993,0.9983832328291585,0.9807260672655747
2018-06-01 10:00:00,0.9979885684239488,0.9918059870263375,0.9980442967030843,0.9790062027484807
2018-06-01 11:00:00,0.997812674725807,0.9925531553773993,0.9980442967030843,0.9775187436937713
2018-06-01 12:00:00,0.9976441142701473,0.9925531553773993,0.9980442967030843,0.9775187436937713
2018-06-01 13:00:00,0.9969539514939374,0.9902991097579129,0.9978433632081875,0.9770329572291243
2018-06-04 07:00:00,0.9975328016956692,0.9902991097579129,0.9979401380582408,0.9774175450169247
2018-06-04 08:00:00,0.9975328016956692,0.9902991097579129,0.9975782303922686,0.9785204162838336
2018-06-04 09:00:00,0.9975328016956692,0.9902991097579129,0.9973812434149676,0.979294051805912
2018-06-04 10:00:00,0.9982538077158751,0.9902991097579129,0.9979401380582408,0.9798743811215712
2018-06-04 11:00:00,0.9980852472602155,0.9902991097579129,0.9975782303922686,0.979411913966165
2018-06-04 12:00:00,0.9980852472602155,0.9902991097579129,0.9974312605082573,0.9753852231547967
2018-06-04 13:00:00,0.998429701414017,0.9902991097579129,0.9974730883714279,0.974342426683731
2018-06-05 07:00:00,0.9991198641902267,0.9937718765391934,0.997850634419469,0.9748048938391374
2018-06-05 08:00:00,0.9991198641902267,0.994456629466848,0.9978088065562983,0.9739578388959307
2018-06-05 09:00:00,0.9987600762323967,0.9925531553773993,0.9979711301292282,0.9667471438219997
2018-06-05 10:00:00,0.9991198641902267,0.9952037978179096,0.9980593937079297,0.9653863752684216
2018-06-05 11:00:00,0.9992884246458866,0.9952037978179096,0.9979765917312261,0.9656421000400471
2018-06-05 12:00:00,0.9992884246458866,0.9927206738987664,0.9979765917312261,0.9671062397855158
2018-06-05 13:00:00,0.9992884246458866,0.9927206738987664,0.9981021116585668,0.9743169348594466
2018-06-06 07:00:00,0.9991198641902268,0.9927206738987664,0.9978970701349996,0.9733152622693843
2018-06-06 08:00:00,0.999479652148057,0.9952037978179096,0.998180980274608,0.9733152622693843
2018-06-06 09:00:00,0.9992957578883684,0.9960259221586797,0.9983700785480714,0.9736998500571846
2018-06-06 10:00:00,0.9991198641902268,0.9960259221586797,0.9984119064112418,0.9725235593691475
2018-06-06 11:00:00,0.9982370438073008,0.9980898144084217,0.9980799913870068,0.9719799855400907
2018-06-06 12:00:00,0.9978772558494706,0.999521735687138,0.9981744881177218,0.972981658130153
2018-06-06 13:00:00,0.9980611501091591,0.9995217356871378,0.9983335937494481,0.9752818519629063
2018-06-07 07:00:00,0.9980611501091591,0.9987745673360763,0.997861550970692,0.9757443191183124
2018-06-07 08:00:00,0.9978925896534995,0.9972052746442445,0.997861550970692,0.9734441252855592
2018-06-07 09:00:00,0.9970468392771568,0.9965205217165898,0.997861550970692,0.9726704897634808
2018-06-07 10:00:00,0.9970468392771568,0.9950886004378737,0.997861550970692,0.9722080226080747
2018-06-07 11:00:00,0.9970468392771568,0.9950886004378737,0.9978615509706918,0.970451402604378
2018-06-07 12:00:00,0.9970468392771568,0.99652052171659,0.9978615509706918,0.971878786863244
2018-06-07 13:00:00,0.9970468392771568,0.99652052171659,0.9978615509706918,0.9710317319200373
2018-06-08 07:00:00,0.9978925896534994,0.9933526448697922,0.9982390970187329,0.9710317319200373
2018-06-08 08:00:00,0.9977086953938109,0.9927206738987664,0.9980499987452696,0.9722080226080747
2018-06-08 09:00:00,0.9980852472602155,0.9927206738987664,0.9982228081377784,0.9736721623535429
2018-06-08 10:00:00,0.9984156220785952,0.9944566294668479,0.9984119064112418,0.9728251074103365
2018-06-08 11:00:00,0.9975328016956692,0.994456629466848,0.9983700785480712,0.9707806383492087
2018-06-08 12:00:00,0.9966499813127433,0.994456629466848,0.9983700785480712,0.9729884618459936
2018-06-08 13:00:00,0.9957266769572098,0.9960259221586797,0.9986830156951014,0.9729884618459936
2018-06-11 07:00:00,0.9961216328992535,0.9960259221586797,0.9985064031419569,0.9747450818496899
2018-06-11 08:00:00,0.9968117956754633,0.9960259221586797,0.9985927678391084,0.9747450818496899
2018-06-11 09:00:00,0.9975328016956692,0.9973426460573602,0.9989317039651828,0.9752075490050961
2018-06-11 10:00:00,0.9980852472602155,0.9966578931297058,0.9989317039651828,0.9743604940618895
2018-06-11 11:00:00,0.9980852472602155,0.9937718765391936,0.9990973784133781,0.972603874058193
2018-06-11 12:00:00,0.9977254593023852,0.9902991097579129,0.9988262691295187,0.9736055466482552
2018-06-11 13:00:00,0.9978872736651054,0.9871008940051031,0.998784441266348,0.9747084179151642
2018-06-12 07:00:00,0.9984156220785951,0.9846177700859599,0.998957250658857,0.975965815276852
2018-06-12 08:00:00,0.9989439704920852,0.9861870627777916,0.9990973784133781,0.9759658152768521
2018-06-12 09:00:00,0.9987600762323966,0.9876189840565076,0.9992779654154895,0.9777224352805486
2018-06-12 10:00:00,0.9984156220785952,0.9925531553773993,0.9992779654154895,0.9767207626904862
2018-06-12 11:00:00,0.9984156220785952,0.9925531553773993,0.9992779654154897,0.9741905071647115
2018-06-12 12:00:00,0.9984156220785952,0.9933752797181695,0.9990128325995706,0.9729331098030237
2018-06-12 13:00:00,0.9984156220785952,0.9925531553773993,0.9990574494317574,0.9726038740581929
2018-06-13 07:00:00,0.9984156220785951,0.9937718765391936,0.9991010961782719,0.971176489799327
2018-06-13 08:00:00,0.9984156220785951,0.9950886004378738,0.9988917749835622,0.9734766836320803
2018-06-13 09:00:00,0.9987600762323966,0.9958357687889355,0.9989840984069723,0.973805919376911
2018-06-13 10:00:00,0.9980390702121906,0.9980898144084218,0.9989840984069723,0.9729331098030235
2018-06-13 11:00:00,0.9975328016956694,0.9987745673360762,0.9989840984069723,0.970193768124105
2018-06-13 12:00:00,0.9968426389194593,0.9995217356871378,0.9986779914775202,0.970193768124105
2018-06-13 13:00:00,0.9970044532821793,0.9995217356871378,0.9986779914775202,0.9729331098030237
2018-06-14 07:00:00,0.9978872736651054,0.9987745673360762,0.9987226083097072,0.9733176975908241
2018-06-14 08:00:00,0.9976946160583892,0.9987745673360762,0.9989319295044169,0.9724706426476175
2018-06-14 09:00:00,0.9975328016956692,0.9987745673360762,0.9988917749835624,0.9744205688577331
2018-06-14 10:00:00,0.9980390702121906,0.9980898144084218,0.9988035114048609,0.976140433374827
2018-06-14 11:00:00,0.9977086953938109,0.9980898144084218,0.9986830156951012,0.977397830736515
2018-06-14 12:00:00,0.9980390702121906,0.99734264605736,0.9985102063025924,0.9756779662194208
2018-06-14 13:00:00,0.9976441142701474,0.9980898144084217,0.9985102063025924,0.975965815276852
2018-06-15 07:00:00,0.9976441142701474,0.9966578931297055,0.9983846863752518,0.9771675977891738
2018-06-15 08:00:00,0.9976441142701473,0.9966578931297055,0.9980071403272107,0.980248230859846
2018-06-15 09:00:00,0.9983988581700209,0.9980898144084217,0.9980071403272107,0.9805774666046766
2018-06-15 10:00:00,0.9985915157767369,0.99652052171659,0.9980071403272107,0.9820048508635426
2018-06-15 11:00:00,0.9984156220785952,0.99652052171659,0.9976130745457931,0.9810031782734802
2018-06-15 12:00:00,0.9989439704920852,0.99652052171659,0.9979126435964958,0.9798268875854431
2018-06-15 13:00:00,0.9987600762323967,0.9972052746442445,0.9977787489939883,0.979113064052812
2018-06-18 07:00:00,0.9980390702121906,0.9987745673360762,0.9981562950420294,0.9770685949916844
2018-06-18 08:00:00,0.9983988581700209,0.99734264605736,0.9982445586207309,0.9785327347371526
2018-06-18 09:00:00,0.9985674186256807,0.9966578931297058,0.9981562950420294,0.977915649934891
2018-06-18 10:00:00,0.9976441142701474,0.99734264605736,0.9979126435964958,0.9785327347371526
2018-06-18 11:00:00,0.9982229644718792,0.9987745673360763,0.998384686375252,0.9788619704819833
2018-06-18 12:00:00,0.9980390702121908,0.9987745673360762,0.9979906205938339,0.9778602978919212
2018-06-18 13:00:00,0.9983988581700209,0.9987745673360762,0.9982445586207309,0.9781481469493521
2018-06-19 07:00:00,0.9985674186256807,0.99652052171659,0.9982839256961026,0.9803559704461371
2018-06-19 08:00:00,0.9985674186256807,0.9958357687889355,0.9982445586207309,0.9809362997617963
2018-06-19 09:00:00,0.9989439704920852,0.9950886004378738,0.9986779914775202,0.9809362997617963
2018-06-19 10:00:00,0.9987754100364254,0.9930247081881319,0.9986779914775202,0.9819790962328617
2018-06-19 11:00:00,0.9987754100364254,0.9930247081881319,0.998384686375252,0.9805149564873935
2018-06-19 12:00:00,0.9987754100364252,0.9936566791591576,0.9985216266308489,0.9808028055448248
2018-06-19 13:00:00,0.9987754100364252,0.9930247081881319,0.9982220575801461,0.9802224762291654
2018-06-20 07:00:00,0.9991198641902267,0.9937718765391934,0.9985153626824146,0.9781780071680376
2018-06-20 08:00:00,0.9984297014140167,0.9937718765391934,0.9985153626824146,0.9796053914269036
2018-06-20 09:00:00,0.9984297014140168,0.9937718765391934,0.9985153626824146,0.9816498604880314
2018-06-20 10:00:00,0.9991198641902268,0.9937718765391934,0.9983784224268175,0.9816498604880314
2018-06-20 11:00:00,0.9991198641902268,0.9945940008799636,0.9982839256961026,0.9824969154312378
2018-06-20 12:00:00,0.9991198641902268,0.9960259221586797,0.9985378637229991,0.9816498604880312
2018-06-20 13:00:00,0.9987754100364254,0.9966578931297058,0.9982445586207309,0.9811873933326252
2018-06-21 07:00:00,0.9983988581700208,0.9980898144084217,0.9982445586207309,0.9806070640169657
2018-06-21 08:00:00,0.9976441142701474,0.99734264605736,0.9984932468908123,0.9791429242714974
2018-06-21 09:00:00,0.9979885684239488,0.99734264605736,0.9985378637229991,0.9797600090737594
2018-06-21 10:00:00,0.9978126747258071,0.9980898144084217,0.9984932468908123,0.978040144556665
2018-06-21 11:00:00,0.9979885684239488,0.99734264605736,0.9987070303968543,0.9800846136177929
2018-06-21 12:00:00,0.9979885684239488,0.99734264605736,0.9986187668181528,0.9785971545630834
2018-06-21 13:00:00,0.9979885684239488,0.9950886004378738,0.9984137252945858,0.9771697703042174
2018-06-22 07:00:00,0.9979885684239488,0.9958357687889353,0.998598469881294,0.9771697703042174
2018-06-22 08:00:00,0.9979885684239488,0.9950886004378737,0.9988035114048609,0.9785971545630834
2018-06-22 09:00:00,0.9979885684239488,0.9944566294668479,0.9983700785480712,0.978926390307914
2018-06-22 10:00:00,0.9979885684239488,0.9950886004378738,0.9983700785480716,0.9792142393653452
2018-06-22 11:00:00,0.9981571288796085,0.993519307746042,0.9983700785480714,0.978926390307914
2018-06-22 12:00:00,0.9981571288796085,0.9922025838473617,0.9984496001442978,0.9803905300533825
2018-06-22 13:00:00,0.9981571288796085,0.9922025838473617,0.9985378637229991,0.9829207855791575
2018-06-25 07:00:00,0.9979885684239488,0.9937718765391936,0.9984932468908121,0.9817444948911203
2018-06-25 08:00:00,0.9981571288796085,0.9930247081881319,0.998304148617349,0.9829207855791575
2018-06-25 09:00:00,0.9981571288796085,0.9922025838473615,0.9984296685446894,0.9818179143122485
2018-06-25 10:00:00,0.9981571288796085,0.9890347070005638,0.9986389897393992,0.9812375849965892
2018-06-25 11:00:00,0.9970208693061942,0.985522955875066,0.9986389897393992,0.9824138756846265
2018-06-25 12:00:00,0.9970208693061942,0.9897194599282184,0.9985953429928847,0.9821260266271952
2018-06-25 13:00:00,0.9968523088505344,0.9865515830814204,0.9987235355532067,0.9821260266271952
2018-06-26 07:00:00,0.9963460403340129,0.9823550790282685,0.9986808176025698,0.9828398501598261
2018-06-26 08:00:00,0.9963460403340129,0.986154926846092,0.9988063375299103,0.9847897763699419
2018-06-26 09:00:00,0.9966764151523928,0.986154926846092,0.9983532607164469,0.9843273092145355
2018-06-26 10:00:00,0.9965146007896728,0.9855229558750662,0.9983114328532763,0.9847118970023361
2018-06-26 11:00:00,0.9963460403340131,0.9877770014945523,0.99839423482998,0.9833511284487578
2018-06-26 12:00:00,0.9948231684608743,0.9898408937442944,0.9979306497652879,0.9815945084450614
2018-06-26 13:00:00,0.9939774180845313,0.9905256466719489,0.9978051298379474,0.9795500393839337
2018-06-27 07:00:00,0.9944633805030437,0.9851526202863655,0.9978051298379474,0.9801671241861956
2018-06-27 08:00:00,0.9943077929029112,0.9838358963876852,0.9972477331870224,0.979782536398395
2018-06-27 09:00:00,0.9939774180845313,0.9831511434600309,0.9965959161594506,0.979782536398395
2018-06-27 10:00:00,0.9939774180845313,0.9810872512102888,0.9965163945632243,0.979782536398395
2018-06-27 11:00:00,0.9944633805030441,0.9824039751089692,0.9965959161594506,0.9807842089884571
2018-06-27 12:00:00,0.995986252376183,0.9877770014945523,0.9972477331870224,0.979782536398395
2018-06-27 13:00:00,0.9955002899576703,0.9877770014945523,0.9972477331870224,0.9792022070827358
2018-06-28 07:00:00,0.9941392324472516,0.987092248566898,0.997373253114363,0.9787397399273295
2018-06-28 08:00:00,0.995817691920523,0.9919207235910761,0.997889675651755,0.9812767991689448
2018-06-28 09:00:00,0.9955002899576704,0.9898568313413342,0.997889675651755,0.9812767991689448
2018-06-28 10:00:00,0.9955002899576703,0.9869708147508217,0.997889675651755,0.9809475634241144
2018-06-28 11:00:00,0.995817691920523,0.9869708147508217,0.9979724776284586,0.9814100305795206
2018-06-28 12:00:00,0.9969539514939374,0.9869708147508217,0.99839423482998,0.983710224412274
2018-06-28 13:00:00,0.9976441142701473,0.9878846459781334,0.99839423482998,0.9829964008796428
2018-06-29 07:00:00,0.9976441142701473,0.9840847981603097,0.99839423482998,0.9818201101916054
2018-06-29 08:00:00,0.9971378457536259,0.9786695729453632,0.997889675651755,0.9805627128299176
2018-06-29 09:00:00,0.9966094973401359,0.9742829749367713,0.9977205089779,0.9777378045308711
2018-06-29 10:00:00,0.9969539514939374,0.9771689915272834,0.9978033109546035,0.9777378045308711
2018-06-29 11:00:00,0.9975328016956692,0.9825842167422297,0.998225068156125,0.9746571714601988
2018-06-29 12:00:00,0.9962920953772831,0.98258421674223,0.998225068156125,0.9753709949928301
2018-06-29 13:00:00,0.9955710893570773,0.9813654955804355,0.9980995482287844,0.9744981854189426
2018-07-02 07:00:00,0.9955710893570774,0.9840161380209457,0.9981405223423175,0.9762180499360368
2018-07-02 08:00:00,0.9955710893570773,0.9857520935890275,0.9985935991557807,0.9762180499360368
2018-07-02 09:00:00,0.994180560630231,0.9813654955804355,0.9985526250422477,0.976547285680867
2018-07-02 10:00:00,0.9945250147840324,0.9786009128059991,0.9983798156497388,0.977090859509924
2018-07-02 11:00:00,0.9959155435108787,0.9810840367251428,0.9987417233157112,0.9753709949928301
2018-07-02 12:00:00,0.995279758683906,0.9739447158654659,0.9985324021210015,0.9756588440502612
2018-07-02 13:00:00,0.9959155435108787,0.973197547514404,0.9984421542650085,0.9773787085673551
2018-07-03 07:00:00,0.9954483191395657,0.9677500723803193,0.998321658555249,0.9765316536241486
2018-07-03 08:00:00,0.995279758683906,0.9592364289319442,0.9984421542650085,0.9756588440502612
2018-07-03 09:00:00,0.9959155435108787,0.9592364289319442,0.9983139617046866,0.9751963768948549
2018-07-03 10:00:00,0.9964943937126105,0.9617872738530735,0.9983139617046866,0.9747339097394488
2018-07-05 07:00:00,0.9959155435108787,0.9550399248787921,0.9984421542650085,0.9740200862068178
2018-07-05 08:00:00,0.995279758683906,0.9522772531174821,0.9980565257393298,0.9742758109784435
2018-07-05 09:00:00,0.9945250147840324,0.943877280013244,0.9980565257393298,0.972915042424865
2018-07-05 10:00:00,0.9927770615502023,0.9384043550544094,0.9980565257393298,0.9720422328509778
2018-07-05 11:00:00,0.9914789876140678,0.9393436361064708,0.9980565257393298,0.9715797656955715
2018-07-05 12:00:00,0.9914789876140678,0.943877280013244,0.9979283331790079,0.9721968504978333
2018-07-05 13:00:00,0.9914789876140678,0.9498400785404898,0.9983617660357974,0.97395347050153
2018-07-06 07:00:00,0.9932269408478981,0.9507539097678014,0.9984540894592075,0.9764905297431454
2018-07-06 08:00:00,0.9938057910496298,0.9557706271485975,0.9987536585099102,0.9775333262142106
2018-07-06 09:00:00,0.993165739559417,0.9584212695891078,0.9989264679024191,0.9769529968985514
2018-07-06 10:00:00,0.9939984486563459,0.9668212426933462,0.9991916007183381,0.9761059419553448
2018-07-06 11:00:00,0.9949940214411489,0.9713548866001195,0.999018791325829,0.9784061357880983
2018-07-06 12:00:00,0.9962920953772831,0.9774174826467463,0.9992782058556772,0.9787907235758987
2018-07-06 13:00:00,0.9959617205589034,0.9779650559590456,0.9992782058556772,0.980613959284883
2018-07-09 07:00:00,0.9964476829774159,0.9763957632672139,0.9994091873850155,0.9802293714970826
2018-07-09 08:00:00,0.9962920953772831,0.973197547514404,0.9991954038789735,0.9809431950297135
2018-07-09 09:00:00,0.9962920953772831,0.973197547514404,0.9992782058556772,0.9799003985586481
2018-07-09 10:00:00,0.9959617205589034,0.9677500723803193,0.9992782058556772,0.9781437785549515
2018-07-09 11:00:00,0.9954778665580221,0.9612961823582303,0.9993712750932011,0.9782897368971987
2018-07-09 12:00:00,0.9945954915132068,0.9610192479388744,0.999472318905575,0.9770064652815905
2018-07-09 13:00:00,0.9935852779521567,0.9505449116460475,0.9994301879419467,0.9775173818633395
2018-07-10 07:00:00,0.992819434877285,0.9535990916856842,0.9996042495764305,0.9779105798254938
2018-07-10 08:00:00,0.992819434877285,0.9530702332114851,0.9994301879419467,0.9785414799591496
2018-07-10 09:00:00,0.992819434877285,0.9505449116460475,0.9994301879419467,0.9779105798254938
2018-07-10 10:00:00,0.9923263259526179,0.9505449116460475,0.9994301879419467,0.9781720297785736
2018-07-10 11:00:00,0.9933365395136681,0.9523334719283134,0.9994301879419467,0.9784663232178876
2018-07-10 12:00:00,0.9945954915132067,0.9556286033099964,0.9994301879419467,0.9799632422113889
2018-07-10 13:00:00,0.9942855901809581,0.9561574617841956,0.9992101646240643,0.9802998489057307
2018-07-11 07:00:00,0.9942855901809581,0.9514864347287322,0.9989018395284569,0.9792757508099208
2018-07-11 08:00:00,0.9942855901809581,0.9556286033099964,0.9987606963554246,0.9774116963910339
2018-07-11 09:00:00,0.9927280186647744,0.9561574617841954,0.9984994020101431,0.9756533274444524
2018-07-11 10:00:00,0.9919245690478143,0.9561574617841956,0.9984994020101431,0.9749235227879566
2018-07-11 11:00:00,0.9897812699936981,0.9561574617841956,0.9981506314188919,0.9743302010249317
2018-07-11 12:00:00,0.989602789623525,0.9594525931658784,0.9981506314188919,0.9739370030627778
2018-07-11 13:00:00,0.989602789623525,0.9693627630157301,0.9980531553018094,0.9751396286169649
2018-07-12 07:00:00,0.989602789623525,0.9707193876386128,0.9979152227255196,0.9748030219226234
2018-07-12 08:00:00,0.989602789623525,0.9676652075989761,0.9978351248858425,0.9740120662022894
2018-07-12 09:00:00,0.989602789623525,0.9723362346544395,0.9977481343575522,0.9736754595079476
2018-07-12 10:00:00,0.9873226734060917,0.9699875576311744,0.9977481343575522,0.9732026386102562
2018-07-12 11:00:00,0.9855358696213364,0.9699875576311742,0.9976647323665244,0.9700530361424794
2018-07-12 12:00:00,0.9855358696213364,0.9699875576311742,0.9973916585226371,0.9685561171489782
2018-07-12 13:00:00,0.9850376809777285,0.9699875576311742,0.9975821270734443,0.9666920627300912
2018-07-13 07:00:00,0.9870811366690802,0.9792880487491538,0.9975328016956692,0.9671648836277826
2018-07-13 08:00:00,0.9870811366690802,0.9792880487491538,0.9972917743787738,0.9676615459088025
2018-07-13 09:00:00,0.9870811366690802,0.9754640588932718,0.9968163110001714,0.9668705901884685
2018-07-13 10:00:00,0.9870811366690802,0.9792880487491539,0.9968163110001714,0.9661407855319727
2018-07-13 11:00:00,0.989602789623525,0.9841183910997471,0.9966645714309322,0.96734341108616
2018-07-13 12:00:00,0.989602789623525,0.9833485812835017,0.9963493666234164,0.9687346446073557
2018-07-13 13:00:00,0.9891331490974942,0.9833485812835017,0.9968163110001714,0.9693655447410113
2018-07-16 07:00:00,0.9905847196106582,0.9833485812835017,0.9968163110001714,0.970756778262207
2018-07-16 08:00:00,0.9887979158259029,0.9817317342676749,0.9966924635135004,0.9707567782622067
2018-07-16 09:00:00,0.9884328368686929,0.9858739028489393,0.996354640628664,0.971149976224361
2018-07-16 10:00:00,0.9863808244402789,0.9833485812835017,0.9957916960242078,0.9696906356014907
2018-07-16 11:00:00,0.9846776817394592,0.9833485812835017,0.9955851686924989,0.968824616741645
2018-07-16 12:00:00,0.9823243247158585,0.9810262312513036,0.9950098211700334,0.968824616741645
2018-07-16 13:00:00,0.9823243247158585,0.9843213626329866,0.9950098211700334,0.9699521791563206
2018-07-17 07:00:00,0.9851026295768999,0.9886450334756284,0.9956233245405778,0.9717105481029018
2018-07-17 08:00:00,0.9855767248948499,0.987875223659383,0.9958687415762966,0.9691166890275188
2018-07-17 09:00:00,0.9846776817394595,0.9827915319954341,0.9955851686924988,0.9696724324199129
2018-07-17 10:00:00,0.9851026295768998,0.9846113505445004,0.9949047453917204,0.9693358257255712
2018-07-17 11:00:00,0.9837503313715631,0.9816378789057908,0.9942912420211757,0.9683117276297614
2018-07-17 12:00:00,0.9813654955804355,0.9760585559570581,0.9939262569333438,0.9659600369201551
2018-07-17 13:00:00,0.9794862338747848,0.9773142080631491,0.9934365915816529,0.9685538959955381
2018-07-18 07:00:00,0.978587190719394,0.9760585559570581,0.9927337836089842,0.9667955270489569
2018-07-18 08:00:00,0.9771657514075087,0.9796365580953471,0.9927777466362705,0.9633095865769599
2018-07-18 09:00:00,0.9780567521566479,0.98521588104408,0.9935884340485074,0.9633095865769599
2018-07-18 10:00:00,0.978587190719394,0.9861574041267646,0.9942912420211759,0.9633095865769599
2018-07-18 11:00:00,0.9755350992022033,0.981637878905791,0.9939262569333438,0.962511674818789
2018-07-18 12:00:00,0.9745982168414415,0.981637878905791,0.9942098298171412,0.9631049965818137
2018-07-18 13:00:00,0.9716875098313866,0.981637878905791,0.9942472789938894,0.9602168440671167
2018-07-19 07:00:00,0.9682096410697977,0.9791125573403533,0.9938373537634924,0.9593244939803813
2018-07-19 08:00:00,0.9682096410697977,0.9804691819632361,0.9933046609107975,0.9575285466631693
2018-07-19 09:00:00,0.9673264938327509,0.9855528736271849,0.9934125403503655,0.9530445706321308
2018-07-19 10:00:00,0.968935933502425,0.9855528736271849,0.9936594614092381,0.9544358041533264
2018-07-19 11:00:00,0.969803184821128,0.9822890005123024,0.9938578758284037,0.9547724108476682
2018-07-19 12:00:00,0.969803184821128,0.9773142080631491,0.9933924073410297,0.9545371985197281
2018-07-19 13:00:00,0.971855197249542,0.9750422358110671,0.9931925170324831,0.9548314919590422
2018-07-20 07:00:00,0.9723248377755728,0.9750422358110672,0.9939485453580887,0.9542381701960174
2018-07-20 08:00:00,0.9747373561420196,0.9773142080631491,0.9946139041540092,0.9565898609056234
2018-07-20 09:00:00,0.9766525514071166,0.9783740057909083,0.9950289931053883,0.9577924864598106
2018-07-20 10:00:00,0.9792631688500023,0.9783740057909082,0.9950808485307642,0.9603793894973567
2018-07-20 11:00:00,0.9813151812784162,0.9828935310118819,0.9948339274718918,0.9626366418783979
2018-07-20 12:00:00,0.9834682296402165,0.9861574041267646,0.9948339274718918,0.9643950108249791
2018-07-20 13:00:00,0.9851673379930518,0.989130875765474,0.9949658581427471,0.9661909581421912
2018-07-23 07:00:00,0.9861097173379407,0.9921043474041834,0.9955793615132914,0.9661909581421912
2018-07-23 08:00:00,0.9849567480649177,0.9921043474041834,0.9957817510480065,0.9658543514478495
2018-07-23 09:00:00,0.9867304064933627,0.9944375105852772,0.9960746337902776,0.96731369207072
2018-07-23 10:00:00,0.9849567480649177,0.9930247081881319,0.9954092749943573,0.966920494108566
2018-07-23 11:00:00,0.9823152603671933,0.9936566791591576,0.9954474308424363,0.9663647507161719
2018-07-23 12:00:00,0.9834682296402167,0.9950886004378737,0.9954474308424363,0.9634765982014749
2018-07-23 13:00:00,0.9834682296402165,0.9965205217165898,0.9954474308424363,0.9624104555407587
2018-07-24 07:00:00,0.9842304556322902,0.9965205217165898,0.9952274075245539,0.9627047489800729
2018-07-24 08:00:00,0.9840889187956385,0.9958357687889353,0.9946139041540094,0.9603530582704667
2018-07-24 09:00:00,0.9834682296402165,0.9950886004378737,0.9944154897348436,0.9598563959894468
2018-07-24 10:00:00,0.985167337993052,0.9933526448697922,0.9948339274718916,0.958570847940557
2018-07-24 11:00:00,0.9868755604128127,0.9940373977974467,0.9954474308424363,0.9594631980272927
2018-07-24 12:00:00,0.9876672888541246,0.9927206738987662,0.9956076894135228,0.9599598603083126
2018-07-24 13:00:00,0.9892248603703082,0.99652052171659,0.9960746337902776,0.9608258791681582
2018-07-25 07:00:00,0.9884331319289963,0.99652052171659,0.9954092749943573,0.9611201726074721
2018-07-25 08:00:00,0.9884331319289963,0.9957733533655283,0.9948339274718916,0.9599926101927966
2018-07-25 09:00:00,0.9892248603703082,0.994456629466848,0.9946139041540092,0.9608849602795322
2018-07-25 10:00:00,0.9876672888541246,0.9957733533655283,0.9939110961813407,0.9579968077648353
2018-07-25 11:00:00,0.9876672888541246,0.9950886004378737,0.9937126817621751,0.9579968077648353
2018-07-25 12:00:00,0.9882879780095464,0.9950886004378738,0.9939485453580887,0.9597927550820474
2018-07-25 13:00:00,0.9894936823774113,0.9966578931297058,0.9946139041540092,0.9601859530442015
2018-07-26 07:00:00,0.9914383618152423,0.9950886004378738,0.9950808485307642,0.9610519719040473
2018-07-26 08:00:00,0.9923752441760041,0.995910724778644,0.9948339274718916,0.9681298070104685
2018-07-26 09:00:00,0.9923752441760041,0.99734264605736,0.9941311194992231,0.9699938614293554
2018-07-26 10:00:00,0.9923752441760041,0.9950886004378738,0.9941311194992231,0.9699938614293554
2018-07-26 11:00:00,0.9925394381617054,0.9922025838473617,0.9942913780703097,0.9714907804228569
2018-07-26 12:00:00,0.9909818666455218,0.9922025838473617,0.9937987229496286,0.9697324114762754
2018-07-26 13:00:00,0.9900860636099057,0.9922025838473617,0.9939110961813407,0.9700690181706172
2018-07-27 07:00:00,0.9903846831265506,0.9902991097579128,0.9939110961813407,0.9695961972729257
2018-07-27 08:00:00,0.9899105878086004,0.9853649384370213,0.9939110961813407,0.9692029993107716
2018-07-27 09:00:00,0.9883530162924168,0.9816534188710183,0.9934456276939668,0.9688663926164299
2018-07-27 10:00:00,0.9880648856182933,0.9746942430565563,0.9926895993683613,0.9693630548974499
2018-07-27 11:00:00,0.988827111610367,0.9708943952387327,0.9928841919368757,0.9684970360376043
2018-07-27 12:00:00,0.9883530162924168,0.9693251025469009,0.9928841919368757,0.9665034547630831
2018-07-27 13:00:00,0.9881369293801553,0.9762842783613629,0.9931925170324831,0.9656374359032375
2018-07-30 07:00:00,0.9858936304256793,0.9769162493323889,0.9931925170324831,0.9677276766597634
2018-07-30 08:00:00,0.9864542001897041,0.9800841261791866,0.9934125403503655,0.9685186323800974
2018-07-30 09:00:00,0.9882278586181492,0.9855316013132712,0.9941685686759711,0.9702770013266785
2018-07-30 10:00:00,0.9904711575726253,0.9895519414068513,0.9948339274718916,0.9714796268808659
2018-07-30 11:00:00,0.9899105878086004,0.9895519414068513,0.9946139041540092,0.9699827078873646
2018-07-30 12:00:00,0.9881369293801552,0.9872978957873649,0.9939110961813407,0.9684619475105348
2018-07-30 13:00:00,0.989489227585492,0.9895519414068513,0.9942913780703094,0.9684619475105348
2018-07-31 07:00:00,0.9911162921764652,0.9918059870263376,0.9945382991291821,0.9688551454726889
2018-07-31 08:00:00,0.9897639939711286,0.9930247081881317,0.9937987229496283,0.9688551454726889
2018-07-31 09:00:00,0.9886110246981054,0.9936566791591578,0.9932372871925372,0.9693279663703804
2018-07-31 10:00:00,0.9886110246981054,0.9930247081881317,0.9926614897602062,0.9686175369029376
2018-07-31 11:00:00,0.9872000470193936,0.9930247081881317,0.9919810664594276,0.9665272961464114
2018-07-31 12:00:00,0.985198284801929,0.9930247081881319,0.9912078282239389,0.9647689271998302
2018-07-31 13:00:00,0.9850567479652773,0.9895519414068513,0.9910132356554247,0.9627753459253089
2018-08-01 07:00:00,0.9850567479652773,0.9872978957873649,0.9912807079921483,0.9624387392309672
2018-08-01 08:00:00,0.9850567479652773,0.9834980479695414,0.9910132356554247,0.9630696393646231
2018-08-01 09:00:00,0.9850567479652773,0.9834980479695414,0.9910493472167489,0.962045541268813
2018-08-01 10:00:00,0.9850567479652773,0.9857520935890275,0.9915890330877557,0.9624387392309672
2018-08-01 11:00:00,0.9848152112282659,0.9886381101795398,0.9921091978174477,0.9645289799874934
2018-08-01 12:00:00,0.9859681805012891,0.9912887526200501,0.9928487739970014,0.9662635075507461
2018-08-01 13:00:00,0.9859681805012891,0.9899720287213698,0.9925340112305745,0.9656701857877215
2018-08-02 07:00:00,0.9848980980600084,0.9873213862808592,0.9916303778314406,0.9659053981156613
2018-08-02 08:00:00,0.9855432326638487,0.9838096351553618,0.9914054547268608,0.966771416975507
2018-08-02 09:00:00,0.987379158180001,0.9845568035064233,0.9914054547268608,0.9672442378731982
2018-08-02 10:00:00,0.9857520935890275,0.9845568035064233,0.9906297669859827,0.966771416975507
2018-08-02 11:00:00,0.9839161680728753,0.9805364634128435,0.9896322387351755,0.9663782190133526
2018-08-02 12:00:00,0.9817317534954475,0.9768249438468403,0.9889728126039675,0.9641708705524086
2018-08-02 13:00:00,0.9815036497064284,0.9768249438468403,0.9887678526817912,0.9631047278916925
2018-08-03 07:00:00,0.9815036497064284,0.9768249438468403,0.9895967607756063,0.9631047278916925
2018-08-03 08:00:00,0.9810054610628203,0.9737059630807434,0.9897485003448456,0.9631047278916925
2018-08-03 09:00:00,0.9817317534954476,0.9768249438468403,0.9897485003448456,0.9635775487893838
2018-08-03 10:00:00,0.9798524917897969,0.9721366703889114,0.9893839701595546,0.9606893962746869
2018-08-03 11:00:00,0.9802632479387795,0.9677500723803194,0.9893839701595546,0.9606893962746869
2018-08-03 12:00:00,0.979231802634375,0.9582400516447279,0.9893839701595546,0.9606893962746869
2018-08-03 13:00:00,0.9810054610628202,0.9607231755638714,0.9897485003448454,0.9610260029690284
2018-08-06 07:00:00,0.9814162172118027,0.9567028354702916,0.9897485003448454,0.9632333514299727
2018-08-06 08:00:00,0.983252142727955,0.9607231755638715,0.9904079264760534,0.962536128993152
2018-08-06 09:00:00,0.9842173159390861,0.9657398929446677,0.9911317587915552,0.9633412036973122
2018-08-06 10:00:00,0.9849850664681856,0.9649177686038973,0.9914541580132179,0.9641514136792928
2018-08-06 11:00:00,0.9874487861573585,0.9649177686038973,0.9917784127146116,0.9623281779703086
2018-08-06 12:00:00,0.9880012317219048,0.9657398929446676,0.9913566818961356,0.9637555622291744
2018-08-06 13:00:00,0.9880012317219047,0.9657398929446677,0.9907808844638043,0.9650129595908622
2018-08-07 07:00:00,0.9889209714161297,0.9694514125106707,0.9904079264760532,0.9683236543545561
2018-08-07 08:00:00,0.9889209714161297,0.9654310724170906,0.9904079264760532,0.9672207830876471
2018-08-07 09:00:00,0.987588271735508,0.9547515010255655,0.9904079264760532,0.9660444923996098
2018-08-07 10:00:00,0.9866649673799748,0.9547515010255655,0.9904079264760532,0.96604449239961
2018-08-07 11:00:00,0.9888757547554005,0.9617195528510877,0.9914054547268608,0.9688694006986565
2018-08-07 12:00:00,0.9902084544360222,0.9657398929446677,0.9919451405978676,0.9697164556418633
2018-08-07 13:00:00,0.9915695119464408,0.9747668402062362,0.9928120057901164,0.9712039146965725
2018-08-08 07:00:00,0.9914250426573381,0.9710553206402328,0.9928120057901164,0.9740288229956193
2018-08-08 08:00:00,0.9907040366371322,0.9737059630807434,0.9928120057901164,0.973644235207819
2018-08-08 09:00:00,0.9907040366371322,0.9747668402062362,0.9920363180492384,0.9714364117110339
2018-08-08 10:00:00,0.9914250426573381,0.9747668402062362,0.9917361766374289,0.9686115034119874
2018-08-08 11:00:00,0.9909872895024529,0.9747668402062362,0.9916253397707858,0.9696131760020495
2018-08-08 12:00:00,0.9921797865572117,0.9747668402062362,0.9920363180492384,0.9719133698348027
2018-08-08 13:00:00,0.9917460092814991,0.9710553206402329,0.9911694528569898,0.9739578388959307
2018-08-09 07:00:00,0.991193563716953,0.9737059630807434,0.9911694528569898,0.9731107839527239
2018-08-09 08:00:00,0.9920763840998789,0.9774174826467463,0.9919451405978676,0.9738246074853552
2018-08-09 09:00:00,0.9939638229118585,0.9813585877536134,0.9923090881259944,0.9734400196975546
2018-08-09 10:00:00,0.9930405185563251,0.9834224800033555,0.9918421437492395,0.9713955506364268
2018-08-09 11:00:00,0.992157698173399,0.9845568035064233,0.9909023987887816,0.9705227410625394
2018-08-09 12:00:00,0.9902702593614195,0.9845568035064233,0.9903145621784669,0.9705227410625394
2018-08-09 13:00:00,0.9893842458169767,0.9845568035064233,0.9893170339276597,0.9702926793695178
2018-08-10 07:00:00,0.9885295633579649,0.9845568035064233,0.9893170339276597,0.9693099576942957
2018-08-10 08:00:00,0.9873933037845506,0.9864602775958721,0.9893170339276597,0.9685961341616649
2018-08-10 09:00:00,0.9858704319114119,0.9845568035064233,0.9893170339276597,0.9674198434736275
2018-08-10 10:00:00,0.9833664732539961,0.9845568035064233,0.9886082824186767,0.9661624461119398
2018-08-10 11:00:00,0.9811776950517903,0.9805364634128432,0.9885379382496509,0.9632314844918209
2018-08-10 12:00:00,0.9794167869740605,0.9818531873115235,0.9880815782708726,0.9614748644881242
2018-08-10 13:00:00,0.9816055651762662,0.9793700633923802,0.9878002544787411,0.9618041002329549
2018-08-13 07:00:00,0.982488385559192,0.9793700633923802,0.9882566144575194,0.9625179237655858
2018-08-13 08:00:00,0.9842492936369218,0.9793700633923804,0.9882566144575194,0.9648181175983394
2018-08-13 09:00:00,0.9842492936369218,0.9764057121774389,0.9873763073479487,0.9677490792184582
2018-08-13 10:00:00,0.9867532522943379,0.9795735890242367,0.9874281627733243,0.9681336670062584
2018-08-13 11:00:00,0.9872816007078277,0.9764057121774389,0.9874281627733243,0.9661514452560179
2018-08-13 12:00:00,0.9855206926300978,0.9764057121774389,0.9863098648904776,0.966865268788649
2018-08-13 13:00:00,0.9842092310274408,0.973643040416129,0.9858627982646739,0.9665360330438185
2018-08-14 07:00:00,0.9845396058458208,0.973643040416129,0.9861715416287968,0.96715311784608
2018-08-14 08:00:00,0.9855206926300979,0.973643040416129,0.9863098648904773,0.9684650752661328
2018-08-14 09:00:00,0.9855206926300979,0.973643040416129,0.9858627982646739,0.9689508617307798
2018-08-14 10:00:00,0.9876734490252439,0.9795735890242367,0.9865866305801759,0.9692800974756106
2018-08-14 11:00:00,0.9878493427233858,0.9818531873115237,0.9865866305801759,0.9702817700656727
2018-08-14 12:00:00,0.9896102508011155,0.9846177700859599,0.9869810961475209,0.9711288250088793
2018-08-14 13:00:00,0.9874574944059694,0.9816534188710185,0.9856913236827584,0.9705484956932202
2018-08-15 07:00:00,0.9859701391051707,0.9816534188710185,0.9851363581983243,0.9685985694831045
2018-08-15 08:00:00,0.9855073049635754,0.9816534188710183,0.9846786904683467,0.9674222787950671
2018-08-15 09:00:00,0.9869946602643739,0.9816534188710183,0.9846786904683467,0.9688496630539332
2018-08-15 10:00:00,0.9868187665662324,0.9816534188710185,0.9846786904683468,0.9688496630539332
2018-08-15 11:00:00,0.988417860281242,0.9833893744391001,0.9846786904683467,0.9700259537419705
2018-08-15 12:00:00,0.990357661458507,0.9879230183458734,0.9846786904683467,0.9708730086851771
2018-08-15 13:00:00,0.9898293130450172,0.9850370017553611,0.9846786904683467,0.9708730086851771
2018-08-16 07:00:00,0.9898293130450172,0.9850370017553611,0.9841052223336364,0.9696967179971399
2018-08-16 08:00:00,0.9898293130450172,0.9850370017553611,0.9849580621890054,0.9705437729403467
2018-08-16 09:00:00,0.9898293130450172,0.988235217508171,0.9844351528203832,0.9742826146942839
2018-08-16 10:00:00,0.9910218100997763,0.9908858599486814,0.9849580621890054,0.9742826146942837
2018-08-16 11:00:00,0.9910218100997763,0.9908858599486814,0.9856457829431831,0.9746672024820843
2018-08-16 12:00:00,0.9921580696731905,0.9922025838473617,0.9870313741453453,0.974996438226915
2018-08-16 13:00:00,0.990973012395799,0.9909838626855674,0.9870313741453453,0.9758434931701215
2018-08-17 07:00:00,0.9911569066554876,0.9909838626855673,0.9870313741453453,0.9748418205800592
2018-08-17 08:00:00,0.9903651012358745,0.9878159858387696,0.9875824425487747,0.9753042877354654
2018-08-17 09:00:00,0.9900053132780445,0.9840161380209459,0.9883297145630217,0.9753042877354654
2018-08-17 10:00:00,0.9900053132780445,0.9859196121103945,0.9890101475898273,0.9748418205800592
2018-08-17 11:00:00,0.9900053132780442,0.9859196121103945,0.9895730921942837,0.9766650562890435
2018-08-17 12:00:00,0.9886442557676258,0.9805043868954479,0.9896190538776825,0.9766650562890435
2018-08-17 13:00:00,0.9890820089225112,0.9798196339677937,0.9905275806176553,0.9766650562890435
2018-08-20 07:00:00,0.989610357336001,0.9817231080572424,0.9905275806176553,0.9777078527601092
2018-08-20 08:00:00,0.9896103573360012,0.9865515830814207,0.9901472987286866,0.9785549077033158
2018-08-20 09:00:00,0.9909713083115342,0.9865515830814204,0.9906227621072888,0.9795565802933781
2018-08-20 10:00:00,0.9907954146133925,0.9897194599282182,0.9901472987286863,0.9790941131379717
2018-08-20 11:00:00,0.988417860281242,0.9853328619196262,0.9889188126137614,0.9773742486208777
2018-08-20 12:00:00,0.9861386995608306,0.9793700633923804,0.9881859547750734,0.9756777034130246
2018-08-20 13:00:00,0.9863145932589722,0.9751735593392281,0.9876916050638651,0.9746760308229625
2018-08-21 07:00:00,0.9874574944059694,0.9763078828422959,0.988424462902553,0.9752931156252242
2018-08-21 08:00:00,0.9884740977625868,0.9709348564567127,0.9897142353673158,0.9738657313663582
2018-08-21 09:00:00,0.9874574944059694,0.9703028854856867,0.9897142353673158,0.973285402050699
2018-08-21 10:00:00,0.9862649973512105,0.9751313605098647,0.9897142353673158,0.9724383471074924
2018-08-21 11:00:00,0.9851220962042133,0.9726803131081168,0.9889188126137614,0.9704884208973767
2018-08-21 12:00:00,0.9836880619018812,0.9726803131081168,0.9885662366640423,0.9681377885929171
2018-08-21 13:00:00,0.9836880619018812,0.9636533658465481,0.9885662366640423,0.9660727739038071
2018-08-22 07:00:00,0.9807045277757951,0.9566941900320862,0.987656773150426,0.9642281519585427
2018-08-22 08:00:00,0.9819591673370034,0.9634415390063676,0.9881426722027935,0.9657156110132521
2018-08-22 09:00:00,0.9836880619018811,0.9682700140305459,0.9885662366640423,0.9657156110132521
2018-08-22 10:00:00,0.9807045277757949,0.9636192134124814,0.9877542492675085,0.9631853554874773
2018-08-22 11:00:00,0.9807045277757951,0.9668380927518296,0.9881426722027935,0.9625682706852156
2018-08-22 12:00:00,0.979273994516445,0.963258620624346,0.9885662366640423,0.9613919799971782
2018-08-22 13:00:00,0.979273994516445,0.9626266496533201,0.9892990945027303,0.9617212157420088
2018-08-23 07:00:00,0.9792739945164449,0.9603726040338338,0.9899533740832526,0.9624948512640872
2018-08-23 08:00:00,0.980826995383181,0.954226676549082,0.989428585326875,0.9624948512640872
2018-08-23 09:00:00,0.9775905289433475,0.9487537515902472,0.989108625951923,0.9629573184194933
2018-08-23 10:00:00,0.9792739945164449,0.9603726040338338,0.9899533740832525,0.9646771829365874
2018-08-23 11:00:00,0.980826995383181,0.9653893214146302,0.9902401821379697,0.9669063926696521
2018-08-23 12:00:00,0.9836915629448633,0.9744162686761986,0.9903353636276029,0.9707946430677467
2018-08-23 13:00:00,0.98643355780687,0.9699229653214033,0.9909095701620058,0.9757078264381062
2018-08-24 07:00:00,0.9888111121390206,0.9744162686761983,0.9913368828013007,0.9784471681170247
2018-08-24 08:00:00,0.9896971256834637,0.9755505921792663,0.991243890367576,0.9794899645880901
2018-08-24 09:00:00,0.9896971256834637,0.9782012346197767,0.9917586136197768,0.9791053768002898
2018-08-24 10:00:00,0.9886425516833609,0.9702351644837008,0.9914329158610498,0.9794899645880903
2018-08-24 11:00:00,0.9874574944059694,0.969100840980633,0.9914329158610498,0.9781780071680376
2018-08-24 12:00:00,0.9884740977625867,0.9758481899549145,0.9914329158610498,0.9781780071680376
2018-08-24 13:00:00,0.9879678292460653,0.9744162686761986,0.9914329158610498,0.9786404743234438
2018-08-27 07:00:00,0.9879678292460653,0.9755505921792663,0.9909181926088492,0.977926650790813
2018-08-27 08:00:00,0.986951225889448,0.9784366087697782,0.9904816189342566,0.9768838543197473
2018-08-27 09:00:00,0.9859346225328307,0.9784366087697782,0.9908230111192154,0.9764213871643409
2018-08-27 10:00:00,0.9869512258894477,0.977614484429008,0.9919588626317035,0.9774641836354065
2018-08-27 11:00:00,0.9854638705886493,0.977614484429008,0.9912917726880175,0.977793419380237
2018-08-27 12:00:00,0.9869867424617882,0.9776144844290082,0.9914329158610496,0.9774088315924366
2018-08-27 13:00:00,0.9869867424617882,0.9776144844290082,0.9914329158610498,0.9760480630388586
2018-08-28 07:00:00,0.9869867424617882,0.9842062319763857,0.9921470365550614,0.9774088315924366
2018-08-28 08:00:00,0.9875946536217127,0.985522955875066,0.9925109840831883,0.9787696001460147
2018-08-28 09:00:00,0.9875946536217127,0.9843042347132717,0.9918438941395025,0.979752321821237
2018-08-28 10:00:00,0.9898738143421241,0.9878159858387696,0.9921456339804275,0.9805259573433152
2018-08-28 11:00:00,0.9914186595773457,0.9912887526200502,0.9917487126498689,0.9796789024001086
2018-08-28 12:00:00,0.9892659031821998,0.9912887526200502,0.9910014406356219,0.978806092826221
2018-08-28 13:00:00,0.9875946536217125,0.9900700314582558,0.9905703226378592,0.9762758373004462
2018-08-29 07:00:00,0.9898738143421241,0.9925531553773993,0.9905703226378592,0.9777399770459146
2018-08-29 08:00:00,0.989183651565914,0.9925531553773993,0.9908786477334668,0.9772775098905084
2018-08-29 09:00:00,0.9898738143421241,0.9925531553773993,0.9913502112268732,0.9779913334231397
2018-08-29 10:00:00,0.9887309131951271,0.9901021079756511,0.9904728465207767,0.9790341298942051
2018-08-29 11:00:00,0.9869370909349646,0.9863905884096481,0.9892969115961162,0.9762947882152866
2018-08-29 12:00:00,0.9891258691371703,0.9863905884096479,0.9892969115961162,0.9762947882152866
2018-08-29 13:00:00,0.9887309131951268,0.9848212957178162,0.9892969115961162,0.975910200427486
2018-08-30 07:00:00,0.9872968788927948,0.9806267026777902,0.9885003577274023,0.9764905297431452
2018-08-30 08:00:00,0.987691834834838,0.9788907471097085,0.9887616520726838,0.977747927104833
2018-08-30 09:00:00,0.9894856570950004,0.9766367014902222,0.9892969115961162,0.9799069394680923
2018-08-30 10:00:00,0.9913495642622034,0.9731249503647244,0.9890558842792208,0.981663559471789
2018-08-30 11:00:00,0.990973012395799,0.9752556511550086,0.9887071136879697,0.9806207630007235
2018-08-30 12:00:00,0.9894856570950004,0.9693251025469009,0.9878153783296225,0.9814678179439302
2018-08-30 13:00:00,0.9894856570950004,0.9661572257001031,0.9875799696362502,0.9800036781984616
2018-08-31 07:00:00,0.988517957977246,0.9607420004851565,0.9870435118177943,0.9777958547016768
2018-08-31 08:00:00,0.988517957977246,0.9547370031285473,0.9864398853957422,0.9786429096448835
2018-08-31 09:00:00,0.9894856570950004,0.9559135254609784,0.9866617259056718,0.9806873787060113
2018-08-31 10:00:00,0.9913495642622034,0.9547370031285473,0.9864398853957422,0.981534433649218
2018-08-31 11:00:00,0.9911569066554876,0.9547370031285473,0.9874315048979527,0.9825772301202835
2018-08-31 12:00:00,0.9917357568572194,0.9559135254609784,0.9880351313200051,0.9814009394322463
2018-08-31 13:00:00,0.9911569066554876,0.9559135254609784,0.9882416586517139,0.9836087629290311
2018-09-04 07:00:00,0.9913495642622037,0.9547370031285473,0.9894175935763744,0.9840712300844373
2018-09-04 08:00:00,0.9907971186976573,0.9536026796254796,0.9899725590608082,0.9840712300844373
2018-09-04 09:00:00,0.9904205668312529,0.9557333804157636,0.989784879698007,0.9823146100807406
2018-09-04 10:00:00,0.9904205668312529,0.9633860050886336,0.9901383965970868,0.9823146100807406
2018-09-04 11:00:00,0.9907971186976573,0.9622094827562025,0.9906207999728186,0.9823146100807406
2018-09-04 12:00:00,0.9909730123957988,0.9567942575412561,0.9904584763998885,0.983490900768778
2018-09-04 13:00:00,0.9894856570950004,0.950318155200817,0.9900698270458266,0.984204724301409
2018-09-05 07:00:00,0.9894856570950004,0.9408081344652256,0.9900698270458266,0.9835098516836183
2018-09-05 08:00:00,0.9900645072967323,0.9487742046013014,0.9909408797756203,0.9826627967404115
2018-09-05 09:00:00,0.9896695513546889,0.9557333804157636,0.990891909256678,0.9804549732436266
2018-09-05 10:00:00,0.9890907011529572,0.9611808555498482,0.990891909256678,0.9794121767725611
2018-09-05 11:00:00,0.9881230020352025,0.9652011956434282,0.9912381707069847,0.9797414125173917
2018-09-05 12:00:00,0.9904021627556139,0.9706164208583749,0.99228562224084,0.9807842089884573
2018-09-05 13:00:00,0.9907971186976573,0.9777557417180517,0.9925629840930049,0.9826074446974415
2018-09-06 07:00:00,0.9902687702841674,0.9798196339677938,0.9928223986228528,0.9814311540094044
2018-09-06 08:00:00,0.9902687702841674,0.9836194817856174,0.9929769134942726,0.9814311540094045
2018-09-06 09:00:00,0.9911920746397006,0.9836194817856174,0.993338821160245,0.9821449775420353
2018-09-06 10:00:00,0.9907971186976573,0.9836194817856174,0.993210628599923,0.9829920324852421
2018-09-06 11:00:00,0.9923419639328789,0.9764801609259404,0.9928223986228528,0.9841683231732795
2018-09-06 12:00:00,0.9921580696731905,0.9744162686761986,0.9926532319489979,0.9837058560178733
2018-09-06 13:00:00,0.990973012395799,0.9744162686761986,0.9922174429218595,0.9825295653298359
2018-09-07 07:00:00,0.9886938516753875,0.9744162686761986,0.9913463901920658,0.9795986037097171
2018-09-07 08:00:00,0.9886938516753875,0.9744162686761986,0.9914745827523879,0.9799831914975174
2018-09-07 09:00:00,0.9886938516753875,0.9744162686761983,0.9919837278162092,0.9803124272423479
2018-09-07 10:00:00,0.9886938516753875,0.9749638419884978,0.9910624800524577,0.9818160046036011
2018-09-07 11:00:00,0.9905577588425906,0.9771689915272832,0.991256142336073,0.982798726278823
2018-09-07 12:00:00,0.991742816119982,0.9798196339677937,0.9909038943592038,0.9817970536887609
2018-09-07 13:00:00,0.991190370555436,0.9777557417180517,0.9907347276853486,0.9817970536887609
2018-09-10 07:00:00,0.9917428161199822,0.9723405165031052,0.9909038943592038,0.9821816414765611
2018-09-10 08:00:00,0.9937650892378393,0.9777557417180517,0.9910624800524577,0.9841315676866769
2018-09-10 09:00:00,0.9950446168898945,0.9825842167422297,0.9909038943592038,0.9841315676866769
2018-09-10 10:00:00,0.9952469152252219,0.986970814750822,0.9910624800524576,0.9841315676866769
2018-09-10 11:00:00,0.995799360789768,0.9834980479695412,0.9909285854499502,0.9855589519455428
2018-09-10 12:00:00,0.9956234670916265,0.9791114499609493,0.990316922943233,0.9852297162007122
2018-09-10 13:00:00,0.9939489834975278,0.9796982001517176,0.990316922943233,0.9848451284129118
2018-09-11 07:00:00,0.9950446168898948,0.9796982001517176,0.9906444798293557,0.9848451284129116
2018-09-11 08:00:00,0.9950446168898945,0.9796982001517176,0.9909038943592038,0.9848451284129116
2018-09-11 09:00:00,0.9950446168898948,0.9825842167422297,0.9915858488155341,0.9844605406251112
2018-09-11 10:00:00,0.995799360789768,0.9869708147508218,0.9926333003493895,0.9844605406251112
2018-09-11 11:00:00,0.995799360789768,0.9869708147508218,0.9920283446483962,0.9839980734697052
2018-09-11 12:00:00,0.995799360789768,0.9869708147508218,0.9915858488155341,0.9831510185264986
2018-09-11 13:00:00,0.995799360789768,0.9831709669329982,0.9914166821416791,0.9825339337242366
2018-09-12 07:00:00,0.995799360789768,0.9831709669329982,0.9909485111913906,0.9828631694690673
2018-09-12 08:00:00,0.9945198331377131,0.9825842167422297,0.9909485111913906,0.9803329139432923
2018-09-12 09:00:00,0.9947037273974014,0.9825842167422297,0.9915858488155341,0.9811799688864989
2018-09-12 10:00:00,0.9941248771956696,0.9852348591827402,0.9921908045165274,0.9822227653575644
2018-09-12 11:00:00,0.9957993607897682,0.989034707000564,0.9926333003493895,0.9833256366244734
2018-09-12 12:00:00,0.9969394028636739,0.9928345548183876,0.9929952080153618,0.9847530208833394
2018-09-12 13:00:00,0.9965796149058438,0.9928345548183873,0.9927178461631971,0.9867974899444671
2018-09-13 07:00:00,0.9965796149058438,0.993519307746042,0.9927178461631969,0.9867974899444671
2018-09-13 08:00:00,0.9971320604703899,0.9957733533655282,0.9927178461631971,0.9876445448876737
2018-09-13 09:00:00,0.9969394028636739,0.99734264605736,0.9935236041483124,0.9858879248839773
2018-09-13 10:00:00,0.9965796149058438,0.99734264605736,0.9933507947558037,0.9848451284129116
2018-09-13 11:00:00,0.9956234670916265,0.9980273989850146,0.9929069444366605,0.9845158926680814
2018-09-13 12:00:00,0.995439572831938,0.99734264605736,0.9935236041483126,0.9838020691354502
2018-09-13 13:00:00,0.9945162684764047,0.99734264605736,0.9933507947558037,0.9832584953063932
2018-09-14 07:00:00,0.9945162684764047,0.9987745673360762,0.9935791860890261,0.982678165990734
2018-09-14 08:00:00,0.9932181945402703,0.9980898144084217,0.992967523582309,0.9804703424939494
2018-09-14 09:00:00,0.9932181945402703,0.9987745673360763,0.993014215981913,0.9786471067849649
2018-09-14 10:00:00,0.9932181945402703,0.9987745673360762,0.9936258784886304,0.9800078753385432
2018-09-14 11:00:00,0.9939984486563459,0.9987745673360762,0.9935791860890263,0.9804703424939494
2018-09-14 12:00:00,0.9929600406732874,0.9987745673360762,0.9934100194151713,0.979696706971871
2018-09-14 13:00:00,0.9929600406732874,0.99734264605736,0.9935023428385812,0.9793121191840705
2018-09-17 07:00:00,0.9931729958911683,0.99734264605736,0.9938003249596584,0.9798924484997297
2018-09-17 08:00:00,0.9914250426573381,0.9987745673360762,0.9928400521031231,0.9807395034429365
2018-09-17 09:00:00,0.9907040366371322,0.9995217356871378,0.992747728679713,0.981124091230737
2018-09-17 10:00:00,0.9891005526924048,0.9980898144084217,0.9920959116521412,0.981124091230737
2018-09-17 11:00:00,0.9869883159434206,0.99734264605736,0.9913062113644397,0.9801224186406745
2018-09-17 12:00:00,0.9851789980434446,0.9950886004378738,0.9901706042841129,0.9790195473737657
2018-09-17 13:00:00,0.9846297255930259,0.9922025838473617,0.9894567819469356,0.977707589953713
2018-09-18 07:00:00,0.9833316516568915,0.994456629466848,0.9893644585235255,0.9773230021659124
2018-09-18 08:00:00,0.9833316516568915,0.9937718765391934,0.9893644585235255,0.978324674755975
2018-09-18 09:00:00,0.9833316516568915,0.9911212340986831,0.9893644585235255,0.9790195473737655
2018-09-18 10:00:00,0.9833316516568915,0.9893549396245894,0.9884301680085262,0.9768605350105063
2018-09-18 11:00:00,0.9833316516568915,0.9918059870263375,0.9881082460747685,0.9773230021659124
2018-09-18 12:00:00,0.9815033697751596,0.9930247081881319,0.9878149409725003,0.976280205694847
2018-09-18 13:00:00,0.9787613749131528,0.9911212340986831,0.9873321665811667,0.9754331507516405
2018-09-19 07:00:00,0.9770829154398811,0.9902991097579129,0.9881082460747685,0.9747193272190094
2018-09-19 08:00:00,0.9770829154398811,0.9864992619400894,0.987625842699037,0.9740244546012184
2018-09-19 09:00:00,0.9777585922155653,0.9829875108145916,0.987011150314709,0.9753364120212712
2018-09-19 10:00:00,0.9781633953768812,0.9786009128059995,0.9867238521226609,0.9749357059269274
2018-09-19 11:00:00,0.9781633953768812,0.9754026970531897,0.9858076448745376,0.9754792797559839
2018-09-19 12:00:00,0.9781633953768812,0.9677500723803194,0.9853330611778649,0.9749357059269271
2018-09-19 13:00:00,0.9781633953768812,0.9635535683271672,0.986094943066586,0.9742218823942961
2018-09-20 07:00:00,0.9801361465477157,0.9666725490932643,0.9862796876532939,0.9753981730823333
2018-09-20 08:00:00,0.9804104664317429,0.9666725490932643,0.986279687653294,0.9749357059269271
2018-09-20 09:00:00,0.9804104664317429,0.9689265947127503,0.9872448654203594,0.9740886509837203
2018-09-20 10:00:00,0.9826212538071685,0.974341819927697,0.9878149409725003,0.9749357059269271
2018-09-20 11:00:00,0.9801361465477157,0.974341819927697,0.9868987337243771,0.9744732387715209
2018-09-20 12:00:00,0.9781633953768812,0.9766214182149839,0.9863286581722361,0.9734715661814588
2018-09-20 13:00:00,0.979991677258613,0.9797892950617817,0.9867096354509137,0.9741853897140899
2018-09-21 07:00:00,0.979991677258613,0.9781416677455207,0.9861964418322743,0.9748024745163516
2018-09-21 08:00:00,0.9822024646340387,0.9818531873115235,0.9871920388266455,0.9771531068208111
2018-09-21 09:00:00,0.9838809241073102,0.9846177700859599,0.9873321665811667,0.9780001617640177
2018-09-21 10:00:00,0.9840307465157706,0.9797892950617816,0.9873321665811667,0.9780001617640177
2018-09-21 11:00:00,0.9840307465157705,0.9818531873115237,0.9882483738292899,0.9771531068208111
2018-09-21 12:00:00,0.985709205989042,0.9834224800033555,0.9895045862780466,0.9766906396654049
2018-09-21 13:00:00,0.9854844080520376,0.9818531873115237,0.9903107320386342,0.9761103103497457
2018-09-24 07:00:00,0.9854844080520375,0.9834224800033555,0.9914463391189609,0.9761103103497457
2018-09-24 08:00:00,0.9872937259520138,0.9818531873115237,0.992141542675947,0.9791909434204177
2018-09-24 09:00:00,0.9894059627009977,0.9846177700859599,0.9921882350755511,0.9799047669530487
2018-09-24 10:00:00,0.9891005526924048,0.9846177700859596,0.9921882350755511,0.9784773826941827
2018-09-24 11:00:00,0.9875776808192659,0.9878159858387696,0.9921882350755511,0.9776303277509761
2018-09-24 12:00:00,0.9853668934438403,0.9864992619400892,0.9921882350755511,0.9780149155387765
2018-09-24 13:00:00,0.9866995931244621,0.9829875108145916,0.9921882350755511,0.9780149155387767
2018-09-25 07:00:00,0.9875776808192659,0.9829875108145916,0.9921882350755511,0.9794422997976425
2018-09-25 08:00:00,0.9875776808192659,0.9829875108145913,0.9921882350755513,0.9804850962687082
2018-09-25 09:00:00,0.9878719725168291,0.9848909849040401,0.9921882350755513,0.9813321512119147
2018-09-25 10:00:00,0.9875776808192659,0.9829875108145913,0.9921882350755513,0.9813321512119147
2018-09-25 11:00:00,0.9875776808192659,0.9829875108145916,0.9914463391189609,0.9810029154670841
2018-09-25 12:00:00,0.9875776808192659,0.9848909849040404,0.9913540156955508,0.9801558605238776
2018-09-25 13:00:00,0.9856049296484314,0.9843042347132717,0.9913540156955508,0.979308805580671
2018-09-26 07:00:00,0.9858992213459944,0.9843042347132717,0.9913540156955508,0.9793088055806708
2018-09-26 08:00:00,0.9854654440702819,0.9771649138535947,0.9913540156955508,0.979308805580671
2018-09-26 09:00:00,0.9856049296484314,0.9733650660357712,0.9913540156955508,0.979308805580671
2018-09-26 10:00:00,0.9858992213459944,0.9726803131081168,0.9919589713965441,0.9799258903829325
2018-09-26 11:00:00,0.9877275032277263,0.969100840980633,0.9929735101088715,0.9811021810709699
2018-09-26 12:00:00,0.988765911210785,0.9613856208040492,0.9931104503644683,0.9803217418330511
2018-09-26 13:00:00,0.9883030770691895,0.9613856208040492,0.993708001536248,0.9799371540452507
2018-09-27 07:00:00,0.9885973687667526,0.960068896905369,0.9942465829967758,0.980321741833051
2018-09-27 08:00:00,0.9883030770691895,0.960068896905369,0.9939003215464691,0.980321741833051
2018-09-27 09:00:00,0.9883030770691895,0.960068896905369,0.9931769954992333,0.9797046570307892
2018-09-27 10:00:00,0.9883030770691895,0.9594821467146005,0.9923712375141178,0.9797046570307893
2018-09-27 11:00:00,0.9884475463582922,0.9594821467146005,0.9919756030078343,0.9787029844407271
2018-09-27 12:00:00,0.9884475463582922,0.9557706271485975,0.9919756030078345,0.9778301748668397
2018-09-27 13:00:00,0.9884475463582922,0.956357377339366,0.9919756030078343,0.9791421322868922
2018-09-28 07:00:00,0.9905138644446152,0.9625033048241178,0.9919756030078343,0.981349955783677
2018-09-28 08:00:00,0.9920367363177539,0.9660827769516016,0.9923784847873396,0.9832998819937926
2018-09-28 09:00:00,0.9920367363177539,0.9654960267608331,0.992814273814478,0.9828374148383866
2018-09-28 10:00:00,0.9920367363177539,0.9639520761613174,0.992814273814478,0.9819646052644991
2018-09-28 11:00:00,0.9920367363177539,0.9601522283434939,0.9925858824812553,0.9828374148383866
2018-09-28 12:00:00,0.9932774426361399,0.9601522283434939,0.9926875598799751,0.9828374148383866
2018-09-28 13:00:00,0.9938057910496298,0.9660827769516016,0.992588394327075,0.9828374148383864
2018-10-01 07:00:00,0.9940187462675107,0.9720877743082108,0.9925369119623133,0.982452827050586
2018-10-01 08:00:00,0.9931729958911681,0.9720877743082108,0.9923712375141178,0.9810254427917202
2018-10-01 09:00:00,0.9914250426573379,0.9720877743082108,0.9919756030078343,0.979664674238142
2018-10-01 10:00:00,0.9895376038453584,0.9720877743082108,0.9919756030078345,0.9781772151834326
2018-10-01 11:00:00,0.9895376038453584,0.9737354016244718,0.9917472116746119,0.9770009244953952
2018-10-01 12:00:00,0.9877093219636269,0.9731486514337033,0.9917472116746119,0.975824633807358
2018-10-01 13:00:00,0.9866547479635241,0.9720877743082108,0.9908761589448181,0.9753388473427107
2018-10-02 07:00:00,0.9872905327904969,0.9737354016244718,0.9905058841080583,0.9747217625404491
2018-10-02 08:00:00,0.9861023023989778,0.9742829749367713,0.9899611704089786,0.9718968542414025
2018-10-02 09:00:00,0.9847412448885592,0.969896376928179,0.9894447478715865,0.9722814420292029
2018-10-02 10:00:00,0.9865695267702909,0.9742829749367711,0.9895490677090483,0.9722814420292029
2018-10-02 11:00:00,0.9881765463349398,0.9786695729453632,0.9900422990433664,0.9737689010839122
2018-10-02 12:00:00,0.9900639851469193,0.9821423397266436,0.9905058841080583,0.9725926103958752
2018-10-02 13:00:00,0.9900639851469193,0.9850283563171559,0.9909087658875637,0.9734396653390818
2018-10-03 07:00:00,0.9900639851469193,0.989856831341334,0.9918814960160771,0.9725926103958752
2018-10-03 08:00:00,0.9879976670605964,0.989856831341334,0.9917986940393736,0.9711652261370093
2018-10-03 09:00:00,0.986673989445329,0.9919207235910761,0.9916480461217115,0.9697378418781433
2018-10-03 10:00:00,0.986673989445329,0.993352644869792,0.9917986940393735,0.9682737021326745
2018-10-03 11:00:00,0.986673989445329,0.9940373977974465,0.9916480461217115,0.9691207570758813
2018-10-03 12:00:00,0.9854754490385087,0.9905256466719486,0.9925883943270749,0.9660401240052093
2018-10-03 13:00:00,0.9848965988367767,0.9905256466719486,0.9927689813291865,0.9660401240052093
2018-10-04 07:00:00,0.9854754490385087,0.9905256466719486,0.99322205814265,0.9635098684794345
2018-10-04 08:00:00,0.9851914941712564,0.9905256466719486,0.9924801621860593,0.9639723356348405
2018-10-04 09:00:00,0.9851914941712564,0.9905256466719486,0.9921011229351749,0.963716610863215
2018-10-04 10:00:00,0.9876307408964631,0.994722150725101,0.9921526052999368,0.9662468663889898
2018-10-04 11:00:00,0.9891029261552342,0.994722150725101,0.9930414711405382,0.969327499459662
2018-10-04 12:00:00,0.98955280545293,0.9940373977974465,0.9930414711405382,0.9697899666150682
2018-10-04 13:00:00,0.9893972178527974,0.993352644869792,0.9925369119623133,0.969502117557637
2018-10-05 07:00:00,0.9891029261552342,0.9898408937442943,0.9916480461217115,0.9669718620318621
2018-10-05 08:00:00,0.9891029261552341,0.9898408937442943,0.9910543552440826,0.9646716681991087
2018-10-05 09:00:00,0.9878233985031792,0.9877770014945523,0.9905543164129473,0.9631842091443993
2018-10-05 10:00:00,0.9855397393781051,0.9864602775958721,0.9911798751714231,0.9620813378774903
2018-10-05 11:00:00,0.9878233985031791,0.9884027360295378,0.9921526052999368,0.9620813378774903
2018-10-05 12:00:00,0.9898372388946561,0.9901386915976196,0.9930414711405382,0.9626616671931496
2018-10-05 13:00:00,0.9898372388946561,0.9884027360295378,0.9933690280266609,0.9632419965088088
2018-10-08 07:00:00,0.9882302193300074,0.9840161380209457,0.9928922648859896,0.9647294555635184
2018-10-08 08:00:00,0.9864927164880696,0.9815650906191977,0.9928922648859896,0.9625704432002591
2018-10-08 09:00:00,0.9853498153410728,0.9799174633029367,0.9928922648859897,0.9610668658390061
2018-10-08 10:00:00,0.9860708213612787,0.9816534188710183,0.9930292051415867,0.9635971213647813
2018-10-08 11:00:00,0.9888128162232854,0.9816534188710185,0.9930292051415867,0.9625543248937156
2018-10-08 12:00:00,0.9894528677134982,0.9816534188710185,0.9930292051415867,0.9630167920491218
2018-10-08 13:00:00,0.9888128162232854,0.9816534188710185,0.9930292051415867,0.9630167920491218
2018-10-09 07:00:00,0.9860708213612785,0.9788907471097085,0.9930292051415867,0.9621697371059151
2018-10-09 08:00:00,0.9860708213612785,0.9798045783370201,0.9930292051415867,0.963597121364781
2018-10-09 09:00:00,0.9888128162232854,0.9848212957178162,0.9930292051415867,0.9650845804194904
2018-10-09 10:00:00,0.9893652617878315,0.9848212957178162,0.9933492849443883,0.9669078161284749
2018-10-09 11:00:00,0.9897250497456617,0.9839074644905046,0.9940444885013747,0.9686276806455688
2018-10-09 12:00:00,0.9921026040778124,0.9839074644905046,0.994233586774838,0.9723390815036066
2018-10-09 13:00:00,0.9935169660357451,0.9797109604373524,0.9944619781080606,0.9723390815036066
2018-10-10 07:00:00,0.9922864983375007,0.9797109604373524,0.9944619781080606,0.9714920265603999
2018-10-10 08:00:00,0.9912698949808834,0.9797109604373524,0.9944163470842546,0.9695421003502843
2018-10-10 09:00:00,0.9909101070230534,0.9839074644905046,0.9941389852320898,0.9695421003502842
2018-10-10 10:00:00,0.9905503190652231,0.9830853401497344,0.9939542406453818,0.9681813317967061
2018-10-10 11:00:00,0.9889512253502135,0.9855684640688779,0.9944399188276954,0.9658811379639527
2018-10-10 12:00:00,0.9860827024997245,0.981373871028852,0.9944399188276954,0.9651006987260341
2018-10-10 13:00:00,0.9842187953325214,0.9749871148427058,0.9937309356926334,0.9627500664215746
2018-10-11 07:00:00,0.9834977893123156,0.9796379154607702,0.9934033788065105,0.9613892978679963
2018-10-11 08:00:00,0.9834977893123156,0.9855684640688779,0.9929397937418186,0.9620063826702581
2018-10-11 09:00:00,0.9853616964795187,0.9901021079756512,0.9928430188917654,0.9627800181923366
2018-10-11 10:00:00,0.9851998821167987,0.994122448069231,0.9925369119623133,0.9649878416891212
2018-10-11 11:00:00,0.9842187953325214,0.9909242323164211,0.9915437262842498,0.96469999263169
2018-10-11 12:00:00,0.9822323154656433,0.9872127127504181,0.9904638928272443,0.9608117422335957
2018-10-11 13:00:00,0.9822323154656433,0.9863905884096481,0.9900936179904846,0.9597088709666867
2018-10-12 07:00:00,0.9831610371388668,0.9863905884096481,0.9903513692366387,0.9614287354837806
2018-10-12 08:00:00,0.9831610371388668,0.9893549396245894,0.9903513692366387,0.9608484061681216
2018-10-12 09:00:00,0.9817765967277906,0.9856434200585864,0.989448448625998,0.9601345826354903
2018-10-12 10:00:00,0.9801080292803558,0.982195995369622,0.9884124807122789,0.9579053729024256
2018-10-12 11:00:00,0.9789717697069414,0.981373871028852,0.9889848635613058,0.9589070454924881
2018-10-12 12:00:00,0.979647559066418,0.981373871028852,0.9890891833987676,0.9596208690251189
2018-10-12 13:00:00,0.9825086235686118,0.9796379154607702,0.9890891833987676,0.9606636654961843
2018-10-15 07:00:00,0.9834319279241451,0.9830853401497344,0.9890363459260676,0.9637442985668565
2018-10-15 08:00:00,0.9842237333437579,0.9876189840565076,0.9889848635613058,0.9647459711569188
2018-10-15 09:00:00,0.9859526279086357,0.9893549396245894,0.988491632226988,0.9687984165989678
2018-10-15 10:00:00,0.9872181017553081,0.9876189840565076,0.9878799697202708,0.9708634312880783
2018-10-15 11:00:00,0.9894972624757195,0.990070031458256,0.9879342355760629,0.9700163763448715
2018-10-15 12:00:00,0.9902182684959253,0.9886381101795398,0.9879870730487629,0.9710180489349336
2018-10-15 13:00:00,0.9887309131951268,0.9826753116522937,0.9874958188341236,0.9710180489349336
2018-10-16 07:00:00,0.9898738143421238,0.9826753116522937,0.9868982676623439,0.9733686812393931
2018-10-16 08:00:00,0.9912347653176573,0.9868718157054461,0.9868982676623439,0.9713242121782655
2018-10-16 09:00:00,0.9890820089225112,0.9823381717986729,0.9868982676623439,0.96878715293665
2018-10-16 10:00:00,0.9875946536217127,0.9788907471097087,0.9868982676623439,0.9658561913165312
2018-10-16 11:00:00,0.9898738143421242,0.9788907471097087,0.9868982676623439,0.9664365206321904
2018-10-16 12:00:00,0.9904021627556139,0.9788907471097084,0.9867911643338518,0.9649723808867221
2018-10-16 13:00:00,0.9898738143421241,0.9761261643352723,0.9862070835594002,0.9660151773577876
2018-10-17 07:00:00,0.9902182684959255,0.9729582874884746,0.9860999802309082,0.9654348480421283
2018-10-17 08:00:00,0.9904205668312529,0.9761261643352723,0.9867116427376253,0.9632270245453434
2018-10-17 09:00:00,0.9923603680085179,0.973643040416129,0.9878547139798365,0.9647306019065962
2018-10-17 10:00:00,0.9939673875731667,0.9771547915416269,0.9883547528109717,0.9633032176477303
2018-10-17 11:00:00,0.992912813573064,0.9697394081491263,0.9883547528109717,0.9626861328454687
2018-10-17 12:00:00,0.990973012395799,0.9646564337065386,0.9883547528109717,0.9611825554842156
2018-10-17 13:00:00,0.989109105228596,0.9646564337065388,0.9879342355760629,0.9586550736396993
2018-10-18 07:00:00,0.9869203270263902,0.9591629126422572,0.9874028268405688,0.9574275364966968
2018-10-18 08:00:00,0.9867444333282487,0.9599100809933189,0.9878547139798365,0.9591841565003933
2018-10-18 09:00:00,0.9883543613287225,0.9599100809933189,0.9876961282865825,0.9606716155551027
2018-10-18 10:00:00,0.989109105228596,0.9626746637677552,0.9882668166797666,0.9611340827105092
2018-10-18 11:00:00,0.9894856570950004,0.962674663767755,0.9876961282865828,0.9633419062072939
2018-10-18 12:00:00,0.9907971186976573,0.9681681848320366,0.9869663342616725,0.9622991097362285
2018-10-18 13:00:00,0.9904021627556139,0.9749871148427058,0.9869663342616725,0.9637264939950945
2018-10-19 07:00:00,0.9892659031821995,0.9788907471097085,0.9873103602290398,0.9633419062072939
2018-10-19 08:00:00,0.9892659031821995,0.9804600398015404,0.9874663730928077,0.9627615768916347
2018-10-19 09:00:00,0.9869867424617882,0.9758092391834758,0.9869663342616725,0.9652986361332498
2018-10-19 10:00:00,0.9851929202016257,0.9699041404001182,0.9865530570443714,0.962453727383084
2018-10-19 11:00:00,0.9836700483284871,0.9683348477082865,0.985981848712715,0.961350856116175
2018-10-19 12:00:00,0.9832934964620825,0.9734178221508739,0.9860999802309083,0.9604780465422876
2018-10-19 13:00:00,0.9832934964620825,0.9798045783370201,0.986044206607587,0.961520843013353
2018-10-22 07:00:00,0.9826534449718697,0.9848212957178161,0.986044206607587,0.9606737880701463
2018-10-22 08:00:00,0.9819915888552154,0.9816534188710183,0.9864574838248877,0.961520843013353
2018-10-22 09:00:00,0.9828373392315582,0.9799174633029367,0.9874105994694866,0.9627782403750409
2018-10-22 10:00:00,0.9836700483284869,0.9788888360965822,0.9880861276386047,0.9621979110593816
2018-10-22 11:00:00,0.9828373392315582,0.9781416677455205,0.987321169404487,0.9602156893091411
2018-10-22 12:00:00,0.9809208435536957,0.9797892950617817,0.9864191788281109,0.9580078658123562
2018-10-22 13:00:00,0.9809208435536957,0.9780533394936999,0.986862215128471,0.9571608108691494
2018-10-23 07:00:00,0.9798538051054719,0.9704007148208299,0.9858047796464106,0.9563137559259427
2018-10-23 08:00:00,0.9806865142024009,0.9721366703889114,0.9859592945178303,0.9583582249870706
2018-10-23 09:00:00,0.9836700483284871,0.974341819927697,0.9872431924071486,0.9598456840417802
2018-10-23 10:00:00,0.985192920201626,0.974341819927697,0.9880861276386047,0.9613098237872485
2018-10-23 11:00:00,0.985192920201626,0.9720877743082106,0.9880861276386047,0.9621568787304552
2018-10-23 12:00:00,0.985192920201626,0.9731486514337033,0.9880861276386047,0.9624861144752856
2018-10-23 13:00:00,0.9848163683352213,0.9766214182149838,0.9880861276386047,0.9624861144752856
2018-10-24 07:00:00,0.9872181017553079,0.9797892950617817,0.9890588577671181,0.963358924049173
2018-10-24 08:00:00,0.9873866622109678,0.9818531873115237,0.9895412611428499,0.963358924049173
2018-10-24 09:00:00,0.9872181017553081,0.9805364634128434,0.9894617395466234,0.9642059789923798
2018-10-24 10:00:00,0.9868028482020997,0.9829875108145913,0.9898975285737616,0.965382269680417
2018-10-24 11:00:00,0.985192920201626,0.9829875108145913,0.9898975285737618,0.9659625989960763
2018-10-24 12:00:00,0.985192920201626,0.9829875108145913,0.9898975285737618,0.9650897894221888
2018-10-24 13:00:00,0.9848163683352216,0.9829875108145916,0.989526636121062,0.9647605536773582
2018-10-25 07:00:00,0.9859200278191736,0.9786009128059995,0.9894085046028688,0.9676054624275242
2018-10-25 08:00:00,0.9877839349863767,0.9786009128059994,0.989811380808479,0.9694500843727885
2018-10-25 09:00:00,0.989936691381523,0.9829875108145913,0.9906338724086149,0.9725578955329643
2018-10-25 10:00:00,0.9909912653816254,0.9836194817856172,0.99105811085626,0.9731014693620211
2018-10-25 11:00:00,0.9920763840998789,0.9870922485668979,0.9914609926357653,0.9727168815742205
2018-10-25 12:00:00,0.9920763840998789,0.9870922485668977,0.9925211825202039,0.971869826631014
2018-10-25 13:00:00,0.99071532658946,0.9870922485668979,0.9928601186462783,0.973230595184592
2018-10-26 07:00:00,0.9891083070248113,0.9870922485668979,0.9924837583615697,0.972516771651961
2018-10-26 08:00:00,0.99071532658946,0.988524169845614,0.9928778241429875,0.9739809113974295
2018-10-26 09:00:00,0.9920763840998789,0.993352644869792,0.9934624582963223,0.9739809113974293
2018-10-26 10:00:00,0.9927973901200847,0.9898408937442943,0.9938806464442015,0.9739809113974295
2018-10-26 11:00:00,0.9911903705554359,0.9844678673587111,0.9935452602730257,0.9746947349300605
2018-10-26 12:00:00,0.9888128162232854,0.9838358963876852,0.9930930435096496,0.9721672530855443
2018-10-26 13:00:00,0.9880918102030796,0.9817720041379431,0.9930930435096496,0.9701227840244165
2018-10-29 07:00:00,0.99046936453523,0.9864602775958721,0.9934452914865188,0.9721877987135263
2018-10-29 08:00:00,0.991355378079673,0.987092248566898,0.9933507947558037,0.9728048835157883
2018-10-29 09:00:00,0.99046936453523,0.9805005010195204,0.9923362560434763,0.9721877987135266
2018-10-29 10:00:00,0.9902670661999028,0.9819324222982366,0.9924307527741915,0.9721877987135266
2018-10-29 11:00:00,0.9922893393177599,0.9885241698456142,0.9930014411673754,0.9721877987135263
2018-10-29 12:00:00,0.99195896449938,0.9885241698456142,0.9930014411673754,0.9732305951845922
2018-10-29 13:00:00,0.9913510533394557,0.9877770014945523,0.993224746120124,0.9740776501277988
2018-10-30 07:00:00,0.9919299035411877,0.9926054765187304,0.9936566228437085,0.973460565325537
2018-10-30 08:00:00,0.9919299035411877,0.9919735055477044,0.9936099304441044,0.9722842746374997
2018-10-30 09:00:00,0.9919299035411877,0.9919735055477044,0.9933586407226315,0.973460565325537
2018-10-30 10:00:00,0.993227977477322,0.9940373977974465,0.9933586407226315,0.9743076202687437
2018-10-30 11:00:00,0.993227977477322,0.993352644869792,0.9940209314580896,0.9757717600142121
2018-10-30 12:00:00,0.9932279774773219,0.9965205217165898,0.9949477428956872,0.9777539817644528
2018-10-30 13:00:00,0.9928127239241136,0.9987745673360763,0.9951928875440644,0.9777539817644527
2018-10-31 07:00:00,0.9928127239241136,0.9987745673360762,0.9951928875440644,0.9781385695522531
2018-10-31 08:00:00,0.9928127239241136,0.99734264605736,0.9949021118718812,0.9786010367076592
2018-10-31 09:00:00,0.9912057043594648,0.99734264605736,0.9939753004342836,0.9773436393459715
2018-10-31 10:00:00,0.991550158513266,0.99734264605736,0.9938443189049452,0.9761673486579343
2018-10-31 11:00:00,0.9917631137311471,0.99734264605736,0.9936637319028337,0.9757048815025279
2018-10-31 12:00:00,0.9925178576310205,0.9950886004378737,0.9933581763255686,0.9774247460196223
2018-10-31 13:00:00,0.9935724316311233,0.9937718765391934,0.9933581763255686,0.9786010367076592
2018-11-01 07:00:00,0.9935724316311233,0.9950886004378737,0.9930930435096496,0.9786010367076596
2018-11-01 08:00:00,0.9935724316311232,0.9965205217165898,0.9935791860890261,0.9793148602402905
2018-11-01 09:00:00,0.9935724316311233,0.9944566294668479,0.993751995481535,0.9786010367076594
2018-11-01 10:00:00,0.9939489834975279,0.9937718765391934,0.9938889357371319,0.9790635038630658
2018-11-01 11:00:00,0.9928127239241136,0.9902991097579129,0.9944275171976596,0.9786010367076594
2018-11-01 12:00:00,0.9940922515761688,0.9882352175081709,0.9950223178986833,0.9804892018567128
2018-11-01 13:00:00,0.9950483993903858,0.9857520935890275,0.9954969125729048,0.9840089827735501
2018-11-02 07:00:00,0.9956841842173588,0.9825842167422297,0.995787688245088,0.9840089827735501
2018-11-02 08:00:00,0.9949940214411488,0.9766214182149839,0.996213978970187,0.9840089827735501
2018-11-02 09:00:00,0.9951699151392905,0.9731486514337033,0.996213978970187,0.9843935705613507
2018-11-02 10:00:00,0.9945080590226364,0.9666725490932643,0.9957922217686656,0.9847228063061811
2018-11-02 11:00:00,0.9953538093989791,0.9701453158745447,0.9956156092155211,0.9857244788962435
2018-11-02 12:00:00,0.996807470935246,0.9766214182149838,0.9957922217686656,0.987211937950953
2018-11-02 13:00:00,0.996807470935246,0.9785638766486499,0.9954086489942036,0.988931802468047
2018-11-05 07:00:00,0.9971378457536259,0.9791114499609491,0.9954086489942036,0.988931802468047
2018-11-05 08:00:00,0.9973137394517676,0.9796982001517176,0.995787688245088,0.988931802468047
2018-11-05 09:00:00,0.9966518833351132,0.9737354016244717,0.995787688245088,0.9885472146802464
2018-11-05 10:00:00,0.9959617205589034,0.9737354016244718,0.9951928875440643,0.9879301298779849
2018-11-05 11:00:00,0.9966235766755577,0.9786695729453632,0.9956537936425806,0.9885472146802464
2018-11-05 12:00:00,0.9973137394517676,0.9742829749367713,0.9958474559261958,0.9885472146802464
2018-11-05 13:00:00,0.9966518833351135,0.9731486514337033,0.9954771810894361,0.988876450425077
2018-11-06 07:00:00,0.9962920953772831,0.9766214182149838,0.9950554238879147,0.988876450425077
2018-11-06 08:00:00,0.9975328016956692,0.9814498932391621,0.9952320364410591,0.988876450425077
2018-11-06 09:00:00,0.9975328016956692,0.9766214182149838,0.9957922217686656,0.9870532147160926
2018-11-06 10:00:00,0.9975328016956692,0.9737354016244718,0.996213978970187,0.9892610382128776
2018-11-06 11:00:00,0.9984156220785952,0.9796982001517176,0.996213978970187,0.9910176582165741
2018-11-06 12:00:00,0.9984156220785952,0.9834980479695412,0.996213978970187,0.9924450424754401
2018-11-06 13:00:00,0.9984156220785952,0.9869708147508217,0.996562329022199,0.9929075096308463
2018-11-07 07:00:00,0.9982229644718792,0.9834980479695412,0.9969326038589585,0.9925229218430459
2018-11-07 08:00:00,0.9978925896534995,0.9780828227545947,0.996562329022199,0.9921383340552453
2018-11-07 09:00:00,0.996807470935246,0.9780828227545948,0.996213978970187,0.9903817140515486
2018-11-07 10:00:00,0.996807470935246,0.9771689915272834,0.9956537936425806,0.9903817140515486
2018-11-07 11:00:00,0.996807470935246,0.9798196339677937,0.9948138482931799,0.9886618495344547
2018-11-07 12:00:00,0.9968074709352459,0.9798196339677937,0.9943392536189584,0.9886618495344547
2018-11-07 13:00:00,0.9960156655156331,0.9726803131081168,0.9947711303425428,0.9879480260018236
2018-11-08 07:00:00,0.9951699151392905,0.9714615919463224,0.9945905433404312,0.9867717353137865
2018-11-08 08:00:00,0.993491455666019,0.9733650660357712,0.9939617140239108,0.985307595568318
2018-11-08 09:00:00,0.9939774180845313,0.9758481899549145,0.9943721029241163,0.9861804051422054
2018-11-08 10:00:00,0.9936720080759387,0.9763957632672139,0.9944139307872869,0.9861804051422052
2018-11-08 11:00:00,0.9940317960337687,0.9782992373566627,0.9944139307872869,0.9868942286748362
2018-11-08 12:00:00,0.9930756482195515,0.9763957632672139,0.994148797971368,0.9868942286748364
2018-11-08 13:00:00,0.993855902335627,0.9779650559590456,0.9938358608243378,0.9871820777322675
2018-11-09 07:00:00,0.9932442086752111,0.9774174826467463,0.9934819495637748,0.9874699267896988
2018-11-09 08:00:00,0.9934201023733528,0.9713548866001193,0.9938358608243378,0.986622871846492
2018-11-09 09:00:00,0.9946125994281118,0.9766703142956847,0.994148797971368,0.9874699267896986
2018-11-09 10:00:00,0.9942528114702817,0.9758481899549146,0.9938358608243378,0.9870074596342926
2018-11-09 11:00:00,0.9946680650234901,0.9797892950617817,0.9938358608243378,0.9874699267896988
2018-11-09 12:00:00,0.995279758683906,0.9818531873115237,0.9937948867108047,0.9870853390018982
2018-11-09 13:00:00,0.9958586088856378,0.9878159858387695,0.9944363798114325,0.986622871846492
2018-11-12 07:00:00,0.9951038649857642,0.9878159858387695,0.9941009936402568,0.988050256105358
2018-11-12 08:00:00,0.9954483191395657,0.9878159858387695,0.9941487979713679,0.988050256105358
2018-11-12 09:00:00,0.9954483191395657,0.9878159858387695,0.9949887433207688,0.989477640364224
2018-11-12 10:00:00,0.9966365495310844,0.988402736029538,0.9957425909319905,0.9906539310522614
2018-11-12 11:00:00,0.9969963374889147,0.9864992619400892,0.9964110207868042,0.9896111345811959
2018-11-12 12:00:00,0.9977510813887884,0.9908858599486813,0.9966761536027232,0.9900736017366022
2018-11-12 13:00:00,0.9969963374889147,0.9937718765391934,0.9961044985979626,0.9894932724209428
2018-11-13 07:00:00,0.9969963374889147,0.9930247081881319,0.9964110207868042,0.9912498924246393
2018-11-13 08:00:00,0.9975751876906467,0.9930247081881319,0.9969468240256456,0.9912498924246392
2018-11-13 09:00:00,0.9972307335368452,0.9907706625686457,0.9965929127650826,0.9915791281694698
2018-11-13 10:00:00,0.9972307335368452,0.9907706625686457,0.9963277799491634,0.9912912791120385
2018-11-13 11:00:00,0.9975751876906467,0.9930247081881319,0.996874883831705,0.9922929517021009
2018-11-13 12:00:00,0.9986135956737053,0.9945940008799636,0.9971809907611568,0.9927554188575071
2018-11-13 13:00:00,0.9982691415199039,0.9945940008799636,0.996874883831705,0.9924261831126766
2018-11-14 07:00:00,0.9982691415199039,0.9930247081881319,0.9972287950922679,0.9919637159572704
2018-11-14 08:00:00,0.9972307335368452,0.9930247081881319,0.996874883831705,0.9901404802482859
2018-11-14 09:00:00,0.9970468392771568,0.9922025838473617,0.9973370036249248,0.9905250680360865
2018-11-14 10:00:00,0.9970468392771568,0.9930247081881317,0.9978090464036811,0.9905250680360864
2018-11-14 11:00:00,0.9959617205589034,0.9930247081881317,0.9978090464036812,0.9890609282906179
2018-11-14 12:00:00,0.9951699151392905,0.9936566791591578,0.9978090464036811,0.9876335440317519
2018-11-14 13:00:00,0.9948645051306976,0.9930247081881317,0.9974149806222633,0.9879627797765825
2018-11-15 07:00:00,0.9964679890754249,0.995910724778644,0.9969907421746179,0.9876335440317519
2018-11-15 08:00:00,0.9959617205589034,0.9930247081881319,0.9970308966954728,0.9872489562439517
2018-11-15 09:00:00,0.9954092749943573,0.9930247081881319,0.9974551351431179,0.9875368053013825
2018-11-15 10:00:00,0.9951038649857642,0.989856831341334,0.9974149806222633,0.9866897503581762
2018-11-15 11:00:00,0.9940187462675107,0.9886381101795398,0.9974551351431181,0.9866897503581761
2018-11-15 12:00:00,0.9951038649857642,0.9893852785306013,0.9978885679999077,0.9866897503581759
2018-11-15 13:00:00,0.9945250147840322,0.9925531553773993,0.9978885679999077,0.9862272832027699
2018-11-16 07:00:00,0.9927770615502023,0.9893852785306013,0.9975423065496007,0.9844706631990734
2018-11-16 08:00:00,0.9912541896770634,0.9876189840565076,0.997148240768183,0.9838535783968115
2018-11-16 09:00:00,0.9906648248012181,0.9893852785306013,0.9967148079113934,0.9831397548641805
2018-11-16 10:00:00,0.9893667508650837,0.9861870627777916,0.9967148079113934,0.9818823575024925
2018-11-16 11:00:00,0.9881362831668394,0.9833010461872795,0.9962324045356616,0.9815945084450614
2018-11-16 12:00:00,0.9893667508650837,0.9833010461872795,0.9967148079113934,0.9824673180189488
2018-11-16 13:00:00,0.9906648248012181,0.9833010461872795,0.9966658373924513,0.9834689906090109
2018-11-19 07:00:00,0.9927770615502023,0.9861870627777917,0.9962324045356616,0.9843160455522176
2018-11-19 08:00:00,0.9927770615502023,0.9871008940051031,0.9962813750546039,0.9843160455522176
2018-11-19 09:00:00,0.9908896227382226,0.988235217508171,0.9962813750546039,0.9839868098073872
2018-11-19 10:00:00,0.9908896227382226,0.9842148774145909,0.9957989716788721,0.9834432359783305
2018-11-19 11:00:00,0.9927770615502021,0.9855316013132712,0.9957989716788721,0.9841570595109612
2018-11-19 12:00:00,0.9912541896770632,0.9855316013132712,0.9952779583811738,0.9837724717231611
2018-11-19 13:00:00,0.9918330398787951,0.9855316013132712,0.9957113912379632,0.9842349388785673
2018-11-20 07:00:00,0.9930255369335542,0.9846177700859599,0.9957113912379632,0.9842349388785671
2018-11-20 08:00:00,0.9923636808169002,0.979170294951875,0.9952393484592069,0.9842349388785673
2018-11-20 09:00:00,0.9923636808169002,0.979170294951875,0.9957113912379632,0.9842349388785671
2018-11-20 10:00:00,0.9938173423531672,0.979170294951875,0.9957113912379632,0.986442762375352
2018-11-20 11:00:00,0.9947734901673845,0.9846177700859596,0.9957603617569054,0.9864427623753519
2018-11-20 12:00:00,0.9947734901673845,0.9846177700859599,0.9962427651326372,0.987156585907983
2018-11-20 13:00:00,0.9954092749943573,0.9877856469327575,0.996193794613695,0.9884139832696709
2018-11-21 07:00:00,0.9955710893570773,0.9877856469327575,0.99661803306134,0.9875669283264641
2018-11-21 08:00:00,0.9955710893570773,0.9846177700859599,0.9970610693617001,0.9886097247975295
2018-11-21 09:00:00,0.9947792839374645,0.9826753116522939,0.9974551351431179,0.9886097247975295
2018-11-21 10:00:00,0.9943120595661513,0.9844416061263876,0.9970610693617001,0.9878959012648986
2018-11-21 11:00:00,0.9959155435108787,0.9863840645600533,0.9969830923643619,0.9881837503223296
2018-11-21 12:00:00,0.9966702874107524,0.9895519414068513,0.996827079500594,0.9896111345811959
2018-11-21 13:00:00,0.9964679890754249,0.9895519414068513,0.9962310050991102,0.990073601736602
2018-11-23 07:00:00,0.9964679890754249,0.9922025838473617,0.9967781089816518,0.9904028374814324
2018-11-23 08:00:00,0.9966235766755575,0.9937718765391934,0.9971935363752675,0.9895557825382258
2018-11-23 09:00:00,0.9972024268772894,0.9917079842894516,0.997714549672966,0.9904028374814327
2018-11-23 10:00:00,0.9977086953938109,0.9917079842894516,0.9981001781986444,0.990787425269233
2018-11-26 07:00:00,0.9977086953938109,0.9937718765391934,0.9982729875911533,0.9911166610140637
2018-11-26 08:00:00,0.9977086953938109,0.9902991097579129,0.9984131153456745,0.9915012488018642
2018-11-26 09:00:00,0.9980852472602155,0.9911212340986831,0.9980741792196001,0.9918858365896644
2018-11-26 10:00:00,0.998591515776737,0.9937718765391936,0.9979796824888851,0.9915012488018642
2018-11-26 11:00:00,0.9977086953938109,0.994456629466848,0.9983186186149595,0.9892934253050792
2018-11-26 12:00:00,0.9977086953938111,0.994456629466848,0.998589727898819,0.988830958149673
2018-11-26 13:00:00,0.9977086953938111,0.9952037978179097,0.9985102063025925,0.9901917267032513
2018-11-27 07:00:00,0.9980852472602153,0.99652052171659,0.9981326602545513,0.9913680173912884
2018-11-27 08:00:00,0.998591515776737,0.99652052171659,0.9979560477014069,0.9922150723344952
2018-11-27 09:00:00,0.9991198641902268,0.994456629466848,0.9979560477014069,0.992215072334495
2018-11-27 10:00:00,0.9991198641902268,0.994456629466848,0.9979560477014069,0.993642456593361
2018-11-27 11:00:00,0.9989439704920853,0.9930247081881319,0.9981151533331332,0.9940270443811616
2018-11-27 12:00:00,0.9992884246458864,0.9895519414068513,0.9983802861490522,0.9944895115365678
2018-11-27 13:00:00,0.9994643183440282,0.9922025838473617,0.9983335937494481,0.9941049237487672
2018-11-28 07:00:00,0.9991198641902267,0.9937718765391934,0.9986725298755226,0.9941049237487672
2018-11-28 08:00:00,0.9992884246458864,0.9960259221586797,0.998589727898819,0.9941049237487672
2018-11-28 09:00:00,0.9994643183440282,0.99734264605736,0.9984496001442978,0.9941049237487672
2018-11-28 10:00:00,0.9991198641902268,0.9980898144084217,0.9985378637229991,0.9932578688055607
2018-11-28 11:00:00,0.9991198641902268,0.9952037978179096,0.9988917749835622,0.9932578688055607
2018-11-28 12:00:00,0.9991198641902267,0.9952037978179097,0.9985984698812937,0.9918304845466946
2018-11-28 13:00:00,0.9991198641902267,0.99652052171659,0.9986830156951014,0.9926775394899012
2018-11-29 07:00:00,0.9991198641902267,0.9980898144084218,0.9984645752787865,0.9926775394899015
2018-11-29 08:00:00,0.9993037584499153,0.99734264605736,0.9985102063025925,0.9931400066453075
2018-11-29 09:00:00,0.999479652148057,0.99652052171659,0.9983700785480712,0.994182803116373
2018-11-29 10:00:00,0.9991198641902267,0.9952037978179097,0.9984645752787865,0.9930065124283358
2018-11-29 11:00:00,0.9996482126037167,0.9958357687889353,0.9983054696470604,0.9938535673715426
2018-11-29 12:00:00,0.999479652148057,0.9958357687889353,0.9980821646943118,0.993468979583742
2018-11-29 13:00:00,0.9991198641902268,0.9966578931297055,0.9980821646943118,0.993468979583742
2018-11-30 07:00:00,0.999479652148057,0.9950886004378738,0.9980821646943119,0.9941828031163729
2018-11-30 08:00:00,0.9996482126037167,0.99652052171659,0.9981685293914633,0.9950298580595796
2018-11-30 09:00:00,0.9996482126037167,0.9973426460573602,0.9983694628863601,0.9950298580595796
2018-11-30 10:00:00,0.9998241063018585,0.995910724778644,0.9981685293914633,0.9945673909041735
2018-11-30 11:00:00,0.9992957578883684,0.9950886004378737,0.9980821646943119,0.9938535673715426
2018-11-30 12:00:00,0.9991198641902268,0.9930247081881319,0.9983054696470604,0.993468979583742
2018-11-30 13:00:00,0.9991198641902268,0.9936566791591576,0.9985287745998086,0.9930065124283358
2018-12-03 07:00:00,0.9991198641902268,0.9950886004378737,0.9983918343442116,0.9918302217402984
2018-12-03 08:00:00,0.9991198641902268,0.9950886004378737,0.9985927678391084,0.9918302217402984
2018-12-03 09:00:00,0.9993037584499153,0.9928345548183873,0.9989317039651828,0.9918302217402984
2018-12-03 10:00:00,0.9991198641902268,0.990351430899244,0.9990973784133781,0.9918302217402987
2018-12-03 11:00:00,0.9985915157767369,0.9865515830814204,0.9992779654154895,0.9912131369380367
2018-12-03 12:00:00,0.9991198641902267,0.9817231080572424,0.999366228994191,0.9912131369380367
2018-12-03 13:00:00,0.9992884246458866,0.9823550790282682,0.999366228994191,0.9907506697826305
2018-12-04 07:00:00,0.999472318905575,0.9871835540524463,0.999366228994191,0.9907506697826304
2018-12-04 08:00:00,0.999472318905575,0.9865515830814204,0.9995353956680461,0.9919269604706678
2018-12-04 09:00:00,0.9993037584499153,0.9865515830814204,0.9997538360843611,0.992389427626074
2018-12-04 10:00:00,0.9991198641902267,0.9823550790282682,0.9997538360843611,0.9916756040934431
2018-12-04 11:00:00,0.9987754100364254,0.9823550790282682,0.9997101893378466,0.9916756040934431
2018-12-04 12:00:00,0.9989439704920852,0.9823550790282682,0.9997101893378466,0.9916756040934431
2018-12-04 13:00:00,0.9993037584499153,0.9823550790282682,0.9995819967775245,0.9916756040934431
2018-12-06 07:00:00,0.9991198641902267,0.9817231080572424,0.9995819967775245,0.9916756040934431
2018-12-06 08:00:00,0.9991198641902267,0.9865515830814207,0.9996238246406951,0.9916756040934431
2018-12-06 09:00:00,0.9992884246458866,0.9811363578664739,0.9995792078085081,0.9916756040934431
2018-12-06 10:00:00,0.9987600762323967,0.9786853104647257,0.9995792078085081,0.9921380712488492
2018-12-06 11:00:00,0.9992884246458866,0.9818531873115237,0.9995792078085081,0.9931397438389113
2018-12-06 12:00:00,0.9992884246458864,0.9818531873115237,0.9993607673921932,0.993468979583742
2018-12-06 13:00:00,0.9991198641902268,0.9878159858387696,0.999232574831871,0.993468979583742
2018-12-07 07:00:00,0.9992884246458864,0.9897194599282182,0.9993635563612095,0.9943160345269487
2018-12-07 08:00:00,0.9992884246458864,0.9897194599282182,0.9993635563612095,0.9936022109943176
2018-12-07 09:00:00,0.9987600762323966,0.9878159858387696,0.9993225822476764,0.9939867987821182
2018-12-07 10:00:00,0.9987600762323966,0.9902991097579129,0.9991497728551676,0.992985126192056
2018-12-07 11:00:00,0.9985915157767369,0.9878159858387696,0.9993225822476764,0.9921380712488492
2018-12-07 12:00:00,0.9987754100364254,0.9897194599282182,0.9993682132714825,0.9927551560511108
2018-12-07 13:00:00,0.9989439704920852,0.9897194599282182,0.9995373799453376,0.992755156051111
2018-12-10 07:00:00,0.9993037584499153,0.992887336775016,0.9995792078085081,0.9922926888957047
2018-12-10 08:00:00,0.9991198641902268,0.992887336775016,0.9997101893378466,0.9922926888957047
2018-12-10 09:00:00,0.9987600762323966,0.9928873367750162,0.9995762947353392,0.9914456339524981
2018-12-10 10:00:00,0.9985915157767369,0.9909838626855674,0.9994453132060008,0.9918302217402984
2018-12-10 11:00:00,0.9977086953938108,0.9909838626855674,0.9994453132060006,0.9908285491502363
2018-12-10 12:00:00,0.9978925896534995,0.9922025838473617,0.9994453132060006,0.9902482198345771
2018-12-10 13:00:00,0.9971378457536259,0.9937718765391936,0.9994453132060006,0.9902482198345769
2018-12-11 07:00:00,0.9968074709352459,0.9925531553773993,0.9994034853428301,0.9902482198345769
2018-12-11 08:00:00,0.996807470935246,0.9933752797181695,0.9994034853428301,0.9894011648913703
2018-12-11 09:00:00,0.9966235766755575,0.9945940008799636,0.9994453132060006,0.9889386977359641
2018-12-11 10:00:00,0.9969539514939374,0.9925301086302218,0.9994453132060006,0.9894011648913703
2018-12-11 11:00:00,0.9966094973401359,0.9925301086302218,0.9994453132060006,0.9889386977359641
2018-12-11 12:00:00,0.9969539514939374,0.9945940008799636,0.9994453132060006,0.9874745579904954
2018-12-11 13:00:00,0.9966094973401359,0.9945940008799636,0.9996219257591451,0.9874745579904957
2018-12-12 07:00:00,0.9969539514939374,0.9945940008799636,0.9995792078085081,0.9886508486785328
2018-12-12 08:00:00,0.9969539514939374,0.9960259221586797,0.9997101893378464,0.9886508486785328
2018-12-12 09:00:00,0.9962329454737313,0.9945940008799636,0.9994917489215315,0.9890354364663334
2018-12-12 10:00:00,0.9971157658566574,0.9945940008799636,0.9995373799453374,0.9894979036217394
2018-12-12 11:00:00,0.9980390702121908,0.9945940008799636,0.9995373799453376,0.9900782329373988
2018-12-12 12:00:00,0.9977086953938109,0.9945940008799636,0.9993682132714825,0.9906953177396608
2018-12-12 13:00:00,0.9982370438073009,0.9945940008799636,0.9994991948008208,0.9910799055274612
2018-12-13 07:00:00,0.9985674186256807,0.9925301086302218,0.999668361474676,0.9913677545848922
2018-12-13 08:00:00,0.9982229644718792,0.9945940008799637,0.9997566250533775,0.9907506697826304
2018-12-13 09:00:00,0.9980611501091592,0.9919433584394534,0.9995428415473354,0.9899036148394238
2018-12-13 10:00:00,0.9978772558494706,0.9945940008799636,0.9997120082211904,0.9890565598962172
2018-12-13 11:00:00,0.9969539514939374,0.9917079842894515,0.9997965540349979,0.9882095049530105
2018-12-13 12:00:00,0.9964476829774159,0.988235217508171,0.9997101893378464,0.9876291756373512
2018-12-13 13:00:00,0.9959617205589035,0.985037001755361,0.9996256435240389,0.9865863791662858
2018-12-14 07:00:00,0.9961640188942308,0.989057341848941,0.9995819967775245,0.9858725556336547
2018-12-14 08:00:00,0.996825875010885,0.988235217508171,0.9996256435240389,0.987048846321692
2018-12-14 09:00:00,0.9968258750108848,0.9902991097579129,0.9995819967775245,0.987048846321692
2018-12-14 10:00:00,0.9972024268772894,0.9902991097579129,0.9997101893378464,0.9856880777681137
2018-12-14 11:00:00,0.9972024268772894,0.9911212340986831,0.9997101893378464,0.9838648420591293
2018-12-14 12:00:00,0.996825875010885,0.9911212340986831,0.9997965540349979,0.9826885513710923
2018-12-14 13:00:00,0.996825875010885,0.9911212340986831,0.9997120082211904,0.9823593156262617
2018-12-17 07:00:00,0.996825875010885,0.9911212340986831,0.9996256435240389,0.9823593156262617
2018-12-17 08:00:00,0.9977086953938109,0.9933752797181695,0.9995373799453376,0.9818968484708553
2018-12-17 09:00:00,0.9971562498292648,0.9925531553773993,0.9996256435240389,0.9804694642119895
2018-12-17 10:00:00,0.9971562498292648,0.9911212340986831,0.9997566250533773,0.9790420799531235
2018-12-17 11:00:00,0.9964015059293913,0.9911212340986831,0.9997566250533773,0.9783282564204923
2018-12-17 12:00:00,0.9953163872111378,0.9911212340986831,0.9995428415473353,0.9773265838304301
2018-12-17 13:00:00,0.9953163872111378,0.9902991097579129,0.9995874583795222,0.9767830100013732
2018-12-18 07:00:00,0.9960711311110113,0.9911212340986831,0.9995428415473353,0.9781437785549515
2018-12-18 08:00:00,0.9960711311110113,0.9945940008799636,0.9994564768501839,0.9781437785549515
2018-12-18 09:00:00,0.9953163872111378,0.9945940008799636,0.9993225822476764,0.9781437785549515
2018-12-18 10:00:00,0.9938627256748707,0.9919433584394534,0.9990686442207799,0.9758435847221982
2018-12-18 11:00:00,0.9938627256748707,0.9945940008799636,0.998850203804465,0.9740869647185015
2018-12-18 12:00:00,0.9924090641386036,0.9925301086302218,0.998895834828271,0.9732399097752951
2018-12-18 13:00:00,0.9933767632563583,0.9917079842894515,0.9988035114048609,0.9692132189639264
2018-12-19 07:00:00,0.9927409784293855,0.988235217508171,0.9985984698812937,0.9706406032227924
2018-12-19 08:00:00,0.9941946399656524,0.9902991097579129,0.9985984698812937,0.9723972232264891
2018-12-19 09:00:00,0.9935327838489982,0.988235217508171,0.9985984698812937,0.9706406032227924
2018-12-19 10:00:00,0.9927409784293855,0.9917079842894516,0.9986830156951012,0.9681035439811773
2018-12-19 11:00:00,0.9909930251955553,0.989057341848941,0.9984393642495678,0.9674864591789153
2018-12-19 12:00:00,0.9917848306151682,0.9911212340986831,0.9981264271025377,0.9646615508798688
2018-12-19 13:00:00,0.9905923335604093,0.9902991097579129,0.9979925325000303,0.9646615508798686
2018-12-20 07:00:00,0.9893128059083541,0.9902991097579129,0.9977955455227293,0.9631740918251592
2018-12-20 08:00:00,0.988744194326764,0.9902991097579129,0.9973885693947091,0.9637911766274212
2018-12-20 09:00:00,0.9880684049672873,0.9902991097579129,0.9973040235809014,0.9625337792657334
2018-12-20 10:00:00,0.9889464926620913,0.9925531553773993,0.9977566307327278,0.9647416027625182
2018-12-20 11:00:00,0.9898293130450174,0.9925531553773993,0.9982665548570587,0.9659178934505553
2018-12-20 12:00:00,0.9910218100997762,0.9925531553773993,0.9981264271025375,0.9687428017496019
2018-12-20 13:00:00,0.992436172057709,0.994122448069231,0.9982665548570587,0.9691273895374025
2018-12-21 07:00:00,0.993355911751934,0.9933752797181695,0.9983511006708663,0.9684135660047712
2018-12-21 08:00:00,0.993355911751934,0.9893549396245894,0.9980695678797579,0.9679744181586062
2018-12-21 09:00:00,0.9935485693586502,0.9877856469327575,0.9980695678797579,0.967200782636528
2018-12-21 10:00:00,0.9935485693586502,0.9877856469327575,0.9979356732772504,0.9653775469275434
2018-12-21 11:00:00,0.9920763840998789,0.9877856469327575,0.9973885693947089,0.964203205311121
2018-12-21 12:00:00,0.9926047325133687,0.9893549396245892,0.997483066125424,0.9629458079494332
2018-12-21 13:00:00,0.9926047325133687,0.9901021079756511,0.9974363737258201,0.9624833407940271
2018-12-24 07:00:00,0.9926047325133687,0.9925531553773991,0.9975673552551583,0.9633303957372338
2018-12-24 08:00:00,0.9935724316311233,0.9960259221586797,0.9975673552551583,0.9630425466798025
2018-12-24 09:00:00,0.9946680650234899,0.9960259221586797,0.9975673552551584,0.96391535625369
2018-12-24 10:00:00,0.9944921713253484,0.9960259221586797,0.9975673552551584,0.9639153562536897
2018-12-26 07:00:00,0.9935724316311232,0.9925531553773993,0.9972121390184284,0.9622349293523803
2018-12-26 08:00:00,0.9946680650234899,0.9952037978179096,0.9973927260205399,0.9622349293523803
2018-12-26 09:00:00,0.9952469152252219,0.9960259221586797,0.9979285292593812,0.9632777258234457
2018-12-26 10:00:00,0.9954228089233634,0.9952787538076179,0.9980187771153742,0.9632777258234457
2018-12-26 11:00:00,0.9952469152252219,0.9952787538076179,0.9980187771153742,0.9628931380356451
2018-12-26 12:00:00,0.9958586088856377,0.9952787538076179,0.9980187771153742,0.9638948106257073
2018-12-26 13:00:00,0.9962351607520421,0.9952787538076179,0.9984713842672005,0.96302200105182
2018-12-27 07:00:00,0.996956166772248,0.9960259221586797,0.9983811364112076,0.9640647975228857
2018-12-27 08:00:00,0.9971320604703899,0.9937718765391936,0.9983811364112076,0.9649376070967731
2018-12-27 09:00:00,0.995799360789768,0.9911212340986831,0.9979741602831872,0.9627083973637083
2018-12-27 10:00:00,0.995799360789768,0.9895519414068513,0.9978402656806797,0.9631708645191145
2018-12-27 11:00:00,0.9957993607897682,0.9918059870263376,0.9982472418087002,0.9634587135765458
2018-12-27 12:00:00,0.995799360789768,0.9933752797181695,0.9983811364112076,0.9628416287742838
2018-12-27 13:00:00,0.9943271755309968,0.9893549396245894,0.9979741602831874,0.9636886837174906
2018-12-28 07:00:00,0.9943271755309968,0.9893549396245894,0.9979305135366728,0.9632262165620844
2018-12-28 08:00:00,0.9952469152252219,0.9933752797181695,0.9983374896646933,0.9637120030267314
2018-12-28 09:00:00,0.9952469152252219,0.9918059870263376,0.9983811364112076,0.962669206555666
2018-12-28 10:00:00,0.9956234670916265,0.9918059870263376,0.9984713842672005,0.9646514283059068
2018-12-28 11:00:00,0.9965796149058438,0.9918059870263376,0.9987965638048235,0.9649806640507372
2018-12-28 12:00:00,0.9952469152252219,0.9918059870263376,0.9984713842672005,0.9655609933663967
2018-12-28 13:00:00,0.9954228089233637,0.9930247081881317,0.9984713842672005,0.9630307378406218
2018-12-31 07:00:00,0.9946680650234901,0.9936566791591576,0.9983811364112076,0.9630307378406218
2018-12-31 08:00:00,0.9950446168898945,0.9950886004378738,0.9984713842672005,0.9652385613374064
2018-12-31 09:00:00,0.9950446168898945,0.9950886004378738,0.9987965638048235,0.9667539475378403
2018-12-31 10:00:00,0.9950446168898945,0.9937718765391936,0.9987965638048235,0.964909325592576
2018-12-31 11:00:00,0.9946680650234899,0.9922025838473617,0.9990402152503574,0.9640622706493693
2018-12-31 12:00:00,0.9943236108696887,0.9901386915976198,0.9990402152503571,0.9646793554516311
2018-12-31 13:00:00,0.992436172057709,0.9895519414068513,0.9987083002261222,0.963318586898053
2019-01-02 07:00:00,0.992436172057709,0.9907706625686457,0.9985744056236148,0.9605792452191343
2019-01-02 08:00:00,0.9935724316311233,0.9930247081881319,0.9985744056236148,0.9638512514232646
2019-01-02 09:00:00,0.9950446168898943,0.9922025838473615,0.9987083002261222,0.9638512514232643
2019-01-02 10:00:00,0.9947001627360931,0.9901386915976196,0.9987083002261222,0.9638512514232648
2019-01-02 11:00:00,0.9947001627360931,0.9884027360295381,0.9986626692023162,0.9656078714269611
2019-01-02 12:00:00,0.9940922515761688,0.9922025838473617,0.9989945842265512,0.965607871426961
2019-01-02 13:00:00,0.9934020887999587,0.9922025838473617,0.9989082195293998,0.9662249562292229
2019-01-03 07:00:00,0.9939083573164802,0.9907706625686457,0.9989945842265512,0.9675857247828009
2019-01-03 08:00:00,0.994358236614176,0.9863840645600536,0.9989082195293998,0.968568446458023
2019-01-03 09:00:00,0.9934020887999587,0.9857520935890275,0.998707286034503,0.9697447371460602
2019-01-03 10:00:00,0.9940922515761688,0.9884027360295378,0.9989945842265513,0.9714251640473699
2019-01-03 11:00:00,0.995048399390386,0.9912887526200501,0.9992432724966328,0.9722722189905766
2019-01-03 12:00:00,0.994358236614176,0.9893852785306013,0.9991122909672945,0.9722722189905766
2019-01-03 13:00:00,0.995048399390386,0.9878159858387696,0.9991550089179313,0.9746228512950361
2019-01-04 07:00:00,0.9966518833351132,0.9878159858387695,0.9991550089179313,0.9765727775051517
2019-01-04 08:00:00,0.9964679890754249,0.9878159858387696,0.9989783963647868,0.9774198324483585
2019-01-04 09:00:00,0.9966365495310846,0.9886381101795397,0.999021114315424,0.9769573652929525
2019-01-04 10:00:00,0.9962920953772831,0.9846177700859599,0.998978396364787,0.9754932255474837
2019-01-04 11:00:00,0.9966518833351132,0.9878159858387696,0.9991550089179313,0.974712786309565
2019-01-04 12:00:00,0.9956841842173588,0.9893852785306013,0.9993206833661266,0.9732486465640965
2019-01-04 13:00:00,0.9971378457536259,0.9911212340986831,0.9993206833661266,0.975071882273081
2019-01-07 07:00:00,0.9969539514939373,0.9917079842894516,0.9992779654154895,0.9760735548631431
2019-01-07 08:00:00,0.9977086953938109,0.9925301086302218,0.9992779654154895,0.9742503191541588
2019-01-07 09:00:00,0.9964679890754249,0.9925301086302218,0.9992779654154897,0.9742503191541586
2019-01-07 10:00:00,0.9973137394517676,0.9925301086302218,0.9992779654154895,0.9723003929440432
2019-01-07 11:00:00,0.9976441142701473,0.9917079842894515,0.9991440708129821,0.9708362531985746
2019-01-07 12:00:00,0.9971157658566574,0.9930247081881317,0.9991440708129821,0.9718379257886369
2019-01-07 13:00:00,0.9980390702121908,0.9930247081881319,0.9992779654154895,0.9718379257886369
2019-01-08 07:00:00,0.9969539514939373,0.994456629466848,0.9992779654154895,0.9726849807318435
2019-01-08 08:00:00,0.9971378457536259,0.99652052171659,0.999411860017997,0.969945639052925
2019-01-08 09:00:00,0.996807470935246,0.994456629466848,0.999454577968634,0.9709884355239904
2019-01-08 10:00:00,0.996807470935246,0.9930247081881319,0.9993206833661266,0.9718354904671971
2019-01-08 11:00:00,0.996807470935246,0.995910724778644,0.9995800978959747,0.9714509026793967
2019-01-08 12:00:00,0.9968074709352459,0.9930247081881319,0.9994034853428302,0.9714509026793967
2019-01-08 13:00:00,0.9968074709352459,0.9930247081881319,0.9993607673921932,0.9727628600994492
2019-01-09 07:00:00,0.9968074709352459,0.9945940008799636,0.9991916007183381,0.9744594053073024
2019-01-09 08:00:00,0.996807470935246,0.9945940008799636,0.9992372317421442,0.9717200636283837
2019-01-09 09:00:00,0.996807470935246,0.9911212340986831,0.9990187913258293,0.9742503191541588
2019-01-09 10:00:00,0.997137845753626,0.9911212340986831,0.9990597654393621,0.9732075226830932
2019-01-09 11:00:00,0.9974822999074273,0.9937718765391934,0.9990141344155563,0.9728229348952928
2019-01-09 12:00:00,0.9969963374889147,0.9902991097579129,0.9988003509095144,0.9719501253214055
2019-01-09 13:00:00,0.996820443790773,0.9902991097579129,0.998494243980062,0.9685405193122988
2019-01-10 07:00:00,0.9960286383711601,0.9878159858387696,0.9984019205566521,0.9691208486279582
2019-01-10 08:00:00,0.9969963374889147,0.9909838626855674,0.9987080274861041,0.9704328060480107
2019-01-10 09:00:00,0.996467989075425,0.9902991097579129,0.9983139617046862,0.9711466295806418
2019-01-10 10:00:00,0.996467989075425,0.9902991097579129,0.9981770214490895,0.9702995746374352
2019-01-10 11:00:00,0.996467989075425,0.9878159858387696,0.9978996595969246,0.9702995746374352
2019-01-10 12:00:00,0.9970468392771568,0.9895519414068513,0.9981647924128437,0.9702995746374352
2019-01-10 13:00:00,0.9959617205589034,0.9901386915976196,0.9981647924128437,0.970299574637435
2019-01-11 07:00:00,0.996467989075425,0.9869708147508217,0.997941487460095,0.9711466295806418
2019-01-11 08:00:00,0.9948645051306975,0.9834980479695412,0.9980226160944828,0.9700437583137326
2019-01-11 09:00:00,0.9948645051306975,0.9822793268077471,0.9976285503130651,0.9697145225689023
2019-01-11 10:00:00,0.9948645051306975,0.9791114499609493,0.9977096789474529,0.9708173938358111
2019-01-11 11:00:00,0.9955002899576704,0.9742829749367713,0.9977096789474529,0.9702370645201519
2019-01-11 12:00:00,0.9943120595661513,0.9693488036158796,0.9977096789474529,0.9691341932532427
2019-01-11 13:00:00,0.9943120595661513,0.9741772786400579,0.9977096789474529,0.9702370645201517
2019-01-14 07:00:00,0.9955002899576704,0.9791114499609493,0.9980715866134251,0.9689251071000992
2019-01-14 08:00:00,0.9964679890754249,0.9834980479695412,0.9983426958972847,0.9689251071000992
2019-01-14 09:00:00,0.9964679890754249,0.9834980479695412,0.9983426958972847,0.9689251071000992
2019-01-14 10:00:00,0.9956563105503103,0.9780828227545948,0.9983017217837516,0.9694686809291562
2019-01-14 11:00:00,0.9959617205589034,0.9731486514337033,0.9979076560023339,0.9697244057007814
2019-01-14 12:00:00,0.9951500420337889,0.9731486514337033,0.9979076560023339,0.9668994974017349
2019-01-14 13:00:00,0.9951500420337889,0.9780828227545948,0.9978586854833916,0.9649172756514944
2019-01-15 07:00:00,0.9953523403691162,0.9815555895358753,0.9979076560023339,0.9666138208593476
2019-01-15 08:00:00,0.9945065899927737,0.9744162686761983,0.9979076560023339,0.966229233071547
2019-01-15 09:00:00,0.9945065899927737,0.9700296706676064,0.9979076560023339,0.9639290392387936
2019-01-15 10:00:00,0.9945065899927737,0.9744162686761983,0.9978586854833916,0.964971835709859
2019-01-15 11:00:00,0.9929715919768245,0.9664501985401225,0.9976536439598247,0.9653564234976596
2019-01-15 12:00:00,0.9938173423531672,0.9664501985401225,0.9976536439598247,0.9670762880147535
2019-01-15 13:00:00,0.9953523403691162,0.9664501985401225,0.9981360473355564,0.9680779606048159
2019-01-16 07:00:00,0.9953523403691162,0.9749638419884978,0.9982615672628969,0.9700278868149316
2019-01-16 08:00:00,0.9953523403691164,0.9784366087697782,0.9981647924128437,0.9704903539703376
2019-01-16 09:00:00,0.9947734901673845,0.9790233589605467,0.9980802465990363,0.9704903539703378
2019-01-16 10:00:00,0.9958586088856377,0.9810872512102887,0.9981770214490895,0.9730529050362376
2019-01-16 11:00:00,0.9953523403691162,0.9805005010195202,0.9981360473355563,0.9736699898384994
2019-01-16 12:00:00,0.9953523403691162,0.9776144844290082,0.9976536439598247,0.9731264160094428
2019-01-16 13:00:00,0.9947734901673845,0.9805005010195204,0.9977905842154215,0.9720836195383772
2019-01-17 07:00:00,0.9956563105503103,0.9744379049728933,0.9978873590654748,0.972083619538377
2019-01-17 08:00:00,0.9947734901673845,0.9744379049728933,0.9974443227651147,0.9686740135292705
2019-01-17 09:00:00,0.9951500420337889,0.9744379049728933,0.9978873590654748,0.9676312170582051
2019-01-17 10:00:00,0.9959617205589034,0.9758698262516093,0.9982729875911533,0.9710408230673115
2019-01-17 11:00:00,0.9953538093989789,0.9764565764423777,0.9983207919222643,0.9719136326411991
2019-01-17 12:00:00,0.9961456148185918,0.9838358963876852,0.9981360473355563,0.9722982204289997
2019-01-17 13:00:00,0.9959617205589034,0.9851526202863655,0.9981360473355563,0.9726828082167999
2019-01-18 07:00:00,0.9959617205589034,0.9838358963876852,0.9981360473355563,0.9719689846841689
2019-01-18 08:00:00,0.9945080590226362,0.9825191724890048,0.9977419815541384,0.9712551611515379
2019-01-18 09:00:00,0.9946919532823247,0.9825191724890048,0.9978231101885262,0.9708705733637373
2019-01-18 10:00:00,0.9946919532823247,0.982519172489005,0.9978632647093811,0.9715843968963686
2019-01-18 11:00:00,0.9953538093989789,0.9831511434600306,0.9978632647093809,0.971199809108568
2019-01-18 12:00:00,0.9941613123442199,0.9831511434600309,0.9978231101885262,0.9714876581659992
2019-01-18 13:00:00,0.9939774180845315,0.9831511434600309,0.9977741396695842,0.9711030703781987
2019-01-22 07:00:00,0.9946675808607416,0.9770885474134037,0.9978231101885262,0.9729263060871831
2019-01-22 08:00:00,0.9929066727830117,0.9770885474134039,0.9978231101885262,0.9667172836033143
2019-01-22 09:00:00,0.9905874223829415,0.9770885474134037,0.997420228409021,0.9661737097742574
2019-01-22 10:00:00,0.9902276344251113,0.9764565764423778,0.9978231101885262,0.966502945519088
2019-01-22 11:00:00,0.9894473803090357,0.9758698262516093,0.9978632647093811,0.9658858607168263
2019-01-22 12:00:00,0.9900590739694515,0.9674698531473712,0.997420228409021,0.9655566249719957
2019-01-22 13:00:00,0.9900590739694515,0.9654059608976292,0.9978231101885262,0.9648428014393646
2019-01-23 07:00:00,0.9923783243695218,0.973121181074213,0.9979887846367215,0.9661001988010525
2019-01-23 08:00:00,0.9930684871457317,0.9757718235147235,0.9983426958972847,0.9649239081130152
2019-01-23 09:00:00,0.9910546467542546,0.9770885474134037,0.9982171759699441,0.9652531438578457
2019-01-23 10:00:00,0.9923783243695218,0.9844678673587111,0.9982171759699441,0.9661001988010525
2019-01-23 11:00:00,0.9920729143609288,0.9831511434600309,0.9980480092960892,0.9666805281167117
2019-01-23 12:00:00,0.9900590739694514,0.9757718235147232,0.9980078547752342,0.9646360590555839
2019-01-23 13:00:00,0.9906948587964245,0.9737079312649813,0.9983617660357974,0.9625915899944563
2019-01-24 07:00:00,0.9913850215726343,0.9737079312649813,0.9983617660357974,0.9643482099981528
2019-01-24 08:00:00,0.9912232072099142,0.9757718235147235,0.9984019205566521,0.9663926790592806
2019-01-24 09:00:00,0.9905874223829414,0.9757718235147235,0.9984019205566521,0.9644427528491649
2019-01-24 10:00:00,0.9910546467542545,0.9737079312649813,0.9984019205566521,0.9664872219102926
2019-01-24 11:00:00,0.9910546467542545,0.9757718235147235,0.9984019205566521,0.9647306019065962
2019-01-24 12:00:00,0.9910546467542546,0.9831511434600309,0.9984019205566521,0.9639501626686772
2019-01-24 13:00:00,0.9932240747458643,0.9891561408166398,0.9985710872305074,0.9701591851525461
2019-01-25 07:00:00,0.9944787143070726,0.993352644869792,0.9986966071578478,0.9741858759639145
2019-01-25 08:00:00,0.9944787143070726,0.993352644869792,0.9985710872305071,0.9770107842629612
2019-01-25 09:00:00,0.9944787143070726,0.993352644869792,0.9985710872305071,0.9778578392061678
2019-01-25 10:00:00,0.9944787143070726,0.993352644869792,0.9985710872305071,0.9781870749509983
2019-01-25 11:00:00,0.9944787143070728,0.993352644869792,0.9988362200464261,0.9789675141889171
2019-01-25 12:00:00,0.9936329639307301,0.993352644869792,0.9986670533725712,0.9794299813443235
2019-01-25 13:00:00,0.9936329639307301,0.993352644869792,0.9987080274861042,0.9773855122831956
2019-01-28 07:00:00,0.9925622186292102,0.9940373977974465,0.9990141344155562,0.976538457339989
2019-01-28 08:00:00,0.9923783243695217,0.9927206738987662,0.999232574831871,0.9753621666519519
2019-01-28 09:00:00,0.9919110999982086,0.9912887526200501,0.9989731603020231,0.9757467544397522
2019-01-28 10:00:00,0.9919110999982087,0.9886381101795398,0.999232574831871,0.9757467544397522
2019-01-28 11:00:00,0.9919110999982087,0.9886381101795398,0.9993189395290226,0.9747039579686866
2019-01-28 12:00:00,0.9919110999982087,0.9886381101795398,0.9993189395290226,0.9747039579686866
2019-01-28 13:00:00,0.9919110999982087,0.9912887526200501,0.9993607673921932,0.9764605779723832
2019-01-29 07:00:00,0.9922414748165885,0.9900700314582558,0.9995792078085081,0.9789908334981582
2019-01-29 08:00:00,0.9932370476013914,0.9878159858387695,0.9996238246406951,0.9810353025592862
2019-01-29 09:00:00,0.9932370476013915,0.9853649384370213,0.9996238246406951,0.9795711628138175
2019-01-29 10:00:00,0.9909177972013211,0.982881814517878,0.9995819967775245,0.9795711628138175
2019-01-29 11:00:00,0.9903894487878313,0.9860496913646757,0.9994510152481861,0.9775266937526899
2019-01-29 12:00:00,0.9909177972013213,0.9878159858387695,0.9996238246406951,0.9780702675817465
2019-01-29 13:00:00,0.9912232072099142,0.9853649384370213,0.9997101893378466,0.977814542810121
2019-01-30 07:00:00,0.9929066727830115,0.9853649384370213,0.9997548061700333,0.9756067193133362
2019-01-30 08:00:00,0.9913991009080559,0.9853649384370213,0.9997548061700333,0.9756067193133362
2019-01-30 09:00:00,0.9912232072099142,0.9853649384370214,0.9997548061700333,0.9761870486289955
2019-01-30 10:00:00,0.9913991009080559,0.9853649384370214,0.9997101893378466,0.9741425795678678
2019-01-30 11:00:00,0.9892772561457019,0.9878159858387696,0.9997101893378464,0.9746050467232739
2019-01-30 12:00:00,0.9886154000290478,0.9828818145178781,0.9997965540349979,0.9754778562971613
2019-01-30 13:00:00,0.9892772561457019,0.9828818145178781,0.9997529072884834,0.9763249112403679
2019-01-31 07:00:00,0.9897632185642145,0.9853649384370214,0.999668361474676,0.9775012019284051
2019-01-31 08:00:00,0.9917165028709087,0.9902991097579128,0.9998411708671849,0.9803261102274518
2019-01-31 09:00:00,0.9937303432623857,0.991121234098683,0.9998411708671849,0.9816868787810298
2019-01-31 10:00:00,0.9938989037180457,0.9873213862808594,0.9998411708671849,0.9820714665688304
2019-01-31 11:00:00,0.9938989037180457,0.9911212340986831,0.9997566250533775,0.9835356063142989
2019-01-31 12:00:00,0.993568528899666,0.9937718765391936,0.9996256435240389,0.9820714665688304
2019-01-31 13:00:00,0.9929066727830117,0.9911212340986831,0.9997566250533773,0.9798636430720454
2019-02-01 07:00:00,0.9912232072099142,0.9917079842894515,0.9998411708671849,0.9780404073630612
2019-02-01 08:00:00,0.9909177972013213,0.9911212340986831,0.9997965540349979,0.9774968335340044
2019-02-01 09:00:00,0.9926012627744184,0.9937718765391936,0.9998848176136994,0.9767830100013732
2019-02-01 10:00:00,0.9920729143609286,0.9917079842894516,0.9999275355643364,0.9774000948036351
2019-02-01 11:00:00,0.9926012627744186,0.9945940008799636,0.9997965540349979,0.9782471497468419
2019-02-01 12:00:00,0.9929066727830115,0.9945940008799636,0.9997538360843609,0.9779593006894106
2019-02-01 13:00:00,0.9922708879560387,0.9917079842894516,0.9997965540349979,0.9768564294225016
2019-02-04 07:00:00,0.9920949942578969,0.9925301086302218,0.9996626594324904,0.9756801387344645
2019-02-04 08:00:00,0.9920949942578972,0.9917079842894516,0.9996626594324904,0.9759679877918955
2019-02-04 09:00:00,0.993855902335627,0.9899720287213698,0.9998392719856349,0.9773287563454738
2019-02-04 10:00:00,0.993165739559417,0.9845568035064233,0.9997965540349979,0.9767484270298145
2019-02-04 11:00:00,0.9939774180845315,0.9858735274051036,0.9997101893378466,0.9774622505624455
2019-02-04 12:00:00,0.9939774180845315,0.9885241698456142,0.9997101893378464,0.9764605779723832
2019-02-04 13:00:00,0.9939774180845315,0.9872074459469337,0.9995762947353392,0.9771744015050144
2019-02-05 07:00:00,0.9939774180845315,0.9864602775958721,0.9997529072884834,0.9768451657601838
2019-02-05 08:00:00,0.9939774180845315,0.9858735274051036,0.9996219257591451,0.9758023692891183
2019-02-05 09:00:00,0.9939774180845315,0.9878159858387695,0.9997101893378464,0.9772297535479844
2019-02-05 10:00:00,0.9939774180845313,0.9878159858387696,0.9996199414818535,0.9772297535479841
2019-02-05 11:00:00,0.9939774180845313,0.9878159858387696,0.9994393544797421,0.9789863735516808
2019-02-05 12:00:00,0.9939774180845313,0.9878159858387696,0.9996626594324904,0.9782725500190498
2019-02-05 13:00:00,0.9939774180845313,0.9878159858387696,0.9995762947353392,0.9778879622312492
2019-02-06 07:00:00,0.9941613123442199,0.9895519414068514,0.9996199414818535,0.9793521019767177
2019-02-06 08:00:00,0.9935255275172472,0.9882352175081709,0.9996199414818535,0.9798145691321241
2019-02-06 09:00:00,0.9941613123442199,0.9882352175081709,0.9995762947353392,0.9798145691321241
2019-02-06 10:00:00,0.9943372060423615,0.9864992619400892,0.9994034853428302,0.9798145691321238
2019-02-06 11:00:00,0.9941613123442199,0.9893852785306013,0.9993607673921932,0.9769896608330771
2019-02-06 12:00:00,0.9929066727830115,0.9937718765391934,0.9994917489215315,0.9761426058898706
2019-02-06 13:00:00,0.9926012627744186,0.9917079842894516,0.9995762947353392,0.9752955509466641
2019-02-07 07:00:00,0.9919110999982087,0.9882352175081709,0.99931116191942,0.9759126357489257
2019-02-07 08:00:00,0.9922708879560389,0.9864992619400891,0.99931116191942,0.9762972235367262
2019-02-07 09:00:00,0.9920949942578972,0.9873213862808596,0.9993529897825907,0.9742527544755984
2019-02-07 10:00:00,0.9909549521839914,0.984670743840349,0.9990818804987311,0.9752544270656607
2019-02-07 11:00:00,0.9923854854433415,0.984670743840349,0.9990818804987311,0.973209958004533
2019-02-07 12:00:00,0.9915397350669987,0.9806504037467692,0.9990400526355606,0.9728807222597026
2019-02-07 13:00:00,0.9915397350669987,0.976630063653189,0.9988672432430515,0.9715687648396498
2019-02-08 07:00:00,0.9907280565418843,0.9701539613127499,0.9988262691295187,0.9708549413070187
2019-02-08 08:00:00,0.9905353989351683,0.9662128562058828,0.9984643614635463,0.9708549413070188
2019-02-08 09:00:00,0.9909731520900537,0.9702331962994627,0.9988672432430515,0.9718977377780843
2019-02-08 10:00:00,0.9919292999042708,0.9702331962994629,0.9986906306899075,0.9737209734870687
2019-02-08 11:00:00,0.9909731520900535,0.967034980546653,0.9984254978739884,0.9715131499902839
2019-02-08 12:00:00,0.9901813466704408,0.9715686244534263,0.9981125607269583,0.9696899142812995
2019-02-08 13:00:00,0.9889018190183857,0.9715686244534263,0.9981125607269583,0.9696899142812992
2019-02-11 07:00:00,0.9879456712041685,0.967034980546653,0.9980715866134251,0.968225774535831
2019-02-11 08:00:00,0.9879456712041685,0.97417430140633,0.9983845237604552,0.968225774535831
2019-02-11 09:00:00,0.9871129621072394,0.9733521770655598,0.9983017217837516,0.968225774535831
2019-02-11 10:00:00,0.9877208732671641,0.977885820972333,0.9983017217837516,0.9656632234699309
2019-02-11 11:00:00,0.9858334344551845,0.9702331962994629,0.9982615672628969,0.9656632234699309
2019-02-11 12:00:00,0.9871129621072398,0.9721366703889115,0.9983017217837516,0.9666459451451528
2019-02-11 13:00:00,0.989000400919219,0.9758481899549145,0.9982049469336984,0.9696709633664592
2019-02-12 07:00:00,0.9893953568612626,0.9771649138535949,0.9984643614635463,0.9714275833701557
2019-02-12 08:00:00,0.9893953568612626,0.9771649138535947,0.9982877489104021,0.9728549676290217
2019-02-12 09:00:00,0.9902280659581914,0.9818531873115237,0.9986078287132037,0.9737020225722285
2019-02-12 10:00:00,0.9906433195113997,0.9878159858387696,0.9986078287132037,0.9744158461048594
2019-02-12 11:00:00,0.9905038339332504,0.9878159858387696,0.9986078287132037,0.9759033051595688
2019-02-12 12:00:00,0.9906433195113998,0.9853649384370214,0.9982615672628969,0.9746459077978811
2019-02-12 13:00:00,0.9906433195113998,0.9878159858387695,0.9979486301158669,0.9751083749532872
2019-02-13 07:00:00,0.9906433195113997,0.9878159858387696,0.9979486301158669,0.9773161984500722
2019-02-13 08:00:00,0.9919760191920216,0.9912887526200501,0.9980715866134251,0.9784924891381094
2019-02-13 09:00:00,0.9919760191920214,0.9912887526200502,0.9983845237604552,0.9803157248470938
2019-02-13 10:00:00,0.993366547918868,0.9919735055477046,0.9984254978739883,0.9833963579177658
2019-02-13 11:00:00,0.9945065899927735,0.9926054765187305,0.9987384350210182,0.9854408269788936
2019-02-13 12:00:00,0.9945065899927737,0.9912887526200502,0.9989617399737669,0.9866171176669307
2019-02-13 13:00:00,0.9945065899927735,0.9912887526200502,0.9989207658602338,0.9870795848223372
2019-02-14 07:00:00,0.9945065899927735,0.994456629466848,0.9989207658602338,0.9866171176669307
2019-02-14 08:00:00,0.9945065899927735,0.9950886004378738,0.9989617399737667,0.9866171176669309
2019-02-14 09:00:00,0.9941300381263691,0.9936566791591578,0.9992268727896857,0.9851529779214624
2019-02-14 10:00:00,0.9933752942264956,0.9907706625686454,0.9993607673921932,0.9846905107660563
2019-02-14 11:00:00,0.9933752942264956,0.9901386915976196,0.999054660462741,0.9856921833561184
2019-02-14 12:00:00,0.9945635246180148,0.9930247081881319,0.9992779654154895,0.9848451284129116
2019-02-14 13:00:00,0.9941685686759711,0.9937718765391934,0.9992779654154897,0.9851743641577423
2019-02-15 07:00:00,0.9941685686759711,0.9950886004378737,0.9991497728551676,0.9860471737316296
2019-02-15 08:00:00,0.9954092749943573,0.99734264605736,0.9992779654154897,0.9872234644196669
2019-02-15 09:00:00,0.9966499813127431,0.99734264605736,0.9993607673921932,0.9886876041651356
2019-02-15 10:00:00,0.9961640188942308,0.99734264605736,0.9992779654154895,0.989534659108342
2019-02-15 11:00:00,0.9968258750108848,0.99734264605736,0.9991856419920796,0.9892054233635117
2019-02-15 12:00:00,0.996825875010885,0.9957733533655283,0.9992266161056125,0.9880291326754743
2019-02-15 13:00:00,0.9968258750108848,0.9957733533655283,0.9991383525269112,0.9880291326754743
2019-02-19 07:00:00,0.9968258750108848,0.9957733533655283,0.99931116191942,0.988876187618681
2019-02-19 08:00:00,0.9968258750108848,0.994456629466848,0.999126417332712,0.988876187618681
2019-02-19 09:00:00,0.9961640188942308,0.9912887526200502,0.999126417332712,0.9878745150286187
2019-02-19 10:00:00,0.9953182685178882,0.9897194599282182,0.9989982247723899,0.9876187902569932
2019-02-19 11:00:00,0.996356676500947,0.9928873367750162,0.9989982247723899,0.9888761876186808
2019-02-19 12:00:00,0.9968426389194593,0.992887336775016,0.9989982247723899,0.9892607754064816
2019-02-19 13:00:00,0.9958042309364006,0.992887336775016,0.9989982247723899,0.988876187618681
2019-02-20 07:00:00,0.9956019326010733,0.9957733533655283,0.9989982247723899,0.9888761876186808
2019-02-20 08:00:00,0.9966870513193266,0.9980273989850146,0.9986781449695882,0.9884137204632748
2019-02-20 09:00:00,0.9956019326010733,0.9980273989850146,0.9982250681561248,0.9875666655200681
2019-02-20 10:00:00,0.9944137022095542,0.99734264605736,0.9982250681561248,0.9870230916910111
2019-02-20 11:00:00,0.9944137022095543,0.99734264605736,0.9982250681561248,0.9873523274358418
2019-02-20 12:00:00,0.9951684461094278,0.9980898144084218,0.9982250681561248,0.9881993823790485
2019-02-20 13:00:00,0.9963566765009466,0.9987745673360762,0.99839423482998,0.9886618495344547
2019-02-21 07:00:00,0.9961640188942308,0.99734264605736,0.998436952780617,0.9886618495344547
2019-02-21 08:00:00,0.9965405707606353,0.99734264605736,0.998436952780617,0.9892421788501139
2019-02-21 09:00:00,0.9959617205589034,0.9957733533655282,0.998436952780617,0.9892421788501139
2019-02-21 10:00:00,0.996356676500947,0.9980273989850146,0.9984787806437875,0.9900892337933207
2019-02-21 11:00:00,0.9970468392771568,0.9973426460573602,0.9984360626931506,0.992389427626074
2019-02-21 12:00:00,0.9977086953938109,0.9960259221586797,0.9979724776284585,0.992389427626074
2019-02-21 13:00:00,0.9968258750108848,0.994456629466848,0.9978896756517549,0.9920048398382734
2019-02-22 07:00:00,0.9960711311110115,0.9922025838473617,0.9983532607164469,0.9902482198345771
2019-02-22 08:00:00,0.9954092749943573,0.9922025838473617,0.9983114328532763,0.9888208355757111
2019-02-22 09:00:00,0.995409274994357,0.994456629466848,0.998436952780617,0.9883583684203049
2019-02-22 10:00:00,0.9947734901673843,0.994456629466848,0.9983114328532763,0.9883583684203049
2019-02-22 11:00:00,0.9951500420337888,0.994456629466848,0.9983114328532765,0.9875113134770982
2019-02-22 12:00:00,0.994009999959883,0.994456629466848,0.9977667191541966,0.9866642585338914
2019-02-22 13:00:00,0.992556338423616,0.994456629466848,0.9975975524803417,0.9841271992922762
2019-02-25 07:00:00,0.9925563384236162,0.994456629466848,0.9981021116585668,0.9835101144900142
2019-02-25 08:00:00,0.9910841531648449,0.9912887526200501,0.9978088065562983,0.9823338238019771
2019-02-25 09:00:00,0.9921225611479038,0.9886381101795397,0.9978088065562983,0.9808696840565085
2019-02-25 10:00:00,0.9912898520509748,0.9826753116522939,0.9978088065562983,0.9800226291133018
2019-02-25 11:00:00,0.990251444067916,0.9826753116522937,0.9978088065562983,0.9808696840565088
2019-02-25 12:00:00,0.9923636808169,0.9868718157054461,0.9981021116585665,0.9820459747445458
2019-02-25 13:00:00,0.9930255369335542,0.9868718157054461,0.9980593937079297,0.9814656454288865
2019-02-26 07:00:00,0.9923854854433415,0.9868718157054461,0.9976803544570453,0.9828930296877525
2019-02-26 08:00:00,0.99390835731648,0.9893549396245894,0.997889675651755,0.9838947022778148
2019-02-26 09:00:00,0.9932181945402703,0.9901021079756511,0.9978068736750514,0.9842239380226454
2019-02-26 10:00:00,0.9932181945402703,0.9885328152838194,0.9977667191541968,0.9839682132510198
2019-02-26 11:00:00,0.9934020887999587,0.9893549396245894,0.9972921244799752,0.983121158307813
2019-02-26 12:00:00,0.9940922515761688,0.9893549396245894,0.997889675651755,0.9848410228249069
2019-02-26 13:00:00,0.9940922515761688,0.9861870627777917,0.9977240012035598,0.9848410228249069
2019-02-27 07:00:00,0.9944367057299702,0.9893852785306015,0.9977240012035598,0.9823039635832918
2019-02-27 08:00:00,0.992324468980986,0.9899720287213698,0.9974753129334784,0.9808765793244257
2019-02-27 09:00:00,0.9919800148271846,0.9899720287213698,0.9973925109567747,0.9808765793244257
2019-02-27 10:00:00,0.9940922515761688,0.9937718765391934,0.9970042809797047,0.9812611671122263
2019-02-27 11:00:00,0.99443670572997,0.9937718765391934,0.9971666045526346,0.9830177871159228
2019-02-27 12:00:00,0.993157178077915,0.9908858599486814,0.9970042809797047,0.9830177871159228
2019-02-27 13:00:00,0.9942528114702817,0.9864992619400894,0.9969606342331903,0.9824007023136611
2019-02-28 07:00:00,0.99407691777214,0.9864992619400894,0.9969179162825532,0.9820714665688304
2019-02-28 08:00:00,0.9946886114325557,0.9833010461872795,0.9963472278893689,0.9820714665688304
2019-02-28 09:00:00,0.9946886114325557,0.9808179222681362,0.9963865949647409,0.9820714665688304
2019-02-28 10:00:00,0.9958248710059701,0.9797892950617817,0.9963865949647406,0.9826885513710923
2019-02-28 11:00:00,0.9962920953772831,0.9781416677455205,0.9957191588347023,0.9826885513710923
2019-02-28 12:00:00,0.9956019326010733,0.9781416677455205,0.9957191588347023,0.9809686868539982
2019-02-28 13:00:00,0.9954092749943573,0.9788888360965822,0.995928480029412,0.9803883575383389
2019-03-01 07:00:00,0.9954092749943573,0.9788888360965822,0.9964267494855955,0.9807729453261392
2019-03-01 08:00:00,0.9954092749943573,0.9728838387399732,0.9962174282908857,0.9811021810709699
2019-03-01 09:00:00,0.9954092749943573,0.9742005626386534,0.996172811458699,0.9803883575383389
2019-03-01 10:00:00,0.9949940214411489,0.9818531873115237,0.9968246284862707,0.9812354124815454
2019-03-01 11:00:00,0.9959617205589034,0.9858735274051037,0.9968692453184577,0.9824117031695828
2019-03-01 12:00:00,0.9964476829774159,0.9858735274051036,0.9968692453184576,0.9820271153817822
2019-03-01 13:00:00,0.9972024268772894,0.9858735274051037,0.9968246284862707,0.9842349388785671
2019-03-04 07:00:00,0.9966499813127433,0.9858735274051036,0.9961334443833273,0.9839057031337365
2019-03-04 08:00:00,0.9966499813127433,0.9858735274051036,0.9959241231886174,0.9839057031337366
2019-03-04 09:00:00,0.9958042309364006,0.9858735274051036,0.9959241231886173,0.9829040305436744
2019-03-04 10:00:00,0.9959660452991206,0.9858735274051036,0.9955465771405764,0.9829040305436745
2019-03-04 11:00:00,0.9966870513193266,0.9878159858387696,0.9959444561412515,0.9829040305436744
2019-03-04 12:00:00,0.9966870513193266,0.9912887526200501,0.9962763711654866,0.981861234072609
2019-03-04 13:00:00,0.9966870513193266,0.9926054765187305,0.9963220021892926,0.9829040305436744
2019-03-05 07:00:00,0.9958042309364006,0.9912887526200501,0.9962424805930661,0.9829040305436741
2019-03-05 08:00:00,0.9964943937126105,0.991920723591076,0.9962424805930661,0.9817277398556371
2019-03-05 09:00:00,0.9966870513193266,0.9950886004378738,0.9968793988402177,0.981265272700231
2019-03-05 10:00:00,0.9956019326010733,0.9912887526200501,0.9967589031304582,0.9819790962328617
2019-03-05 11:00:00,0.9949661477741005,0.9912887526200502,0.9968793988402175,0.9811062866589746
2019-03-05 12:00:00,0.9944137022095542,0.9912887526200501,0.9965404627141431,0.9803924631263435
2019-03-05 13:00:00,0.9944137022095542,0.988402736029538,0.9965018527921764,0.980648187897969
2019-03-06 07:00:00,0.9954092749943573,0.9884027360295381,0.9961582396472932,0.9809039126695948
2019-03-06 08:00:00,0.9964476829774159,0.9922025838473617,0.9968337678164115,0.980056857726388
2019-03-06 09:00:00,0.9959617205589034,0.9901386915976196,0.9966746621846854,0.980056857726388
2019-03-06 10:00:00,0.9954092749943573,0.9884027360295378,0.9965123386117555,0.9805193248817942
2019-03-06 11:00:00,0.9964476829774159,0.9912887526200501,0.997096419386207,0.9815209974718564
2019-03-06 12:00:00,0.9975328016956692,0.994456629466848,0.9968512747378299,0.9800936132129906
2019-03-06 13:00:00,0.9972024268772894,0.9937718765391934,0.9970522082327264,0.9778857897162057
2019-03-07 07:00:00,0.9959617205589032,0.9908858599486814,0.9968793988402175,0.9755855958834524
2019-03-07 08:00:00,0.9956019326010733,0.988402736029538,0.9965404627141431,0.9735411268223245
2019-03-07 09:00:00,0.9949940214411489,0.9912887526200501,0.9971245434885947,0.9735411268223246
2019-03-07 10:00:00,0.995655877557803,0.9927206738987664,0.997271513372606,0.9755855958834524
2019-03-07 11:00:00,0.9951699151392905,0.9908171998093176,0.9968939673245649,0.9762026806857139
2019-03-07 12:00:00,0.9951699151392903,0.9893852785306015,0.9964408905111015,0.9762026806857141
2019-03-07 13:00:00,0.9946174695747442,0.9912887526200501,0.9964795004330682,0.9733777723866677
2019-03-08 07:00:00,0.9929390101014728,0.9886381101795397,0.9960552619854232,0.9727606875844057
2019-03-08 08:00:00,0.9934914556660188,0.9912887526200501,0.996007457654312,0.9736077425276123
2019-03-08 09:00:00,0.9945080590226362,0.9930247081881319,0.9963613689148753,0.9749685110811905
2019-03-08 10:00:00,0.994358236614176,0.9930247081881319,0.9960552619854229,0.974121456137984
2019-03-08 11:00:00,0.994358236614176,0.9930247081881319,0.9955832192066669,0.9738657313663582
2019-03-08 12:00:00,0.9948645051306972,0.9930247081881319,0.9960362960201301,0.9741949671111889
2019-03-08 13:00:00,0.9952797586839057,0.9952787538076182,0.9965083387988863,0.9738657313663582
2019-03-11 07:00:00,0.9951038649857642,0.995910724778644,0.9960362960201301,0.9741949671111887
2019-03-11 08:00:00,0.9951038649857642,0.99734264605736,0.9963492331671602,0.9741949671111887
2019-03-11 09:00:00,0.9943236108696887,0.99734264605736,0.9963492331671602,0.9764027906079736
2019-03-11 10:00:00,0.992436172057709,0.9952787538076182,0.9965083387988863,0.9749153315532642
2019-03-11 11:00:00,0.9924361720577092,0.9959107247786441,0.9960362960201301,0.9766719515569607
2019-03-11 12:00:00,0.9935724316311233,0.9950886004378738,0.9963492331671603,0.9794968598560073
2019-03-11 13:00:00,0.9950446168898945,0.9959107247786441,0.9963492331671603,0.9800771891716665
2019-03-12 07:00:00,0.9946680650234901,0.9973426460573602,0.9963982036861024,0.9800771891716665
2019-03-12 08:00:00,0.9952469152252219,0.9980898144084218,0.9966693129699619,0.9797479534268361
2019-03-12 09:00:00,0.9943271755309968,0.9952037978179096,0.996669312969962,0.9811753376857021
2019-03-12 10:00:00,0.9925178576310206,0.9925531553773993,0.9963982036861024,0.979478792477849
2019-03-12 11:00:00,0.9921580696731906,0.9911212340986831,0.9958393090428291,0.97889846316219
2019-03-12 12:00:00,0.9921580696731905,0.9886381101795398,0.9962635474904744,0.9806550831658862
2019-03-12 13:00:00,0.9904205668312527,0.9846177700859599,0.9964605344677755,0.9815021381090929
2019-03-13 07:00:00,0.9914370636529845,0.9846177700859599,0.9959984146745553,0.9817112242622366
2019-03-13 08:00:00,0.9930440832176334,0.9846177700859599,0.9959016398245021,0.9828140955291454
2019-03-13 09:00:00,0.9921580696731905,0.9781416677455205,0.99559553289505,0.9828140955291454
2019-03-13 10:00:00,0.9907971186976573,0.972211119137413,0.9951023015607321,0.9806550831658862
2019-03-13 11:00:00,0.9907971186976574,0.9791702949518751,0.9956348999704219,0.9806550831658862
2019-03-13 12:00:00,0.9902182684959255,0.9846177700859596,0.9957113912379634,0.9806550831658862
2019-03-13 13:00:00,0.9904205668312527,0.9895519414068513,0.9957603617569054,0.9798080282226797
2019-03-14 07:00:00,0.9923603680085179,0.9909838626855674,0.9957603617569054,0.9793455610672734
2019-03-14 08:00:00,0.9921580696731905,0.9909838626855674,0.996193794613695,0.9779181768084073
2019-03-14 09:00:00,0.9912347653176573,0.9922025838473617,0.9955847049364638,0.9760949410994233
2019-03-14 10:00:00,0.9902670661999028,0.9950886004378738,0.9955847049364638,0.9757103533116227
2019-03-14 11:00:00,0.9890820089225112,0.9912887526200501,0.9956611962040053,0.9757103533116227
2019-03-14 12:00:00,0.989936691381523,0.989224860370308,0.9951023015607321,0.9757103533116227
2019-03-14 13:00:00,0.9906268541577328,0.9869708147508217,0.9954485630110389,0.975381117566792
2019-03-15 07:00:00,0.9882492998255823,0.9815555895358753,0.9954485630110387,0.9716422758128548
2019-03-15 08:00:00,0.9875735104661056,0.9834980479695414,0.9960576526882701,0.9716422758128548
2019-03-15 09:00:00,0.9888281500273143,0.9857520935890277,0.9961544275383233,0.9733988958165515
2019-03-15 10:00:00,0.9901891010028473,0.9863840645600533,0.996007457654312,0.9743816174917735
2019-03-15 11:00:00,0.9901891010028473,0.9846177700859599,0.9958893261361188,0.9761014820088675
2019-03-15 12:00:00,0.9891726041811157,0.9823381717986729,0.9958514447905441,0.9751187603336454
2019-03-15 13:00:00,0.987685248880317,0.9764076231905652,0.9953521452391138,0.9721877987135263
2019-03-18 07:00:00,0.9867619445247838,0.979170294951875,0.9953521452391138,0.9713149891396392
2019-03-18 08:00:00,0.9865780502650952,0.979170294951875,0.9956172780550328,0.9709857533948085
2019-03-18 09:00:00,0.9865780502650952,0.9741535775710787,0.9954671033418697,0.9722431507564964
2019-03-18 10:00:00,0.9865780502650952,0.9741535775710789,0.9949846999661381,0.9729569742891273
2019-03-18 11:00:00,0.9865780502650953,0.9699570735179266,0.9951613125192824,0.9729569742891275
2019-03-18 12:00:00,0.9865780502650953,0.9625416901254261,0.9949752860402004,0.9741313159055497
2019-03-18 13:00:00,0.9875591370493723,0.9565366927688169,0.994636349914126,0.9747484007078117
2019-03-19 07:00:00,0.989082008922511,0.9565366927688169,0.9953047797689396,0.9747484007078117
2019-03-19 08:00:00,0.989082008922511,0.9565366927688169,0.9956172780550326,0.9741680713921522
2019-03-19 09:00:00,0.9877839349863767,0.9585368509463709,0.995692339158818,0.9746305385475585
2019-03-19 10:00:00,0.986951225889448,0.9639520761613174,0.9958893261361188,0.9737834836043519
2019-03-19 11:00:00,0.9875591370493723,0.9651285984937485,0.9964605344677752,0.9712464243627363
2019-03-19 12:00:00,0.9877839349863767,0.9620096177276517,0.9967734716148055,0.9694231886537522
2019-03-19 13:00:00,0.9877839349863767,0.9591236011371393,0.99657980933119,0.9684215160636896
2019-03-20 07:00:00,0.9868028482020997,0.9505316954122079,0.9961643819375741,0.9684215160636896
2019-03-20 08:00:00,0.9859200278191736,0.9505316954122079,0.9961643819375743,0.9669573763182214
2019-03-20 09:00:00,0.9862504026375535,0.9461450974036159,0.9961643819375741,0.9669573763182214
2019-03-20 10:00:00,0.9872181017553081,0.9527368449509933,0.9967734716148055,0.968713996321918
2019-03-20 11:00:00,0.9894972624757195,0.9591236011371393,0.9971591001404839,0.9708730086851771
2019-03-20 12:00:00,0.9914370636529847,0.9641403185179357,0.9971591001404839,0.973435559751077
2019-03-20 13:00:00,0.9910218100997763,0.9701453158745449,0.9971591001404839,0.9734355597510772
2019-03-21 07:00:00,0.9912347653176571,0.9720877743082106,0.9971591001404837,0.9762604680501237
2019-03-21 08:00:00,0.9918136155193891,0.9720877743082108,0.9971591001404837,0.9762604680501237
2019-03-21 09:00:00,0.9934206350840379,0.9689687935421137,0.9971124077408797,0.9795711628138175
2019-03-21 10:00:00,0.9947001627360931,0.9766214182149838,0.997271513372606,0.98057283540388
2019-03-21 11:00:00,0.9956234670916265,0.9797892950617817,0.9977145496729659,0.979955750601618
2019-03-21 12:00:00,0.9956234670916265,0.9758481899549145,0.997887359065475,0.9781991305979214
2019-03-21 13:00:00,0.9956234670916265,0.9780533394936999,0.9975254513995029,0.9802435996590493
2019-03-22 07:00:00,0.9939489834975279,0.9764057121774389,0.9970534086207464,0.9798590118712488
2019-03-22 08:00:00,0.9943439394395711,0.9818531873115237,0.9975744219184448,0.981035302559286
2019-03-22 09:00:00,0.9937650892378393,0.9805364634128434,0.9975254513995025,0.9823960711128642
2019-03-22 10:00:00,0.9930440832176335,0.9797892950617816,0.997271513372606,0.9813532746417986
2019-03-22 11:00:00,0.9932126436732932,0.9797892950617816,0.9973182057722101,0.9803516020517364
2019-03-22 12:00:00,0.9924916376530873,0.9797892950617816,0.9969325772465314,0.9789242177928704
2019-03-22 13:00:00,0.9924916376530871,0.9846177700859599,0.9966264703170795,0.9789242177928704
2019-03-25 07:00:00,0.9941661212471858,0.9886381101795397,0.9971088736928113,0.9794677916219272
2019-03-25 08:00:00,0.9954988209278077,0.9912887526200502,0.9974551351431179,0.9788507068196655
2019-03-25 09:00:00,0.9954988209278077,0.9899720287213698,0.9978407636687965,0.9788507068196655
2019-03-25 10:00:00,0.9962198269480136,0.9920359209711118,0.9978885679999074,0.979697761762872
2019-03-25 11:00:00,0.9974080573395325,0.9937718765391936,0.9974945022184896,0.9796977617628723
2019-03-25 12:00:00,0.9966870513193267,0.9930247081881319,0.9974551351431179,0.9789173225249532
2019-03-25 13:00:00,0.9966870513193266,0.9930247081881319,0.9978407636687965,0.9783002377226914
2019-03-26 07:00:00,0.9966870513193266,0.9936566791591576,0.9974551351431179,0.9783002377226915
2019-03-26 08:00:00,0.9966870513193266,0.995910724778644,0.9974945022184896,0.9760924142259065
2019-03-26 09:00:00,0.9952965225924802,0.995910724778644,0.997148240768183,0.9767094990281683
2019-03-26 10:00:00,0.9954988209278076,0.99734264605736,0.9975423065496007,0.9771719661835746
2019-03-26 11:00:00,0.9947778149076016,0.99734264605736,0.9978885679999077,0.97970902542519
2019-03-26 12:00:00,0.9936926961893483,0.99734264605736,0.9978885679999077,0.9785327347371526
2019-03-26 13:00:00,0.9934903978540207,0.9987745673360763,0.9981946749293595,0.9774899382660872
2019-03-27 07:00:00,0.9945755165722744,0.999521735687138,0.9982348294502144,0.9795344073272152
2019-03-27 08:00:00,0.9939638229118584,0.9995217356871378,0.9978885679999077,0.9783581166391778
2019-03-27 09:00:00,0.9920763840998791,0.9987745673360763,0.9974551351431179,0.9760579228064246
2019-03-27 10:00:00,0.9909912653816256,0.99734264605736,0.9974149806222632,0.9757700737489933
2019-03-27 11:00:00,0.9922707930336807,0.9957733533655283,0.997714549672966,0.9766428833228806
2019-03-27 12:00:00,0.9938057910496298,0.9965205217165898,0.9974551351431179,0.9781070230683492
2019-03-27 13:00:00,0.9954092749943573,0.9980898144084218,0.9978090464036811,0.9783948721257802
2019-03-28 07:00:00,0.9959155435108787,0.9987745673360762,0.9977145496729659,0.9795711628138175
2019-03-28 08:00:00,0.9964679890754249,0.9987745673360762,0.9977145496729659,0.9795711628138175
2019-03-28 09:00:00,0.9964679890754249,0.9987745673360762,0.9977145496729659,0.9795711628138175
2019-03-28 10:00:00,0.9966235766755575,0.9987745673360762,0.9977145496729659,0.9787241078706107
2019-03-28 11:00:00,0.995655877557803,0.99734264605736,0.9978873590654748,0.9775478171825737
2019-03-28 12:00:00,0.9960156655156331,0.9973426460573602,0.9975254513995025,0.9775478171825737
2019-03-28 13:00:00,0.9951699151392905,0.9950886004378738,0.997271513372606,0.9793044371862699
2019-03-29 07:00:00,0.9939774180845313,0.9950886004378738,0.997271513372606,0.9790165881288388
2019-03-29 08:00:00,0.9943372060423616,0.9928345548183876,0.9972715133726058,0.9800182607189012
2019-03-29 09:00:00,0.9953538093989791,0.9936566791591576,0.997271513372606,0.9800182607189012
2019-03-29 10:00:00,0.9960156655156331,0.9936566791591576,0.9972715133726058,0.9800182607189012
2019-03-29 11:00:00,0.9953538093989789,0.9936566791591576,0.9971935363752675,0.9804028485067016
2019-03-29 12:00:00,0.9953538093989789,0.9936566791591576,0.9971124077408797,0.9797857637044398
2019-03-29 13:00:00,0.9951699151392905,0.9936566791591576,0.9974586691911864,0.9815423837081364
2019-04-01 07:00:00,0.9951699151392905,0.989856831341334,0.9971591001404839,0.9815423837081364
2019-04-01 08:00:00,0.995655877557803,0.9919207235910761,0.9973357126936282,0.9830065234536047
2019-04-01 09:00:00,0.9949940214411488,0.9936566791591576,0.9967266230163971,0.9833357591984354
2019-04-01 10:00:00,0.9959617205589034,0.991920723591076,0.99705417990252,0.9827554298827761
2019-04-01 11:00:00,0.9953538093989791,0.9912887526200502,0.9972198543507153,0.9827554298827761
2019-04-01 12:00:00,0.994358236614176,0.9944566294668479,0.9967672471988887,0.9827554298827761
2019-04-01 13:00:00,0.9926797771409045,0.9950886004378738,0.9962740158645708,0.9827554298827761
2019-04-02 07:00:00,0.9926797771409045,0.9944566294668479,0.9960507109118221,0.9823708420949757
2019-04-02 08:00:00,0.9915397350669988,0.9973426460573602,0.9957382126257291,0.9823708420949755
2019-04-02 09:00:00,0.9916842043561016,0.9959107247786441,0.995154131851278,0.982658691152407
2019-04-02 10:00:00,0.9923199891830744,0.9966578931297058,0.9951541318512778,0.9830432789402074
2019-04-02 11:00:00,0.9929600406732871,0.9966578931297058,0.9957382126257291,0.9844706631990732
2019-04-02 12:00:00,0.9921273315763584,0.9950886004378738,0.9957382126257291,0.9849331303544796
2019-04-02 13:00:00,0.9923199891830744,0.9944566294668479,0.9957382126257293,0.9849331303544796
2019-04-03 07:00:00,0.9911317587915556,0.9922025838473617,0.9958883873388922,0.9849331303544796
2019-04-03 08:00:00,0.9915989831628684,0.9930247081881317,0.9963409944907186,0.9849331303544796
2019-04-03 09:00:00,0.9902662834822465,0.9945940008799637,0.9962273234649666,0.9846038946096489
2019-04-03 10:00:00,0.9895151042436813,0.9945940008799637,0.995643715895014,0.9846038946096489
2019-04-03 11:00:00,0.9895151042436813,0.9959107247786441,0.9952526478923653,0.9846038946096489
2019-04-03 12:00:00,0.9897990591109337,0.9930247081881319,0.9954386743714471,0.9843160455522176
2019-04-03 13:00:00,0.9909872895024526,0.9930247081881319,0.9958721072282366,0.9843160455522176
2019-04-04 07:00:00,0.9909872895024526,0.9930247081881316,0.9959187996278407,0.9843160455522176
2019-04-04 08:00:00,0.9909872895024526,0.9930247081881319,0.9955397603769562,0.9843160455522176
2019-04-04 09:00:00,0.9895151042436813,0.989856831341334,0.9949681053721958,0.9843160455522176
2019-04-04 10:00:00,0.9897990591109336,0.9863840645600533,0.995154131851278,0.9834432359783305
2019-04-04 11:00:00,0.9909872895024525,0.9886381101795398,0.9954930679773523,0.9827294124456992
2019-04-04 12:00:00,0.9905923335604093,0.9900700314582558,0.9955813315560537,0.9807471906954588
2019-04-04 13:00:00,0.9899165442009326,0.9858735274051036,0.995149454832469,0.979704394224393
2019-04-05 07:00:00,0.9892807593739598,0.9818531873115237,0.9947160219756794,0.9805514491675997
2019-04-05 08:00:00,0.9906134590545815,0.9829875108145913,0.9948783455486094,0.9805514491675997
2019-04-05 09:00:00,0.990468989765479,0.9798196339677937,0.9943990139672593,0.9802636001101684
2019-04-05 10:00:00,0.9915397350669988,0.98523485918274,0.9948736086414807,0.9802636001101687
2019-04-05 11:00:00,0.9917236293266872,0.9865515830814207,0.9951275466683774,0.980648187897969
2019-04-05 12:00:00,0.9925693797030298,0.9817231080572424,0.9951275466683774,0.9809774236427997
2019-04-05 13:00:00,0.9917236293266872,0.9798196339677937,0.9945299954965977,0.9809774236427997
2019-04-08 07:00:00,0.9926797771409045,0.9744044087528471,0.9943990139672593,0.9813066593876303
2019-04-08 08:00:00,0.9926797771409045,0.9672650878931702,0.9939166105915275,0.9821794689615178
2019-04-08 09:00:00,0.9936753499257076,0.9726803131081168,0.9943990139672593,0.9821794689615175
2019-04-08 10:00:00,0.9945080590226364,0.9798196339677937,0.994553528838679,0.9821794689615175
2019-04-08 11:00:00,0.9934914556660192,0.9763078828422959,0.9948074668655758,0.9821794689615175
2019-04-08 12:00:00,0.9936753499257076,0.9817231080572424,0.9951275466683773,0.9821794689615175
2019-04-08 13:00:00,0.9945080590226364,0.9865515830814204,0.9958976539219109,0.9821794689615175
2019-04-09 07:00:00,0.9949940214411488,0.9859196121103945,0.9954758967203893,0.9836068532203835
2019-04-09 08:00:00,0.9962920953772834,0.9859196121103947,0.9957666723925724,0.9876335440317519
2019-04-09 09:00:00,0.9971378457536259,0.9859196121103947,0.996037781676432,0.9886763405028175
2019-04-09 10:00:00,0.9962920953772834,0.9859196121103947,0.9954930679773522,0.9872489562439515
2019-04-09 11:00:00,0.9962920953772834,0.9840161380209459,0.9953164554242079,0.9860726655559143
2019-04-09 12:00:00,0.9975328016956694,0.988402736029538,0.9955149076729807,0.9860726655559143
2019-04-09 13:00:00,0.9971562498292648,0.988402736029538,0.9954671033418698,0.9860726655559143
2019-04-10 07:00:00,0.9971562498292648,0.9869708147508218,0.995956214181107,0.9865351327113205
2019-04-10 08:00:00,0.9966499813127433,0.9863840645600536,0.9961903809166185,0.9861505449235201
2019-04-10 09:00:00,0.9966499813127433,0.9886381101795397,0.9966836122509366,0.9843939249198235
2019-04-10 10:00:00,0.9966499813127433,0.9886381101795397,0.9966836122509366,0.98615054492352
2019-04-10 11:00:00,0.9954092749943573,0.9857520935890275,0.9961903809166185,0.9854367213908889
2019-04-10 12:00:00,0.9959617205589035,0.988235217508171,0.9962848776473335,0.9849742542354827
2019-04-10 13:00:00,0.9961640188942308,0.9917079842894515,0.9963840432002339,0.9853588420232833
2019-04-11 07:00:00,0.9972024268772894,0.9917079842894515,0.9968939673245649,0.9865351327113205
2019-04-11 08:00:00,0.9977086953938109,0.9945940008799636,0.9962848776473335,0.9875368053013825
2019-04-11 09:00:00,0.9977086953938109,0.9945940008799636,0.9957855780959032,0.9882506288340138
2019-04-11 10:00:00,0.9985915157767369,0.9966578931297058,0.9958847436488033,0.9882506288340138
2019-04-11 11:00:00,0.9985915157767369,0.9980898144084218,0.9961498764647224,0.9882506288340138
2019-04-11 12:00:00,0.9987754100364254,0.99652052171659,0.9967459508662062,0.9878660410462132
2019-04-11 13:00:00,0.9984156220785952,0.9987745673360762,0.997140016647624,0.9878660410462132
2019-04-12 07:00:00,0.9984156220785952,0.999521735687138,0.997140016647624,0.9868232445751478
2019-04-12 08:00:00,0.9975328016956692,0.9980898144084217,0.996827079500594,0.9842861853335324
2019-04-12 09:00:00,0.9975328016956694,0.99734264605736,0.997140016647624,0.9835723618009014
2019-04-12 10:00:00,0.9968117956754633,0.99734264605736,0.997649940771955,0.9831098946454951
2019-04-12 11:00:00,0.9955710893570773,0.994456629466848,0.9978090464036811,0.9813532746417986
2019-04-12 12:00:00,0.9959155435108787,0.9930247081881319,0.9981151533331332,0.97988913489633
2019-04-12 13:00:00,0.9948304247926253,0.989856831341334,0.9981151533331332,0.9764795288872234
2019-04-15 07:00:00,0.9932269408478979,0.9863840645600536,0.9978090464036811,0.9758624440849617
2019-04-15 08:00:00,0.9941946399656525,0.9886381101795397,0.9976909148854879,0.9738179750238339
2019-04-15 09:00:00,0.9932269408478979,0.9912887526200501,0.9978090464036811,0.9729709200806272
2019-04-15 10:00:00,0.9932269408478979,0.9922025838473617,0.9981151533331332,0.9743983043394933
2019-04-15 11:00:00,0.9932269408478979,0.9922025838473617,0.9978090464036811,0.9743983043394933
2019-04-15 12:00:00,0.9943120595661513,0.9950886004378738,0.9981946749293595,0.9758624440849617
2019-04-15 13:00:00,0.9949478443931241,0.9919207235910761,0.9985409363796663,0.9758624440849615
2019-04-16 07:00:00,0.9946174695747443,0.9898568313413342,0.9988003509095144,0.9755332083401312
2019-04-16 08:00:00,0.9946174695747443,0.9869708147508218,0.9988003509095144,0.9755332083401312
2019-04-16 09:00:00,0.9946174695747442,0.9869708147508218,0.9988003509095144,0.9745315357500688
2019-04-16 10:00:00,0.9946174695747443,0.9869708147508218,0.9988003509095144,0.9727083000410846
2019-04-16 11:00:00,0.9932269408478979,0.9869708147508218,0.9988003509095144,0.9654976049671535
2019-04-16 12:00:00,0.9918658833374792,0.9840847981603097,0.9988003509095144,0.9654976049671535
2019-04-16 13:00:00,0.9924447335392111,0.9840847981603097,0.9988003509095144,0.9651130171793532
2019-04-17 07:00:00,0.9913596148209577,0.9786695729453633,0.9990187913258293,0.9651130171793532
2019-04-17 08:00:00,0.9909097355232619,0.9720778253979856,0.9990187913258293,0.9662893078673903
2019-04-17 09:00:00,0.9909097355232619,0.9635641819496106,0.9991497728551676,0.9650319105057026
2019-04-17 10:00:00,0.9909097355232619,0.9591775839410183,0.9990574494317577,0.9653197595631339
2019-04-17 11:00:00,0.9924447335392111,0.962650350722299,0.9993635563612095,0.9653197595631337
2019-04-17 12:00:00,0.9924447335392111,0.9610027234060381,0.9994917489215315,0.9643180869730713
2019-04-17 13:00:00,0.9924447335392111,0.9615894735968062,0.9994917489215315,0.9638556198176653
2019-04-18 07:00:00,0.9918330398787953,0.9519707793307739,0.9993225822476764,0.9633120459886086
2019-04-18 08:00:00,0.9921273315763584,0.9450116035163119,0.9991856419920796,0.9633120459886086
2019-04-18 09:00:00,0.9924447335392111,0.9450116035163119,0.9992720066892309,0.9623103733985463
2019-04-18 10:00:00,0.993165739559417,0.9470754957660534,0.9994525936913423,0.9646105672312997
2019-04-18 11:00:00,0.9933155619678773,0.9450753375884995,0.9994525936913423,0.9643548424596741
2019-04-18 12:00:00,0.9922448166663573,0.9403870641305708,0.9995428415473354,0.9631785517716368
2019-04-18 13:00:00,0.9941613123442201,0.9494190082058349,0.999668361474676,0.9701013977881365
2019-04-22 07:00:00,0.9933155619678774,0.9373679819377252,0.999668361474676,0.9709484527313431
2019-04-22 08:00:00,0.9927872135543876,0.9403870641305708,0.9997965540349979,0.9704859855759369
2019-04-22 09:00:00,0.9927872135543876,0.9410190351015967,0.9998848176136994,0.9709484527313433
2019-04-22 10:00:00,0.9934272650446003,0.9494190082058349,0.9998848176136992,0.9714109198867494
2019-04-22 11:00:00,0.9932774426361399,0.9390206060676819,0.9998411708671849,0.9726683172484373
2019-04-22 12:00:00,0.9934272650446003,0.9390206060676819,0.9997548061700333,0.9726683172484373
2019-04-22 13:00:00,0.9941482710648063,0.9390206060676819,0.9998411708671847,0.9714920265603999
2019-04-23 07:00:00,0.9934272650446002,0.9383886350966562,0.9999275355643362,0.9723648361342873
2019-04-23 08:00:00,0.9944656730276589,0.9420396882605275,0.9999711823108507,0.9728273032896935
2019-04-23 09:00:00,0.9953114234040016,0.9494190082058349,0.9999711823108507,0.9735411268223245
2019-04-23 10:00:00,0.9944656730276589,0.9494190082058349,0.9998848176136994,0.9724983303512591
2019-04-23 11:00:00,0.9948809265808674,0.9593852365194647,0.9998848176136994,0.9714966577611968
2019-04-23 12:00:00,0.9938425185978087,0.9561663571801164,0.9998848176136994,0.9711120699733964
2019-04-23 13:00:00,0.9948809265808674,0.9593852365194647,0.9998848176136992,0.9713999190308275
2019-04-24 07:00:00,0.9948809265808674,0.9647582629050481,0.9998411708671849,0.9748095250399343
2019-04-24 08:00:00,0.9959193345639261,0.964758262905048,0.9999275355643362,0.9773465842815497
2019-04-24 09:00:00,0.9948809265808674,0.964758262905048,0.9998848176136994,0.9768841171261433
2019-04-24 10:00:00,0.9938425185978085,0.964758262905048,0.9998411708671847,0.976011307552256
2019-04-24 11:00:00,0.9938425185978085,0.964758262905048,0.9999275355643362,0.9770129801423184
2019-04-24 12:00:00,0.9939981061979413,0.964758262905048,0.9999275355643362,0.9781892708303555
2019-04-24 13:00:00,0.9925444446616742,0.964758262905048,0.9999275355643362,0.976432650826659
2019-04-25 07:00:00,0.9907161627799426,0.9647582629050481,0.9998838888178219,0.9731219560629653
2019-04-25 08:00:00,0.9894754564615563,0.9634415390063676,0.9997529072884834,0.9727373682751649
2019-04-25 09:00:00,0.9894754564615563,0.9554754688702918,0.999668361474676,0.9734511918077958
2019-04-25 10:00:00,0.9894754564615563,0.955475468870292,0.999668361474676,0.9742248273298741
2019-04-25 11:00:00,0.9894754564615563,0.955475468870292,0.999668361474676,0.9770497356289207
2019-04-25 12:00:00,0.9894754564615565,0.9522772531174821,0.999499194800821,0.9770497356289207
2019-04-25 13:00:00,0.9894754564615563,0.9469042267318988,0.9993682132714825,0.97672049988409
2019-04-26 07:00:00,0.9872646690861308,0.936937998418269,0.9992372317421442,0.9752330408293809
2019-04-26 08:00:00,0.9856611851414036,0.9378772794703304,0.9989376626914415,0.9737689010839122
2019-04-26 09:00:00,0.9868494155329225,0.9378772794703304,0.9989376626914415,0.9744827246165434
2019-04-26 10:00:00,0.988765911210785,0.9473873002059219,0.9989376626914415,0.9748673124043439
2019-04-26 11:00:00,0.988765911210785,0.955039924878792,0.999114275244586,0.974867312404344
2019-04-26 12:00:00,0.9904443706840566,0.9635535683271672,0.9993682132714825,0.975581135936975
2019-04-26 13:00:00,0.9902887830839238,0.9617872738530735,0.9992452567739242,0.9781113914627498
2019-04-29 07:00:00,0.9914288251578296,0.9654987934190764,0.9993335203526256,0.9781113914627498
2019-04-29 08:00:00,0.9920367363177539,0.9714615919463224,0.9995874583795225,0.9799346271717342
2019-04-29 09:00:00,0.9920367363177539,0.9739447158654657,0.9995428415473353,0.9773720761058342
2019-04-29 10:00:00,0.9920367363177539,0.9810840367251428,0.9995428415473353,0.9799346271717342
2019-04-29 11:00:00,0.9920367363177539,0.9829875108145916,0.9995428415473353,0.979354297856075
2019-04-29 12:00:00,0.9900639851469193,0.9797892950617817,0.999454577968634,0.9776344333389808
2019-04-29 13:00:00,0.9891811647639933,0.9780533394937001,0.999454577968634,0.9771719661835746
2019-04-30 07:00:00,0.9891811647639933,0.9758481899549145,0.999454577968634,0.9767873783957742
2019-04-30 08:00:00,0.9911539159348278,0.9805364634128434,0.999454577968634,0.9764027906079736
2019-04-30 09:00:00,0.9908485059262347,0.9739447158654659,0.999454577968634,0.9772498455511802
2019-04-30 10:00:00,0.9904332523730265,0.9739447158654659,0.999454577968634,0.9769206098063498
2019-04-30 11:00:00,0.9904332523730265,0.9810840367251428,0.9995428415473353,0.9779634062774152
2019-04-30 12:00:00,0.9904332523730265,0.9829875108145913,0.9995428415473353,0.9779634062774152
2019-04-30 13:00:00,0.988460501202192,0.9805364634128434,0.9995428415473354,0.9764759472227059
2019-05-01 07:00:00,0.9864877500313574,0.9810840367251428,0.9995428415473354,0.9744314781615782
2019-05-01 08:00:00,0.9856049296484313,0.9829875108145913,0.9995428415473354,0.9749750519906349
2019-05-01 09:00:00,0.9856049296484314,0.9805364634128434,0.9994991948008208,0.9770195210517627
2019-05-01 10:00:00,0.9858992213459944,0.9829875108145913,0.9993682132714825,0.9774041088395632
2019-05-01 11:00:00,0.9854654440702818,0.9797892950617816,0.9993682132714825,0.9778665759949694
2019-05-01 12:00:00,0.9845873563754781,0.9829875108145913,0.999499194800821,0.9756587524981845
2019-05-01 13:00:00,0.9852274078656911,0.9845568035064235,0.999668361474676,0.9756587524981845
2019-05-02 07:00:00,0.9854654440702819,0.98997202872137,0.9997566250533775,0.9770195210517627
2019-05-02 08:00:00,0.9845873563754781,0.9912887526200502,0.9997120082211904,0.9777999602896816
2019-05-02 09:00:00,0.9845873563754781,0.9920359209711119,0.9997965540349979,0.9783802896053408
2019-05-02 10:00:00,0.9845873563754781,0.9958357687889355,0.9998411708671847,0.9789606189210002
2019-05-02 11:00:00,0.9855829291602812,0.99652052171659,0.9998848176136992,0.9800034153920656
2019-05-02 12:00:00,0.9874994248381436,0.9957733533655282,0.9998848176136992,0.981179706080103
2019-05-02 13:00:00,0.9890222967112824,0.9980273989850146,0.9998848176136994,0.9811797060801027
2019-05-03 07:00:00,0.98710580103342,0.9980273989850146,0.9998848176136994,0.9811797060801027
2019-05-03 08:00:00,0.9855829291602812,0.9987745673360762,0.9999275355643364,0.980332651136896
2019-05-03 09:00:00,0.9874994248381436,0.9980898144084218,0.9999275355643364,0.9803326511368962
2019-05-03 10:00:00,0.9890222967112824,0.9980898144084217,0.9999711823108507,0.9811797060801027
2019-05-03 11:00:00,0.989528565227804,0.9995217356871378,0.9999275355643362,0.9817600353957622
2019-05-03 12:00:00,0.989528565227804,0.9980898144084217,0.9998838888178218,0.9822225025511684
2019-05-03 13:00:00,0.9886425516833609,0.9988369827594833,0.9998838888178218,0.9817600353957622
2019-05-06 07:00:00,0.9872814941729421,0.9980898144084218,0.9999275355643362,0.9813754476079617
2019-05-06 08:00:00,0.9895285652278037,0.9987745673360762,0.9999711823108507,0.9825517382959991
2019-05-06 09:00:00,0.9896971256834637,0.9987745673360762,0.9999275355643362,0.9833987932392055
2019-05-06 10:00:00,0.9910581831938823,0.9980898144084218,0.9999275355643364,0.9829363260837992
2019-05-06 11:00:00,0.9910581831938823,0.9980898144084218,0.9999711823108507,0.9829363260837994
2019-05-06 12:00:00,0.9908896227382226,0.9980898144084218,0.9999275355643362,0.9823559967681401
2019-05-06 13:00:00,0.9896971256834637,0.99734264605736,0.9998838888178219,0.9815089418249334
2019-05-07 07:00:00,0.9906648248012181,0.9960259221586797,0.9998838888178219,0.9829730815704019
2019-05-07 08:00:00,0.9906648248012181,0.9967730905097414,0.9998411708671849,0.983974754160464
2019-05-07 09:00:00,0.9906648248012181,0.9980898144084218,0.9997101893378464,0.9836869051030329
2019-05-07 10:00:00,0.9901585562846966,0.9966578931297058,0.9995373799453374,0.9848631957910701
2019-05-07 11:00:00,0.9909097355232619,0.9950886004378738,0.9995373799453376,0.9845339600462395
2019-05-07 12:00:00,0.9901585562846968,0.99652052171659,0.9995792078085081,0.9845339600462395
2019-05-07 13:00:00,0.9905923335604093,0.994456629466848,0.9993607673921932,0.984204724301409
2019-05-08 07:00:00,0.9905923335604093,0.9960259221586797,0.9994510152481861,0.9824481042977126
2019-05-08 08:00:00,0.9882420606068342,0.9960259221586797,0.9992782058556771,0.980691484294016
2019-05-08 09:00:00,0.9882420606068342,0.99734264605736,0.9990597654393621,0.9817943555609249
2019-05-08 10:00:00,0.9882420606068342,0.9980273989850146,0.9988003509095144,0.9825081790935559
2019-05-08 11:00:00,0.9889039167234883,0.9987745673360762,0.9988003509095144,0.9816611241503493
2019-05-08 12:00:00,0.9881797175417656,0.9987745673360762,0.9984540894592075,0.981373275092918
2019-05-08 13:00:00,0.9881797175417656,0.9987745673360762,0.9981946749293595,0.9819168489219748
2019-05-09 07:00:00,0.9899890354417418,0.99734264605736,0.9981946749293595,0.9826306724546059
2019-05-09 08:00:00,0.9914195687010918,0.9980898144084217,0.9981946749293595,0.9808074367456214
2019-05-09 09:00:00,0.9896586606233618,0.9988369827594833,0.9982348294502144,0.979764640274556
2019-05-09 10:00:00,0.9889968045067077,0.9988369827594833,0.9981946749293595,0.9812287800200244
2019-05-09 11:00:00,0.9899165442009328,0.9988369827594833,0.9981946749293598,0.9808995442751939
2019-05-09 12:00:00,0.9901092018076488,0.9967730905097414,0.9985409363796663,0.9805149564873935
2019-05-09 13:00:00,0.9909872895024525,0.9960259221586797,0.9984942439800623,0.9783071329906085
2019-05-10 07:00:00,0.9900639851469194,0.9952787538076181,0.9981946749293595,0.979349929461674
2019-05-10 08:00:00,0.9915989831628684,0.9952787538076181,0.9984942439800623,0.9786361059290432
2019-05-10 09:00:00,0.9922390346530813,0.995910724778644,0.9984942439800623,0.9786361059290429
2019-05-10 10:00:00,0.9922390346530813,0.99734264605736,0.9981946749293595,0.9786361059290432
2019-05-10 11:00:00,0.9934272650446003,0.99734264605736,0.9981946749293595,0.9771719661835746
2019-05-10 12:00:00,0.9944656730276588,0.9952787538076182,0.9981946749293595,0.9771719661835746
2019-05-10 13:00:00,0.9939984486563459,0.99734264605736,0.9981946749293598,0.9781736387736369
2019-05-13 07:00:00,0.9944656730276588,0.99734264605736,0.9981946749293598,0.978461487831068
2019-05-13 08:00:00,0.994160263019066,0.99734264605736,0.9978407636687965,0.9781736387736369
2019-05-13 09:00:00,0.9946886114325559,0.99734264605736,0.9978885679999074,0.9791753113636991
2019-05-13 10:00:00,0.9956841842173588,0.9966578931297055,0.9978885679999074,0.9787907235758985
2019-05-13 11:00:00,0.996820443790773,0.99734264605736,0.9977940712691923,0.9783282564204925
2019-05-13 12:00:00,0.9969963374889147,0.9987745673360762,0.9978407636687965,0.9795045471085296
2019-05-13 13:00:00,0.9969963374889149,0.9980898144084218,0.9978885679999074,0.9795045471085296
2019-05-14 07:00:00,0.9969963374889149,0.99652052171659,0.9977940712691923,0.9786574921653229
2019-05-14 08:00:00,0.9969963374889149,0.99652052171659,0.9978407636687965,0.9772967236117449
2019-05-14 09:00:00,0.9953928535441873,0.9965205217165898,0.9974945022184898,0.9761204329237075
2019-05-14 10:00:00,0.9952169598460457,0.9965205217165898,0.997012098842758,0.9758325838662764
2019-05-14 11:00:00,0.9952169598460457,0.9965205217165898,0.9966264703170795,0.9743684441208079
2019-05-14 12:00:00,0.995048399390386,0.9933526448697922,0.9965083387988863,0.9720682502880545
2019-05-14 13:00:00,0.9953928535441875,0.9927206738987662,0.9970293520965848,0.9723560993454858
2019-05-15 07:00:00,0.9960286383711603,0.9908171998093176,0.9970293520965848,0.9748931585871012
2019-05-15 08:00:00,0.9968204437907732,0.9908171998093175,0.9974627849533744,0.9745639228422706
2019-05-15 09:00:00,0.9969963374889147,0.9900700314582557,0.9978484134790528,0.975026389997677
2019-05-15 10:00:00,0.9973137394517676,0.9876189840565076,0.998113546294972,0.9740247174076144
2019-05-15 11:00:00,0.9966518833351135,0.9908171998093175,0.9977279177692934,0.9740247174076144
2019-05-15 12:00:00,0.9973137394517674,0.9908171998093175,0.9977279177692934,0.9752821147693025
2019-05-15 13:00:00,0.996807470935246,0.9883661524075693,0.9976801134381824,0.9747385409402457
2019-05-16 07:00:00,0.9978925896534994,0.9908171998093175,0.9977279177692934,0.9726940718791177
2019-05-16 08:00:00,0.9975328016956692,0.9908171998093175,0.998113546294972,0.9736957444691803
2019-05-16 09:00:00,0.9970468392771566,0.9883661524075694,0.9982901588481162,0.9722082854144707
2019-05-16 10:00:00,0.9965796149058436,0.9883661524075693,0.9983784224268175,0.9736356696733367
2019-05-16 11:00:00,0.9952469152252219,0.9846546328415663,0.9985877436215272,0.9740981368287429
2019-05-16 12:00:00,0.9954395728319377,0.9818900500671304,0.9989340050718342,0.9737689010839122
2019-05-16 13:00:00,0.995799360789768,0.9818900500671304,0.9987246838771242,0.9724081325303342
2019-05-17 07:00:00,0.9941248771956696,0.9818900500671304,0.9986364202984229,0.9721202834729029
2019-05-17 08:00:00,0.9943087714553581,0.9818900500671304,0.9989359893491256,0.9704004189558088
2019-05-17 09:00:00,0.9943087714553581,0.9818900500671304,0.9991954038789735,0.9700158311680084
2019-05-17 10:00:00,0.9943087714553581,0.9848544012820717,0.9989359893491256,0.9700158311680086
2019-05-17 11:00:00,0.9959832550494566,0.9883661524075693,0.9991954038789738,0.9700158311680086
2019-05-17 12:00:00,0.9959832550494566,0.9883661524075693,0.999069883951633,0.970400418955809
2019-05-17 13:00:00,0.9943087714553579,0.9846546328415663,0.9991954038789735,0.9695276093819215
2019-05-20 07:00:00,0.9941248771956696,0.9839074644905046,0.9989359893491256,0.9706304806488305
2019-05-20 08:00:00,0.9957993607897678,0.9893549396245894,0.9988903583253196,0.9728383041456153
2019-05-20 09:00:00,0.9959832550494566,0.9885328152838192,0.9988903583253196,0.973455388947877
2019-05-20 10:00:00,0.9959832550494566,0.9853649384370214,0.9985440968750129,0.970430370726571
2019-05-20 11:00:00,0.9961759126561727,0.9871008940051031,0.9987132635488679,0.9704303707265708
2019-05-20 12:00:00,0.995799360789768,0.9902991097579129,0.9987534180697227,0.971857754985437
2019-05-20 13:00:00,0.995799360789768,0.9925531553773993,0.9988903583253196,0.9718577549854368
2019-05-21 07:00:00,0.9959920183964841,0.9925531553773993,0.9987534180697227,0.9710107000422302
2019-05-21 08:00:00,0.9961759126561724,0.990070031458256,0.9990595249991746,0.9718835096161177
2019-05-21 09:00:00,0.9961759126561724,0.9868718157054461,0.9991423269758782,0.9723459767715238
2019-05-21 10:00:00,0.9961759126561724,0.9868718157054461,0.9988362200464261,0.9718835096161177
2019-05-21 11:00:00,0.9961759126561727,0.9826753116522939,0.9988362200464261,0.9718835096161177
2019-05-21 12:00:00,0.9961759126561724,0.9803957133650069,0.9985232828993962,0.971653447923096
2019-05-21 13:00:00,0.9947037273974013,0.9769482886760426,0.9984823087858631,0.9706106514520304
2019-05-22 07:00:00,0.9932893654394684,0.971475363717208,0.9984823087858631,0.9702260636642299
2019-05-22 08:00:00,0.9932893654394684,0.971475363717208,0.9984823087858631,0.97022606366423
2019-05-22 09:00:00,0.9932893654394684,0.9749871148427056,0.9983017217837516,0.9702260636642299
2019-05-22 10:00:00,0.9930967078327526,0.9758092391834758,0.9979398141177794,0.968798679405364
2019-05-22 11:00:00,0.9932893654394687,0.9749871148427056,0.9982171759699441,0.970159447958942
2019-05-22 12:00:00,0.9932893654394687,0.9788907471097087,0.9984823087858631,0.9694456244263111
2019-05-22 13:00:00,0.9913495642622032,0.9742399464916441,0.9984823087858631,0.9680848558727331
2019-05-23 07:00:00,0.9890704035417921,0.9663923892746205,0.9984823087858631,0.9677556201279024
2019-05-23 08:00:00,0.988877745935076,0.9624512841677534,0.9984823087858631,0.9660357556108085
2019-05-23 09:00:00,0.988517957977246,0.9592834073209554,0.9985725566418561,0.9666160849264677
2019-05-23 10:00:00,0.9876852488803171,0.964366381763543,0.9984496001442978,0.9644082614296827
2019-05-23 11:00:00,0.9881230020352025,0.96830748687041,0.9986589213390076,0.9638279321140235
2019-05-23 12:00:00,0.9875946536217125,0.963479011846232,0.9987035381711944,0.962071312110327
2019-05-23 13:00:00,0.9865780502650953,0.9681298124642965,0.9989319295044169,0.9658101538642643
2019-05-24 07:00:00,0.9865780502650953,0.9654791700237861,0.9991010961782721,0.9662959403289113
2019-05-24 08:00:00,0.9865780502650953,0.9568872642988545,0.9987471849177089,0.9670097638615426
2019-05-24 09:00:00,0.9882492998255823,0.9587907383883033,0.9984932468908121,0.9670097638615426
2019-05-24 10:00:00,0.9892659031821998,0.9673826441132348,0.9985378637229991,0.967394351649343
2019-05-24 11:00:00,0.9888281500273143,0.9708943952387326,0.9983041486173487,0.967394351649343
2019-05-24 12:00:00,0.9891726041811154,0.9673826441132348,0.9980108435150805,0.9684371481204085
2019-05-24 13:00:00,0.9901891010028473,0.9654791700237861,0.997967196768566,0.9688217359082091
2019-05-28 07:00:00,0.9914195687010918,0.9681298124642965,0.9984496001442976,0.9719023689788812
2019-05-28 08:00:00,0.9917961205674962,0.9750889882787586,0.9984932468908121,0.9719023689788812
2019-05-28 09:00:00,0.9919646810231559,0.974341819927697,0.9984137252945858,0.9727494239220876
2019-05-28 10:00:00,0.9917961205674963,0.974341819927697,0.9981363634424212,0.9730786596669183
2019-05-28 11:00:00,0.9901891010028473,0.974341819927697,0.9980108435150805,0.9725928732022711
2019-05-28 12:00:00,0.9901891010028473,0.9693251025469006,0.9975176121807624,0.9725928732022713
2019-05-28 13:00:00,0.9886442557676257,0.9667381941785783,0.997268923910681,0.97187904966964
2019-05-29 07:00:00,0.9859022609056187,0.9624023880870525,0.997268923910681,0.970877377079578
2019-05-29 08:00:00,0.9864306093191086,0.9604599296533863,0.9978015223203708,0.9677967440089057
2019-05-29 09:00:00,0.9859022609056189,0.9583960374036447,0.9978015223203708,0.9654965501761525
2019-05-29 10:00:00,0.9855073049635754,0.9544549322967774,0.9982839256961026,0.9662769894140713
2019-05-29 11:00:00,0.9867619445247837,0.962302489513801,0.998094827422639,0.9662769894140711
2019-05-29 12:00:00,0.9860861551653072,0.9708943952387327,0.998094827422639,0.962538147660134
2019-05-29 13:00:00,0.9855073049635754,0.9708943952387327,0.9985378637229991,0.9631184769757933
2019-05-30 07:00:00,0.9865780502650952,0.9746942430565564,0.998304148617349,0.9631184769757933
2019-05-30 08:00:00,0.9865780502650953,0.9816534188710185,0.9983041486173487,0.9610740079146656
2019-05-30 09:00:00,0.9865780502650952,0.9816534188710185,0.998304148617349,0.9625013921735316
2019-05-30 10:00:00,0.9879391077755141,0.9839074644905046,0.998304148617349,0.9620389250181252
2019-05-30 11:00:00,0.9900053132780445,0.9893549396245894,0.998304148617349,0.9620389250181252
2019-05-30 12:00:00,0.990189207537733,0.9893549396245894,0.9977715502076592,0.9643391188508786
2019-05-30 13:00:00,0.9911569066554874,0.9901021079756511,0.9976832866289577,0.9654419901177876
2019-05-31 07:00:00,0.992894409497425,0.994122448069231,0.9978088065562983,0.9694686809291562
2019-05-31 08:00:00,0.992894409497425,0.9967730905097414,0.9982209092562286,0.9709328206746244
2019-05-31 09:00:00,0.9928944094974252,0.9980898144084217,0.9983518907855669,0.9711885454462501
2019-05-31 10:00:00,0.9928944094974252,0.9960259221586797,0.9979816159488071,0.9699311480845623
2019-05-31 11:00:00,0.9928944094974252,0.9952037978179097,0.9983091728349298,0.9693140632823004
2019-05-31 12:00:00,0.9919267103796706,0.9958357687889355,0.9983091728349299,0.9716142571150538
2019-05-31 13:00:00,0.9901892075377328,0.9937718765391934,0.9982246270211224,0.9708406215929755
2019-06-03 07:00:00,0.9901892075377328,0.9925531553773993,0.9982246270211224,0.9691207570758813
2019-06-03 08:00:00,0.990189207537733,0.9925531553773993,0.9982246270211225,0.966820563243128
2019-06-03 09:00:00,0.9907416531022791,0.9933752797181693,0.9981363634424211,0.966820563243128
2019-06-03 10:00:00,0.9921026040778121,0.9925531553773991,0.99775881739438,0.9679968539311654
2019-06-03 11:00:00,0.9928944094974252,0.9952037978179096,0.9978927119968874,0.9672830303985342
2019-06-03 12:00:00,0.9923419639328789,0.9937718765391934,0.9975651551107645,0.966820563243128
2019-06-03 13:00:00,0.9921580696731905,0.9937718765391934,0.9972399755731418,0.9646127397463431
2019-06-04 07:00:00,0.9929128135730642,0.9952037978179096,0.9974127849656506,0.9671429952721181
2019-06-04 08:00:00,0.9939673875731667,0.9937718765391934,0.9976515998061221,0.9680158048460055
2019-06-04 09:00:00,0.9923603680085179,0.9911212340986831,0.997478790413613,0.9665283457912961
2019-06-04 10:00:00,0.9904205668312529,0.9861870627777917,0.9972650069075712,0.9660425593266487
2019-06-04 11:00:00,0.9896658229313794,0.9861870627777916,0.9966044348655781,0.9657133235818185
2019-06-04 12:00:00,0.9916056241086444,0.9871008940051031,0.9966044348655781,0.9664271471144492
2019-06-04 13:00:00,0.9921580696731903,0.9885328152838192,0.9966044348655781,0.9676034378024867
2019-06-05 07:00:00,0.9921580696731903,0.9925531553773991,0.9967354163949167,0.9645784195811804
2019-06-05 08:00:00,0.991742816119982,0.9933752797181693,0.9971052127647265,0.9671154788227958
2019-06-05 09:00:00,0.991190370555436,0.994122448069231,0.9967354163949167,0.9660726823517302
2019-06-05 10:00:00,0.9910218100997762,0.9960259221586797,0.9967354163949167,0.9646452980928641
2019-06-05 11:00:00,0.9898293130450174,0.99734264605736,0.9967354163949167,0.9643160623480338
2019-06-05 12:00:00,0.9905503190652233,0.9987745673360763,0.9967354163949167,0.9646452980928641
2019-06-05 13:00:00,0.9909101070230533,0.9987745673360762,0.9973959884369095,0.9650298858806647
2019-06-06 07:00:00,0.9901891010028473,0.99652052171659,0.9973959884369097,0.9650298858806647
2019-06-06 08:00:00,0.9901891010028473,0.9957733533655283,0.9967354163949167,0.9647006501358342
2019-06-06 09:00:00,0.9909101070230534,0.9965205217165898,0.9967354163949167,0.9650298858806647
2019-06-06 10:00:00,0.9909101070230533,0.9965205217165898,0.9967354163949167,0.9672377093774498
2019-06-06 11:00:00,0.9901891010028473,0.9958357687889353,0.9965588038417722,0.9668531215896492
2019-06-06 12:00:00,0.9914195687010916,0.9950886004378737,0.9967572560905452,0.9668531215896492
2019-06-06 13:00:00,0.9924361720577092,0.9966578931297055,0.9968495795139554,0.9668531215896492
2019-06-07 07:00:00,0.9924361720577092,0.9980898144084218,0.9972650069075712,0.9668531215896492
2019-06-07 08:00:00,0.9909133001845704,0.9980898144084217,0.9970465664912561,0.9668531215896492
2019-06-07 09:00:00,0.9891039822845941,0.9980898144084217,0.9965018527921764,0.9674334509053084
2019-06-07 10:00:00,0.9901585562846966,0.9980898144084218,0.9963048658148754,0.964896391663693
2019-06-07 11:00:00,0.9893128059083541,0.9966578931297058,0.9965018527921764,0.9631397716599965
2019-06-07 12:00:00,0.9872905327904968,0.99734264605736,0.9963813570824172,0.960400429981078
2019-06-07 13:00:00,0.9887048947484296,0.9980898144084217,0.9969654378568685,0.960400429981078
2019-06-10 07:00:00,0.9895376038453584,0.9995217356871378,0.9972193758837652,0.960400429981078
2019-06-10 08:00:00,0.9877093219636269,0.9980898144084218,0.9973784815154915,0.960400429981078
2019-06-10 09:00:00,0.9881765463349398,0.9966578931297058,0.9972193758837652,0.9613831516563
2019-06-10 10:00:00,0.9900639851469194,0.9980898144084218,0.9975969219318062,0.9617123874011305
2019-06-10 11:00:00,0.9900639851469194,0.9980898144084218,0.997265006907571,0.9617123874011305
2019-06-10 12:00:00,0.9902887830839238,0.9980898144084218,0.997265006907571,0.9613831516563
2019-06-10 13:00:00,0.9914250426573381,0.9980898144084217,0.997265006907571,0.9617123874011305
2019-06-11 07:00:00,0.9922707930336807,0.999521735687138,0.9978362152392275,0.9628152586680395
2019-06-11 08:00:00,0.9938057910496298,0.999521735687138,0.9977905842154215,0.9648597277291673
2019-06-11 09:00:00,0.9932774426361399,0.9980898144084218,0.9974586691911864,0.966904196790295
2019-06-11 10:00:00,0.9941602630190659,0.9958357687889355,0.9977905842154215,0.9677770063641822
2019-06-11 11:00:00,0.9951558358038689,0.9933526448697922,0.9978873590654748,0.9677770063641824
2019-06-11 12:00:00,0.9944656730276589,0.9898408937442943,0.997714549672966,0.9677770063641822
2019-06-11 13:00:00,0.9944656730276589,0.988524169845614,0.997596418154773,0.9677770063641822
2019-06-12 07:00:00,0.9944656730276589,0.988524169845614,0.9971935363752674,0.9674477706193518
2019-06-12 08:00:00,0.9932774426361399,0.9912887526200502,0.9971935363752674,0.9679102377747579
2019-06-12 09:00:00,0.9932774426361399,0.9886381101795398,0.9965844466980363,0.967196414242127
2019-06-12 10:00:00,0.993490397854021,0.990070031458256,0.9968495795139554,0.9664159750042082
2019-06-12 11:00:00,0.9936402202624813,0.9878159858387696,0.9970465664912563,0.9671896105262867
2019-06-12 12:00:00,0.9937958078626141,0.9846177700859599,0.9965844466980363,0.9665725257240247
2019-06-12 13:00:00,0.9939981061979413,0.9846177700859599,0.9965844466980363,0.9672863492566558
2019-06-13 07:00:00,0.995036514181,0.9886381101795397,0.9971935363752675,0.9672863492566558
2019-06-13 08:00:00,0.9959193345639259,0.9863840645600536,0.9970534086207464,0.968462639944693
2019-06-13 09:00:00,0.9959193345639259,0.9846177700859599,0.9966836122509366,0.9696389306327302
2019-06-13 10:00:00,0.9970044532821793,0.9886381101795398,0.9971935363752675,0.9693510815752989
2019-06-13 11:00:00,0.9975328016956692,0.9863840645600533,0.9973663457677765,0.9686372580426679
2019-06-13 12:00:00,0.9968117956754633,0.9895519414068513,0.9974443227651149,0.9708450815394528
2019-06-13 13:00:00,0.9975328016956692,0.9895519414068513,0.9976334210385782,0.9712296693272534
2019-06-14 07:00:00,0.9978772558494706,0.9895519414068513,0.9979267261408464,0.9724870666889412
2019-06-14 08:00:00,0.9982370438073008,0.9878159858387695,0.9979267261408467,0.9722313419173155
2019-06-14 09:00:00,0.9978925896534994,0.9863840645600533,0.9979267261408464,0.9702491201670749
2019-06-14 10:00:00,0.9970468392771566,0.9846177700859596,0.9979267261408467,0.9689917228053869
2019-06-14 11:00:00,0.9965405707606353,0.9804212660328075,0.9975648184748742,0.9664546635637717
2019-06-14 12:00:00,0.9965405707606352,0.9764801609259405,0.9976571418982844,0.9669171307191778
2019-06-14 13:00:00,0.9956948203842925,0.9744162686761986,0.9976972964191391,0.967379597874584
2019-06-17 07:00:00,0.9965405707606352,0.9758481899549145,0.9975036341355238,0.9686369952362719
2019-06-17 08:00:00,0.9965405707606352,0.9763957632672139,0.9975036341355238,0.9696386678263341
2019-06-17 09:00:00,0.9961456148185918,0.9786009128059994,0.9974241125392974,0.9703524913589652
2019-06-17 10:00:00,0.9952998644422493,0.9780533394936999,0.9974241125392974,0.9666136496050279
2019-06-17 11:00:00,0.9956948203842925,0.9829875108145913,0.9979567109489872,0.9663258005475969
2019-06-17 12:00:00,0.9965405707606352,0.9798196339677937,0.998170494455029,0.9645691805439002
2019-06-17 13:00:00,0.996145614818592,0.9846481089919717,0.9976378960453394,0.9683080222978374
2019-06-18 07:00:00,0.9968074709352459,0.9811363578664739,0.9978107054378483,0.9693096948878998
2019-06-18 08:00:00,0.9966518833351132,0.9751313605098647,0.9979312011476078,0.9703113674779619
2019-06-18 09:00:00,0.9958600779155006,0.9817231080572424,0.9978107054378483,0.968103543981177
2019-06-18 10:00:00,0.9951699151392905,0.980504386895448,0.9976378960453394,0.9686471178102338
2019-06-18 11:00:00,0.9943582366141761,0.9786009128059994,0.9974241125392974,0.9676454452201717
2019-06-18 12:00:00,0.9926797771409046,0.9726381142787536,0.9969195533610724,0.9670283604179098
2019-06-18 13:00:00,0.9936753499257076,0.9726381142787536,0.9971333368671143,0.9670283604179098
2019-06-19 07:00:00,0.9936753499257076,0.9750891616805015,0.9971333368671143,0.9664847865888532
2019-06-19 08:00:00,0.9943372060423616,0.9763078828422959,0.9971333368671143,0.9674864591789153
2019-06-19 09:00:00,0.9943372060423616,0.9763078828422959,0.9971727039424859,0.9674864591789153
2019-06-19 10:00:00,0.993491455666019,0.9750891616805015,0.9972128584633408,0.967198610121484
2019-06-19 11:00:00,0.9923032252744999,0.9726381142787536,0.997172703942486,0.9663258005475969
2019-06-19 12:00:00,0.9927409784293855,0.9780533394936999,0.9977174176415656,0.9677531848064628
2019-06-19 13:00:00,0.9927409784293854,0.9786009128059994,0.9974580031117176,0.9663258005475969
2019-06-20 07:00:00,0.9915484813746264,0.9786009128059994,0.9975036341355238,0.9666550362924272
2019-06-20 08:00:00,0.9915484813746266,0.9805043868954479,0.9977575721624206,0.9675278458663147
2019-06-20 09:00:00,0.9909126965476538,0.980504386895448,0.9972128584633406,0.9675278458663147
2019-06-20 10:00:00,0.9909126965476538,0.9786009128059994,0.996615307291561,0.9662704485046268
2019-06-20 11:00:00,0.9899449974298992,0.9750891616805015,0.9966153072915608,0.9655566249719957
2019-06-20 12:00:00,0.9899449974298992,0.9750891616805015,0.9972128584633406,0.9655566249719957
2019-06-20 13:00:00,0.9899449974298992,0.9763078828422959,0.9968692453184576,0.9648428014393646
2019-06-21 07:00:00,0.9917732793116311,0.9763078828422959,0.9962174282908857,0.9679234345100368
2019-06-21 08:00:00,0.9924090641386039,0.9775266040040902,0.996172811458699,0.9716622762639742
2019-06-21 09:00:00,0.990580782256872,0.9775266040040902,0.9960932898624724,0.9720468640517747
2019-06-21 10:00:00,0.9921842662015994,0.9775266040040902,0.9953463321362077,0.9727606875844059
2019-06-21 11:00:00,0.9921842662015994,0.9775266040040902,0.9952124375337003,0.9741214561379837
2019-06-21 12:00:00,0.9921842662015994,0.9709348564567127,0.995053331901974,0.9732744011947772
2019-06-21 13:00:00,0.9921842662015994,0.976350081671659,0.994210396670518,0.9737368683501834
2019-06-24 07:00:00,0.9921842662015994,0.976350081671659,0.9943695023022442,0.9741214561379837
2019-06-24 08:00:00,0.9921842662015992,0.9817231080572424,0.9952124375337003,0.9758780761416804
2019-06-24 09:00:00,0.9915484813746264,0.9811363578664741,0.9951738276117335,0.9754934883538801
2019-06-24 10:00:00,0.9927891876930126,0.9789312083276885,0.9949687860881665,0.9763662979277674
2019-06-24 11:00:00,0.9939774180845313,0.9805005010195204,0.9941258508567106,0.9767508857155678
2019-06-24 12:00:00,0.9939774180845313,0.9805005010195204,0.9943695023022442,0.9781782699744336
2019-06-24 13:00:00,0.9939774180845315,0.9805005010195204,0.9947470483502853,0.9777936821866332
2019-06-25 07:00:00,0.9946675808607415,0.9819324222982365,0.9947470483502853,0.979838151247761
2019-06-25 08:00:00,0.9953294369773955,0.9811852539471747,0.9945033969047516,0.979838151247761
2019-06-25 09:00:00,0.9949849828235943,0.9811852539471748,0.9947084384283186,0.9802227390355616
2019-06-25 10:00:00,0.994625194865764,0.9838358963876851,0.9948812478208275,0.9795089155029303
2019-06-25 11:00:00,0.9937423744828381,0.9838358963876851,0.9947084384283186,0.9790464483475242
2019-06-25 12:00:00,0.9925016681644522,0.9838358963876852,0.9947470483502853,0.9780447757574621
2019-06-25 13:00:00,0.9921842662015994,0.9831511434600306,0.9946215284229446,0.9757445819247086
2019-06-26 07:00:00,0.9938627256748709,0.988524169845614,0.9946215284229446,0.9762070490801148
2019-06-26 08:00:00,0.9933767632563583,0.9819324222982365,0.9946215284229446,0.9754932255474837
2019-06-26 09:00:00,0.9929390101014728,0.9838358963876852,0.9943342302308965,0.9754932255474837
2019-06-26 10:00:00,0.9923032252744999,0.9838358963876852,0.9940346611801938,0.9761103103497455
2019-06-26 11:00:00,0.9921273315763584,0.9838358963876852,0.9943342302308965,0.9749340196617083
2019-06-26 12:00:00,0.9899165442009326,0.9838358963876852,0.9935102166518588,0.9749340196617083
2019-06-26 13:00:00,0.9892807593739598,0.9811852539471747,0.9931326706038177,0.9736766223000205
2019-06-27 07:00:00,0.990236907188177,0.9811852539471748,0.9933419917985277,0.9736766223000205
2019-06-27 08:00:00,0.987773187499004,0.9726716104987996,0.9928798720053076,0.9742569516156798
2019-06-27 09:00:00,0.986817039684787,0.9704175648793132,0.9928798720053076,0.9727694925609705
2019-06-27 10:00:00,0.9892807593739598,0.9764801609259404,0.9938197439272585,0.9727694925609705
2019-06-27 11:00:00,0.9866775541066375,0.9742005626386534,0.9937818625816837,0.9687428017496019
2019-06-27 12:00:00,0.9868702117133535,0.9717174387195101,0.9934945643896356,0.9694566252822331
2019-06-27 13:00:00,0.9859140638991364,0.9704007148208299,0.9936104227325487,0.9677000052785365
2019-06-28 07:00:00,0.9885172691664585,0.9780533394937001,0.9944533579640047,0.968084593066337
2019-06-28 08:00:00,0.9870450839076874,0.9764057121774391,0.994083561594195,0.9663647285492428
2019-06-28 09:00:00,0.9857655562556322,0.9780533394937001,0.9941600528617364,0.9650527711291902
2019-06-28 10:00:00,0.9881158292092073,0.980817922268136,0.994907010588001,0.9650527711291903
2019-06-28 11:00:00,0.9877208732671638,0.9857520935890275,0.9949537029876051,0.967034992879431
2019-06-28 12:00:00,0.9856986001493067,0.9822793268077471,0.9941681353393735,0.9659921964083655
2019-06-28 13:00:00,0.9863386516395195,0.9866659248163391,0.99452946453996,0.966321432153196
2019-07-01 07:00:00,0.9869465627994438,0.9882352175081709,0.995181281567532,0.9693464503745022
2019-07-01 08:00:00,0.9883609247573767,0.9917079842894516,0.995181281567532,0.9711696860834864
2019-07-01 09:00:00,0.9863386516395195,0.988235217508171,0.995143400221957,0.9724270834451743
2019-07-01 10:00:00,0.9872947994537368,0.988235217508171,0.995402814751805,0.9731219560629653
2019-07-01 11:00:00,0.9889018190183857,0.9890573418489412,0.995864934545025,0.9727927203181346
2019-07-01 12:00:00,0.986929067847551,0.9855845750676606,0.9954873884969839,0.9734098051203965
2019-07-01 13:00:00,0.9880691099214567,0.9890573418489412,0.9954873884969839,0.9725627501771897
2019-07-02 07:00:00,0.986096358750622,0.9855845750676606,0.9954873884969839,0.9700256909355741
2019-07-02 08:00:00,0.9836112514911695,0.9855845750676606,0.995290401519683,0.9690429692603523
2019-07-02 09:00:00,0.9846658254912721,0.988235217508171,0.9952437091200789,0.9690429692603523
2019-07-02 10:00:00,0.9836112514911695,0.988235217508171,0.9944388539913833,0.9693722050051828
2019-07-02 11:00:00,0.9844439605880982,0.9890573418489412,0.9947911019682526,0.9683294085341174
2019-07-02 12:00:00,0.9823317238391143,0.9855845750676606,0.9945522871277811,0.9655045002350707
2019-07-02 13:00:00,0.9825156180988028,0.9855845750676606,0.9950515866792113,0.9651752644902403
2019-07-03 07:00:00,0.9825156180988028,0.9850370017553611,0.9942467315505159,0.9674754583229935
2019-07-03 08:00:00,0.9850007253582556,0.989057341848941,0.9936620973971811,0.9696344706862527
2019-07-03 09:00:00,0.9871129621072395,0.991121234098683,0.9933969645812621,0.9724593789852995
2019-07-03 10:00:00,0.9877208732671638,0.9895519414068513,0.99355297744503,0.9738867632441653
2019-07-05 07:00:00,0.9881158292092075,0.9907706625686457,0.9927880192109124,0.9750630539322027
2019-07-05 08:00:00,0.9881158292092075,0.9878846459781334,0.9928251989691229,0.975836689454281
2019-07-05 09:00:00,0.9902280659581914,0.9869708147508218,0.9937060155461537,0.9761659251991117
2019-07-05 10:00:00,0.9887558806994202,0.9863840645600536,0.9931589116636123,0.9744460606820176
2019-07-05 11:00:00,0.9900885803800419,0.9869708147508218,0.9931975215855791,0.9754477332720798
2019-07-05 12:00:00,0.9913681080320971,0.9869708147508218,0.9936501287374054,0.9772043532757765
2019-07-05 13:00:00,0.9915607656388132,0.9878846459781334,0.994083561594195,0.9746672940341611
2019-07-08 07:00:00,0.9907280565418844,0.9834980479695414,0.9936115188154386,0.972104742968261
2019-07-08 08:00:00,0.9896573112403644,0.9869708147508218,0.9939434338396737,0.9738246074853552
2019-07-08 09:00:00,0.9896573112403644,0.9834980479695414,0.9935364577116534,0.9742870746407613
2019-07-08 10:00:00,0.9896573112403644,0.9834980479695414,0.9926935224801973,0.9746163103855919
2019-07-08 11:00:00,0.9904689897654787,0.9869708147508218,0.9921234469280565,0.975330133918223
2019-07-08 12:00:00,0.990468989765479,0.9834980479695414,0.9914908688391617,0.9750008981733923
2019-07-08 13:00:00,0.9901092018076488,0.9869708147508218,0.99177816703121,0.9742870746407611
2019-07-09 07:00:00,0.990468989765479,0.9907706625686454,0.9920118821368603,0.9702603838293927
2019-07-09 08:00:00,0.9887855241923814,0.9922025838473617,0.9917781670312098,0.9708774686316545
2019-07-09 09:00:00,0.9887855241923814,0.9878159858387696,0.991592140552128,0.9711331934032802
2019-07-09 10:00:00,0.9896312745687241,0.988402736029538,0.9913434522820463,0.9711331934032802
2019-07-09 11:00:00,0.9887855241923816,0.989034707000564,0.9904192261867911,0.9704193698706489
2019-07-09 12:00:00,0.9896312745687241,0.9912887526200502,0.9910876560416049,0.9700347820828488
2019-07-09 13:00:00,0.9875094298063704,0.9912887526200502,0.9913363443116863,0.9682781620791522
2019-07-10 07:00:00,0.9891029261552342,0.9922025838473617,0.9922605704069416,0.9720170038330894
2019-07-10 08:00:00,0.9896312745687242,0.9937718765391936,0.9922605704069416,0.9748419121321358
2019-07-10 09:00:00,0.9887855241923816,0.9917079842894516,0.9922605704069416,0.9737991156610705
2019-07-10 10:00:00,0.9883517469166692,0.989057341848941,0.9922605704069416,0.9734698799162399
2019-07-10 11:00:00,0.9873133389336104,0.9855845750676606,0.9922212033315699,0.9725970703423524
2019-07-10 12:00:00,0.9878657844981565,0.989057341848941,0.992405947918278,0.9717500153991457
2019-07-10 13:00:00,0.9881497393654088,0.989057341848941,0.9925175127094742,0.9726228249730333
2019-07-11 07:00:00,0.9904689897654789,0.9925301086302218,0.9933013717676571,0.9726228249730333
2019-07-11 08:00:00,0.9916090318393848,0.9917079842894515,0.9933936951910672,0.9732031542886925
2019-07-11 09:00:00,0.9906134590545819,0.9911212340986831,0.9934308749492777,0.974959774292389
2019-07-11 10:00:00,0.990468989765479,0.988235217508171,0.9933936951910672,0.974959774292389
2019-07-11 11:00:00,0.9891453121502117,0.9917079842894516,0.9930875882616151,0.9761360649804262
2019-07-11 12:00:00,0.9899255662662871,0.9917079842894516,0.9934195032858503,0.9771377375704885
2019-07-11 13:00:00,0.9920949942578969,0.9945940008799636,0.99379039573855,0.9793455610672733
2019-07-12 07:00:00,0.9909549521839913,0.9945940008799636,0.9935606994291607,0.9786317375346425
2019-07-12 08:00:00,0.9911308458821331,0.9945940008799636,0.9935606994291607,0.9793455610672733
2019-07-12 09:00:00,0.9900924378990743,0.9945940008799636,0.9932287844049256,0.9775889410635766
2019-07-12 10:00:00,0.9896586606233618,0.9945940008799636,0.9932287844049256,0.9761248013181083
2019-07-12 11:00:00,0.9879751950502645,0.9930247081881319,0.9932287844049256,0.9735877420764929
2019-07-12 12:00:00,0.987220451150391,0.9950886004378737,0.9935606994291607,0.9735877420764927
2019-07-12 13:00:00,0.9861658771502883,0.9937718765391934,0.9935606994291607,0.9735877420764931
2019-07-15 07:00:00,0.9861658771502883,0.9944566294668479,0.9935606994291607,0.9729706572742312
2019-07-15 08:00:00,0.9847122156140213,0.9912887526200501,0.9932287844049256,0.9715065175287627
2019-07-15 09:00:00,0.9855040210336342,0.993352644869792,0.9938123919748781,0.9721236023310245
2019-07-15 10:00:00,0.9859228102067641,0.993352644869792,0.9936154049975771,0.9721236023310245
2019-07-15 11:00:00,0.9882420606068342,0.993352644869792,0.9942000391509119,0.9724114513884557
2019-07-15 12:00:00,0.9905923335604093,0.9950886004378737,0.9946861817302886,0.976150293142393
2019-07-15 13:00:00,0.9893128059083541,0.994456629466848,0.994197070891051,0.9758624440849619
2019-07-16 07:00:00,0.9900639851469194,0.9912887526200502,0.9939686795578286,0.9758624440849619
2019-07-16 08:00:00,0.9888757547554003,0.987092248566898,0.9936499670085097,0.9749896345110743
2019-07-16 09:00:00,0.9904107527713494,0.987092248566898,0.9936977713396207,0.9746603987662437
2019-07-16 10:00:00,0.9897990591109336,0.987092248566898,0.9936977713396207,0.9749161235378694
2019-07-16 11:00:00,0.9897990591109336,0.9836194817856174,0.9936977713396206,0.9728716544767418
2019-07-16 12:00:00,0.9889209714161297,0.9836194817856174,0.9933922157623556,0.969462048467635
2019-07-16 13:00:00,0.9872464878220312,0.9836194817856174,0.992772756426484,0.9684192519965695
2019-07-17 07:00:00,0.9872464878220312,0.9815555895358755,0.9927727564264842,0.9661190581638162
2019-07-17 08:00:00,0.9865254818018253,0.9815555895358755,0.9930914689758031,0.9661190581638162
2019-07-17 09:00:00,0.9879976670605964,0.9829875108145916,0.9926834473756126,0.9671618546348818
2019-07-17 10:00:00,0.9872464878220313,0.9786009128059995,0.9926834473756126,0.9681635272249438
2019-07-17 11:00:00,0.9872464878220313,0.9786009128059995,0.9926834473756129,0.9684513762823752
2019-07-17 12:00:00,0.9889209714161299,0.9763957632672139,0.992312554922913,0.9681635272249438
2019-07-17 13:00:00,0.9893881957874429,0.9758481899549145,0.9920414456390534,0.9702079962860718
2019-07-18 07:00:00,0.9889932398453996,0.9758481899549145,0.9920414456390534,0.9687806120272058
2019-07-18 08:00:00,0.9900639851469194,0.9818531873115237,0.9920414456390534,0.9698234084982712
2019-07-18 09:00:00,0.9900639851469193,0.9858735274051036,0.9926609049749249,0.968462639944693
2019-07-18 10:00:00,0.9909097355232619,0.9877770014945523,0.9927918865042632,0.9702192599483894
2019-07-18 11:00:00,0.9909097355232619,0.9877770014945523,0.9926823512927225,0.9702192599483896
2019-07-18 12:00:00,0.9914160040397834,0.9877770014945523,0.9931170660418861,0.9702192599483896
2019-07-18 13:00:00,0.9907402146803069,0.988524169845614,0.9932976530439976,0.9712209325384518
2019-07-19 07:00:00,0.9911900939780028,0.9838358963876852,0.992972473506375,0.9737579917800674
2019-07-19 08:00:00,0.9915666458444071,0.9851526202863655,0.9930181045301807,0.9727563191900048
2019-07-19 09:00:00,0.9905282378613486,0.9844678673587111,0.9930181045301807,0.9727563191900048
2019-07-19 10:00:00,0.9924447335392111,0.9898408937442943,0.9930181045301807,0.9741837034488708
2019-07-19 11:00:00,0.9924447335392111,0.988524169845614,0.9924931419250242,0.9735666186466091
2019-07-19 12:00:00,0.9917545707630011,0.988524169845614,0.9925377587572113,0.9725238221755435
2019-07-19 13:00:00,0.9898380750851385,0.988524169845614,0.9929724735063746,0.9659302119038746
2019-07-22 07:00:00,0.9894431191430951,0.9898408937442943,0.9929724735063746,0.9653498825882154
2019-07-22 08:00:00,0.9891488274455321,0.988524169845614,0.9924931419250242,0.9650206468433847
2019-07-22 09:00:00,0.9883030770691895,0.9872074459469337,0.9921307826291909,0.9653498825882154
2019-07-22 10:00:00,0.9905138644446151,0.9920359209711118,0.9931211344177621,0.9670697471053094
2019-07-22 11:00:00,0.9915989831628684,0.9912887526200502,0.9935737415695887,0.973278769589178
2019-07-22 12:00:00,0.9907161627799423,0.9912887526200501,0.9930627213623677,0.974706153848044
2019-07-22 13:00:00,0.9908659851884027,0.9890347070005638,0.993461584345612,0.9739923303154129
2019-07-23 07:00:00,0.9919043931714613,0.9912887526200501,0.993461584345612,0.9747061538480438
2019-07-23 08:00:00,0.9917545707630013,0.9912887526200501,0.9934615843456118,0.974706153848044
2019-07-23 09:00:00,0.9898380750851385,0.9919207235910761,0.9934615843456118,0.9757078264381062
2019-07-23 10:00:00,0.9908336478699414,0.991920723591076,0.993786763883235,0.9767094990281683
2019-07-23 11:00:00,0.9927501435478042,0.9936566791591576,0.993786763883235,0.9784661190318649
2019-07-23 12:00:00,0.99363296393073,0.9919207235910761,0.993786763883235,0.9814911372531712
2019-07-23 13:00:00,0.9927872135543876,0.989856831341334,0.9937867638832352,0.9797712727360772
2019-07-24 07:00:00,0.9927872135543876,0.9919207235910761,0.9941937400112554,0.9774710789033235
2019-07-24 08:00:00,0.9933155619678774,0.993352644869792,0.9941937400112554,0.9783181338465305
2019-07-24 09:00:00,0.9936753499257076,0.9940373977974465,0.9941937400112552,0.9787806010019366
2019-07-24 10:00:00,0.9936753499257076,0.9940373977974465,0.9944373914567888,0.9783181338465303
2019-07-24 11:00:00,0.9926797771409045,0.993352644869792,0.9944373914567888,0.9761103103497457
2019-07-24 12:00:00,0.9926797771409045,0.9898408937442944,0.9941500932647408,0.9753964868171145
2019-07-24 13:00:00,0.9926797771409046,0.9877770014945523,0.9937431171367205,0.9761103103497457
2019-07-25 07:00:00,0.993165739559417,0.9864602775958721,0.9937431171367205,0.9757257225619451
2019-07-25 08:00:00,0.9919110999982086,0.987092248566898,0.993566504583576,0.9764395460945764
2019-07-25 09:00:00,0.9919110999982086,0.987092248566898,0.9932540062974831,0.9764395460945764
2019-07-25 10:00:00,0.9914251375796962,0.9877770014945523,0.9933276897431046,0.9761103103497457
2019-07-25 11:00:00,0.9933416332575588,0.9877770014945523,0.9939269735290269,0.9773677077114336
2019-07-25 12:00:00,0.9920089335769369,0.9877770014945523,0.9929724735063746,0.9779112815404901
2019-07-25 13:00:00,0.9923393083953166,0.9877770014945523,0.9928842099276732,0.9775266937526897
2019-07-26 07:00:00,0.9943120595661513,0.9912887526200502,0.9934834937135957,0.9783737486958964
2019-07-26 08:00:00,0.9948645051306976,0.9933526448697922,0.9929724735063746,0.9787583364836968
2019-07-26 09:00:00,0.9951699151392905,0.993352644869792,0.9925654973783543,0.9812953957253123
2019-07-26 10:00:00,0.9948645051306976,0.9927206738987662,0.9924931419250242,0.9812953957253124
2019-07-26 11:00:00,0.9933416332575588,0.993352644869792,0.991516090244863,0.9812953957253123
2019-07-26 12:00:00,0.9951699151392907,0.9950886004378737,0.9920405347731979,0.9816799835131128
2019-07-26 13:00:00,0.9953538093989791,0.9957733533655283,0.9924931419250242,0.9812953957253123
2019-07-29 07:00:00,0.9958600779155006,0.99652052171659,0.9919686973966895,0.9818757250409715
2019-07-29 08:00:00,0.9946675808607416,0.9958357687889355,0.991834802794182,0.9822603128287721
2019-07-29 09:00:00,0.9963460403340131,0.9958357687889355,0.9924931419250245,0.9829741363614031
2019-07-29 10:00:00,0.9966904944878143,0.993352644869792,0.9930181045301807,0.9847973720703875
2019-07-29 11:00:00,0.9954979974330554,0.9940373977974465,0.9930181045301807,0.9856444270135942
2019-07-29 12:00:00,0.995153543279254,0.9927206738987662,0.9930181045301807,0.986261511815856
2019-07-29 13:00:00,0.9946675808607415,0.9912887526200501,0.9930181045301807,0.9842170427547283
2019-07-30 07:00:00,0.9930684871457317,0.9912887526200501,0.9930181045301807,0.9808074367456214
2019-07-30 08:00:00,0.9910546467542545,0.9878159858387696,0.9928842099276732,0.9804228489578208
2019-07-30 09:00:00,0.9900590739694515,0.9878159858387696,0.9924931419250242,0.9798792751287643
2019-07-30 10:00:00,0.9900590739694515,0.9912887526200501,0.9920405347731981,0.9801671241861956
2019-07-30 11:00:00,0.9911900939780027,0.9944566294668479,0.9929585311084393,0.981209920657261
2019-07-30 12:00:00,0.9907402146803069,0.9937718765391936,0.991932956597418,0.9820827302311482
2019-07-30 13:00:00,0.9911900939780027,0.9937718765391936,0.9924931419250242,0.9813689066985174
2019-07-31 07:00:00,0.9913586544336626,0.9958357687889355,0.9924931419250242,0.9823705792885795
2019-07-31 08:00:00,0.9925468848251815,0.99652052171659,0.9919686973966892,0.9820827302311482
2019-07-31 09:00:00,0.9923783243695218,0.994456629466848,0.9923597653993383,0.9830844028212106
2019-07-31 10:00:00,0.9911900939780027,0.9937718765391934,0.991834802794182,0.9824673180189488
2019-07-31 11:00:00,0.9911900939780028,0.9937718765391934,0.9913355032427515,0.9812910273309117
2019-07-31 12:00:00,0.9900590739694514,0.9950886004378737,0.9917424793707719,0.9806739425286499
2019-07-31 13:00:00,0.9906948587964245,0.9926054765187304,0.9913355032427517,0.9798268875854431
2019-08-01 07:00:00,0.9925468848251814,0.9950886004378737,0.9919938423735939,0.9802893547408493
2019-08-01 08:00:00,0.9944633805030441,0.99734264605736,0.9919938423735939,0.9836989607499559
2019-08-01 09:00:00,0.995153543279254,0.9980273989850146,0.9919938423735939,0.9847417572210214
2019-08-01 10:00:00,0.995153543279254,0.9987745673360762,0.9924931419250242,0.9842792900656152
2019-08-01 11:00:00,0.995153543279254,0.9987745673360762,0.9930181045301807,0.9842792900656152
2019-08-01 12:00:00,0.995153543279254,0.9987745673360762,0.9930181045301807,0.9842792900656152
2019-08-01 13:00:00,0.9965146007896727,0.9987745673360762,0.9934834937135957,0.9842792900656154
2019-08-02 07:00:00,0.9954979974330552,0.9995217356871378,0.9935737415695887,0.9847417572210215
2019-08-02 08:00:00,0.9956598117957755,0.9980898144084218,0.9940172213850199,0.984357169433221
2019-08-02 09:00:00,0.9956598117957755,0.9980898144084218,0.9943424009226427,0.984357169433221
2019-08-02 10:00:00,0.9954979974330552,0.9987745673360762,0.9938532900834054,0.9833143729621555
2019-08-02 11:00:00,0.9951535432792541,0.9987745673360762,0.9941405882754535,0.9836989607499559
2019-08-02 12:00:00,0.9951535432792538,0.9987745673360763,0.9944958045121836,0.9836989607499559
2019-08-02 13:00:00,0.9948361413164013,0.9987745673360763,0.9941405882754537,0.9836989607499561
2019-08-05 07:00:00,0.9951535432792541,0.99734264605736,0.9935413044895314,0.9826972881598937
2019-08-05 08:00:00,0.9951535432792538,0.9965205217165898,0.9926393139131553,0.9826972881598937
2019-08-05 09:00:00,0.9963460403340129,0.99734264605736,0.9936528692807275,0.9836989607499559
2019-08-05 10:00:00,0.9968523088505344,0.9987745673360762,0.993786763883235,0.9826561642788904
2019-08-05 11:00:00,0.9968523088505344,0.9980898144084217,0.9940304153287686,0.9804483407821055
2019-08-05 12:00:00,0.9963460403340129,0.9980898144084217,0.9940304153287686,0.9798312559798438
2019-08-05 13:00:00,0.9963460403340129,0.9980898144084218,0.9939440506316171,0.9818757250409715
2019-08-06 07:00:00,0.9976441142701473,0.9980898144084218,0.9945860523681764,0.981028670097765
2019-08-06 08:00:00,0.9978200079682891,0.9987745673360762,0.9940750321609556,0.981028670097765
2019-08-06 09:00:00,0.9978200079682891,0.9980273989850146,0.9941500932647408,0.9813165191551962
2019-08-06 10:00:00,0.9973137394517676,0.99734264605736,0.9940750321609556,0.9809319313673956
2019-08-06 11:00:00,0.9973137394517676,0.9966578931297058,0.9939440506316171,0.9817789863106025
2019-08-06 12:00:00,0.9958600779155006,0.9945940008799636,0.993793875918454,0.9809319313673956
2019-08-06 13:00:00,0.9951699151392905,0.9952787538076182,0.9929304952640449,0.9806440823099644
2019-08-07 07:00:00,0.9958600779155006,0.9952787538076182,0.9929304952640449,0.9800269975077026
2019-08-07 08:00:00,0.9963460403340131,0.9952787538076182,0.9929304952640449,0.981028670097765
2019-08-07 09:00:00,0.9960286383711603,0.9952787538076182,0.9924055326588885,0.981028670097765
2019-08-07 10:00:00,0.9955002899576704,0.9952787538076182,0.9924055326588885,0.9804115852955031
2019-08-07 11:00:00,0.9966365495310846,0.99734264605736,0.9928832847876196,0.9789842010366371
2019-08-07 12:00:00,0.9966365495310846,0.9957733533655282,0.9935252865241788,0.979764640274556
2019-08-07 13:00:00,0.9966365495310848,0.99652052171659,0.9940969415289392,0.9789842010366371
2019-08-08 07:00:00,0.9964679890754249,0.9972052746442445,0.9942592651018692,0.9785996132488367
2019-08-08 08:00:00,0.9964679890754249,0.99652052171659,0.9942592651018691,0.9783438884772112
2019-08-08 09:00:00,0.9964679890754249,0.9980898144084218,0.9942592651018692,0.9788063556326173
2019-08-08 10:00:00,0.9966365495310844,0.999521735687138,0.9944685862965791,0.9792688227880235
2019-08-08 11:00:00,0.9955002899576704,0.9995217356871378,0.9938693025106566,0.9788063556326173
2019-08-08 12:00:00,0.9959862523761828,0.9987745673360762,0.9940588442991912,0.9791355913774478
2019-08-08 13:00:00,0.9971225119495971,0.9987745673360762,0.9948238025333088,0.9805629756363138
2019-08-09 07:00:00,0.9974822999074273,0.999521735687138,0.9948238025333088,0.980562975636314
2019-08-09 08:00:00,0.9978126747258071,0.9995217356871378,0.9947008460357505,0.9797159206931072
2019-08-09 09:00:00,0.9974822999074273,0.999521735687138,0.9941650427969092,0.9805629756363138
2019-08-09 10:00:00,0.9974822999074273,0.9987745673360762,0.9942879992944674,0.9809475634241144
2019-08-09 11:00:00,0.9974822999074273,0.99734264605736,0.9932976475058962,0.9795201791652484
2019-08-09 12:00:00,0.9974822999074273,0.99734264605736,0.9930265382220368,0.9805629756363138
2019-08-09 13:00:00,0.9974822999074273,0.9966578931297055,0.9930265382220367,0.9808922113811442
2019-08-12 07:00:00,0.9969539514939374,0.9937718765391936,0.9929847103588662,0.9805629756363138
2019-08-12 08:00:00,0.9966094973401358,0.9922025838473617,0.9926646305560644,0.979135591377448
2019-08-12 09:00:00,0.9951558358038688,0.9922025838473617,0.9922810577816024,0.9765985321358324
2019-08-12 10:00:00,0.9941392324472516,0.9922025838473617,0.9925416740585061,0.9742983383030791
2019-08-12 11:00:00,0.9949849828235943,0.9950886004378737,0.992984710358866,0.9739691025582485
2019-08-12 12:00:00,0.9949849828235943,0.9950886004378737,0.9932502584341744,0.9731220476150417
2019-08-12 13:00:00,0.9944787143070726,0.9950886004378737,0.9932502584341744,0.973122047615042
2019-08-13 07:00:00,0.9953114234040016,0.99734264605736,0.9942047584568268,0.973122047615042
2019-08-13 08:00:00,0.9953114234040016,0.9980898144084217,0.9944331497900493,0.9719457569270048
2019-08-13 09:00:00,0.9960015861802116,0.99652052171659,0.9945861878911729,0.9719457569270046
2019-08-13 10:00:00,0.9960015861802116,0.99652052171659,0.9943929952691946,0.973122047615042
2019-08-13 11:00:00,0.996507854696733,0.9965205217165898,0.9943929952691946,0.9705917920892669
2019-08-13 12:00:00,0.9976441142701473,0.9987745673360762,0.9943929952691948,0.9705917920892669
2019-08-13 13:00:00,0.9978200079682891,0.9987745673360762,0.9943929952691948,0.971305615621898
2019-08-14 07:00:00,0.9979885684239488,0.99734264605736,0.9943929952691948,0.9709763798770675
2019-08-14 08:00:00,0.9981571288796085,0.9966578931297058,0.9941443069991129,0.9729263060871831
2019-08-14 09:00:00,0.9989118727794821,0.9980898144084218,0.9950049357511299,0.9723092212849214
2019-08-14 10:00:00,0.9985674186256807,0.99734264605736,0.9947707690156185,0.9740658412886178
2019-08-14 11:00:00,0.9983988581700209,0.9980898144084218,0.9950194572857,0.9736033741332116
2019-08-14 12:00:00,0.9982370438073009,0.9966578931297058,0.9950194572857,0.9721159150785023
2019-08-14 13:00:00,0.9974822999074273,0.9950886004378738,0.9950194572857,0.9706284560237929
2019-08-15 07:00:00,0.9978772558494706,0.9950886004378738,0.9952772085318539,0.9720558402826589
2019-08-15 08:00:00,0.9973912934309582,0.994456629466848,0.9948783455486095,0.9740057664927745
2019-08-15 09:00:00,0.9977086953938109,0.9937718765391934,0.994395942172878,0.9723092212849214
2019-08-15 10:00:00,0.9970468392771568,0.9925531553773993,0.9942099156937959,0.9692842030636153
2019-08-15 11:00:00,0.9964943937126106,0.9909838626855674,0.9945164378826374,0.9658745970545085
2019-08-15 12:00:00,0.996838847866412,0.9885007387664241,0.9947257590773472,0.9651607735218775
2019-08-15 13:00:00,0.9954483191395657,0.9860496913646759,0.9938485484953214,0.9647761857340769
2019-08-16 07:00:00,0.9954483191395657,0.9860496913646759,0.9942396164979704,0.9657778583241392
2019-08-16 08:00:00,0.9939133211236164,0.9860496913646759,0.9938485484953214,0.964601567636102
2019-08-16 09:00:00,0.9945250147840324,0.9860496913646759,0.9933954716818583,0.964601567636102
2019-08-16 10:00:00,0.9946935752396922,0.9853649384370214,0.9933954716818583,0.9649861554239024
2019-08-16 11:00:00,0.9954483191395657,0.9893852785306013,0.9942726822638837,0.9646983063664711
2019-08-16 12:00:00,0.9962030630394393,0.9911212340986831,0.994556592403492,0.9649540311380967
2019-08-16 13:00:00,0.9968388478664117,0.9918059870263375,0.99411409657063,0.9662659885581493
2019-08-19 07:00:00,0.9973912934309582,0.9918059870263375,0.9942726822638838,0.9672676611482116
2019-08-19 08:00:00,0.9973912934309582,0.9918059870263375,0.9947257590773471,0.9672676611482118
2019-08-19 09:00:00,0.996838847866412,0.9911212340986831,0.9945164378826372,0.9706772671573182
2019-08-19 10:00:00,0.9972153997328166,0.9937718765391934,0.9953035308429516,0.9696755945672562
2019-08-19 11:00:00,0.9974080573395325,0.9945940008799636,0.995665438508924,0.9700601823550565
2019-08-19 12:00:00,0.9977678452973625,0.9945940008799636,0.9954926291164149,0.9703894180998871
2019-08-19 13:00:00,0.9984297014140168,0.9930247081881319,0.9956858217383935,0.9707740058876875
2019-08-20 07:00:00,0.9984297014140168,0.9930247081881317,0.9956858217383935,0.9693466216288215
2019-08-20 08:00:00,0.9984297014140168,0.9950886004378738,0.99593975976529,0.9689620338410213
2019-08-20 09:00:00,0.9973912934309581,0.9930247081881317,0.9951891704923869,0.9687063090693956
2019-08-20 10:00:00,0.9966702874107523,0.9936566791591578,0.9953422085935103,0.9665472967061361
2019-08-20 11:00:00,0.9973912934309581,0.9959107247786441,0.9956961198540736,0.9665472967061364
2019-08-20 12:00:00,0.9966702874107523,0.9936566791591578,0.9955756241443141,0.9673943516493431
2019-08-20 13:00:00,0.9970468392771566,0.9936566791591576,0.995667947567724,0.9611853291654742
2019-08-21 07:00:00,0.9966702874107523,0.9959107247786441,0.9955756241443141,0.9611853291654742
2019-08-21 08:00:00,0.9958586088856377,0.995910724778644,0.995299629545632,0.961728902994531
2019-08-21 09:00:00,0.9961640188942306,0.9936566791591578,0.9950559781000984,0.961728902994531
2019-08-21 10:00:00,0.9958586088856377,0.989856831341334,0.9946124982846671,0.961728902994531
2019-08-21 11:00:00,0.9964943937126105,0.9869708147508218,0.9943841069514445,0.961728902994531
2019-08-21 12:00:00,0.9964943937126105,0.9834980479695414,0.9945850404463411,0.9613996672497004
2019-08-21 13:00:00,0.9964943937126106,0.9863840645600536,0.9950285202617725,0.9620167520519621
2019-08-22 07:00:00,0.9975328016956692,0.9907706625686457,0.995665438508924,0.9637132972598151
2019-08-22 08:00:00,0.9982538077158751,0.9936566791591576,0.995461953118562,0.9643303820620771
2019-08-22 09:00:00,0.9975328016956694,0.9930247081881319,0.995575624144314,0.9651108212999959
2019-08-22 10:00:00,0.9975328016956692,0.9930247081881319,0.995299629545632,0.9647262335121956
2019-08-22 11:00:00,0.9968426389194591,0.9892248603703082,0.995299629545632,0.9630296883043424
2019-08-22 12:00:00,0.9964476829774159,0.9892248603703082,0.995299629545632,0.9630296883043424
2019-08-22 13:00:00,0.9959193345639258,0.9898568313413342,0.995461953118562,0.960492629062727
2019-08-23 07:00:00,0.9959193345639261,0.9898568313413342,0.9956961198540736,0.9598755442604653
2019-08-23 08:00:00,0.9966094973401359,0.9898568313413342,0.9956961198540735,0.9608582659356874
2019-08-23 09:00:00,0.9971378457536259,0.9912887526200501,0.9961582396472932,0.9677811119521871
2019-08-23 10:00:00,0.9960015861802115,0.9912887526200501,0.9961582396472932,0.9696043476611713
2019-08-23 11:00:00,0.9953114234040016,0.9912887526200501,0.9953905642768083,0.9699335834060019
2019-08-23 12:00:00,0.9953114234040016,0.9912887526200502,0.9955465771405763,0.9691531441680831
2019-08-23 13:00:00,0.9944656730276589,0.989034707000564,0.9955465771405763,0.9674332796509889
2019-08-26 07:00:00,0.9936329639307303,0.9912887526200501,0.995755898335286,0.9671454305935578
2019-08-26 08:00:00,0.9925945559476714,0.9919207235910761,0.9949324493414798,0.9665283457912961
2019-08-26 09:00:00,0.992750143547804,0.989856831341334,0.9950483076843928,0.9618067823621368
2019-08-26 10:00:00,0.9935828526447328,0.9930247081881317,0.995755898335286,0.9618067823621368
2019-08-26 11:00:00,0.9946212606277917,0.9922025838473617,0.9953478767350955,0.9610929588295057
2019-08-26 12:00:00,0.9944656730276588,0.9878159858387696,0.9950483076843928,0.9620946314195681
2019-08-26 13:00:00,0.9948809265808672,0.9895519414068513,0.995755898335286,0.9629416863627749
2019-08-27 07:00:00,0.9959660452991206,0.9930247081881319,0.995755898335286,0.9664614672796121
2019-08-27 08:00:00,0.9968117956754633,0.994456629466848,0.9953478767350955,0.9659990001242059
2019-08-27 09:00:00,0.9955710893570773,0.994456629466848,0.9950483076843928,0.9637911766274212
2019-08-27 10:00:00,0.9959155435108787,0.9928873367750162,0.9953478767350955,0.9626148859393838
2019-08-27 11:00:00,0.9966365495310846,0.9944566294668479,0.9952139821325883,0.9622302981515835
2019-08-27 12:00:00,0.9969539514939374,0.9937718765391934,0.9949324493414798,0.9616867243225267
2019-08-27 13:00:00,0.9966094973401359,0.9950886004378737,0.995048307684393,0.9625337792657332
2019-08-28 07:00:00,0.9966094973401358,0.993352644869792,0.995048307684393,0.9655587974870394
2019-08-28 08:00:00,0.9975328016956694,0.99652052171659,0.9958338753326246,0.9675087236971551
2019-08-28 09:00:00,0.9976946160583894,0.9950886004378737,0.9957157438144314,0.96971654719394
2019-08-28 10:00:00,0.9970044532821793,0.9950886004378737,0.9953301152887527,0.9705636021371468
2019-08-28 11:00:00,0.9966870513193266,0.9944566294668479,0.9951710096570267,0.9680333466113717
2019-08-28 12:00:00,0.9962920953772831,0.9927206738987662,0.9946290934543288,0.9680333466113717
2019-08-28 13:00:00,0.9949940214411489,0.9927206738987662,0.9946290934543288,0.9687471701440027
2019-08-29 07:00:00,0.9946174695747443,0.9927206738987662,0.9946290934543288,0.9687471701440027
2019-08-29 08:00:00,0.995655877557803,0.9927206738987662,0.995053331901974,0.9732596474200184
2019-08-29 09:00:00,0.995817691920523,0.9940373977974465,0.9952124375337003,0.9738399767356776
2019-08-29 10:00:00,0.9955002899576703,0.9940373977974465,0.9951738276117335,0.9738399767356776
2019-08-29 11:00:00,0.9941392324472516,0.993352644869792,0.9952139821325883,0.9727371054687686
2019-08-29 12:00:00,0.9941392324472516,0.9919207235910761,0.9954733966624362,0.9718900505255619
2019-08-29 13:00:00,0.9939774180845313,0.989856831341334,0.9954733966624362,0.9722192862703924
2019-08-30 07:00:00,0.9949940214411489,0.9930247081881319,0.9954733966624362,0.9745194801031457
2019-08-30 08:00:00,0.9958397718174914,0.9930247081881319,0.9958053116866713,0.9736724251599391
2019-08-30 09:00:00,0.9958397718174914,0.989856831341334,0.9958053116866713,0.9723116566063611
2019-08-30 10:00:00,0.9958397718174914,0.9919207235910761,0.9958053116866713,0.9751365649054077
2019-08-30 11:00:00,0.9958397718174914,0.991920723591076,0.9954733966624362,0.9736724251599393
2019-08-30 12:00:00,0.9953538093989791,0.9870922485668979,0.9953922680280484,0.9709330834810206
2019-08-30 13:00:00,0.996807470935246,0.9912887526200501,0.9959341842307463,0.9709330834810206
2019-09-03 07:00:00,0.9960156655156331,0.991920723591076,0.9962660992549814,0.9702192599483896
2019-09-03 08:00:00,0.9953538093989789,0.9870922485668979,0.9961037756820513,0.9695054364157584
2019-09-03 09:00:00,0.9959617205589034,0.9912887526200502,0.9965462715149134,0.9687916128831277
2019-09-03 10:00:00,0.9959617205589034,0.9919735055477046,0.9965462715149134,0.9698344093541931
2019-09-03 11:00:00,0.9954092749943573,0.9919735055477046,0.996415289985575,0.9698344093541931
2019-09-03 12:00:00,0.9949940214411488,0.9927206738987662,0.996415289985575,0.9686581186661557
2019-09-03 13:00:00,0.9956019326010733,0.9944566294668479,0.9967589031304582,0.9698344093541931
2019-09-04 07:00:00,0.9968426389194593,0.9960259221586797,0.9973429839049096,0.9723714685958085
2019-09-04 08:00:00,0.9975328016956692,0.9966578931297058,0.9974739654342479,0.9709073288503399
2019-09-04 09:00:00,0.9964943937126105,0.9960259221586797,0.9974739654342479,0.9723714685958085
2019-09-04 10:00:00,0.9964943937126105,0.99734264605736,0.9971806603319797,0.9733541902710305
2019-09-04 11:00:00,0.9968117956754633,0.99734264605736,0.9970040477788352,0.9737387780588309
2019-09-04 12:00:00,0.9970044532821793,0.99734264605736,0.9967589031304582,0.9743191073744901
2019-09-04 13:00:00,0.9970044532821793,0.9980898144084217,0.9970040477788352,0.973856640219084
2019-09-05 07:00:00,0.9975328016956692,0.9987745673360762,0.997536646188525,0.9763868957448588
2019-09-05 08:00:00,0.9976946160583894,0.9987745673360762,0.997536646188525,0.9775631864328962
2019-09-05 09:00:00,0.9970044532821793,0.9987745673360762,0.9976177748229128,0.9761358021740302
2019-09-05 10:00:00,0.9961216328992535,0.9980898144084217,0.997271513372606,0.978180271235158
2019-09-05 11:00:00,0.9952388125163274,0.99652052171659,0.9971935363752675,0.9761358021740302
2019-09-05 12:00:00,0.9952388125163272,0.9980898144084218,0.9969542430678462,0.975555472858371
2019-09-05 13:00:00,0.9952388125163274,0.9966578931297055,0.9964443189435154,0.975555472858371
2019-09-06 07:00:00,0.9950832249161947,0.9966578931297055,0.9964443189435154,0.9753254111653491
2019-09-06 08:00:00,0.9958042309364006,0.9973426460573602,0.9970534086207464,0.9767895509108179
2019-09-06 09:00:00,0.9963566765009467,0.9987745673360762,0.9973663457677765,0.9747450818496899
2019-09-06 10:00:00,0.9963566765009467,0.9973426460573602,0.9971124077408797,0.9735687911616527
2019-09-06 11:00:00,0.9963566765009467,0.9959107247786441,0.9971124077408797,0.9738566402190838
2019-09-06 12:00:00,0.9963566765009467,0.9950886004378738,0.997536646188525,0.9735687911616527
2019-09-06 13:00:00,0.9968426389194591,0.9950886004378738,0.9975366461885249,0.974570463751715
2019-09-09 07:00:00,0.9977254593023852,0.995910724778644,0.9977905842154215,0.974570463751715
2019-09-09 08:00:00,0.9975328016956692,0.9952787538076182,0.9982729875911533,0.9748996994965456
2019-09-09 09:00:00,0.9980611501091592,0.9960259221586797,0.9984496001442978,0.9735389309429674
2019-09-09 10:00:00,0.9980611501091592,0.9960259221586797,0.9983186186149595,0.9738681666877981
2019-09-09 11:00:00,0.9986135956737053,0.9952037978179097,0.9985725566418561,0.9742527544755987
2019-09-09 12:00:00,0.9982691415199039,0.994456629466848,0.9984496001442976,0.9742527544755987
2019-09-09 13:00:00,0.9982691415199039,0.9952037978179097,0.9986187668181528,0.9754290451636356
2019-09-10 07:00:00,0.9986135956737052,0.9952037978179097,0.9986187668181528,0.9787397399273295
2019-09-10 08:00:00,0.9986135956737053,0.99652052171659,0.9986187668181526,0.9787397399273295
2019-09-10 09:00:00,0.9986135956737053,0.9952037978179097,0.9986187668181526,0.9795867948705361
2019-09-10 10:00:00,0.9982538077158751,0.9933003237284609,0.9986187668181526,0.9810141791294021
2019-09-10 11:00:00,0.9978772558494705,0.9952037978179097,0.9988727048450495,0.9801413695555147
2019-09-10 12:00:00,0.9973912934309581,0.99652052171659,0.9987471849177089,0.9789650788674775
2019-09-10 13:00:00,0.9972153997328166,0.9952037978179096,0.9991010961782719,0.9796789024001086
2019-09-11 07:00:00,0.997532801695669,0.9952037978179096,0.9988471581513753,0.9803927259327397
2019-09-11 08:00:00,0.9972153997328164,0.994456629466848,0.9988471581513753,0.9803927259327397
2019-09-11 09:00:00,0.9978772558494706,0.9944566294668479,0.9991010961782719,0.9811065494653706
2019-09-11 10:00:00,0.9982370438073006,0.9960259221586797,0.9990574494317574,0.981979359039258
2019-09-11 11:00:00,0.9982370438073008,0.9960259221586797,0.9991402514084611,0.981979359039258
2019-09-11 12:00:00,0.9982370438073009,0.9952037978179097,0.9991402514084611,0.9794422997976425
2019-09-11 13:00:00,0.9991198641902268,0.9980898144084218,0.9992266161056126,0.9794422997976427
2019-09-12 07:00:00,0.9987754100364254,0.9980898144084218,0.9990574494317574,0.9787284762650117
2019-09-12 08:00:00,0.9989439704920852,0.9980898144084218,0.9991402514084613,0.9800892448185898
2019-09-12 09:00:00,0.9989439704920852,0.9980898144084218,0.9992684439687831,0.9783326248148934
2019-09-12 10:00:00,0.9989439704920852,0.99734264605736,0.9990546604627413,0.9806328186476465
2019-09-12 11:00:00,0.9989439704920852,0.9980898144084217,0.999054660462741,0.981675615118712
2019-09-12 12:00:00,0.9982538077158751,0.99652052171659,0.9989264679024193,0.9802114753732435
2019-09-12 13:00:00,0.9977678452973627,0.9950886004378738,0.9985725566418561,0.979955750601618
2019-09-13 07:00:00,0.9981276332551928,0.9966578931297058,0.9984823087858631,0.9793386657993561
2019-09-13 08:00:00,0.9981276332551926,0.9966578931297058,0.9982729875911533,0.9787215809970946
2019-09-13 09:00:00,0.9981276332551928,0.9945940008799636,0.9982729875911535,0.9801857207425628
2019-09-13 10:00:00,0.9977678452973627,0.9937718765391934,0.9981001781986444,0.9830106290416095
2019-09-13 11:00:00,0.9977678452973627,0.9930247081881319,0.9977539167483377,0.9815832447827436
2019-09-13 12:00:00,0.9977678452973627,0.994456629466848,0.9979267261408467,0.98333986478644
2019-09-13 13:00:00,0.9977678452973628,0.9912887526200502,0.997493293284057,0.9838023319418464
2019-09-16 07:00:00,0.9977678452973627,0.9912887526200501,0.9973309697111271,0.9819790962328617
2019-09-16 08:00:00,0.9977678452973627,0.9912887526200501,0.9970108899083252,0.9838023319418462
2019-09-16 09:00:00,0.9977678452973627,0.9912887526200501,0.997493293284057,0.9827595354707808
2019-09-16 10:00:00,0.9977678452973627,0.9892248603703083,0.9979267261408464,0.9813987669172025
2019-09-16 11:00:00,0.9973912934309582,0.9892248603703083,0.9982729875911533,0.9813987669172025
2019-09-16 12:00:00,0.9975751876906467,0.9892248603703082,0.9984131153456747,0.9813987669172025
2019-09-16 13:00:00,0.9965796149058438,0.9857520935890275,0.9984131153456745,0.9810141791294019
2019-09-17 07:00:00,0.9971320604703899,0.9878159858387696,0.9985440968750129,0.9806295913416018
2019-09-17 08:00:00,0.9971320604703899,0.9902991097579129,0.9985440968750129,0.9826740604027295
2019-09-17 09:00:00,0.9971320604703896,0.9922025838473617,0.9984071566194158,0.9848818838995143
2019-09-17 10:00:00,0.9981276332551926,0.9937718765391934,0.9987534180697227,0.9866017484166083
2019-09-17 11:00:00,0.9986135956737053,0.9960259221586797,0.9988362200464261,0.9876034210066705
2019-09-17 12:00:00,0.9989439704920852,0.9960259221586797,0.9986268988517164,0.9876034210066705
2019-09-17 13:00:00,0.9989439704920852,0.9944566294668479,0.9988362200464261,0.9876034210066704
2019-09-18 07:00:00,0.9991198641902267,0.994456629466848,0.999054660462741,0.9883172445393016
2019-09-18 08:00:00,0.9991198641902267,0.9960259221586797,0.9989264679024191,0.987932656751501
2019-09-18 09:00:00,0.9989439704920852,0.99734264605736,0.9985324021210015,0.9873155719492395
2019-09-18 10:00:00,0.9986135956737053,0.9960259221586797,0.9983139617046866,0.9868531047938331
2019-09-18 11:00:00,0.9984297014140167,0.9952787538076182,0.9984421542650085,0.9843160455522176
2019-09-18 12:00:00,0.9986135956737053,0.9944566294668479,0.9984421542650085,0.9843160455522176
2019-09-18 13:00:00,0.998789489371847,0.9937718765391934,0.9984421542650085,0.9865238690490027
2019-09-19 07:00:00,0.9986135956737052,0.9950886004378738,0.9980565257393298,0.9871409538512642
2019-09-19 08:00:00,0.9981276332551928,0.9922025838473617,0.997887359065475,0.9867563660634638
2019-09-19 09:00:00,0.9981276332551928,0.9902991097579129,0.9979267261408467,0.986756366063464
2019-09-19 10:00:00,0.9981276332551928,0.9885328152838192,0.9977644025679165,0.9864685170060327
2019-09-19 11:00:00,0.9981276332551928,0.9893549396245894,0.997887359065475,0.987048846321692
2019-09-19 12:00:00,0.9975751876906467,0.9885328152838192,0.9979267261408467,0.9867609972642607
2019-09-19 13:00:00,0.9965796149058436,0.9830853401497344,0.9976334210385782,0.9871455850520613
2019-09-20 07:00:00,0.9956234670916263,0.9788907471097085,0.9975554440412399,0.9868898602804356
2019-09-20 08:00:00,0.995799360789768,0.9757228702629107,0.9976864255705782,0.9861760367478045
2019-09-20 09:00:00,0.995439572831938,0.972211119137413,0.997243389270218,0.9844194167441082
2019-09-20 10:00:00,0.9939673875731666,0.9667381941785783,0.9971275309273049,0.9837055932114769
2019-09-20 11:00:00,0.9939673875731666,0.9667381941785783,0.9967205547992847,0.9837055932114771
2019-09-20 12:00:00,0.9948871272673917,0.9667381941785783,0.9964812614918631,0.9837055932114769
2019-09-20 13:00:00,0.994718566811732,0.9613651677929952,0.9960871957104455,0.9845526481546837
2019-09-23 07:00:00,0.9943236108696887,0.9613651677929952,0.9960871957104455,0.9845526481546837
2019-09-23 08:00:00,0.9936334480934786,0.9639520761613174,0.9960871957104455,0.9845526481546837
2019-09-23 09:00:00,0.9939638229118585,0.9639520761613174,0.9961308424569599,0.9852664716873146
2019-09-23 10:00:00,0.9944137022095543,0.9639520761613174,0.9955467616825084,0.9855221964589403
2019-09-23 11:00:00,0.995409274994357,0.9662061217808038,0.9952693998303438,0.9858514322037708
2019-09-23 12:00:00,0.9961640188942308,0.9662061217808038,0.9958654742318274,0.9878959012648986
2019-09-23 13:00:00,0.9958586088856375,0.9607331968219692,0.9955031149359941,0.988280489052699
2019-09-24 07:00:00,0.9954988209278076,0.9539858478476877,0.9951148849589241,0.9871041983646619
2019-09-24 08:00:00,0.9952965225924802,0.9487537515902472,0.995114884958924,0.984896374867877
2019-09-24 09:00:00,0.9939638229118585,0.9419348215795781,0.995114884958924,0.9845117870800766
2019-09-24 10:00:00,0.9924916376530873,0.9347053449472149,0.9947160219756794,0.9827919225629824
2019-09-24 11:00:00,0.9913553780796731,0.923599596885725,0.9949647102457609,0.9817902499729203
2019-09-24 12:00:00,0.991355378079673,0.9347053449472149,0.9957518032060755,0.982637304916127
2019-09-24 13:00:00,0.991355378079673,0.9336767177408606,0.9959365477927834,0.983998073469705
2019-09-25 07:00:00,0.9895460601796967,0.9260562594948678,0.9957470060042488,0.9822414534660087
2019-09-25 08:00:00,0.9884609414614435,0.9292901197322685,0.9957906527507634,0.9791608203953364
2019-09-25 09:00:00,0.9884609414614435,0.9327197485468077,0.9951931015789837,0.9791608203953364
2019-09-25 10:00:00,0.9876062590024317,0.932719748546808,0.9949677080245299,0.9791608203953364
2019-09-25 11:00:00,0.9884609414614435,0.932719748546808,0.9953587760271787,0.9791608203953364
2019-09-25 12:00:00,0.9897590153975779,0.9417516926220719,0.9957470060042488,0.9791608203953364
2019-09-25 13:00:00,0.9895460601796967,0.9485706226327413,0.9957470060042488,0.9791608203953364
2019-09-26 07:00:00,0.9885295633579649,0.9461382906306639,0.9953559380015998,0.9781591478052744
2019-09-26 08:00:00,0.99046936453523,0.9503347946838162,0.9955251046754551,0.9798790123223683
2019-09-26 09:00:00,0.9913553780796728,0.9539858478476877,0.9953559380015998,0.9792619275201063
2019-09-26 10:00:00,0.9913553780796728,0.9559860060252418,0.9951275466683774,0.9784148725768996
2019-09-26 11:00:00,0.9913553780796731,0.9581167068155257,0.9948736086414807,0.9777977877746381
2019-09-26 12:00:00,0.99046936453523,0.9565727562160102,0.9940154411927973,0.9774685520298072
2019-09-26 13:00:00,0.9885295633579649,0.9539858478476877,0.9930683925149044,0.9757486875127135
2019-09-27 07:00:00,0.9864633578554346,0.9539858478476877,0.9922960959487264,0.975262901048066
2019-09-27 08:00:00,0.9864633578554346,0.9485706226327413,0.9927483127121025,0.9737754419933566
2019-09-27 09:00:00,0.9862504026375535,0.9508246682522276,0.9934865806627837,0.9715676184965719
2019-09-27 10:00:00,0.9840616244353478,0.9483923362501504,0.9928917799617599,0.9692674246638187
2019-09-27 11:00:00,0.9825387525622091,0.9464888621607017,0.9922653179452544,0.9678400404049526
2019-09-27 12:00:00,0.9811776950517905,0.9508246682522276,0.9917829145695229,0.9683025075603588
2019-09-27 13:00:00,0.9797240335155233,0.9436853473925505,0.9921183007406986,0.969175317134246
2019-09-30 07:00:00,0.9808276929994755,0.9352853742883122,0.9920001692225054,0.9683025075603588
2019-09-30 08:00:00,0.979879621115656,0.921160544033977,0.9917829145695229,0.9685582323319843
2019-09-30 09:00:00,0.9814024929887948,0.9132708975092041,0.9923777152705465,0.9680957651765781
2019-09-30 10:00:00,0.979879621115656,0.9103848809186917,0.9922186096388204,0.9660512961154504
2019-09-30 11:00:00,0.97689608698957,0.910384880918692,0.9920013549858377,0.9655888289600442
2019-09-30 12:00:00,0.9740350224873762,0.9080895756072203,0.9920013549858379,0.9620690480432067
2019-09-30 13:00:00,0.970823566220567,0.9004691173612276,0.9913725256693174,0.9583576471851691
2019-10-01 07:00:00,0.9686541382289573,0.9004691173612276,0.9906886960695874,0.9548378662683318
2019-10-01 08:00:00,0.970177010102096,0.9004691173612276,0.9906886960695874,0.9541240427357006
2019-10-01 09:00:00,0.9733884663689049,0.9004691173612276,0.9909071364859023,0.9576438236525381
2019-10-01 10:00:00,0.9735440539690376,0.9004691173612276,0.9909071364859023,0.9559239591354441
2019-10-01 11:00:00,0.9698098466548846,0.8968620599497533,0.9904214583035885,0.95420409461835
2019-10-01 12:00:00,0.9670814766472701,0.8914468347348068,0.9897204012221092,0.9514647529394314
2019-10-01 13:00:00,0.9654030171739988,0.8848550871874293,0.9891491928904528,0.949164559106678
2019-10-02 07:00:00,0.9620822427339276,0.8808910690356085,0.9884539893334666,0.9504219564683658
2019-10-02 08:00:00,0.9639987384117901,0.8914468347348068,0.9888315353815077,0.9500373686805654
2019-10-02 09:00:00,0.9681313871816131,0.9059282288069571,0.989532592462987,0.9510801651516311
2019-10-02 10:00:00,0.9681313871816131,0.8993364812595797,0.989532592462987,0.9518606043895497
2019-10-02 11:00:00,0.9654030171739988,0.8993364812595797,0.9893559799098427,0.9501039843858532
2019-10-02 12:00:00,0.9654030171739988,0.9110289795118379,0.9895762244448805,0.9493235451479344
2019-10-02 13:00:00,0.9670814766472703,0.9212277844706896,0.989997981646402,0.9493235451479344
2019-10-03 07:00:00,0.9700548967094881,0.9298768699230368,0.9903369177724763,0.9507509294068004
2019-10-03 08:00:00,0.9698300987724835,0.9381349737617543,0.9905305800560917,0.953575837705847
2019-10-03 09:00:00,0.9695246887638906,0.932719748546808,0.9898885783195324,0.9561128969474624
2019-10-03 10:00:00,0.9724028811799652,0.9417516926220719,0.9898885783195324,0.9561128969474624
2019-10-03 11:00:00,0.9733261855354984,0.9485706226327411,0.9898885783195324,0.9550701004763967
2019-10-03 12:00:00,0.9701147292686898,0.9485706226327411,0.9893376053925403,0.9527699066436435
2019-10-03 13:00:00,0.967236536852615,0.9485706226327411,0.9894605618900986,0.9509466709346592
2019-10-04 07:00:00,0.9687242005418433,0.9553179716070226,0.99065353655365,0.9499038744635937
2019-10-04 08:00:00,0.9677954788686195,0.9607908965658573,0.9914922073602936,0.9487020919512719
2019-10-04 09:00:00,0.967236536852615,0.9677500723803193,0.9921544980957517,0.9479216527133528
2019-10-04 10:00:00,0.9663132324970817,0.9689687935421137,0.991854929045049,0.9481773774849785
2019-10-04 11:00:00,0.9695246887638905,0.9721366703889115,0.991389539861634,0.949220173956044
2019-10-04 12:00:00,0.9724028811799652,0.9743418199276968,0.9917114617953916,0.9522451921773502
2019-10-04 13:00:00,0.9724028811799652,0.9778535710531949,0.9921194833955821,0.9532879886484157
2019-10-07 07:00:00,0.9724028811799652,0.9799174633029367,0.9925625196959421,0.9561128969474624
2019-10-07 08:00:00,0.9734356638004273,0.9778535710531947,0.9925625196959421,0.9566932262631216
2019-10-07 09:00:00,0.9737410738090203,0.9750889882787586,0.9925625196959421,0.9584130907802157
2019-10-07 10:00:00,0.9724028811799652,0.9708943952387326,0.9925625196959421,0.9573102195133067
2019-10-07 11:00:00,0.9724028811799652,0.9724383458382482,0.9929729085961477,0.958486510201344
2019-10-07 12:00:00,0.9724028811799652,0.9750889882787586,0.9936622060278866,0.9567298901976475
2019-10-07 13:00:00,0.9724028811799652,0.9778535710531947,0.9938806464442015,0.9559494509597286
2019-10-08 07:00:00,0.970915217490737,0.9815650906191978,0.9941867533736535,0.9559494509597286
2019-10-08 08:00:00,0.9677256190889393,0.9821126639314971,0.9939683129573386,0.9545886824061504
2019-10-08 09:00:00,0.966640500370686,0.9840161380209459,0.9936622060278865,0.9522884885733971
2019-10-08 10:00:00,0.9644297129952605,0.9786009128059995,0.9939629768256452,0.9488788825642903
2019-10-08 11:00:00,0.9610525225158325,0.9771689915272832,0.9939228223047903,0.9458538643429842
2019-10-08 12:00:00,0.9597575619268862,0.9771689915272832,0.9929546153769935,0.9431145226640657
2019-10-08 13:00:00,0.9561838551730678,0.9766214182149839,0.9922653179452547,0.94000671150389
2019-10-09 07:00:00,0.9542964163610881,0.9754026970531895,0.9919592110158025,0.9388323698874677
2019-10-09 08:00:00,0.9557006951232968,0.9771689915272832,0.9919592110158025,0.9394099255218685
2019-10-09 09:00:00,0.9557006951232968,0.9766214182149838,0.9912358849685668,0.9394099255218683
2019-10-09 10:00:00,0.9564270441306529,0.9700296706676065,0.9904709267344493,0.9412980906709217
2019-10-09 11:00:00,0.9584493172485101,0.9700296706676064,0.9904709267344494,0.941783877135569
2019-10-09 12:00:00,0.95788070566692,0.9700296706676064,0.9907608199248954,0.9436720422846222
2019-10-09 13:00:00,0.9603040170142283,0.9672650878931703,0.9907118494059532,0.9441111901307875
2019-10-10 07:00:00,0.9603040170142283,0.9649854896058833,0.9898098588295772,0.9437266023429869
2019-10-10 08:00:00,0.9603040170142283,0.9672650878931703,0.9898098588295772,0.9439356884961309
2019-10-10 09:00:00,0.9603040170142283,0.9654987934190766,0.9895585755610976,0.9439356884961309
2019-10-10 10:00:00,0.9603040170142283,0.9654987934190766,0.9891958538763422,0.9439356884961306
2019-10-10 11:00:00,0.963540483454062,0.9714615919463224,0.9891958538763425,0.9450385597630396
2019-10-10 12:00:00,0.9641090950356521,0.9726803131081168,0.9883109948564588,0.9452686214560612
2019-10-10 13:00:00,0.963540483454062,0.9726803131081168,0.9882330178591204,0.9462513431312832
2019-10-11 07:00:00,0.9678657458173093,0.9766214182149839,0.9886246455446859,0.9466359309190838
2019-10-11 08:00:00,0.9656963178256994,0.9766214182149839,0.9886246455446859,0.9509183465020777
2019-10-11 09:00:00,0.9647482459418798,0.9777557417180517,0.9886246455446859,0.9520946371901151
2019-10-11 10:00:00,0.9642498190752465,0.9771689915272832,0.9883069880357407,0.9499356248268558
2019-10-11 11:00:00,0.9635256198935236,0.9771689915272832,0.9881888565175476,0.9479856986167401
2019-10-11 12:00:00,0.9647482459418799,0.9771689915272832,0.9883069880357407,0.9464982395620307
2019-10-11 13:00:00,0.9612419607684497,0.9771689915272832,0.9878388170854522,0.9439356884961309
2019-10-14 07:00:00,0.9603040170142285,0.9771689915272832,0.9887600648492041,0.9421124527871464
2019-10-14 08:00:00,0.9603040170142285,0.9813654955804355,0.9890908470939237,0.9421124527871464
2019-10-14 09:00:00,0.9575970646057418,0.9840161380209459,0.9886130949651928,0.9421124527871464
2019-10-14 10:00:00,0.9587280846142932,0.9878159858387696,0.9887600648492041,0.9435398370460122
2019-10-14 11:00:00,0.9635404834540617,0.9909838626855674,0.9896234455036135,0.9465648552673185
2019-10-14 12:00:00,0.9641090950356521,0.9922025838473615,0.9888395864454306,0.9496454883379907
2019-10-14 13:00:00,0.9618013502690425,0.9907706625686457,0.9880175042345789,0.9500300761257913
2019-10-15 07:00:00,0.9618013502690425,0.9863840645600536,0.9874849058248893,0.9493352035080005
2019-10-15 08:00:00,0.9637248792122033,0.9886381101795398,0.9874849058248891,0.9471273800112154
2019-10-15 09:00:00,0.9630091127568605,0.9900700314582557,0.9874849058248891,0.948129052601278
2019-10-15 10:00:00,0.9651785407484703,0.9944566294668479,0.988406153588641,0.9489761075444844
2019-10-15 11:00:00,0.9656123180241828,0.9944566294668479,0.9888017880949244,0.9486882584870533
2019-10-15 12:00:00,0.9629760514589935,0.9944566294668479,0.9888017880949244,0.9439666950578939
2019-10-15 13:00:00,0.9595116628784374,0.9912887526200501,0.9884455206640125,0.943080202498903
2019-10-16 07:00:00,0.9581073841162286,0.9884027360295381,0.9880175042345789,0.9427117330176459
2019-10-16 08:00:00,0.9590778856027247,0.9864992619400894,0.9874849058248891,0.9427117330176459
2019-10-16 09:00:00,0.9595116628784374,0.988402736029538,0.987041869524529,0.9413997755975934
2019-10-16 10:00:00,0.9564289246429571,0.9840161380209457,0.9860372715151686,0.9397032303897402
2019-10-16 11:00:00,0.9564289246429571,0.9813654955804355,0.9854660631835123,0.9413997755975934
2019-10-16 12:00:00,0.9594687006362943,0.9803368683740812,0.9863680537598883,0.9423824972728153
2019-10-16 13:00:00,0.9625514388717745,0.9803368683740812,0.9868612850942063,0.9440629241741249
2019-10-17 07:00:00,0.9634126221850082,0.9803368683740812,0.9861857569250881,0.9459510893231783
2019-10-17 08:00:00,0.9660488887501976,0.9786009128059994,0.9865886387045933,0.9455665015353779
2019-10-17 09:00:00,0.9660488887501976,0.9813654955804355,0.987646074186654,0.946280325068009
2019-10-17 10:00:00,0.9686216711576792,0.9857520935890275,0.9888390488502053,0.9481035607769933
2019-10-17 11:00:00,0.9698442972060356,0.9869708147508217,0.9889571803683983,0.9508429024559119
2019-10-17 12:00:00,0.9729617970814651,0.9869708147508217,0.9887369358333605,0.9535822441348304
2019-10-17 13:00:00,0.9746362806755636,0.9869708147508217,0.9887369358333605,0.9561124996606052
2019-10-18 07:00:00,0.9763971887532936,0.9869708147508217,0.9887369358333605,0.9572153709275142
2019-10-18 08:00:00,0.9782610959204965,0.9884027360295381,0.9890908470939237,0.9591652971376299
2019-10-18 09:00:00,0.9806386502526472,0.988402736029538,0.9890908470939237,0.9599389326597082
2019-10-18 10:00:00,0.9833721886754169,0.988402736029538,0.9894617395466234,0.9599389326597082
2019-10-18 11:00:00,0.985224214704174,0.988402736029538,0.9905649647038,0.9619211544099489
2019-10-18 12:00:00,0.9838631571937552,0.9869708147508218,0.9909678409094103,0.9627682093531557
2019-10-18 13:00:00,0.9828466603720235,0.9863840645600536,0.9906444863000265,0.9627682093531557
2019-10-21 07:00:00,0.9828466603720234,0.9857520935890277,0.9901620829242949,0.962538147660134
2019-10-21 08:00:00,0.9828466603720235,0.9869708147508218,0.9896173692252149,0.9594575145894618
2019-10-21 09:00:00,0.9801046655100166,0.9863840645600536,0.9892217347189314,0.9575075883793461
2019-10-21 10:00:00,0.9809827532048204,0.9863840645600536,0.9901620829242949,0.9575075883793461
2019-10-21 11:00:00,0.9828466603720234,0.9863840645600536,0.9909678409094103,0.9594575145894618
2019-10-21 12:00:00,0.9828466603720234,0.9834980479695414,0.9909678409094103,0.9594575145894618
2019-10-21 13:00:00,0.9821256543518174,0.9834980479695414,0.9909678409094103,0.9600378439051211
2019-10-22 07:00:00,0.9825304575131334,0.9834980479695414,0.9903451502129921,0.9612952412668089
2019-10-22 08:00:00,0.9841374770777823,0.9863840645600536,0.9900316253435169,0.9621680508406963
2019-10-22 09:00:00,0.9838631571937553,0.9846177700859599,0.9892748378773435,0.9633443415287335
2019-10-22 10:00:00,0.9813994375045825,0.9857520935890275,0.9885614283626506,0.9633443415287335
2019-10-22 11:00:00,0.9805166171216564,0.9869708147508218,0.9877964701285328,0.9633443415287335
2019-10-22 12:00:00,0.9805166171216564,0.9863840645600536,0.9865768220432117,0.9639614263309955
2019-10-22 13:00:00,0.9824893682924909,0.9886381101795397,0.9867313369146313,0.9648342359048826
2019-10-23 07:00:00,0.9845032086839681,0.9930247081881317,0.9869577993218893,0.9681449306685764
2019-10-23 08:00:00,0.9852274078656909,0.9930247081881317,0.9864252009121997,0.9685295184563768
2019-10-23 09:00:00,0.984808618692561,0.9895519414068513,0.9861130428256791,0.967426647189468
2019-10-23 10:00:00,0.9819400958420721,0.9871008940051031,0.9856925255907703,0.9661692498277802
2019-10-23 11:00:00,0.9821530510599532,0.9853649384370214,0.9867499610728305,0.9644126298240837
2019-10-23 12:00:00,0.9840928522372182,0.9871008940051031,0.987321169404487,0.9651264533567145
2019-10-23 13:00:00,0.9824893682924909,0.9885328152838192,0.9864191788281109,0.9644126298240836
2019-10-24 07:00:00,0.9824893682924909,0.9902991097579129,0.9864191788281109,0.9631552324623958
2019-10-24 08:00:00,0.9819400958420721,0.9902991097579129,0.9864191788281109,0.9627160846162307
2019-10-24 09:00:00,0.9816346858334792,0.9895519414068513,0.9867313369146316,0.9640280420362832
2019-10-24 10:00:00,0.9833721886754169,0.9918059870263375,0.9872902315579046,0.96457161586534
2019-10-24 11:00:00,0.9853944617932741,0.9925531553773993,0.9878349452569845,0.9645716158653398
2019-10-24 12:00:00,0.9879976670605964,0.9925531553773993,0.9887369358333604,0.9657479065533772
2019-10-24 13:00:00,0.9883030770691895,0.9925531553773993,0.9882938995330005,0.9660771422982077
2019-10-25 07:00:00,0.9868308918104183,0.9925531553773993,0.987321169404487,0.9625573613813703
2019-10-25 08:00:00,0.9871148466776704,0.994456629466848,0.9872431924071486,0.9622281256365397
2019-10-25 09:00:00,0.9872646690861308,0.9937718765391934,0.9866456412353689,0.9605082611194456
2019-10-25 10:00:00,0.9868308918104182,0.9925531553773993,0.9856925255907703,0.9593319704314085
2019-10-25 11:00:00,0.9880715981288042,0.9944566294668479,0.9856925255907703,0.9598755442604653
2019-10-25 12:00:00,0.9880715981288042,0.9937718765391934,0.9848291449363608,0.9615720894683184
2019-10-25 13:00:00,0.9895437833875753,0.9912887526200501,0.9848819824090609,0.9641091487099336
2019-10-28 07:00:00,0.9904218710823792,0.9922025838473617,0.9861658802983791,0.9651519451809992
2019-10-28 08:00:00,0.9913046914653053,0.9937718765391934,0.9867885709947972,0.9676890044226146
2019-10-28 09:00:00,0.9926373911459272,0.9912887526200501,0.9873726517692487,0.9671454305935578
2019-10-28 10:00:00,0.9929428011545203,0.9912887526200502,0.9867885709947972,0.9675300183813582
2019-10-28 11:00:00,0.9929428011545203,0.9926054765187304,0.9858865804184214,0.9687063090693956
2019-10-28 12:00:00,0.9929428011545203,0.9912887526200501,0.9852638897220031,0.967833499495508
2019-10-28 13:00:00,0.9919043931714613,0.9864602775958721,0.9842064542399426,0.968377073324565
2019-10-29 07:00:00,0.9919043931714613,0.9842062319763859,0.9839191463918389,0.9676632497919337
2019-10-29 08:00:00,0.9935828526447328,0.988402736029538,0.9848819824090608,0.9696131760020497
2019-10-29 09:00:00,0.9946212606277913,0.9912887526200501,0.9858865804184211,0.9710405602609156
2019-10-29 10:00:00,0.9953114234040014,0.991920723591076,0.9865092711148394,0.9753229758439096
2019-10-29 11:00:00,0.9953114234040014,0.9912887526200502,0.9855464350976174,0.9760367993765405
2019-10-29 12:00:00,0.9953114234040016,0.9912887526200502,0.9841389442966378,0.975263163854462
2019-10-29 13:00:00,0.9946212606277917,0.9912887526200502,0.9835162536002198,0.9744161089112555
2019-10-30 07:00:00,0.9929428011545203,0.9912887526200501,0.9828556815582269,0.9752631638544622
2019-10-30 08:00:00,0.9929428011545203,0.9912887526200501,0.9828556815582269,0.9752631638544622
2019-10-30 09:00:00,0.99294280115452,0.9893852785306013,0.9831997075255943,0.9752631638544622
2019-10-30 10:00:00,0.9918720558530002,0.9845568035064233,0.9838602795675873,0.9758434931701215
2019-10-30 11:00:00,0.9918720558530002,0.9845568035064233,0.9833926145016306,0.9764605779723832
2019-10-30 12:00:00,0.9910263054766576,0.9845568035064233,0.982197445256231,0.9758434931701215
2019-10-30 13:00:00,0.9898380750851385,0.9805364634128432,0.982197445256231,0.975587768398496
2019-10-31 07:00:00,0.9898380750851385,0.9818531873115237,0.982197445256231,0.9744114777104587
2019-10-31 08:00:00,0.9885143974698711,0.9758481899549145,0.982197445256231,0.9726548577067622
2019-10-31 09:00:00,0.9894431191430951,0.9829875108145913,0.9833926145016306,0.9696298394854559
2019-10-31 10:00:00,0.9906838254614811,0.9858735274051036,0.984001704178862,0.9710572237443219
2019-10-31 11:00:00,0.9906838254614811,0.9843042347132719,0.9839638228332872,0.9690127546831941
2019-10-31 12:00:00,0.9882201057723083,0.9825379402391781,0.9833411321368689,0.9664824991574192
2019-10-31 13:00:00,0.9869793994539221,0.9793700633923804,0.9821087831332588,0.9634574809361132
2019-11-01 07:00:00,0.9883030770691895,0.9828818145178781,0.9826948627014271,0.9645002774071786
2019-11-01 08:00:00,0.9898380750851387,0.9818531873115237,0.9825905428639655,0.9639199480915192
2019-11-01 09:00:00,0.98879966710208,0.9764801609259405,0.9810513476511985,0.9669449663128256
2019-11-01 10:00:00,0.9864804167020097,0.9776144844290082,0.980066862102241,0.963535360303719
2019-11-01 11:00:00,0.9838913475683428,0.9776144844290082,0.9803685745283458,0.961327536806934
2019-11-01 12:00:00,0.9823563495523936,0.9764801609259405,0.9804422579739672,0.9606326641891432
2019-11-01 13:00:00,0.9835445799439128,0.9789312083276887,0.9798912572008698,0.9616754606602086
2019-11-04 07:00:00,0.9862781183666823,0.9843042347132719,0.9804950954466672,0.9636253868703243
2019-11-04 08:00:00,0.9876686470935289,0.9858735274051036,0.9814996934560276,0.9654486225793087
2019-11-04 09:00:00,0.9875188246850685,0.9836194817856174,0.9811928472468706,0.967271858288293
2019-11-04 10:00:00,0.9862781183666823,0.9836194817856174,0.9811556674886601,0.9679856818209239
2019-11-04 11:00:00,0.9849454186860607,0.9836194817856172,0.9811928472468706,0.9660975166718708
2019-11-04 12:00:00,0.9831974654522305,0.9829875108145913,0.9801568793331514,0.9653238811497923
2019-11-04 13:00:00,0.9842358734352892,0.980504386895448,0.9801568793331514,0.9662103737087834
2019-11-05 07:00:00,0.9866995931244621,0.9853328619196262,0.9801568793331514,0.9662103737087834
2019-11-05 08:00:00,0.9879976670605964,0.9878159858387695,0.979553041087354,0.9667907030244428
2019-11-05 09:00:00,0.9883030770691895,0.9897194599282182,0.9788552892871506,0.9675643385465211
2019-11-05 10:00:00,0.9905138644446152,0.992887336775016,0.9794062900602483,0.9684113934897277
2019-11-05 11:00:00,0.9919043931714615,0.994456629466848,0.9788024518144508,0.9687959812775283
2019-11-05 12:00:00,0.9925945559476715,0.9919735055477046,0.9795158613291437,0.9697787029527504
2019-11-05 13:00:00,0.9936329639307303,0.9940373977974465,0.9794115414916819,0.9710361003144381
2019-11-06 07:00:00,0.9942948200473842,0.993352644869792,0.9795158613291437,0.9700344277243759
2019-11-06 08:00:00,0.9939774180845318,0.9912887526200502,0.9798912572008698,0.9695719605689697
2019-11-06 09:00:00,0.992939010101473,0.9927206738987664,0.9798912572008698,0.9692841115115384
2019-11-06 10:00:00,0.992939010101473,0.9912887526200502,0.9801615997226157,0.9678567272526724
2019-11-06 11:00:00,0.9933767632563583,0.994456629466848,0.9814996934560276,0.9682413150404732
2019-11-06 12:00:00,0.9941315071562318,0.99652052171659,0.9821087831332588,0.969344186307382
2019-11-06 13:00:00,0.9946174695747443,0.9950886004378737,0.9830815132617722,0.9690884615357562
2019-11-07 07:00:00,0.9960711311110112,0.9966578931297058,0.9843138622653822,0.9690884615357562
2019-11-07 08:00:00,0.9959155435108787,0.9945940008799636,0.9843138622653823,0.9697055463380182
2019-11-07 09:00:00,0.9955851686924989,0.9960259221586797,0.9843138622653823,0.9687038737479561
2019-11-07 10:00:00,0.9955851686924988,0.994456629466848,0.9843138622653823,0.9682414065925496
2019-11-07 11:00:00,0.9947734901673845,0.9950886004378737,0.9843138622653823,0.9678568188047493
2019-11-07 12:00:00,0.9930255369335541,0.9950886004378737,0.9840017041788618,0.9675275830599186
2019-11-07 13:00:00,0.9935318054500757,0.9950886004378737,0.983963822833287,0.96781543211735
2019-11-08 07:00:00,0.9948645051306975,0.9965205217165898,0.9848348755630808,0.9695720521210464
2019-11-08 08:00:00,0.9955002899576703,0.9972052746442445,0.9841371237628773,0.9699012878658768
2019-11-08 09:00:00,0.9951699151392905,0.99652052171659,0.9841371237628773,0.9699012878658768
2019-11-08 10:00:00,0.9948645051306976,0.99652052171659,0.9838621454345672,0.9693577140368203
2019-11-08 11:00:00,0.9948645051306975,0.994456629466848,0.9834416281996585,0.96935771403682
2019-11-08 12:00:00,0.9946886114325557,0.9912887526200502,0.9837484744088154,0.9693577140368203
2019-11-08 13:00:00,0.9946886114325557,0.9930247081881319,0.984163302002072,0.9697423018246206
2019-11-11 07:00:00,0.9946886114325559,0.9922025838473615,0.9835449890184536,0.9714621663417146
2019-11-11 08:00:00,0.9946886114325559,0.9937718765391934,0.9830632292877468,0.9702047689800269
2019-11-11 09:00:00,0.9946886114325559,0.9960259221586797,0.9830632292877468,0.9702047689800268
2019-11-11 10:00:00,0.9958248710059701,0.9960259221586797,0.9837484744088154,0.9736143749891334
2019-11-11 11:00:00,0.996820443790773,0.99734264605736,0.9845705566196669,0.9736143749891334
2019-11-11 12:00:00,0.9961846589638003,0.994456629466848,0.9842955782913567,0.9746571714601988
2019-11-11 13:00:00,0.9953928535441875,0.9952787538076182,0.9844462262090188,0.9743279357153682
2019-11-12 07:00:00,0.9960007647041117,0.9960259221586797,0.9855744633169684,0.9755853330770564
2019-11-12 08:00:00,0.9956563105503106,0.9952037978179096,0.9850920599412367,0.97512286592165
2019-11-12 09:00:00,0.9950446168898945,0.9925531553773991,0.9840874619318765,0.9759956754955375
2019-11-12 10:00:00,0.9960007647041118,0.9960259221586797,0.9846715427063276,0.9757078264381062
2019-11-12 11:00:00,0.9973912934309581,0.9960259221586797,0.9856971261943649,0.9757078264381062
2019-11-12 12:00:00,0.9982370438073008,0.994456629466848,0.985697126194365,0.9757078264381062
2019-11-12 13:00:00,0.9982370438073008,0.994456629466848,0.9850744354979467,0.976251400267163
2019-11-13 07:00:00,0.9982370438073009,0.994456629466848,0.9850744354979467,0.9777155400126314
2019-11-13 08:00:00,0.9985674186256805,0.992887336775016,0.9854184614653142,0.9781780071680376
2019-11-13 09:00:00,0.9983988581700208,0.9944566294668479,0.9854949527328557,0.9777155400126314
2019-11-13 10:00:00,0.9976441142701473,0.9960259221586797,0.9855464350976174,0.9781780071680376
2019-11-13 11:00:00,0.9976441142701473,0.9944566294668479,0.9861176434292739,0.9785072429128682
2019-11-13 12:00:00,0.9976441142701473,0.9957733533655282,0.9860790335073072,0.9767506229091716
2019-11-13 13:00:00,0.9969539514939374,0.9957733533655283,0.9864676828613692,0.9773677077114336
2019-11-14 07:00:00,0.9969539514939374,0.99734264605736,0.9873565487019708,0.9777522954992339
2019-11-14 08:00:00,0.9963460403340129,0.99734264605736,0.988162306687086,0.9770384719666029
2019-11-14 09:00:00,0.9963460403340129,0.9960259221586797,0.9873063536680128,0.9775009391220091
2019-11-14 10:00:00,0.9963460403340129,0.994456629466848,0.9872298624004713,0.97821476265464
2019-11-14 11:00:00,0.995655877557803,0.9960259221586797,0.987553217009855,0.9776711888255832
2019-11-14 12:00:00,0.995655877557803,0.9960259221586797,0.988375708609991,0.9780557766133837
2019-11-14 13:00:00,0.9946174695747443,0.9967730905097416,0.9884135899555658,0.9789028315565906
2019-11-15 07:00:00,0.9942730154209428,0.9980898144084218,0.988375708609991,0.9789028315565906
2019-11-15 08:00:00,0.9924447335392111,0.9987745673360762,0.9885929632629734,0.9743903542805749
2019-11-15 09:00:00,0.9905282378613486,0.9980898144084217,0.9885929632629735,0.9729262145351065
2019-11-15 10:00:00,0.9905282378613486,0.9967730905097414,0.9884135899555656,0.9729262145351063
2019-11-15 11:00:00,0.9905282378613486,0.994122448069231,0.9881623066870863,0.9722123910024754
2019-11-15 12:00:00,0.9905282378613486,0.9925531553773993,0.987553217009855,0.9736998500571848
2019-11-15 13:00:00,0.9905282378613484,0.9918059870263375,0.987553217009855,0.9732140635925376
2019-11-18 07:00:00,0.9905282378613486,0.9918059870263375,0.9873063536680128,0.9738311483947993
2019-11-18 08:00:00,0.9905282378613486,0.9925531553773993,0.9878389520777026,0.9728294758047372
2019-11-18 09:00:00,0.9912040272208249,0.994122448069231,0.988230579763268,0.973543299337368
2019-11-18 10:00:00,0.9921273315763584,0.9967730905097416,0.988230579763268,0.9739278871251686
2019-11-18 11:00:00,0.9927891876930126,0.9967730905097416,0.9890865327823414,0.9769529053464748
2019-11-18 12:00:00,0.9923032252744999,0.9952037978179096,0.9891251427043081,0.9751296696374905
2019-11-18 13:00:00,0.990768227258551,0.9925531553773993,0.9883193847191927,0.9739533789494533
2019-11-19 07:00:00,0.9915484813746266,0.9925531553773993,0.9886041294066096,0.9739533789494531
2019-11-19 08:00:00,0.9923032252745001,0.9908171998093176,0.9893764259727876,0.9757766146584375
2019-11-19 09:00:00,0.9927891876930124,0.990070031458256,0.9893764259727876,0.9757766146584375
2019-11-19 10:00:00,0.9929390101014728,0.9886381101795398,0.9884135899555656,0.9767782872484998
2019-11-19 11:00:00,0.9929390101014728,0.9878159858387696,0.9884135899555655,0.9763936994606994
2019-11-19 12:00:00,0.992939010101473,0.9895519414068511,0.9895936806257704,0.9749663152018334
2019-11-19 13:00:00,0.9939774180845313,0.9918059870263375,0.9901146939234686,0.9752955509466641
2019-11-20 07:00:00,0.9939774180845313,0.9918059870263375,0.9898974392704861,0.976471841634701
2019-11-20 08:00:00,0.9942948200473842,0.9918059870263375,0.9901146939234688,0.9771856651673323
2019-11-20 09:00:00,0.9936329639307303,0.9886381101795398,0.9901146939234686,0.9763386102241255
2019-11-20 10:00:00,0.9925945559476715,0.9846177700859599,0.9889346032532641,0.9763386102241255
2019-11-20 11:00:00,0.9925945559476715,0.9823637244664735,0.9884135899555656,0.9774414814910345
2019-11-20 12:00:00,0.994273015420943,0.9823637244664735,0.9895936806257701,0.9782885364342412
2019-11-20 13:00:00,0.9957266769572101,0.9855316013132712,0.9899746579044479,0.9816981424433481
2019-11-21 07:00:00,0.9964476829774159,0.9895519414068513,0.9904956712021464,0.979490318946563
2019-11-21 08:00:00,0.9960711311110113,0.9930247081881319,0.9910166844998447,0.979490318946563
2019-11-21 09:00:00,0.9954092749943573,0.9936566791591576,0.9910166844998447,0.979490318946563
2019-11-21 10:00:00,0.9942730154209428,0.9930247081881319,0.9911993237794101,0.9776670832375787
2019-11-21 11:00:00,0.9942730154209428,0.9930247081881319,0.9913467403365255,0.9761796241828691
2019-11-21 12:00:00,0.9947792839374644,0.9922025838473615,0.9919303479064778,0.9754658006502382
2019-11-21 13:00:00,0.9955002899576704,0.9944566294668479,0.9924023906852341,0.9774157268603536
2019-11-22 07:00:00,0.995817691920523,0.9950886004378738,0.9919303479064777,0.9774157268603538
2019-11-22 08:00:00,0.9963460403340129,0.9958357687889355,0.9924774517890191,0.9796235503571387
2019-11-22 09:00:00,0.9963460403340129,0.9950886004378738,0.9929016902366646,0.9818313738539234
2019-11-22 10:00:00,0.9976441142701473,0.99734264605736,0.9937446254681206,0.9821606095987541
2019-11-22 11:00:00,0.9976441142701473,0.9957733533655282,0.9941302539937988,0.9809843189107168
2019-11-22 12:00:00,0.996507854696733,0.99652052171659,0.9940165829680468,0.9813689066985174
2019-11-22 13:00:00,0.9960015861802115,0.9958357687889355,0.9941302539937988,0.9809843189107168
2019-11-25 07:00:00,0.9966094973401359,0.9958357687889355,0.9944915831943852,0.9809843189107168
2019-11-25 08:00:00,0.9966094973401359,0.9920359209711118,0.9944915831943852,0.9828075546197013
2019-11-25 09:00:00,0.9966094973401359,0.9912887526200501,0.9944915831943852,0.9833511284487578
2019-11-25 10:00:00,0.9962920953772834,0.9912887526200501,0.9944915831943852,0.9833511284487578
2019-11-25 11:00:00,0.9971378457536259,0.9912887526200502,0.9949537029876053,0.9833511284487578
2019-11-25 12:00:00,0.9975328016956692,0.9912887526200502,0.9956448870905488,0.9815945084450614
2019-11-25 13:00:00,0.9975328016956692,0.9950886004378738,0.9958961768120218,0.9834177441540456
2019-11-26 07:00:00,0.9970044532821791,0.9937718765391934,0.9955105482863432,0.982637304916127
2019-11-26 08:00:00,0.9959660452991208,0.9930247081881319,0.9954340570188017,0.9814610142280896
2019-11-26 09:00:00,0.9966870513193267,0.9912887526200502,0.9958961768120218,0.9806139592848829
2019-11-26 10:00:00,0.9970044532821793,0.9878159858387696,0.9958568097366501,0.9814610142280896
2019-11-26 11:00:00,0.9966870513193266,0.9878159858387696,0.9957803184691086,0.9808439294258278
2019-11-26 12:00:00,0.9966870513193266,0.989034707000564,0.9958961768120218,0.9799968744826214
2019-11-26 13:00:00,0.9974080573395324,0.9922025838473617,0.9960946290607948,0.9796122866948208
2019-11-27 07:00:00,0.9977678452973627,0.9950886004378737,0.9960946290607948,0.9810396709536868
2019-11-27 08:00:00,0.9975751876906467,0.995910724778644,0.9964408905111015,0.9805772037982806
2019-11-27 09:00:00,0.9977678452973627,0.9950886004378737,0.9967871519614083,0.9812910273309117
2019-11-27 10:00:00,0.9977678452973628,0.9937718765391934,0.9962424382623286,0.9822926999209737
2019-11-27 11:00:00,0.9977678452973627,0.9950886004378737,0.9958961768120218,0.9837568396664425
2019-11-27 12:00:00,0.9986135956737053,0.995910724778644,0.9958961768120218,0.9851842239253082
2019-11-27 13:00:00,0.9986135956737053,0.9950886004378738,0.9958961768120218,0.9877212831669236
2019-11-29 07:00:00,0.9984297014140167,0.99734264605736,0.9962424382623285,0.9888975738549608
2019-11-29 08:00:00,0.9986135956737053,0.99734264605736,0.9959444561412515,0.9888975738549608
2019-11-29 09:00:00,0.9986135956737053,0.99734264605736,0.9955588276155729,0.9892268095997915
2019-11-29 10:00:00,0.9981276332551928,0.9966578931297058,0.9955588276155729,0.9877626698543229
2019-12-02 07:00:00,0.9973159547300783,0.9960259221586797,0.9954028147518051,0.9871455850520613
2019-12-02 08:00:00,0.9959832550494564,0.9933752797181695,0.9945979596231096,0.9862727754781738
2019-12-02 09:00:00,0.995799360789768,0.9941224480692313,0.9942440483625464,0.986272775478174
2019-12-02 10:00:00,0.9965796149058436,0.9960259221586797,0.9938665023145054,0.9868163493072306
2019-12-02 11:00:00,0.9972153997328166,0.99734264605736,0.9939444793118436,0.987278816462637
2019-12-02 12:00:00,0.9970468392771568,0.99734264605736,0.9935202408641985,0.987992639995268
2019-12-02 13:00:00,0.9965796149058438,0.9966578931297055,0.9926231084247709,0.98673524263358
2019-12-03 07:00:00,0.9954395728319377,0.9960259221586797,0.9916327566361995,0.983654609562908
2019-12-03 08:00:00,0.9946848289320644,0.99734264605736,0.9911503532604679,0.9829407860302768
2019-12-03 09:00:00,0.9948871272673917,0.99734264605736,0.9919546785699571,0.9820937310870701
2019-12-03 10:00:00,0.9962198269480135,0.99734264605736,0.9927402462181887,0.9832700217751075
2019-12-03 11:00:00,0.9965796149058438,0.9957733533655282,0.9936174568002142,0.983654609562908
2019-12-03 12:00:00,0.9971320604703899,0.9957733533655282,0.9940604931005742,0.9826118130918424
2019-12-03 13:00:00,0.9977678452973627,0.9950886004378737,0.9936174568002142,0.982227225304042
2019-12-04 07:00:00,0.9973912934309581,0.9950886004378738,0.9938209421905763,0.9818979895592114
2019-12-04 08:00:00,0.9975751876906465,0.99652052171659,0.9938209421905763,0.9815134017714108
2019-12-04 09:00:00,0.9965796149058436,0.9950886004378738,0.9935955486361225,0.9823604567146176
2019-12-04 10:00:00,0.9971320604703899,0.9966578931297055,0.9940289814929121,0.9830742802472487
2019-12-04 11:00:00,0.9967722725125596,0.9966578931297055,0.9939494598966856,0.9827450445024182
2019-12-04 12:00:00,0.9962198269480136,0.9950886004378738,0.9940289814929121,0.9831296322902183
2019-12-04 13:00:00,0.9962198269480136,0.99652052171659,0.9946974113477257,0.9831296322902183
2019-12-05 07:00:00,0.9962198269480135,0.99734264605736,0.9952332145865671,0.9831296322902185
2019-12-05 08:00:00,0.9954988209278076,0.9980273989850146,0.9951536929903407,0.9831296322902185
2019-12-05 09:00:00,0.9962198269480135,0.9987745673360762,0.9954926291164151,0.9843870296519063
2019-12-05 10:00:00,0.9972153997328164,0.9980898144084217,0.9961903809166185,0.9835399747086997
2019-12-05 11:00:00,0.9973912934309582,0.9967730905097414,0.9966024836165486,0.9835399747086997
2019-12-05 12:00:00,0.9970468392771568,0.9960259221586797,0.996120080240817,0.9840024418641059
2019-12-05 13:00:00,0.9962920953772831,0.9980898144084217,0.996120080240817,0.9836178540763055
2019-12-06 07:00:00,0.9959155435108787,0.9980898144084217,0.9960698852068591,0.9802082480671989
2019-12-06 08:00:00,0.9964943937126106,0.9980898144084217,0.9964401600436189,0.9797457809117925
2019-12-06 09:00:00,0.9960271693412974,0.99734264605736,0.9963264890178669,0.9779225452028081
2019-12-06 10:00:00,0.9960271693412974,0.9966578931297055,0.9963264890178669,0.9779225452028081
2019-12-06 11:00:00,0.9960271693412974,0.9945940008799636,0.9963264890178667,0.9779225452028081
2019-12-06 12:00:00,0.9972153997328164,0.9945940008799636,0.9963264890178667,0.9787953547766955
2019-12-06 13:00:00,0.9975328016956692,0.9945940008799636,0.9963264890178667,0.9767508857155678
2019-12-09 07:00:00,0.9975328016956692,0.9937718765391934,0.9963264890178667,0.9755745950275304
2019-12-09 08:00:00,0.9964476829774159,0.9930247081881319,0.9958440856421351,0.97519000723973
2019-12-09 09:00:00,0.9959617205589032,0.9886381101795397,0.9956939109289721,0.9743171976658428
2019-12-09 10:00:00,0.9966518833351135,0.9886381101795398,0.9961373907444034,0.9705783559119053
2019-12-09 11:00:00,0.996807470935246,0.9886381101795398,0.9962510617701554,0.9703226311402798
2019-12-09 12:00:00,0.996807470935246,0.9826753116522939,0.9959323492208364,0.9737322371493865
2019-12-09 13:00:00,0.9961456148185918,0.9826753116522939,0.9957821745076735,0.9731151523471248
2019-12-10 07:00:00,0.9959617205589034,0.9818531873115237,0.996181037490918,0.9716510126016563
2019-12-10 08:00:00,0.9953538093989791,0.9818531873115237,0.9964147525965682,0.9742135636675564
2019-12-10 09:00:00,0.9946919532823247,0.9818531873115237,0.9959323492208365,0.9750606186107631
2019-12-10 10:00:00,0.9945080590226364,0.9843042347132717,0.9956484390812282,0.9750606186107629
2019-12-10 11:00:00,0.9933198286311172,0.9848909849040401,0.9953611408891799,0.9735731595560535
2019-12-10 12:00:00,0.9923032252745001,0.9864602775958721,0.9950335840030572,0.9725714869659913
2019-12-10 13:00:00,0.9939816847477716,0.98997202872137,0.9956047923347136,0.9740356267114597
2019-12-11 07:00:00,0.9938057910496298,0.98997202872137,0.9958807869333958,0.9710106084901535
2019-12-11 08:00:00,0.994018746267511,0.9937718765391936,0.9962008667361975,0.9705481413347473
2019-12-11 09:00:00,0.9948304247926253,0.9950886004378738,0.9958654742318275,0.9728483351675007
2019-12-11 10:00:00,0.9959155435108787,0.9958357687889353,0.9959671516305472,0.9731775709123311
2019-12-11 11:00:00,0.9962920953772831,0.99652052171659,0.9962510617701553,0.9731775709123314
2019-12-11 12:00:00,0.9962920953772834,0.99652052171659,0.9967334651458871,0.9714209509086346
2019-12-11 13:00:00,0.9962920953772834,0.99734264605736,0.9972923597891603,0.9724637473797003
2019-12-12 07:00:00,0.9962920953772834,0.9987745673360762,0.997493293284057,0.9724637473797003
2019-12-12 08:00:00,0.9962920953772834,0.9980898144084218,0.997493293284057,0.9734654199697624
2019-12-12 09:00:00,0.9959617205589032,0.9958357687889353,0.9973309697111271,0.9722080226080747
2019-12-12 10:00:00,0.9966235766755575,0.9958357687889353,0.9975796579812086,0.971878786863244
2019-12-12 11:00:00,0.996807470935246,0.9965205217165898,0.998013090837998,0.970451402604378
2019-12-12 12:00:00,0.9960156655156331,0.9950886004378738,0.9981936778401096,0.9694497300143157
2019-12-12 13:00:00,0.9953538093989791,0.991920723591076,0.9978080493144311,0.9694497300143159
2019-12-13 07:00:00,0.9953538093989791,0.989856831341334,0.9973256459386993,0.9679622709596064
2019-12-13 08:00:00,0.994358236614176,0.9844416061263874,0.9970383477466511,0.9648816378889342
2019-12-13 09:00:00,0.9933416332575586,0.9836194817856174,0.9967544376070427,0.9654619672045934
2019-12-13 10:00:00,0.993491455666019,0.9836194817856174,0.9964671394149947,0.9640345829457274
2019-12-13 11:00:00,0.9926797771409046,0.9836194817856174,0.9959572152906636,0.9662424064425124
2019-12-13 12:00:00,0.9923854854433415,0.9836194817856174,0.9958821541868785,0.9642924802323967
2019-12-13 13:00:00,0.9920089335769371,0.9855229558750662,0.995793890608177,0.9653953514993057
2019-12-16 07:00:00,0.9923393083953168,0.9842062319763859,0.9956432426905152,0.9657245872441362
2019-12-16 08:00:00,0.9918330398787951,0.9842062319763859,0.9952656966424741,0.9657245872441362
2019-12-16 09:00:00,0.9912436750029499,0.9815555895358755,0.9944786036821597,0.9657245872441362
2019-12-16 10:00:00,0.9912436750029499,0.9797892950617816,0.9939069486773993,0.9657245872441362
2019-12-16 11:00:00,0.9927158602617212,0.9838096351553616,0.9938591443462881,0.9662103737087834
2019-12-16 12:00:00,0.9946886114325557,0.9892248603703082,0.9940136592177079,0.9684181972055681
2019-12-16 13:00:00,0.9946886114325559,0.988402736029538,0.994391205265749,0.9684181972055683
2019-12-17 07:00:00,0.9946886114325559,0.988402736029538,0.9950596351205628,0.9729306744815839
2019-12-17 08:00:00,0.9949940214411489,0.988402736029538,0.9952880264537852,0.9726749497099584
2019-12-17 09:00:00,0.9941482710648063,0.988402736029538,0.9956736549794636,0.9715720784430493
2019-12-17 10:00:00,0.9956019326010733,0.988402736029538,0.996407910467078,0.9715720784430495
2019-12-17 11:00:00,0.9939984486563459,0.984016138020946,0.9959187996278407,0.9709917491273902
2019-12-17 12:00:00,0.9939984486563459,0.9853328619196262,0.9956736549794636,0.9712474738990154
2019-12-17 13:00:00,0.9949661477741005,0.9853328619196262,0.9960090474838335,0.9735476677317689
2019-12-18 07:00:00,0.9959617205589032,0.9897194599282184,0.9962183686785433,0.9735476677317692
2019-12-18 08:00:00,0.9951159701825607,0.9884027360295381,0.9963086165345364,0.9728338441991379
2019-12-18 09:00:00,0.9951159701825607,0.9908858599486814,0.9963086165345364,0.9728338441991379
2019-12-18 10:00:00,0.9949233125758447,0.9884027360295381,0.9967520963499676,0.9717910477280725
2019-12-18 11:00:00,0.9941116340507303,0.984016138020946,0.9967520963499676,0.9703636634692064
2019-12-18 12:00:00,0.9939277397910418,0.984016138020946,0.9967520963499676,0.9703636634692064
2019-12-18 13:00:00,0.9939277397910418,0.9821126639314973,0.9967520963499676,0.9691062661075187
2019-12-19 07:00:00,0.9935124862378335,0.9838486194995791,0.9967520963499676,0.9696865954231779
2019-12-19 08:00:00,0.9941482710648063,0.9857520935890275,0.996498158323071,0.9691062661075187
2019-12-19 09:00:00,0.9939556134580902,0.9878159858387696,0.9967520963499676,0.9683258268695997
2019-12-19 10:00:00,0.9949233125758449,0.9902991097579128,0.9973983657854094,0.9700456913866936
2019-12-19 11:00:00,0.9955851686924988,0.9878159858387695,0.9977235453230324,0.9706260207023532
2019-12-19 12:00:00,0.9948304247926253,0.988500738766424,0.9975142241283225,0.9700824468732964
2019-12-19 13:00:00,0.9948304247926253,0.9835665674455324,0.9969051344510913,0.9726127023990713
2019-12-20 07:00:00,0.9945250147840322,0.9835665674455324,0.996498158323071,0.9700824468732964
2019-12-20 08:00:00,0.9943120595661513,0.9885007387664241,0.9967520963499676,0.9711252433443618
2019-12-20 09:00:00,0.9939676054123499,0.9897194599282184,0.9969051344510913,0.9723826407060495
2019-12-20 10:00:00,0.993355911751934,0.9878159858387696,0.996498158323071,0.9732296956492563
2019-12-20 11:00:00,0.9916814281578354,0.9860496913646759,0.9957639028354565,0.9715331504414032
2019-12-20 12:00:00,0.9924361720577092,0.9860496913646759,0.9957639028354565,0.970952821125744
2019-12-20 13:00:00,0.9930440832176335,0.9885328152838192,0.9960090474838337,0.9704903539703378
2019-12-23 07:00:00,0.9926288296644252,0.9925531553773991,0.9962183686785434,0.9704903539703378
2019-12-23 08:00:00,0.9920763840998789,0.9918059870263376,0.996407910467078,0.9723135896793222
2019-12-23 09:00:00,0.9898293130450172,0.9893549396245894,0.9960090474838337,0.9712707932082566
2019-12-23 10:00:00,0.9880918102030796,0.9893549396245894,0.99578365392938,0.9693826280592032
2019-12-23 11:00:00,0.9888128162232854,0.9925531553773993,0.9962183686785434,0.9693826280592032
2019-12-23 12:00:00,0.9872137225082757,0.9902991097579129,0.9962183686785434,0.9676260080555067
2019-12-23 13:00:00,0.9898293130450174,0.9925531553773993,0.9966714454920066,0.968206337371166
2019-12-24 07:00:00,0.9880918102030796,0.9893549396245894,0.9960997904872464,0.9699629573748626
2019-12-24 08:00:00,0.9888128162232854,0.9868718157054461,0.9959658958847389,0.9703475451626632
2019-12-24 09:00:00,0.9888128162232854,0.9868718157054461,0.9955128190712755,0.9713492177527253
2019-12-24 10:00:00,0.9903576614585072,0.9868718157054461,0.9952417097874161,0.9728527951139782
2019-12-26 07:00:00,0.9912436750029499,0.9846177700859599,0.9955011243172639,0.9731406441714094
2019-12-26 08:00:00,0.9903203706474168,0.9853649384370213,0.9954183223405606,0.9722935892282026
2019-12-26 09:00:00,0.9894343571029738,0.9799174633029367,0.9951175515428019,0.9725493139998281
2019-12-26 10:00:00,0.9882492998255823,0.9729582874884746,0.9951175515428021,0.9710457366385753
2019-12-26 11:00:00,0.9885937539793838,0.973643040416129,0.9947974717400002,0.9725098763840438
2019-12-26 12:00:00,0.9909713083115342,0.9761261643352726,0.9949911340236156,0.973223699916675
2019-12-26 13:00:00,0.9900036091937796,0.9746942430565563,0.9945790313236853,0.9742253725067371
2019-12-27 07:00:00,0.9909713083115342,0.9746942430565564,0.9945790313236853,0.9745546082515678
2019-12-27 08:00:00,0.9929935814293915,0.9788907471097087,0.9949911340236156,0.975134937567227
2019-12-27 09:00:00,0.9929935814293915,0.9788907471097087,0.9953328789349071,0.974847088509796
2019-12-27 10:00:00,0.9917631137311471,0.9788907471097085,0.9949911340236156,0.9754641733120576
2019-12-27 11:00:00,0.9902182684959253,0.971475363717208,0.9946147737389068,0.9723563621518818
2019-12-27 12:00:00,0.9892505693781707,0.9692213180977217,0.9946147737389068,0.9715093072086752
2019-12-27 13:00:00,0.9892505693781707,0.9683074868704102,0.9949348535417086,0.9717971562661064
2019-12-30 07:00:00,0.9879391077755137,0.9632245124278225,0.9941123619415726,0.9726442112093131
2019-12-30 08:00:00,0.9879391077755141,0.9662435946206681,0.9937504542756003,0.9738205018973505
2019-12-30 09:00:00,0.9873311966155897,0.9726303508068145,0.9939688946919154,0.9720638818936539
2019-12-30 10:00:00,0.9863145932589722,0.9755163673973265,0.9940571582706167,0.9700194128325261
2019-12-30 11:00:00,0.9863145932589722,0.9746942430565563,0.9948294548367945,0.9694390835168668
2019-12-30 12:00:00,0.98345002569729,0.9746942430565563,0.993955480871897,0.9701529070494979
2019-12-30 13:00:00,0.9831055715434885,0.9768249438468403,0.9937826714793881,0.9705374948372982
2019-12-31 07:00:00,0.9845396058458208,0.9788888360965822,0.9935935732059248,0.9716008369363464
2019-12-31 08:00:00,0.9868187665662324,0.9781416677455207,0.993955480871897,0.974531798556465
2019-12-31 09:00:00,0.9876734490252439,0.974341819927697,0.993827288311575,0.9745317985564652
2019-12-31 10:00:00,0.9881797175417654,0.9797892950617816,0.993955480871897,0.9755745950275306
2019-12-31 11:00:00,0.9876734490252439,0.9803368683740812,0.9937826714793879,0.9755745950275306
2019-12-31 12:00:00,0.9887585677434974,0.9749638419884978,0.9937826714793879,0.9738179750238339
2019-12-31 13:00:00,0.9880684049672873,0.9731975475144042,0.9941520862660604,0.973104151491203
2020-01-02 07:00:00,0.9889544185117303,0.9678821198188388,0.9947012559432784,0.973543299337368
2020-01-02 08:00:00,0.9904266037705016,0.9664501985401227,0.9950551672038416,0.9740057664927743
2020-01-02 09:00:00,0.9921875118482314,0.970943501894918,0.9953905597082113,0.9763059603255279
2020-01-02 10:00:00,0.9921875118482314,0.9709435018949177,0.9950551672038416,0.9777701000709962
2020-01-02 11:00:00,0.9927158602617212,0.973197547514404,0.9950551672038414,0.9780993358158268
2020-01-02 12:00:00,0.9923854854433415,0.9721366703889114,0.9947012559432783,0.9772522808726201
2020-01-02 13:00:00,0.9918330398787953,0.9676433670341161,0.9951711934148918,0.9767087070435633
2020-01-03 07:00:00,0.9927158602617212,0.9676433670341161,0.9955251046754551,0.9784285715606574
2020-01-03 08:00:00,0.9939083573164803,0.9766703142956845,0.9958604971798248,0.9784285715606572
2020-01-03 09:00:00,0.993355911751934,0.9766703142956848,0.9962515651824738,0.9784285715606574
2020-01-03 10:00:00,0.9943120595661513,0.9774174826467463,0.9959161726781041,0.9780993358158268
2020-01-03 11:00:00,0.9923393083953166,0.9694514125106705,0.9955251046754551,0.9784839236036273
2020-01-03 12:00:00,0.9918330398787951,0.9649177686038974,0.9951711934148919,0.9788685113914275
2020-01-03 13:00:00,0.9927158602617212,0.9641706002528359,0.9955251046754551,0.9788685113914277
2020-01-06 07:00:00,0.9912436750029499,0.9641706002528359,0.9950551672038416,0.9784060442360215
2020-01-06 08:00:00,0.9894827669252201,0.9641706002528359,0.9947012559432783,0.9780214564482211
2020-01-06 09:00:00,0.9894827669252201,0.9641706002528359,0.9942693792196938,0.9761982207392368
2020-01-06 10:00:00,0.98948276692522,0.9641706002528359,0.9944238940911136,0.9780214564482211
2020-01-06 11:00:00,0.98948276692522,0.9657398929446677,0.9940356641140436,0.9784060442360214
2020-01-06 12:00:00,0.9896586606233618,0.9587718411191455,0.9940356641140436,0.9784060442360214
2020-01-06 13:00:00,0.9889968045067077,0.9545772480791196,0.9942962803909474,0.9784060442360214
2020-01-07 07:00:00,0.9900352124897664,0.9564807221685682,0.9947393166913073,0.9784060442360215
2020-01-07 08:00:00,0.9893733563731122,0.9538938138002457,0.9945299954965977,0.9766494242323251
2020-01-07 09:00:00,0.9889968045067077,0.9585446144183101,0.9942099156937959,0.9776922207033906
2020-01-07 10:00:00,0.9913470774602827,0.9655126662438323,0.9942099156937959,0.9802224762291654
2020-01-07 11:00:00,0.9923032252745001,0.9669445875225482,0.9942099156937959,0.9810952858030527
2020-01-07 12:00:00,0.993491455666019,0.966259834594894,0.9945299954965976,0.9821380822741181
2020-01-07 13:00:00,0.9914251375796962,0.9697072592838583,0.9945299954965976,0.981675615118712
2020-01-08 07:00:00,0.9906134590545819,0.9669445875225484,0.9947160219756797,0.980961791586081
2020-01-08 08:00:00,0.9916090318393845,0.9697072592838583,0.995299629545632,0.9797043942243931
2020-01-08 09:00:00,0.9906134590545816,0.9646905419030621,0.9953746906494173,0.9787027216343309
2020-01-08 10:00:00,0.9916090318393845,0.966259834594894,0.995575624144314,0.9787027216343309
2020-01-08 11:00:00,0.9892897814393143,0.966259834594894,0.9950285202617726,0.9769461016306342
2020-01-08 12:00:00,0.9881497393654086,0.9662598345948938,0.9950285202617726,0.9772753373754649
2020-01-08 13:00:00,0.9889614178905232,0.964195942345152,0.995299629545632,0.9767895509108179
2020-01-09 07:00:00,0.9885276406148107,0.9616090339768294,0.9953746906494173,0.9744893570780642
2020-01-09 08:00:00,0.9869341442659466,0.9616090339768294,0.9956135054898887,0.971464338856758
2020-01-09 09:00:00,0.9862722881492922,0.966259834594894,0.995575624144314,0.9714643388567582
2020-01-09 10:00:00,0.9852767153644894,0.9655126662438321,0.9951686480162936,0.9694198697956307
2020-01-09 11:00:00,0.9819797337752849,0.9655126662438321,0.9946966052375373,0.966882810554015
2020-01-09 12:00:00,0.9816031819088803,0.9655126662438321,0.9942987262368622,0.9654186708085467
2020-01-09 13:00:00,0.982657755908983,0.9626266496533201,0.9944388539913833,0.9673685970186623
2020-01-10 07:00:00,0.9816031819088803,0.9587230173863175,0.9940234265977675,0.9673685970186623
2020-01-10 08:00:00,0.982657755908983,0.9560723749458072,0.9940234265977675,0.9673685970186623
2020-01-10 09:00:00,0.9818775017929074,0.9607231755638714,0.9940234265977675,0.9651607735218772
2020-01-10 10:00:00,0.9818775017929074,0.9686892456999471,0.9940234265977675,0.9665881577807435
2020-01-10 11:00:00,0.9818775017929074,0.9728838387399732,0.9940234265977675,0.9696131760020495
2020-01-10 12:00:00,0.9817016080947657,0.9728838387399732,0.9942467315505161,0.9691507088466433
2020-01-10 13:00:00,0.9804220804427107,0.9668212426933461,0.9942467315505159,0.9679744181586062
2020-01-13 07:00:00,0.9793675064426081,0.9608906940852383,0.9933861027984993,0.9682301429302317
2020-01-13 08:00:00,0.9809745260072569,0.9633738180043818,0.9931627978457507,0.9682301429302317
2020-01-13 09:00:00,0.9826644880318125,0.9686892456999473,0.993524127046337,0.9688104722458909
2020-01-13 10:00:00,0.9835842277260376,0.9702331962994627,0.9940234265977675,0.9688104722458909
2020-01-13 11:00:00,0.9804220804427106,0.9728838387399732,0.9937109283116745,0.9678087996558288
2020-01-13 12:00:00,0.9788150608780619,0.9686892456999473,0.9937109283116745,0.965764330594701
2020-01-13 13:00:00,0.9788150608780619,0.9721366703889115,0.993891515313786,0.9648915210208137
2020-01-14 07:00:00,0.9778917565225285,0.9702331962994627,0.9934834937135957,0.9643111917051543
2020-01-14 08:00:00,0.977626438939362,0.9660386032594368,0.9930308865617693,0.9640554669335287
2020-01-14 09:00:00,0.9791614369553112,0.9695113700407173,0.9933495991110882,0.9646725517357906
2020-01-14 10:00:00,0.9795662401166272,0.9695113700407173,0.9929585311084393,0.9640554669335287
2020-01-14 11:00:00,0.9778917565225287,0.9737059630807432,0.9919329565974178,0.9640554669335287
2020-01-14 12:00:00,0.9810539038058557,0.9768249438468403,0.9923516533812288,0.9660999359946566
2020-01-14 13:00:00,0.9825889018218047,0.9788888360965824,0.9927779441063278,0.9689248442937032
2020-01-15 07:00:00,0.9825889018218047,0.9788888360965824,0.9927779441063278,0.9706447088107971
2020-01-15 08:00:00,0.9823866034864771,0.9788888360965822,0.9927779441063278,0.9702601210229965
2020-01-15 09:00:00,0.9810539038058554,0.9818531873115237,0.9917523695953064,0.9720167410266932
2020-01-15 10:00:00,0.9810539038058554,0.9818531873115237,0.9912914634967901,0.9720167410266932
2020-01-15 11:00:00,0.9806491006445394,0.9818531873115237,0.9912914634967901,0.9699722719655655
2020-01-15 12:00:00,0.9791614369553112,0.9818531873115237,0.9913817113527831,0.967672078132812
2020-01-15 13:00:00,0.979882442975517,0.9818531873115237,0.9918862641978139,0.9666292816617466
2020-01-16 07:00:00,0.9760171677980355,0.9742005626386534,0.9919938423735939,0.9636042634404404
2020-01-16 08:00:00,0.9756222118559921,0.9710326857918558,0.992384910376243,0.9617810277314559
2020-01-16 09:00:00,0.9772083263130623,0.9764057121774389,0.993302906711484,0.959218476665556
2020-01-16 10:00:00,0.976191722956445,0.978685310464726,0.993302906711484,0.9602612731366217
2020-01-16 11:00:00,0.9747576886541129,0.9722092081242867,0.9933394103988952,0.9608783579388834
2020-01-16 12:00:00,0.9753934734810857,0.9722092081242867,0.9929207136150842,0.9575676631751896
2020-01-16 13:00:00,0.9712866590395247,0.9640735099773936,0.992431602775847,0.9542569684114959
2020-01-17 07:00:00,0.9712866590395247,0.9580685126207844,0.9922082978230985,0.9550306039335742
2020-01-17 08:00:00,0.9722038750792881,0.9580685126207844,0.9911947424555261,0.9567504684506684
2020-01-17 09:00:00,0.9733271553947627,0.9640735099773936,0.9918957995370055,0.9581112370042464
2020-01-17 10:00:00,0.9729827012409614,0.9662042107676776,0.9922082978230983,0.9567504684506684
2020-01-17 11:00:00,0.9688758867994007,0.9620096177276517,0.9922082978230983,0.955574177762631
2020-01-17 12:00:00,0.9668620464079234,0.9607908965658573,0.9918953606760684,0.9551895899748304
2020-01-17 13:00:00,0.9655238537788683,0.9607908965658573,0.9918953606760683,0.9537254502293622
2020-01-21 07:00:00,0.9663355323039827,0.9634415390063676,0.9922082978230983,0.9527427285541401
2020-01-21 08:00:00,0.9705579133262425,0.9634415390063678,0.9922082978230986,0.9552797877957555
2020-01-21 09:00:00,0.9724099393549995,0.9634415390063676,0.9922082978230985,0.9578423388616556
2020-01-21 10:00:00,0.9696875653245149,0.9634415390063676,0.9918953606760684,0.9548173206403493
2020-01-21 11:00:00,0.9688758867994006,0.9662042107676776,0.9918953606760684,0.9522547695744492
2020-01-21 12:00:00,0.9643160912910502,0.9620096177276515,0.9918953606760684,0.9505349050573553
2020-01-21 13:00:00,0.9643160912910502,0.9635535683271672,0.9918953606760683,0.9502056693125248
2020-01-22 07:00:00,0.9631709531105642,0.9620096177276517,0.9918230052227381,0.949662095483468
2020-01-22 08:00:00,0.9638328092272185,0.9580685126207844,0.9924424645586097,0.9481585181222152
2020-01-22 09:00:00,0.9651277698161648,0.9506891926754771,0.9919431650071794,0.9475414333199533
2020-01-22 10:00:00,0.9635154072643657,0.9460383920574127,0.991323705671308,0.9460539742652437
2020-01-22 11:00:00,0.9638328092272185,0.9454516418666442,0.990969794410745,0.946053974265244
2020-01-22 12:00:00,0.9670544121065138,0.9540435475915758,0.990969794410745,0.9465164414206502
2020-01-22 13:00:00,0.9688353351139726,0.9540435475915758,0.991323705671308,0.9514296247910096
2020-01-23 07:00:00,0.9685049602955929,0.9561742483818598,0.991359557437227,0.9514296247910096
2020-01-23 08:00:00,0.9685049602955929,0.9546302977823442,0.9910530352483856,0.9504469031157875
2020-01-23 09:00:00,0.9685049602955926,0.9540435475915758,0.9903101503037359,0.9492706124277503
2020-01-23 10:00:00,0.9670544121065138,0.9540435475915758,0.9896554682454144,0.947783153373041
2020-01-23 11:00:00,0.9686535058215237,0.9585368509463711,0.9903101503037356,0.948222301219206
2020-01-23 12:00:00,0.9701040540106026,0.9595332282335871,0.9899072685242304,0.9490951107930933
2020-01-23 13:00:00,0.9685049602955926,0.9606675517366549,0.9887970159498932,0.9486326436376871
2020-01-24 07:00:00,0.9708828801722758,0.9654960267608333,0.989287809188359,0.9509328374704407
2020-01-24 08:00:00,0.9712273343260772,0.9677500723803193,0.9892878091883588,0.9522936060240186
2020-01-24 09:00:00,0.9727273413178523,0.9700296706676065,0.9892878091883588,0.951750032194962
2020-01-24 10:00:00,0.9713891486887972,0.9610027234060378,0.9892878091883588,0.9515409460418184
2020-01-24 11:00:00,0.9730577161362322,0.9610027234060378,0.9892878091883591,0.9506544534828272
2020-01-24 12:00:00,0.9697056831156999,0.9610027234060378,0.9889870383906005,0.9497816439089399
2020-01-24 13:00:00,0.9697056831156999,0.956982383312458,0.9892525864659089,0.9490678203763088
2020-01-27 07:00:00,0.9697056831156999,0.956982383312458,0.9892525864659089,0.9486053532209026
2020-01-27 08:00:00,0.9721166511604614,0.9569823833124579,0.9892525864659089,0.9507643655841618
2020-01-27 09:00:00,0.9754686841809936,0.9569823833124579,0.9892525864659089,0.9544757664421997
2020-01-27 10:00:00,0.9768992174403437,0.9605618554399417,0.9892525864659089,0.9587581820251937
2020-01-27 11:00:00,0.9784522183070797,0.9637297322867394,0.9896064977264719,0.9609171943884529
2020-01-27 12:00:00,0.9782836578514202,0.9660093305740264,0.9896064977264719,0.9532207128498749
2020-01-27 13:00:00,0.9757108754439383,0.9671436540770941,0.9884962451521347,0.9526403835342154
2020-01-28 07:00:00,0.974326435032862,0.9606675517366551,0.9881198848674259,0.9520600542185562
2020-01-28 08:00:00,0.9758493069060008,0.9628727012754403,0.9887883147222395,0.9505959144730877
2020-01-28 09:00:00,0.9760178673616605,0.966672549093264,0.9894298078228676,0.9501334473176815
2020-01-28 10:00:00,0.977402307772737,0.9683201764095251,0.9887613779680537,0.9499243611645378
2020-01-28 11:00:00,0.9796447153618388,0.9671436540770941,0.9891530056536194,0.9516209063723908
2020-01-28 12:00:00,0.9807809749352531,0.9693488036158796,0.9892999755376305,0.9535708325825064
2020-01-28 13:00:00,0.9822150092375853,0.9742829749367713,0.9887613779680537,0.9550349723279749
2020-01-29 07:00:00,0.9798132758174986,0.9737354016244718,0.9883431898201744,0.9507525567449808
2020-01-29 08:00:00,0.9798132758174986,0.9785638766486497,0.9890814577708557,0.9497508841549187
2020-01-29 09:00:00,0.9798132758174986,0.9808179222681362,0.9890814577708557,0.9512383432096281
2020-01-29 10:00:00,0.9798132758174986,0.9766214182149838,0.9878732350032532,0.9510082815166065
2020-01-29 11:00:00,0.9798132758174986,0.9749737908987229,0.9872317419026251,0.9507525567449808
2020-01-29 12:00:00,0.97845221830708,0.9786853104647257,0.9865656245878954,0.9488026305348654
2020-01-29 13:00:00,0.9784522183070797,0.9780533394936999,0.9861047184893792,0.9483634826887
2020-01-30 07:00:00,0.979555877791032,0.9780533394936999,0.9861047184893792,0.9492105376319068
2020-01-30 08:00:00,0.9790699153725195,0.9780533394936999,0.9861047184893792,0.9504679349935945
2020-01-30 09:00:00,0.9790699153725195,0.9780533394936999,0.9860706898738822,0.9524178612037103
2020-01-30 10:00:00,0.9790699153725195,0.9738568354405477,0.9865656245878954,0.9524178612037103
2020-01-30 11:00:00,0.9823346612818705,0.9780533394936999,0.9874123289047367,0.9531316847363412
2020-01-30 12:00:00,0.9823346612818706,0.9840161380209459,0.9881016263364755,0.9520888882652758
2020-01-30 13:00:00,0.9833512646384879,0.9864992619400892,0.9882385665920725,0.9532906707775977
2020-01-31 07:00:00,0.9815738740299353,0.9829875108145916,0.988798751919679,0.9543334672486631
2020-01-31 08:00:00,0.9797455921482037,0.9803368683740812,0.988798751919679,0.9524453020996098
2020-01-31 09:00:00,0.9784341305455467,0.9803368683740812,0.988798751919679,0.9519595156349627
2020-01-31 10:00:00,0.9797455921482037,0.9810840367251428,0.9886618116640818,0.9510867060610753
2020-01-31 11:00:00,0.9802683431955479,0.9864992619400894,0.9892153523733629,0.9496593218022092
2020-01-31 12:00:00,0.9815229827567563,0.9873213862808596,0.9892153523733629,0.9466343035809031
2020-01-31 13:00:00,0.9797455921482038,0.989224860370308,0.9892153523733629,0.9462497157931027
2020-02-03 07:00:00,0.9770035972861967,0.9838096351553615,0.9892153523733629,0.9447855760476341
2020-02-03 08:00:00,0.9770035972861967,0.9838096351553615,0.988937990521198,0.9444009882598335
2020-02-03 09:00:00,0.9770035972861967,0.9838096351553615,0.9883778051935915,0.9458884473145429
2020-02-03 10:00:00,0.9770035972861967,0.980336868374081,0.9883431898201744,0.9456583856215214
2020-02-03 11:00:00,0.9766591431323954,0.9838096351553618,0.9875185398270341,0.9468327272379438
2020-02-03 12:00:00,0.9792482122660623,0.9873213862808594,0.9883431898201744,0.9456564365499064
2020-02-03 13:00:00,0.9807355675668609,0.9838096351553616,0.9889379905211982,0.9479566303826598
2020-02-04 07:00:00,0.9795926664198638,0.9803368683740812,0.9883431898201744,0.947413056553603
2020-02-04 08:00:00,0.9774708216575098,0.9803368683740812,0.9875185398270341,0.945693192036509
2020-02-04 09:00:00,0.9777406403911065,0.9857520935890275,0.9883431898201744,0.9439365720328124
2020-02-04 10:00:00,0.9779092008467662,0.9869708147508218,0.9876951523801784,0.9451128627208496
2020-02-04 11:00:00,0.9785848776224504,0.9834980479695414,0.9869413047689565,0.9442263701618585
2020-02-04 12:00:00,0.9802683431955479,0.9872978957873649,0.9873441975605756,0.9450991797357459
2020-02-04 13:00:00,0.9814534004729394,0.9872978957873649,0.9874324611392771,0.9458130032683769
2020-02-05 07:00:00,0.980268343195548,0.9878846459781334,0.9874324611392769,0.9452694294393201
2020-02-05 08:00:00,0.9785848776224505,0.9907706625686457,0.9870005844156924,0.9435128094356237
2020-02-05 09:00:00,0.9783150588888536,0.9907706625686457,0.9876315054086794,0.9431835736907931
2020-02-05 10:00:00,0.9781464984331939,0.9907706625686457,0.9880150781831414,0.9461145353109119
2020-02-05 11:00:00,0.9802128165195167,0.9930247081881319,0.9890644853166327,0.9440700662497842
2020-02-05 12:00:00,0.9833511581036026,0.995910724778644,0.9898515782769473,0.9458266862534808
2020-02-05 13:00:00,0.9833511581036026,0.9959107247786441,0.9892815027248061,0.9466994958273682
2020-02-06 07:00:00,0.9833511581036026,0.9936566791591578,0.9888292859614298,0.9461559219983112
2020-02-06 08:00:00,0.9835197185592621,0.9930247081881319,0.9893678674219576,0.9436188627566958
2020-02-06 09:00:00,0.9851981780325338,0.9922025838473617,0.9900262065527998,0.9481313400327116
2020-02-06 10:00:00,0.9879362176057337,0.9912887526200501,0.9907239583530034,0.9498879600364081
2020-02-06 11:00:00,0.9879362176057337,0.990070031458256,0.990065619222161,0.950431533865465
2020-02-06 12:00:00,0.9898236564177133,0.9900700314582557,0.9906803116064888,0.9526393573622498
2020-02-06 13:00:00,0.9912541896770634,0.9927206738987662,0.9912894012837202,0.9500768062963497
2020-02-07 07:00:00,0.9914160040397836,0.9908171998093175,0.9914903347786168,0.9511196027674154
2020-02-07 08:00:00,0.9906648248012183,0.9908171998093175,0.9903370609337614,0.9511196027674151
2020-02-07 09:00:00,0.9915845644954433,0.9952037978179096,0.990053150794153,0.9496321437127058
2020-02-07 10:00:00,0.9899854707804334,0.9952037978179096,0.9897658526021048,0.9533709854666431
2020-02-07 11:00:00,0.9898236564177133,0.9920359209711118,0.9887651352393082,0.9546283828283308
2020-02-07 12:00:00,0.9898236564177133,0.9927206738987662,0.988148475527656,0.9537555732544436
2020-02-07 13:00:00,0.9896550959620536,0.9944566294668479,0.9887651352393082,0.955067530674496
2020-02-10 07:00:00,0.9890657310862083,0.9930247081881317,0.9882794570569943,0.9547382949296656
2020-02-10 08:00:00,0.987767657150074,0.9930247081881319,0.9888514999364597,0.951998953250747
2020-02-10 09:00:00,0.9857538167585969,0.9936566791591576,0.9885327873871407,0.9542067767475318
2020-02-10 10:00:00,0.9850919606419428,0.9936566791591576,0.9873956391079071,0.9553096480144407
2020-02-10 11:00:00,0.9845233490603527,0.9930247081881319,0.9864882037240722,0.951998953250747
2020-02-10 12:00:00,0.9872613886335525,0.995910724778644,0.9864882037240722,0.9536954984585999
2020-02-10 13:00:00,0.9890222967112824,0.995910724778644,0.9864882037240722,0.9565204067576466
2020-02-11 07:00:00,0.9890222967112824,0.99734264605736,0.986823596228442,0.957563203228712
2020-02-11 08:00:00,0.9890222967112824,0.9966578931297058,0.9873956391079073,0.9592830677458062
2020-02-11 09:00:00,0.9890222967112824,0.9950886004378738,0.9869609243587437,0.9595131294388278
2020-02-11 10:00:00,0.9911345334602664,0.995910724778644,0.9881339244038961,0.9591285416510272
2020-02-11 11:00:00,0.9896116615871278,0.99734264605736,0.9873956391079071,0.9591285416510275
2020-02-11 12:00:00,0.9902195727470521,0.9987745673360762,0.9877985318995262,0.9591285416510275
2020-02-11 13:00:00,0.9921923239178864,0.9987745673360762,0.9877985318995262,0.9606160007057368
2020-02-12 07:00:00,0.993490397854021,0.9995217356871378,0.9881339244038961,0.9592552321521586
2020-02-12 08:00:00,0.994180560630231,0.9995217356871378,0.9884891406406261,0.9601022870953653
2020-02-12 09:00:00,0.9951038649857642,0.999521735687138,0.9895270377616334,0.9666958973670345
2020-02-12 10:00:00,0.994018746267511,0.9995217356871378,0.990065619222161,0.9666958973670345
2020-02-12 11:00:00,0.994180560630231,0.9995217356871378,0.9897032599263277,0.9692329566086499
2020-02-12 12:00:00,0.994180560630231,0.9987745673360762,0.9895270377616334,0.9690028949156284
2020-02-12 13:00:00,0.994180560630231,0.99652052171659,0.9898522172992563,0.9677454975539405
2020-02-13 07:00:00,0.994180560630231,0.9980898144084218,0.990065619222161,0.9677454975539405
2020-02-13 08:00:00,0.9935688669698152,0.9987745673360763,0.9891916452572634,0.9710561923176344
2020-02-13 09:00:00,0.994018746267511,0.9980898144084217,0.9891916452572634,0.9691062661075187
2020-02-13 10:00:00,0.9928824866940966,0.9980898144084217,0.9891916452572634,0.9683258268695997
2020-02-13 11:00:00,0.9924326073964008,0.9958357687889355,0.9889447819154212,0.9672229556026907
2020-02-13 12:00:00,0.9928824866940966,0.9937718765391934,0.9882255973437329,0.9672229556026907
2020-02-13 13:00:00,0.9928824866940966,0.9937718765391934,0.9879440645526243,0.9678400404049526
2020-02-14 07:00:00,0.9928824866940966,0.9944566294668479,0.9879440645526243,0.9669929854617458
2020-02-14 08:00:00,0.994018746267511,0.99734264605736,0.9879440645526243,0.9680357819328114
2020-02-14 09:00:00,0.9948304247926255,0.9980898144084217,0.9875121878290398,0.967651194145011
2020-02-14 10:00:00,0.9941685686759711,0.99652052171659,0.9867073327003444,0.9668775586229325
2020-02-14 11:00:00,0.9941685686759711,0.9950886004378738,0.9861460237458656,0.9666684724697888
2020-02-14 12:00:00,0.9949233125758447,0.99734264605736,0.9869508788745612,0.9675155274129956
2020-02-14 13:00:00,0.9959617205589035,0.9987745673360762,0.986600823555642,0.9679001152007962
2020-02-18 07:00:00,0.9951699151392905,0.9995217356871378,0.986600823555642,0.9668573187297306
2020-02-18 08:00:00,0.9959617205589032,0.9995217356871378,0.9879440645526243,0.9674376480453898
2020-02-18 09:00:00,0.9964476829774159,0.9995217356871378,0.9875121878290398,0.9678222358331902
2020-02-18 10:00:00,0.9956019326010733,0.9995217356871378,0.986950878874561,0.9660656158294938
2020-02-18 11:00:00,0.9964476829774159,0.9995217356871378,0.9861262288814205,0.9641156896193782
2020-02-18 12:00:00,0.9972024268772894,0.9995217356871378,0.9864220183445475,0.9620712205582502
2020-02-18 13:00:00,0.9964476829774159,0.9995217356871378,0.9864647362951845,0.9606438362993843
2020-02-19 07:00:00,0.9954092749943573,0.9995217356871378,0.9861525782086641,0.9566171454880159
2020-02-19 08:00:00,0.9954092749943573,0.9995217356871378,0.9867035511356561,0.9562325577002155
2020-02-19 09:00:00,0.9954092749943573,0.9995217356871378,0.9864647362951845,0.9583915700634746
2020-02-19 10:00:00,0.9954092749943573,0.9987745673360762,0.9853640917033621,0.9587761578512752
2020-02-19 11:00:00,0.9944137022095542,0.9973426460573602,0.9850088754666322,0.9565683343544904
2020-02-19 12:00:00,0.9944137022095542,0.9973426460573602,0.9835684802721619,0.9538289926755719
2020-02-19 13:00:00,0.9944137022095542,0.9980898144084218,0.9835684802721619,0.9563592482013469
2020-02-20 07:00:00,0.9958042309364006,0.9980898144084218,0.9847704008257332,0.961080811630506
2020-02-20 08:00:00,0.9966870513193266,0.9973426460573602,0.9855752559544284,0.962183682897415
2020-02-20 09:00:00,0.9959660452991206,0.9957733533655283,0.9861262288814204,0.9628007676996767
2020-02-20 10:00:00,0.9948809265808672,0.9950886004378738,0.9854888912572772,0.9619279581257892
2020-02-20 11:00:00,0.9956019326010733,0.9958357687889355,0.9858140707949,0.9628007676996767
2020-02-20 12:00:00,0.9956019326010733,0.9958357687889355,0.9854321634819578,0.9661114624633704
2020-02-20 13:00:00,0.9964476829774159,0.9950886004378738,0.9860577222404339,0.9661114624633707
2020-02-21 07:00:00,0.9956019326010733,0.9912887526200501,0.9858567887455371,0.9642882267543863
2020-02-21 08:00:00,0.9966870513193267,0.9930247081881319,0.9872324116656697,0.9634411718111795
2020-02-21 09:00:00,0.9966870513193266,0.9922025838473617,0.987664288389254,0.9582749457983762
2020-02-21 10:00:00,0.9959660452991206,0.9912887526200502,0.9878652218841507,0.9575611222657452
2020-02-21 11:00:00,0.9959660452991206,0.9886381101795397,0.9878652218841508,0.9566883126918578
2020-02-21 12:00:00,0.9948809265808674,0.9857520935890275,0.9878652218841508,0.9552008536371482
2020-02-21 13:00:00,0.9956019326010733,0.9863840645600536,0.9874333451605662,0.9549707919441267
2020-02-24 07:00:00,0.9956019326010733,0.9846177700859599,0.9872324116656697,0.9564582509988363
2020-02-24 08:00:00,0.9966870513193266,0.9895519414068513,0.9881952476828915,0.9550308667399703
2020-02-24 09:00:00,0.9970468392771566,0.9907706625686454,0.9887138386867335,0.9573310605727237
2020-02-24 10:00:00,0.9977678452973627,0.9930247081881319,0.9894148957682128,0.9578168470373707
2020-02-24 11:00:00,0.9977678452973627,0.994456629466848,0.990375168624748,0.9582793141927769
2020-02-24 12:00:00,0.9984297014140167,0.994456629466848,0.990375168624748,0.9582793141927771
2020-02-24 13:00:00,0.9978772558494706,0.9960259221586797,0.9903324506741109,0.9571030235047397
2020-02-25 07:00:00,0.9982538077158751,0.9980898144084217,0.9911367759836003,0.9593108470015245
2020-02-25 08:00:00,0.9977254593023852,0.9995217356871378,0.9912179046179881,0.9600246705341557
2020-02-25 09:00:00,0.9982538077158751,0.9987745673360762,0.992254755534699,0.9620691395952834
2020-02-25 10:00:00,0.9989439704920852,0.9987745673360762,0.9923393013485065,0.9629161945384902
2020-02-25 11:00:00,0.9992884246458866,0.99734264605736,0.9932863500263995,0.959835561467818
2020-02-25 12:00:00,0.9996482126037167,0.99734264605736,0.9937081072279209,0.9580789414641213
2020-02-25 13:00:00,0.9994643183440283,0.995910724778644,0.9931792466979074,0.9646725517357906
2020-02-26 07:00:00,0.9994643183440282,0.9966578931297055,0.9927610585500279,0.9672096109774059
2020-02-26 08:00:00,0.9994643183440282,0.9960259221586797,0.9928438605267316,0.9657221519226967
2020-02-26 09:00:00,0.9992884246458866,0.99734264605736,0.9928438605267316,0.9664359754553276
2020-02-26 10:00:00,0.9989118727794821,0.99734264605736,0.9937909092046244,0.9671497989879587
2020-02-26 11:00:00,0.998911872779482,0.99652052171659,0.9937909092046244,0.9677668837902202
2020-02-26 12:00:00,0.9989118727794821,0.9940373977974467,0.9934145489199158,0.9649419754911738
2020-02-26 13:00:00,0.9979885684239488,0.9919735055477044,0.9937909092046247,0.9632454302833207
2020-02-27 07:00:00,0.9976441142701474,0.9912887526200501,0.9933273241399325,0.9632454302833207
2020-02-27 08:00:00,0.9976441142701473,0.9919207235910761,0.9924345413178318,0.9663260633539928
2020-02-27 09:00:00,0.9985674186256805,0.9950886004378737,0.9928664180414161,0.9663260633539928
2020-02-27 10:00:00,0.9987600762323967,0.99734264605736,0.9933300031061081,0.9659414755661925
2020-02-27 11:00:00,0.9991198641902267,0.9987745673360762,0.9937909092046244,0.9652276520335614
2020-02-27 12:00:00,0.9989439704920852,0.9987745673360762,0.9938437466773244,0.9658079813492207
2020-02-27 13:00:00,0.9987600762323967,0.9987745673360762,0.9938437466773244,0.9632709221076052
2020-02-28 07:00:00,0.9991198641902268,0.9987745673360762,0.994185491588616,0.9649674673154583
2020-02-28 08:00:00,0.9992884246458866,0.9987745673360762,0.9938437466773244,0.9680481003861305
2020-02-28 09:00:00,0.9991198641902268,0.9987745673360762,0.994185491588616,0.9667361429660779
2020-02-28 10:00:00,0.9983988581700209,0.9987745673360762,0.993759200863517,0.9681635272249438
2020-02-28 11:00:00,0.9976441142701473,0.99734264605736,0.994185491588616,0.9707005864665594
2020-02-28 12:00:00,0.9976441142701474,0.99734264605736,0.994132654115916,0.9711630536219656
2020-02-28 13:00:00,0.9980390702121908,0.99734264605736,0.9945645308395002,0.972627193367434
2020-03-02 07:00:00,0.9982076306678505,0.99734264605736,0.994185491588616,0.9743237385752871
2020-03-02 08:00:00,0.9982076306678505,0.9950886004378738,0.994132654115916,0.9757878783207555
2020-03-02 09:00:00,0.9989286366880564,0.9958357687889355,0.994649076653308,0.9757878783207555
2020-03-02 10:00:00,0.9982076306678505,0.9937718765391936,0.9949974267053198,0.9750740547881245
2020-03-02 11:00:00,0.9987359790813403,0.9937718765391936,0.9944400300543947,0.9760757273781866
2020-03-02 12:00:00,0.998911872779482,0.9958357687889355,0.9943170735568365,0.9769227823213934
2020-03-02 13:00:00,0.998911872779482,0.99652052171659,0.9935469663033032,0.9783501665802594
2020-03-03 07:00:00,0.9985674186256805,0.99652052171659,0.9930181057732896,0.980106786583956
2020-03-03 08:00:00,0.9983988581700208,0.9958357687889355,0.9934398629748111,0.9801067865839558
2020-03-03 09:00:00,0.9983988581700208,0.9958357687889355,0.9935628194723694,0.9808206101165868
2020-03-03 10:00:00,0.9983988581700208,0.9958357687889355,0.9942814443611411,0.9808206101165868
2020-03-03 11:00:00,0.9983988581700208,0.9958357687889355,0.9942814443611411,0.9808206101165868
2020-03-03 12:00:00,0.9983988581700208,0.9958357687889355,0.9940158962858325,0.9815942456386656
2020-03-03 13:00:00,0.9983988581700208,0.9958357687889353,0.9943224184746742,0.980820610116587
2020-03-04 07:00:00,0.9985674186256805,0.9950886004378737,0.9940158962858325,0.9819969008046242
2020-03-04 08:00:00,0.9987359790813403,0.993519307746042,0.9936037935859022,0.9819969008046242
2020-03-04 09:00:00,0.9987359790813404,0.993519307746042,0.9929363574558641,0.9819969008046242
2020-03-04 10:00:00,0.9985674186256807,0.993519307746042,0.9925946125445725,0.9816676650597936
2020-03-04 11:00:00,0.9983988581700209,0.993519307746042,0.9929363574558641,0.9806849433845715
2020-03-04 12:00:00,0.9987433123238223,0.9957733533655283,0.9928134009583058,0.9803003555967711
2020-03-04 13:00:00,0.9987433123238224,0.9926054765187305,0.9928134009583058,0.9811474105399777
2020-03-05 07:00:00,0.9985674186256807,0.9926054765187304,0.9928552288214763,0.9816098776953839
2020-03-05 08:00:00,0.9987433123238224,0.9926054765187304,0.9928552288214763,0.9812252899075835
2020-03-05 09:00:00,0.9985674186256807,0.9926054765187304,0.9921713992217464,0.9812252899075835
2020-03-05 10:00:00,0.9978126747258071,0.993352644869792,0.9920090756488164,0.9800489992195462
2020-03-05 11:00:00,0.9974822999074273,0.9940373977974465,0.9917878264472844,0.9794319144172846
2020-03-05 12:00:00,0.9976441142701473,0.9926054765187304,0.992088597245043,0.9789694472618782
2020-03-05 13:00:00,0.9976441142701473,0.9926054765187304,0.9924161541311656,0.978506980106472
2020-03-06 07:00:00,0.9976441142701473,0.9884089724655781,0.9928072221338144,0.9776599251632655
2020-03-06 08:00:00,0.9963460403340129,0.9884089724655784,0.9925416740585061,0.9762325409043995
2020-03-06 09:00:00,0.9958397718174914,0.9855229558750662,0.9925818285793608,0.9748051566455335
2020-03-06 10:00:00,0.9958397718174914,0.9848909849040401,0.9932502584341744,0.9733777723866675
2020-03-06 11:00:00,0.9941613123442201,0.9848909849040401,0.9930845839859791,0.973707008131498
2020-03-06 12:00:00,0.9936329639307301,0.9848909849040401,0.9932741257745138,0.973707008131498
2020-03-06 13:00:00,0.9936329639307301,0.985522955875066,0.9930845839859791,0.9754035533393511
2020-03-09 07:00:00,0.9944787143070728,0.986154926846092,0.9932502584341744,0.9765798440273882
2020-03-09 08:00:00,0.994823168460874,0.986154926846092,0.9936041696947376,0.9754035533393511
2020-03-09 09:00:00,0.9960156655156331,0.986154926846092,0.99455866971739,0.9774480224004791
2020-03-09 10:00:00,0.9965219340321546,0.9801499294894829,0.9939166679808306,0.9788754066593447
2020-03-09 11:00:00,0.9968523088505346,0.9830359460799948,0.9938338660041269,0.9784129395039387
2020-03-09 12:00:00,0.9968523088505346,0.9824039751089692,0.9938338660041269,0.9788987259685857
2020-03-09 13:00:00,0.9968523088505344,0.9817720041379431,0.9936681915559317,0.977795854701677
2020-03-10 07:00:00,0.9965219340321546,0.9798685300484945,0.9934384952465424,0.9772155253860175
2020-03-10 08:00:00,0.9963460403340129,0.9805005010195204,0.9932101039133198,0.9782171979760799
2020-03-10 09:00:00,0.9966764151523928,0.9805005010195204,0.9927801561156999,0.9774367587381608
2020-03-10 10:00:00,0.9966764151523928,0.9805005010195204,0.9934384952465424,0.9778992258935673
2020-03-10 11:00:00,0.995153543279254,0.9805005010195204,0.9933179995367829,0.9804617769594671
2020-03-10 12:00:00,0.993392635201524,0.9805005010195204,0.9933179995367829,0.9808463647472677
2020-03-10 13:00:00,0.994823168460874,0.9858735274051037,0.9941223248462722,0.9826696004562521
2020-03-11 07:00:00,0.9944633805030441,0.9829875108145913,0.9938939335130497,0.9818225455130454
2020-03-11 08:00:00,0.9944633805030441,0.9829875108145913,0.9941223248462722,0.9826696004562521
2020-03-11 09:00:00,0.995986252376183,0.9878159858387695,0.9947069589996069,0.9830541882440524
2020-03-11 10:00:00,0.9956558775578028,0.9890347070005638,0.99485713371277,0.9848774239530367
2020-03-11 11:00:00,0.9939774180845315,0.9878159858387695,0.9939600012733423,0.9834500396941709
2020-03-11 12:00:00,0.9923783243695217,0.9840161380209459,0.9939600012733423,0.9834500396941709
2020-03-11 13:00:00,0.9919110999982087,0.9840161380209457,0.9939600012733423,0.9837792754390013
2020-03-12 07:00:00,0.9915666458444071,0.9786009128059995,0.9941650427969092,0.9830654519063705
2020-03-12 08:00:00,0.9920729143609288,0.9739126393480706,0.9943456297990206,0.9823516283737395
2020-03-12 09:00:00,0.9911900939780027,0.9751313605098647,0.9940969415289392,0.9830654519063703
2020-03-12 10:00:00,0.9911900939780027,0.9726803131081168,0.9935252865241788,0.9838390874284488
2020-03-12 11:00:00,0.9911900939780027,0.9726803131081168,0.9935252865241788,0.9838390874284488
2020-03-12 12:00:00,0.9911900939780027,0.9726803131081168,0.9939600012733423,0.9834544996406482
2020-03-12 13:00:00,0.9918258788049756,0.9751313605098649,0.9943456297990206,0.9851743641577423
2020-03-13 07:00:00,0.9935867868827054,0.9811363578664739,0.994843899255204,0.9847118970023361
2020-03-13 08:00:00,0.992501668164452,0.9817231080572424,0.9945505941529357,0.9861392812612021
2020-03-13 09:00:00,0.9928190701273049,0.9817231080572424,0.9950397049921729,0.9861392812612021
2020-03-13 10:00:00,0.9943419420004437,0.9859196121103945,0.9950397049921729,0.9865238690490027
2020-03-13 11:00:00,0.9943419420004437,0.9859196121103945,0.9957308890951165,0.9871041983646619
2020-03-13 12:00:00,0.9941801276377235,0.9859196121103945,0.9960068836937984,0.9867196105768613
2020-03-13 13:00:00,0.9927264661014564,0.984016138020946,0.9958538455926748,0.9849629905731649
2020-03-16 07:00:00,0.9927264661014564,0.9798196339677937,0.9956354051763598,0.9834988508276964
2020-03-16 08:00:00,0.9913654085910378,0.980504386895448,0.9958948197062079,0.9824971782376343
2020-03-16 09:00:00,0.9915209961911704,0.9750891616805015,0.9960880123281862,0.9802893547408493
2020-03-16 10:00:00,0.9915209961911704,0.9750891616805015,0.9962608217206952,0.97970902542519
2020-03-16 11:00:00,0.9897600881134405,0.9763078828422959,0.996630618090505,0.9805560803683968
2020-03-16 12:00:00,0.9915209961911704,0.9798196339677938,0.99718801474143,0.97970902542519
2020-03-16 13:00:00,0.9915209961911704,0.980504386895448,0.9970152053489211,0.97970902542519
2020-03-17 07:00:00,0.9915209961911704,0.9817231080572424,0.9970152053489211,0.9791654515961331
2020-03-17 08:00:00,0.9930438680643091,0.9848909849040401,0.9974787904136132,0.9801671241861956
2020-03-17 09:00:00,0.9930438680643093,0.9829875108145916,0.9976378960453394,0.9810141791294021
2020-03-17 10:00:00,0.9943419420004437,0.9878159858387696,0.9978107054378483,0.9806295913416018
2020-03-17 11:00:00,0.9941801276377235,0.9890347070005638,0.9980593937079297,0.9810141791294021
2020-03-17 12:00:00,0.9953163872111378,0.9912887526200501,0.99847149640786,0.9803003555967711
2020-03-17 13:00:00,0.9964015059293911,0.993352644869792,0.9987052115135102,0.9808806849124304
2020-03-18 07:00:00,0.9952652463559769,0.9898408937442943,0.9983433038475379,0.978343625670815
2020-03-18 08:00:00,0.9935867868827054,0.988524169845614,0.9984296685446894,0.975781074604915
2020-03-18 09:00:00,0.9927086991879015,0.9892089227732684,0.9986187668181526,0.9743169348594466
2020-03-18 10:00:00,0.9923783243695217,0.9838358963876852,0.9986589213390076,0.9763614039205744
2020-03-18 11:00:00,0.9920729143609286,0.9811852539471747,0.9986589213390076,0.9776188012822621
2020-03-18 12:00:00,0.9930684871457317,0.9811852539471748,0.9990128325995706,0.978235886084524
2020-03-18 13:00:00,0.9930684871457317,0.9817720041379431,0.9993189395290226,0.9794121767725611
2020-03-19 07:00:00,0.9930684871457317,0.9810872512102888,0.9990595249991746,0.9798746439279672
2020-03-19 08:00:00,0.9922568086206172,0.9731211810742132,0.9991013528623452,0.9790275889847607
2020-03-19 09:00:00,0.9926012627744186,0.9696484142929324,0.9991916007183381,0.9787397399273295
2020-03-19 10:00:00,0.9919110999982086,0.9675845220431906,0.9990686442207798,0.9794535634599606
2020-03-19 11:00:00,0.9911308458821332,0.9675845220431906,0.9991916007183381,0.9785807538860731
2020-03-19 12:00:00,0.9894473803090357,0.9696484142929324,0.999054660462741,0.9778669303534422
2020-03-19 13:00:00,0.9919110999982086,0.9732278864204164,0.9992779654154897,0.9778669303534422
2020-03-20 07:00:00,0.9909549521839914,0.9700296706676065,0.9991497728551676,0.977866930353442
2020-03-20 08:00:00,0.9914612207005129,0.9700296706676065,0.999238036433869,0.9764395460945762
2020-03-20 09:00:00,0.9894473803090357,0.9671436540770941,0.9989840984069723,0.9746829260908797
2020-03-20 10:00:00,0.9879751950502643,0.9586300106287191,0.9987703149009304,0.9735800548239707
2020-03-20 11:00:00,0.9879751950502643,0.95215390828828,0.9986779914775202,0.9727072452500833
2020-03-20 12:00:00,0.9855359483250579,0.95215390828828,0.9985984698812937,0.971705572660021
2020-03-20 13:00:00,0.9855359483250579,0.95215390828828,0.9986779914775202,0.971705572660021
2020-03-23 07:00:00,0.9851914941712564,0.95215390828828,0.9984932468908123,0.9702181136053116
2020-03-23 08:00:00,0.9854754490385087,0.95215390828828,0.9982445586207307,0.970602701393112
2020-03-23 09:00:00,0.9847242697999434,0.9414743368967546,0.9982839256961026,0.9684436890298528
2020-03-23 10:00:00,0.9847242697999434,0.9333386387498614,0.9981956621174011,0.9690607738321146
2020-03-23 11:00:00,0.9847242697999434,0.9289520407412694,0.9978567259913266,0.9697556464499055
2020-03-23 12:00:00,0.9847242697999434,0.919442020005678,0.9973743226155949,0.967596634086646
2020-03-23 13:00:00,0.9851914941712563,0.917441861828124,0.997536646188525,0.967596634086646
2020-03-24 07:00:00,0.9857808590471016,0.9165534804255626,0.997536646188525,0.9684436890298528
2020-03-24 08:00:00,0.9857808590471016,0.9233724104362317,0.9977132587416693,0.9679812218744466
2020-03-24 09:00:00,0.9857808590471016,0.917441861828124,0.9977132587416693,0.9701402342377059
2020-03-24 10:00:00,0.9854754490385085,0.9078231675620916,0.9971806603319797,0.970602701393112
2020-03-24 11:00:00,0.9870689453873727,0.919442020005678,0.9971806603319797,0.972030085651978
2020-03-24 12:00:00,0.9870689453873727,0.9290607142717107,0.9971806603319797,0.972030085651978
2020-03-24 13:00:00,0.9870689453873728,0.9349912628798182,0.997268923910681,0.972030085651978
2020-03-24 14:00:00,0.9870689453873727,0.9445012836154097,0.9978015223203706,0.972030085651978
2020-03-25 07:00:00,0.9870689453873727,0.938570735007302,0.9972303139887143,0.972030085651978
2020-03-25 08:00:00,0.9873743553959655,0.9274080901417538,0.9974739654342479,0.9698710732887188
2020-03-25 09:00:00,0.9869793994539221,0.9312079379595775,0.9975176121807624,0.9698710732887188
2020-03-25 10:00:00,0.9873743553959659,0.9312079379595775,0.9977715502076592,0.969024018345512
2020-03-25 11:00:00,0.9857808590471017,0.933461983579064,0.9976832866289577,0.969024018345512
2020-03-25 12:00:00,0.9869793994539223,0.9415976817259569,0.997967196768566,0.9664614672796121
2020-03-25 13:00:00,0.9889932398453996,0.9435401401596228,0.9983700785480712,0.969024018345512
2020-03-25 14:00:00,0.9899165442009328,0.9435401401596228,0.9981809802746079,0.97106848740664
2020-03-26 07:00:00,0.9902339461637856,0.9371533839734768,0.9981363634424211,0.974807329160577
2020-03-26 08:00:00,0.9911900939780027,0.9361247567671224,0.9981781913055916,0.9733799449017112
2020-03-26 09:00:00,0.9907402146803069,0.9361247567671224,0.9976069829739351,0.9723371484306456
2020-03-26 10:00:00,0.98872637428883,0.9393436361064706,0.9971433979092432,0.9729174777463049
2020-03-26 11:00:00,0.9896550959620535,0.9403722633128251,0.9971433979092432,0.9739602742173703
2020-03-26 12:00:00,0.9902339461637856,0.9510518347043503,0.9971433979092431,0.974807329160577
2020-03-26 13:00:00,0.9891488274455321,0.9510518347043503,0.99718611585988,0.9773443884021924
2020-03-26 14:00:00,0.9891488274455321,0.9531825354946343,0.9973042473780732,0.9773443884021924
2020-03-27 07:00:00,0.9913596148209577,0.956982383312458,0.9976832866289577,0.9781914433453992
2020-03-27 08:00:00,0.9924447335392111,0.9569823833124579,0.9977279034611446,0.9785760311331996
2020-03-27 09:00:00,0.9929510020557326,0.9601502601592558,0.9978107054378481,0.9805259573433153
2020-03-27 10:00:00,0.9941392324472516,0.9686639036076309,0.9974753129334784,0.9801413695555147
2020-03-27 11:00:00,0.9943077929029113,0.9686639036076309,0.9973471203731562,0.980855193088146
2020-03-27 12:00:00,0.9938405685315982,0.9637297322867394,0.9971880147414302,0.9800081381449391
2020-03-27 13:00:00,0.9922414748165885,0.9654960267608331,0.9973061462596232,0.9774455870790392
2020-03-27 14:00:00,0.9897777551274156,0.9660093305740264,0.9969742312353881,0.9760182028201732
2020-03-30 07:00:00,0.9890567491072098,0.9637297322867394,0.99718801474143,0.9745146254589203
2020-03-30 08:00:00,0.9890567491072098,0.9677500723803194,0.9970152053489211,0.9750581992879772
2020-03-30 09:00:00,0.9903894487878314,0.9754026970531897,0.99718801474143,0.974344375755346
2020-03-30 10:00:00,0.9903894487878314,0.9731486514337033,0.9966306180905049,0.974344375755346
2020-03-30 11:00:00,0.9927086991879015,0.9731486514337033,0.9969742312353881,0.974344375755346
2020-03-30 12:00:00,0.9932370476013914,0.9785638766486499,0.9971052127647264,0.97291699149648
2020-03-30 13:00:00,0.9925468848251815,0.9785638766486499,0.9973925109567747,0.9739597879675455
2020-03-30 14:00:00,0.9923783243695218,0.9796982001517176,0.9973925109567747,0.9742890237123761
2020-03-31 07:00:00,0.9932564120643255,0.9834980479695414,0.9976832866289577,0.9738265565569699
2020-03-31 08:00:00,0.9936329639307301,0.9872978957873649,0.9977715502076592,0.9744068858726291
2020-03-31 09:00:00,0.9923783243695218,0.9907706625686454,0.9979765917312262,0.9747914736604297
2020-03-31 10:00:00,0.9932564120643255,0.9930247081881317,0.9984296685446894,0.9747914736604297
2020-03-31 11:00:00,0.9936329639307301,0.9952787538076182,0.9981457584050812,0.9733640894015637
2020-03-31 12:00:00,0.9923783243695218,0.99734264605736,0.9982687149026395,0.9727837600859045
2020-03-31 13:00:00,0.9932564120643257,0.9987745673360762,0.9986808176025698,0.9742111443447705
2020-03-31 14:00:00,0.9927891876930126,0.9980898144084218,0.9984714964078599,0.9752128169348326
2020-04-01 07:00:00,0.9932564120643255,0.9987745673360762,0.9984296685446894,0.9752128169348326
2020-04-01 08:00:00,0.9936329639307303,0.9995217356871378,0.9986389897393992,0.9752128169348326
2020-04-01 09:00:00,0.9923783243695218,0.9995217356871378,0.9986389897393992,0.9755974047226332
2020-04-01 10:00:00,0.9932564120643255,0.9995217356871378,0.9990418715189043,0.9766402011936987
2020-04-01 11:00:00,0.9936329639307303,0.999521735687138,0.9989982247723902,0.9776829976647643
2020-04-01 12:00:00,0.9942948200473842,0.9995217356871378,0.9990400526355606,0.9772205305093579
2020-04-01 13:00:00,0.9939774180845315,0.9995217356871378,0.99891453270822,0.9761777340382924
2020-04-01 14:00:00,0.9934249725199854,0.9980898144084217,0.9988727048450495,0.9766402011936987
2020-04-02 07:00:00,0.9939774180845315,0.9966578931297058,0.9989982247723902,0.9759263776610676
2020-04-02 08:00:00,0.9939774180845313,0.9966578931297058,0.9989982247723902,0.9759263776610676
2020-04-02 09:00:00,0.9936329639307301,0.9966578931297058,0.9989982247723902,0.9752125541284365
2020-04-02 10:00:00,0.9917164682528676,0.9966578931297058,0.9989982247723902,0.97345593412474
2020-04-02 11:00:00,0.9908336478699417,0.9966578931297058,0.9988672432430515,0.9739184012801463
2020-04-02 12:00:00,0.9917164682528676,0.9937718765391934,0.9988672432430515,0.9756750212838428
2020-04-02 13:00:00,0.9915666458444072,0.9945940008799636,0.9989982247723902,0.9775631864328962
2020-04-02 14:00:00,0.9918720558530002,0.9937718765391934,0.9990400526355606,0.9775631864328962
2020-04-03 07:00:00,0.9917164682528675,0.9937718765391934,0.9986371708560553,0.9765615138428339
2020-04-03 08:00:00,0.9897026278613904,0.9937718765391934,0.998225068156125,0.9765615138428339
2020-04-03 09:00:00,0.9885143974698715,0.9937718765391934,0.9980593937079297,0.9748416493257399
2020-04-03 10:00:00,0.9875188246850685,0.9937718765391934,0.998145758405081,0.9736673077093175
2020-04-03 11:00:00,0.9862781183666823,0.9912887526200502,0.9979765917312262,0.9722031679638492
2020-04-03 12:00:00,0.9875188246850685,0.990070031458256,0.9980202384777406,0.973923032480943
2020-04-03 13:00:00,0.9885143974698714,0.9878159858387696,0.9976411992268561,0.9762736647854026
2020-04-03 14:00:00,0.9908336478699414,0.9878159858387695,0.9976411992268561,0.9774499554734399
2020-04-06 07:00:00,0.9910263054766576,0.9853649384370214,0.9976411992268561,0.978877339732306
2020-04-06 08:00:00,0.989987897493599,0.9878159858387696,0.9974318780321464,0.9793398068877119
2020-04-06 09:00:00,0.9898380750851385,0.990070031458256,0.997138572929878,0.9790105711428817
2020-04-06 10:00:00,0.9898380750851385,0.9918059870263375,0.997138572929878,0.9781240785838904
2020-04-06 11:00:00,0.989987897493599,0.9895519414068513,0.997138572929878,0.978754846371256
2020-04-06 12:00:00,0.9919043931714615,0.9878159858387696,0.997138572929878,0.9791394341590564
2020-04-06 13:00:00,0.9919043931714615,0.9853649384370214,0.9973436144534449,0.9796019013144626
2020-04-06 14:00:00,0.9907161627799423,0.9864992619400894,0.997138572929878,0.9796019013144626
2020-04-07 07:00:00,0.9919043931714615,0.9833010461872795,0.9972615294274362,0.9796019013144626
2020-04-07 08:00:00,0.9907161627799423,0.9806504037467689,0.9968839833793951,0.9796019013144626
2020-04-07 09:00:00,0.9907161627799423,0.9806504037467692,0.9965377219290884,0.9796019013144626
2020-04-07 10:00:00,0.9919043931714613,0.9838486194995788,0.996781373374622,0.9796019013144626
2020-04-07 11:00:00,0.9925444446616742,0.9819061610659129,0.9973260870737017,0.9791394341590564
2020-04-07 12:00:00,0.9927573998795552,0.981906161065913,0.9976536439598247,0.9817019852249563
2020-04-07 13:00:00,0.9927573998795552,0.977885820972333,0.9972415412598943,0.9812395180695503
2020-04-07 14:00:00,0.9913037383432882,0.9833010461872795,0.9975066740758132,0.9812395180695501
2020-04-08 07:00:00,0.991153915934828,0.9850370017553611,0.9975969219318062,0.9812395180695501
2020-04-08 08:00:00,0.991153915934828,0.9890573418489412,0.9973061462596232,0.9812395180695503
2020-04-08 09:00:00,0.991153915934828,0.988235217508171,0.9973925109567745,0.9807770509141439
2020-04-08 10:00:00,0.9924519898709624,0.9902991097579129,0.9977279034611446,0.9829360632774032
2020-04-08 11:00:00,0.9938425185978087,0.9902991097579129,0.9977279034611446,0.9847592989863876
2020-04-08 12:00:00,0.9948809265808674,0.9902991097579129,0.9977279034611446,0.9847592989863876
2020-04-08 13:00:00,0.9961216328992533,0.9902991097579129,0.9977279034611446,0.9847592989863876
2020-04-08 14:00:00,0.9961216328992533,0.9922025838473617,0.9977279034611446,0.983912244043181
2020-04-09 07:00:00,0.9970044532821793,0.9895519414068511,0.9978107054378481,0.9842414797880115
2020-04-09 08:00:00,0.9968426389194591,0.9857520935890275,0.997478790413613,0.9836611504723523
2020-04-09 09:00:00,0.9959193345639261,0.9895519414068511,0.9975969219318063,0.9833319147275216
2020-04-09 10:00:00,0.9948809265808674,0.9886381101795398,0.9973061462596232,0.9811729023642626
2020-04-09 11:00:00,0.9945635246180146,0.9857520935890275,0.9971052127647265,0.9813819885174061
2020-04-09 12:00:00,0.9956019326010733,0.9834980479695414,0.9973959884369095,0.9805349335741993
2020-04-09 13:00:00,0.9964476829774158,0.9834980479695414,0.9972193758837652,0.9805349335741993
2020-04-09 14:00:00,0.9972024268772894,0.9863840645600536,0.9975066740758132,0.9794921371031339
2020-04-13 07:00:00,0.9978925896534994,0.9863840645600536,0.9979597508892766,0.9794921371031337
2020-04-13 08:00:00,0.9971378457536259,0.9907706625686454,0.998039272485503,0.9799546042585401
2020-04-13 09:00:00,0.9964476829774159,0.9907706625686454,0.9982158850386474,0.9805349335741993
2020-04-13 10:00:00,0.9972024268772894,0.9922025838473617,0.9982158850386474,0.9820223926289087
2020-04-13 11:00:00,0.9975328016956692,0.994456629466848,0.9982158850386474,0.9820223926289087
2020-04-13 12:00:00,0.9982538077158751,0.9957733533655283,0.9983815594868427,0.9820223926289089
2020-04-13 13:00:00,0.9987600762323967,0.994456629466848,0.9983815594868427,0.983198683316946
2020-04-13 14:00:00,0.9991198641902268,0.994456629466848,0.9983815594868427,0.9844560806786339
2020-04-14 07:00:00,0.9991198641902268,0.9944566294668479,0.998011284650083,0.9859435397333434
2020-04-14 08:00:00,0.9991198641902268,0.9937718765391936,0.9974665709510033,0.9863281275211437
2020-04-14 09:00:00,0.9991198641902268,0.9937718765391936,0.9968690197792236,0.9849007432622777
2020-04-14 10:00:00,0.9991198641902268,0.9945940008799636,0.9970000013085619,0.9826005494295244
2020-04-14 11:00:00,0.9991198641902267,0.9952787538076181,0.9971229578061201,0.9834733590034119
2020-04-14 12:00:00,0.9996482126037167,0.99734264605736,0.9977205089778999,0.9834733590034118
2020-04-14 13:00:00,0.9996482126037165,0.99734264605736,0.998011284650083,0.9857735528361652
2020-04-14 14:00:00,0.9992884246458864,0.9973426460573602,0.9984643614635463,0.9872376925816335
2020-04-15 07:00:00,0.9991198641902268,0.9973426460573602,0.9987417233157112,0.987622280369434
2020-04-15 08:00:00,0.9991198641902267,0.9973426460573602,0.9986187668181526,0.9870419510537748
2020-04-15 09:00:00,0.9991198641902267,0.9973426460573602,0.9985324021210011,0.987622280369434
2020-04-15 10:00:00,0.9991198641902267,0.9959107247786441,0.9986187668181528,0.9867752254262273
2020-04-15 11:00:00,0.9987600762323966,0.99734264605736,0.998298687015351,0.9845674019294427
2020-04-15 12:00:00,0.9978772558494706,0.9950886004378738,0.9984643614635463,0.9820303426878271
2020-04-15 13:00:00,0.9978772558494706,0.9950886004378738,0.9982049469336984,0.9816457549000267
2020-04-15 14:00:00,0.9978772558494706,0.9950886004378738,0.9981647924128437,0.982647427490089
2020-04-16 07:00:00,0.9969539514939374,0.9950886004378738,0.9977526897129133,0.980084876424189
2020-04-16 08:00:00,0.9962920953772831,0.9950886004378738,0.9977526897129133,0.9790832038341266
2020-04-16 09:00:00,0.9954092749943573,0.9919207235910761,0.9977526897129133,0.9790832038341268
2020-04-16 10:00:00,0.9942730154209428,0.989856831341334,0.9977526897129133,0.980259494522164
2020-04-16 11:00:00,0.9944656730276589,0.989856831341334,0.9977526897129133,0.9807219616775702
2020-04-16 12:00:00,0.9948809265808672,0.9907706625686457,0.9979711301292282,0.976983119923633
2020-04-16 13:00:00,0.9934272650446002,0.9878846459781334,0.998052258763616,0.9700602739071332
2020-04-16 14:00:00,0.9925444446616742,0.9834980479695412,0.9982459210472315,0.969597806751727
2020-04-17 07:00:00,0.9911539159348278,0.9796982001517176,0.9980226160944828,0.9693099576942957
2020-04-17 08:00:00,0.9905138644446151,0.9834980479695414,0.9980226160944828,0.9667728984526803
2020-04-17 09:00:00,0.9898380750851385,0.9863840645600536,0.9980226160944828,0.9679491891407175
2020-04-17 10:00:00,0.9917545707630011,0.9907706625686454,0.998287748910402,0.9667728984526803
2020-04-17 11:00:00,0.9913596148209579,0.9930247081881319,0.9983287230239352,0.9660590749200493
2020-04-17 12:00:00,0.9905138644446149,0.9895519414068513,0.9986906306899075,0.9660590749200493
2020-04-17 13:00:00,0.9902195727470521,0.9872978957873649,0.9986906306899075,0.9660590749200493
2020-04-17 14:00:00,0.9905138644446152,0.9834980479695414,0.9984254978739883,0.9660590749200493
2020-04-20 07:00:00,0.9905138644446149,0.9785638766486497,0.9987384350210182,0.9660590749200493
2020-04-20 08:00:00,0.9902195727470521,0.9796982001517176,0.9987384350210182,0.9652120199768426
2020-04-20 09:00:00,0.988765911210785,0.9791114499609493,0.9987384350210184,0.9649241709194115
2020-04-20 10:00:00,0.9868494155329223,0.9731486514337033,0.9987384350210182,0.9649241709194113
2020-04-20 11:00:00,0.9866995931244622,0.9708690531464165,0.9989617399737669,0.9655412557216732
2020-04-20 12:00:00,0.9866995931244622,0.9627333549995233,0.9991801803900817,0.9658291047791043
2020-04-20 13:00:00,0.9862497138267664,0.9595654781527255,0.9991801803900817,0.9649562952052169
2020-04-20 14:00:00,0.988460501202192,0.9639520761613176,0.9994034853428302,0.9652855309500475
2020-04-21 07:00:00,0.9894560739869949,0.9720877743082108,0.9991850449265153,0.971879141221717
2020-04-21 08:00:00,0.9912040272208249,0.9775352494422954,0.9992268727896859,0.9722637290095172
2020-04-21 09:00:00,0.9912040272208249,0.9797892950617817,0.9992268727896859,0.9715499054768864
2020-04-21 10:00:00,0.9925650847312437,0.9797892950617817,0.9992268727896857,0.9723303447148052
2020-04-21 11:00:00,0.9925650847312437,0.9797892950617817,0.9994453132060006,0.9729106740304644
2020-04-21 12:00:00,0.9925650847312437,0.9817317534954476,0.9994034853428302,0.9722935892282026
2020-04-21 13:00:00,0.994018746267511,0.9846177700859596,0.9994453132060008,0.971909001440402
2020-04-21 14:00:00,0.9954092749943573,0.9886381101795398,0.9993529897825906,0.9749340196617083
2020-04-22 07:00:00,0.9954092749943573,0.9912887526200501,0.9994393544797421,0.9763981594071768
2020-04-22 08:00:00,0.9954092749943573,0.9937718765391934,0.9993548086659346,0.9753964868171145
2020-04-22 09:00:00,0.9964943937126105,0.9952037978179097,0.999270262852127,0.9749340196617083
2020-04-22 10:00:00,0.9968117956754633,0.9958357687889355,0.9993548086659346,0.9749340196617083
2020-04-22 11:00:00,0.9975328016956692,0.9950886004378738,0.9993548086659346,0.9766906396654049
2020-04-22 12:00:00,0.9984156220785952,0.9926054765187305,0.9993548086659346,0.9764027906079736
2020-04-22 13:00:00,0.9985915157767369,0.9950886004378737,0.9993548086659346,0.9783850123582143
2020-04-22 14:00:00,0.9985915157767369,0.9950886004378737,0.9993548086659346,0.9766283923545178
2020-04-23 07:00:00,0.9987754100364254,0.9926054765187305,0.9993548086659346,0.9791654515961333
2020-04-23 08:00:00,0.9982229644718791,0.9919735055477046,0.9993548086659346,0.9801671241861956
2020-04-23 09:00:00,0.9975328016956694,0.9897194599282182,0.9993548086659346,0.979782536398395
2020-04-23 10:00:00,0.9970468392771566,0.9897194599282182,0.9993548086659346,0.9794533006535644
2020-04-23 11:00:00,0.9977678452973627,0.9903514308992443,0.9991856419920796,0.9806295913416018
2020-04-23 12:00:00,0.9977678452973627,0.9903514308992443,0.9991856419920796,0.981209920657261
2020-04-23 13:00:00,0.9986135956737053,0.993519307746042,0.99931116191942,0.9819903598951798
2020-04-23 14:00:00,0.9989733836315353,0.993519307746042,0.9992283599427166,0.9811433049519731
2020-04-24 07:00:00,0.9989733836315353,0.993519307746042,0.99931116191942,0.9811433049519731
2020-04-24 08:00:00,0.9987894893718471,0.9922025838473615,0.9992266161056125,0.9801005084809076
2020-04-24 09:00:00,0.999479652148057,0.9912887526200501,0.9991383525269112,0.9803562332525333
2020-04-24 10:00:00,0.999479652148057,0.9930247081881317,0.9992266161056125,0.9812032881957399
2020-04-24 11:00:00,0.9993037584499153,0.9886381101795397,0.9990128325995705,0.9820503431389466
2020-04-24 12:00:00,0.9996482126037167,0.9886381101795398,0.9989264679024191,0.9789697100682744
2020-04-24 13:00:00,0.9996482126037165,0.9886381101795398,0.9985725566418561,0.977793419380237
2020-04-24 14:00:00,0.9992884246458864,0.9912887526200501,0.9983541162255412,0.979220803639103
2020-04-27 07:00:00,0.9994643183440282,0.9922025838473617,0.9983997472493471,0.9787583364836968
2020-04-27 08:00:00,0.9996482126037165,0.994456629466848,0.9982106489758837,0.9781780071680376
2020-04-27 09:00:00,0.9998241063018583,0.9937718765391934,0.997911079925181,0.979220803639103
2020-04-27 10:00:00,0.9996482126037165,0.9930247081881319,0.997911079925181,0.9798011329547622
2020-04-27 11:00:00,0.9992884246458864,0.9930247081881319,0.9983541162255412,0.9808439294258279
2020-04-27 12:00:00,0.9994643183440282,0.9952787538076179,0.9983997472493471,0.9836688377248745
2020-04-27 13:00:00,0.9996482126037167,0.9952787538076179,0.9982106489758837,0.9836688377248747
2020-04-27 14:00:00,0.9992884246458866,0.9930247081881319,0.997911079925181,0.9836688377248745
2020-04-28 07:00:00,0.9991198641902268,0.9895519414068511,0.9976571418982845,0.9841313048802808
2020-04-28 08:00:00,0.9983988581700209,0.9863840645600532,0.9976972964191393,0.9851741013513462
2020-04-28 09:00:00,0.9980390702121908,0.9857520935890275,0.9976571418982845,0.9839978106633088
2020-04-28 10:00:00,0.9987600762323967,0.9886381101795398,0.9975648184748742,0.9852552080249969
2020-04-28 11:00:00,0.9989286366880564,0.9878159858387696,0.9977539167483377,0.9859690315576278
2020-04-28 12:00:00,0.9987600762323967,0.9843042347132719,0.9981479825297556,0.9839245624965001
2020-04-28 13:00:00,0.9984297014140168,0.9811363578664739,0.9981946749293595,0.9822046979794059
2020-04-28 14:00:00,0.9984297014140168,0.9853328619196262,0.9981946749293595,0.9801602289182783
2020-04-29 07:00:00,0.9984297014140168,0.9835665674455324,0.9978090464036811,0.9822046979794059
2020-04-29 08:00:00,0.9986135956737053,0.988500738766424,0.9980274868199961,0.9825892857672065
2020-04-29 09:00:00,0.9986135956737053,0.9853328619196262,0.998027486819996,0.9812285172136282
2020-04-29 10:00:00,0.9980852472602153,0.9828818145178781,0.9980274868199961,0.9799711198519405
2020-04-29 11:00:00,0.9982691415199039,0.978685310464726,0.998027486819996,0.9816909843690345
2020-04-29 12:00:00,0.9986135956737053,0.9780533394937001,0.9976334210385782,0.9824048079016656
2020-04-29 13:00:00,0.9986135956737053,0.978685310464726,0.9973204838915483,0.9831852471395844
2020-04-29 14:00:00,0.9986135956737053,0.9846481089919719,0.9974149806222633,0.9842280436106501
2020-04-30 07:00:00,0.9984297014140167,0.9846481089919717,0.9970610693617005,0.9835142200780189
2020-04-30 08:00:00,0.9987600762323967,0.9825842167422296,0.9969815477654739,0.9835142200780189
2020-04-30 09:00:00,0.9985674186256807,0.9815555895358755,0.9973204838915483,0.9838434558228495
2020-04-30 10:00:00,0.9989439704920852,0.9825842167422296,0.9977539167483377,0.9848451284129118
2020-04-30 11:00:00,0.9991198641902268,0.9834980479695412,0.9977539167483377,0.9863092681583803
2020-04-30 12:00:00,0.9991198641902268,0.9780828227545947,0.9973204838915483,0.9866938559461806
2020-04-30 13:00:00,0.9987600762323967,0.9731486514337033,0.9973204838915483,0.9856510594751152
2020-04-30 14:00:00,0.9992884246458864,0.9693488036158796,0.9973204838915483,0.9859802952199457
2020-05-01 07:00:00,0.9985674186256805,0.9693488036158796,0.9977539167483376,0.9874076794788117
2020-05-01 08:00:00,0.9987600762323966,0.9693488036158796,0.9981479825297555,0.9874076794788117
2020-05-01 09:00:00,0.9982076306678506,0.9683201764095253,0.9981479825297555,0.9874076794788117
2020-05-01 10:00:00,0.9974866246476445,0.9683201764095253,0.997714549672966,0.9877369152236424
2020-05-01 11:00:00,0.9974866246476445,0.9671858529064574,0.9976334210385782,0.9871198304213804
2020-05-01 12:00:00,0.9971562498292648,0.9666725490932643,0.9971510176628465,0.9862727754781738
2020-05-01 13:00:00,0.9973248102849245,0.9712061930000374,0.9972819991921849,0.9871455850520613
2020-05-01 14:00:00,0.9973248102849245,0.9771689915272832,0.9976676277178633,0.986565255736402
2020-05-04 07:00:00,0.9964015059293911,0.9815555895358753,0.9977132587416693,0.9842650619036486
2020-05-04 08:00:00,0.9965633202921113,0.9797892950617816,0.9971806603319795,0.9851121168468553
2020-05-04 09:00:00,0.9965633202921113,0.980336868374081,0.9968031142839386,0.9847275290590548
2020-05-04 10:00:00,0.9972843263123171,0.9815555895358753,0.9966265017307939,0.9843982933142243
2020-05-04 11:00:00,0.9969539514939374,0.9804212660328075,0.9966265017307939,0.9836844697815931
2020-05-04 12:00:00,0.9969539514939373,0.9797892950617816,0.9966265017307939,0.9842280436106501
2020-05-04 13:00:00,0.9966235766755575,0.980336868374081,0.9961643819375741,0.9846126313984505
2020-05-04 14:00:00,0.9960156655156331,0.9780828227545948,0.9962848776473335,0.9846126313984505
2020-05-05 07:00:00,0.996807470935246,0.9834980479695414,0.9968939673245649,0.9851929607141099
2020-05-05 08:00:00,0.996807470935246,0.9869708147508218,0.99731820577221,0.9851929607141099
2020-05-05 09:00:00,0.9953538093989791,0.9857520935890277,0.9971977100624506,0.9840166700260725
2020-05-05 10:00:00,0.9953538093989791,0.9869708147508218,0.9967856073625203,0.9857732900297692
2020-05-05 11:00:00,0.9953538093989789,0.9863840645600536,0.9966265017307941,0.9860611390872003
2020-05-05 12:00:00,0.9953538093989789,0.9834980479695414,0.9966265017307941,0.9857732900297692
2020-05-05 13:00:00,0.9953538093989791,0.9796982001517176,0.996361368914875,0.9843459057709032
2020-05-05 14:00:00,0.994358236614176,0.9737354016244717,0.9959371304672299,0.9834988508276964
2020-05-06 07:00:00,0.9926797771409046,0.9742829749367711,0.9958992491216552,0.9817789863106025
2020-05-06 08:00:00,0.99186809861579,0.9742829749367711,0.9958992491216552,0.9809319313673956
2020-05-06 09:00:00,0.9914915467493856,0.9742829749367711,0.9958992491216552,0.9797556406793583
2020-05-06 10:00:00,0.9914915467493856,0.9742829749367711,0.9958992491216552,0.9794677916219272
2020-05-06 11:00:00,0.9923032252744999,0.9777557417180517,0.996361368914875,0.9790832038341268
2020-05-06 12:00:00,0.9926797771409043,0.9825842167422297,0.996361368914875,0.9802594945221639
2020-05-06 13:00:00,0.9936753499257076,0.9863840645600533,0.996361368914875,0.9793866849482766
2020-05-06 14:00:00,0.9945080590226364,0.9863840645600533,0.9968939673245647,0.980429481419342
2020-05-07 07:00:00,0.9926797771409045,0.9863840645600533,0.9968939673245647,0.9814722778904077
2020-05-07 08:00:00,0.9921273315763585,0.9863840645600533,0.997012098842758,0.9802959872023703
2020-05-07 09:00:00,0.9900610134900355,0.9863840645600533,0.9969325772465314,0.9779957933696171
2020-05-07 10:00:00,0.9906134590545816,0.9878159858387695,0.9973182057722101,0.9779957933696168
2020-05-07 11:00:00,0.9914251375796962,0.9858735274051037,0.9976571418982844,0.9792531907313049
2020-05-07 12:00:00,0.992060922406669,0.9858735274051037,0.9978299512907932,0.9773032645211893
2020-05-07 13:00:00,0.9929390101014728,0.9912887526200501,0.9982729875911533,0.9777657316765955
2020-05-07 14:00:00,0.9923032252744999,0.9899720287213698,0.9982729875911533,0.979715657886711
2020-05-08 07:00:00,0.9913470774602826,0.9873213862808596,0.9982729875911533,0.9802592317157678
2020-05-08 08:00:00,0.9909872895024525,0.9838096351553616,0.9982729875911533,0.9802592317157678
2020-05-08 09:00:00,0.9897990591109336,0.9803368683740812,0.9982729875911533,0.9777289761899928
2020-05-08 10:00:00,0.9909872895024526,0.9838096351553616,0.9985725566418561,0.9777289761899928
2020-05-08 11:00:00,0.9909872895024526,0.9864602775958721,0.9986589213390076,0.9771486468743336
2020-05-08 12:00:00,0.9909872895024526,0.9899720287213698,0.9990128325995706,0.9761058504032681
2020-05-08 13:00:00,0.9893128059083542,0.9893852785306013,0.9987132635488678,0.9742826146942837
2020-05-08 14:00:00,0.9877137121933444,0.9878159858387695,0.9986268988517164,0.9712019816236115
2020-05-11 07:00:00,0.9882420606068341,0.9878159858387695,0.9987550914120386,0.9737322371493865
2020-05-11 08:00:00,0.9901585562846968,0.9895519414068513,0.9991013528623452,0.9737322371493865
2020-05-11 09:00:00,0.9881362831668394,0.9855316013132714,0.998978396364787,0.9703226311402797
2020-05-11 10:00:00,0.9876734490252439,0.9846177700859599,0.9991550089179313,0.9689618625867018
2020-05-11 11:00:00,0.9868816436056311,0.9886381101795398,0.9993206833661266,0.9689618625867018
2020-05-11 12:00:00,0.9868816436056311,0.9878159858387695,0.9992779654154895,0.9661369542876551
2020-05-11 13:00:00,0.9872120184240109,0.988500738766424,0.9991934196016821,0.9658812295160296
2020-05-11 14:00:00,0.9879362176057339,0.9897194599282184,0.9993189395290226,0.9672419980696079
2020-05-12 07:00:00,0.9879362176057337,0.9912887526200501,0.9993635563612095,0.9663949431264011
2020-05-12 08:00:00,0.9893667508650837,0.994456629466848,0.999497450963717,0.9683771648766417
2020-05-12 09:00:00,0.9889039167234883,0.994456629466848,0.9996256435240389,0.9653521466553356
2020-05-12 10:00:00,0.9884179543049758,0.9912887526200501,0.9995373799453376,0.9658957204843923
2020-05-12 11:00:00,0.9889039167234883,0.9912887526200501,0.9996256435240389,0.9670720111724297
2020-05-12 12:00:00,0.9893376939992008,0.9912887526200501,0.999668361474676,0.9679448207463168
2020-05-12 13:00:00,0.9893376939992008,0.9912887526200501,0.9997120082211903,0.9669020242752514
2020-05-12 14:00:00,0.9905923335604091,0.9912887526200502,0.9997566250533773,0.9655412557216732
2020-05-13 07:00:00,0.9899165442009328,0.9912887526200501,0.9998002717998917,0.9621316497125666
2020-05-13 08:00:00,0.9905923335604091,0.994456629466848,0.9998002717998917,0.9629120889504854
2020-05-13 09:00:00,0.9900639851469193,0.9957733533655283,0.9999284643602139,0.9663216949595922
2020-05-13 10:00:00,0.9879976670605964,0.9950886004378737,0.9998848176136992,0.9588552751140355
2020-05-13 11:00:00,0.9879976670605967,0.9958357687889353,0.9998848176136992,0.9576789844259983
2020-05-13 12:00:00,0.9879976670605967,0.993352644869792,0.9998848176136994,0.9593988489430922
2020-05-13 13:00:00,0.9888757547554003,0.9950886004378737,0.9999284643602139,0.962223757242139
2020-05-13 14:00:00,0.9888757547554005,0.99652052171659,0.9998848176136994,0.9666095440170235
2020-05-14 07:00:00,0.9881999653959238,0.99652052171659,0.999800271799892,0.9680369282758895
2020-05-14 08:00:00,0.9904107527713494,0.9980898144084218,0.9998002717998917,0.9705739875175047
2020-05-14 09:00:00,0.9911317587915552,0.9980898144084218,0.9998002717998917,0.9739835935266113
2020-05-14 10:00:00,0.9911317587915552,0.9980898144084218,0.9998848176136992,0.9733665087243496
2020-05-14 11:00:00,0.9915989831628684,0.9980898144084217,0.9999275355643362,0.9736957444691803
2020-05-14 12:00:00,0.9913046914653053,0.9980898144084217,0.9998411708671847,0.9725928732022713
2020-05-14 13:00:00,0.9913046914653053,0.9980898144084217,0.9998411708671847,0.9728807222597026
2020-05-14 14:00:00,0.9913046914653053,0.9980898144084217,0.9997548061700333,0.97187904966964
2020-05-15 07:00:00,0.9926373911459272,0.9987745673360763,0.9997548061700333,0.9736356696733367
2020-05-15 08:00:00,0.9921875118482314,0.99734264605736,0.9997548061700333,0.9746784661444021
2020-05-15 09:00:00,0.9921875118482314,0.99734264605736,0.9998411708671849,0.9749663152018334
2020-05-15 10:00:00,0.9920256974855115,0.9980898144084218,0.9997529072884834,0.9764537742565428
2020-05-15 11:00:00,0.993165739559417,0.99652052171659,0.9997965540349979,0.9776300649445799
2020-05-15 12:00:00,0.993165739559417,0.9958357687889355,0.9997538360843609,0.9790942046900486
2020-05-15 13:00:00,0.9949940214411488,0.9980898144084218,0.9998848176136994,0.9801370011611141
2020-05-15 14:00:00,0.9956841842173588,0.99734264605736,0.9997965540349979,0.9798077654162834
2020-05-18 07:00:00,0.9966518833351135,0.9980898144084217,0.9998848176136994,0.9803880947319427
2020-05-18 08:00:00,0.9973137394517676,0.9966578931297055,0.9997965540349979,0.9801002456745114
2020-05-18 09:00:00,0.997658193605569,0.9937718765391934,0.9997538360843609,0.9796377785191053
2020-05-18 10:00:00,0.9974822999074273,0.9911212340986831,0.9997120082211904,0.9781736387736369
2020-05-18 11:00:00,0.9982370438073008,0.9895519414068511,0.9997566250533773,0.9787907235758987
2020-05-18 12:00:00,0.9982370438073008,0.9857520935890277,0.9997566250533773,0.9764905297431452
2020-05-18 13:00:00,0.9987433123238224,0.980817922268136,0.9995874583795222,0.977337584686352
2020-05-18 14:00:00,0.9984129375054425,0.9808179222681362,0.9995874583795225,0.9783803811574174
2020-05-19 07:00:00,0.9982370438073008,0.9808179222681359,0.999499194800821,0.9789239549864744
2020-05-19 08:00:00,0.9991198641902268,0.9825842167422296,0.999499194800821,0.9789239549864744
2020-05-19 09:00:00,0.9987754100364254,0.9825842167422296,0.9995819967775245,0.9807471906954588
2020-05-19 10:00:00,0.9984156220785952,0.9813654955804355,0.9993682132714826,0.981076426440289
2020-05-19 11:00:00,0.9984156220785952,0.9771689915272832,0.9993682132714825,0.9799001357522521
2020-05-19 12:00:00,0.9984156220785951,0.9771689915272834,0.9993682132714825,0.9817233714612364
2020-05-19 13:00:00,0.9976946160583892,0.9731486514337033,0.9993682132714825,0.9825704264044428
2020-05-19 14:00:00,0.9976946160583892,0.9737354016244718,0.9993682132714825,0.9805259573433153
2020-05-20 07:00:00,0.9984156220785952,0.9796982001517176,0.9994991948008208,0.9809105451311159
2020-05-20 08:00:00,0.9975328016956692,0.9796982001517176,0.9995819967775245,0.9803302158154567
2020-05-20 09:00:00,0.9970044532821793,0.9825842167422297,0.9994510152481859,0.9805859405870821
2020-05-20 10:00:00,0.9978872736651054,0.9815555895358753,0.9995819967775245,0.9812030253893438
2020-05-20 11:00:00,0.9978872736651054,0.9776144844290082,0.9995819967775245,0.9826304096482098
2020-05-20 12:00:00,0.9976946160583892,0.9798196339677938,0.9997101893378464,0.9817833547050031
2020-05-20 13:00:00,0.9975328016956692,0.9766214182149838,0.9995792078085081,0.9827850272950654
2020-05-20 14:00:00,0.9966499813127431,0.9798196339677937,0.9993607673921932,0.9827850272950654
2020-05-21 07:00:00,0.9966499813127433,0.978685310464726,0.9993607673921932,0.9827850272950652
2020-05-21 08:00:00,0.9968117956754633,0.9780533394936999,0.9993607673921932,0.9831696150828658
2020-05-21 09:00:00,0.9961216328992533,0.973365066035771,0.999054660462741,0.9831696150828658
2020-05-21 10:00:00,0.9957266769572101,0.9745415883682021,0.9990973784133781,0.9837866998851277
2020-05-21 11:00:00,0.9962329454737315,0.9793700633923804,0.9991801803900816,0.9847883724751898
2020-05-21 12:00:00,0.9973180641919848,0.982881814517878,0.9992684439687831,0.9847883724751898
2020-05-21 13:00:00,0.9971562498292645,0.978685310464726,0.99891453270822,0.9845005234177585
2020-05-21 14:00:00,0.9971562498292648,0.9846481089919717,0.99891453270822,0.9853475783609653
2020-05-22 07:00:00,0.9975328016956692,0.9878159858387696,0.99891453270822,0.984767249045306
2020-05-22 08:00:00,0.9969539514939374,0.9878159858387696,0.9989555068217532,0.9852297162007122
2020-05-22 09:00:00,0.9977086953938109,0.9878159858387696,0.9990956345762741,0.9862725126717776
2020-05-22 10:00:00,0.9977086953938109,0.9860496913646759,0.9988672432430515,0.9880291326754743
2020-05-22 11:00:00,0.9980390702121906,0.9885007387664241,0.998784441266348,0.9871820777322677
2020-05-22 12:00:00,0.9976946160583894,0.9878159858387696,0.9984848722156455,0.9863350227890609
2020-05-22 13:00:00,0.9976946160583894,0.9897194599282182,0.9987978093626756,0.9842905537279332
2020-05-22 14:00:00,0.9984156220785952,0.9912887526200501,0.9987978093626756,0.9853333501989987
2020-05-26 07:00:00,0.9982229644718792,0.9890347070005638,0.999021114315424,0.9853333501989987
2020-05-26 08:00:00,0.9975328016956692,0.9863840645600533,0.998978396364787,0.9847530208833394
2020-05-26 09:00:00,0.9964476829774159,0.9825842167422297,0.9985927678391084,0.9853701056856013
2020-05-26 10:00:00,0.996807470935246,0.9825842167422297,0.9985927678391084,0.9848265318565443
2020-05-26 11:00:00,0.996807470935246,0.9825842167422297,0.9985927678391084,0.9833623921110757
2020-05-26 12:00:00,0.9959617205589032,0.9813654955804356,0.9985927678391084,0.9836502411685072
2020-05-26 13:00:00,0.9956563105503103,0.9754026970531897,0.9981685293914633,0.9833210054236765
2020-05-26 14:00:00,0.9958402048099989,0.9731486514337033,0.9981207250603522,0.9841680603668833
2020-05-27 07:00:00,0.9958402048099989,0.9775352494422954,0.9981207250603522,0.9845526481546837
2020-05-27 08:00:00,0.9958402048099989,0.9834980479695414,0.9983491163935748,0.9837055932114769
2020-05-27 09:00:00,0.9966518833351132,0.9834980479695414,0.9982546196628596,0.9860057870442305
2020-05-27 10:00:00,0.9961456148185918,0.9834980479695414,0.9984137252945857,0.9867196105768613
2020-05-27 11:00:00,0.9958402048099989,0.9834980479695412,0.9980361792465446,0.9857179379867992
2020-05-27 12:00:00,0.9956563105503103,0.9834980479695414,0.9978927119968872,0.9834177441540456
2020-05-27 13:00:00,0.9956563105503103,0.9863840645600533,0.99775881739438,0.9830331563662454
2020-05-27 14:00:00,0.9960512664923539,0.9863840645600533,0.99775881739438,0.9830331563662452
2020-05-28 07:00:00,0.9965796149058438,0.9863840645600533,0.99775881739438,0.985077625427373
2020-05-28 08:00:00,0.9975751876906467,0.9846481089919717,0.9978006452575505,0.9868342454310696
2020-05-28 09:00:00,0.9986135956737052,0.9863840645600533,0.998321658555249,0.9856579547430324
2020-05-28 10:00:00,0.9986135956737052,0.9863840645600536,0.9985267000788159,0.9861204218984386
2020-05-28 11:00:00,0.9986135956737052,0.9907706625686457,0.998574504409927,0.9868342454310696
2020-05-28 12:00:00,0.9977678452973625,0.9863840645600536,0.998412180836997,0.9880105361191069
2020-05-28 13:00:00,0.9967722725125596,0.9823637244664735,0.9981685293914633,0.9868342454310696
2020-05-28 14:00:00,0.9962198269480135,0.9785638766486499,0.9983054696470604,0.9863717782756635
2020-05-29 07:00:00,0.9952965225924802,0.9785638766486499,0.9983054696470604,0.9851954875876262
2020-05-29 08:00:00,0.9951038649857642,0.9834980479695414,0.9985064031419569,0.9841526911165606
2020-05-29 09:00:00,0.9958586088856377,0.9872978957873649,0.9987550914120383,0.9853289818045978
2020-05-29 10:00:00,0.9958586088856377,0.9872978957873649,0.9984899585961196,0.9857914489600041
2020-05-29 11:00:00,0.994718566811732,0.9855316013132712,0.9983694628863601,0.9847897763699419
2020-05-29 12:00:00,0.9939638229118585,0.9855316013132712,0.9987550914120383,0.9847897763699419
2020-05-29 13:00:00,0.9930810025289324,0.9872978957873649,0.9984899585961196,0.983362392111076
2020-05-29 14:00:00,0.9928787041936051,0.9907706625686454,0.9981770214490895,0.9823195956400105
2020-06-01 07:00:00,0.9928787041936051,0.9930247081881317,0.9984899585961196,0.981857128484604
2020-06-01 08:00:00,0.9921576981733992,0.9930247081881317,0.9986268988517164,0.9810766892466855
2020-06-01 09:00:00,0.9907040366371322,0.9936566791591578,0.9982729875911533,0.9793200692429889
2020-06-01 10:00:00,0.9900639851469194,0.9936566791591576,0.9983541162255412,0.9771122457462038
2020-06-01 11:00:00,0.988460501202192,0.9936566791591576,0.9980078547752342,0.976398422213573
2020-06-01 12:00:00,0.9869883159434208,0.9930247081881319,0.9980078547752342,0.9758548483845161
2020-06-01 13:00:00,0.9865695267702909,0.9918059870263375,0.9980078547752342,0.9761105731561417
2020-06-01 14:00:00,0.9881765463349396,0.9944566294668479,0.9980078547752342,0.9775747129016102
2020-06-02 07:00:00,0.9902887830839238,0.9960259221586797,0.9980078547752342,0.9788321102632979
2020-06-02 08:00:00,0.9898215587126107,0.9937718765391936,0.9980078547752342,0.9792166980510983
2020-06-02 09:00:00,0.9877093219636265,0.9937718765391934,0.9978873590654748,0.978887462306268
2020-06-02 10:00:00,0.9863482644532079,0.9937718765391934,0.9981934659949269,0.9771675977891738
2020-06-02 11:00:00,0.9869883159434208,0.9937718765391934,0.9980565257393298,0.9771675977891738
2020-06-02 12:00:00,0.9888165978251525,0.9960259221586797,0.9983694628863601,0.9777846825914357
2020-06-02 13:00:00,0.9894059627009977,0.9952787538076181,0.9983694628863601,0.9789609732794727
2020-06-02 14:00:00,0.9895504319901004,0.9930247081881317,0.99805652573933,0.9792166980510983
2020-06-03 07:00:00,0.9895504319901006,0.9907706625686457,0.9982798306920783,0.9800637529943051
2020-06-03 08:00:00,0.9875776808192661,0.9878846459781334,0.9981106640182235,0.976983119923633
2020-06-03 09:00:00,0.9866995931244621,0.9907706625686457,0.9981934659949269,0.9766538841788023
2020-06-03 10:00:00,0.9866995931244621,0.9907706625686457,0.9986268988517164,0.9752264999199365
2020-06-03 11:00:00,0.9866995931244622,0.9930247081881317,0.9987080274861042,0.9756889670753425
2020-06-03 12:00:00,0.9889103804998878,0.995910724778644,0.9988771941599592,0.9760182028201733
2020-06-03 13:00:00,0.9905138644446152,0.9950886004378738,0.9991423269758782,0.976635287622435
2020-06-03 14:00:00,0.9902084544360222,0.9922025838473615,0.9991423269758782,0.976635287622435
2020-06-04 07:00:00,0.9891377091345023,0.9912887526200501,0.9991423269758782,0.9770198754102354
2020-06-04 08:00:00,0.9896005432760977,0.9930247081881317,0.9989617399737667,0.9763060518776044
2020-06-04 09:00:00,0.9912040272208251,0.9922025838473617,0.9991383525269112,0.9788431111192196
2020-06-04 10:00:00,0.9915484813746266,0.9912887526200501,0.998784441266348,0.9783806439638134
2020-06-04 11:00:00,0.9915484813746264,0.9930247081881319,0.9986078287132036,0.9773789713737513
2020-06-04 12:00:00,0.992939010101473,0.9950886004378737,0.9988672432430518,0.9788063556326173
2020-06-04 13:00:00,0.9932564120643255,0.9950886004378737,0.9990956345762743,0.9791909434204179
2020-06-04 14:00:00,0.9929510020557325,0.9950886004378737,0.9988672432430515,0.9777034843657084
2020-06-05 07:00:00,0.9927891876930126,0.994456629466848,0.9990956345762741,0.9777034843657084
2020-06-05 08:00:00,0.9918330398787951,0.9937718765391934,0.9991801803900817,0.9765271936776709
2020-06-05 09:00:00,0.9924447335392111,0.9950886004378737,0.9991801803900816,0.9755255210876089
2020-06-05 10:00:00,0.9924447335392111,0.9936566791591576,0.9990973784133781,0.9770129801423184
2020-06-05 11:00:00,0.9932564120643255,0.9950886004378737,0.9990128325995705,0.9777268036749492
2020-06-05 12:00:00,0.99363296393073,0.9965205217165898,0.9992266161056125,0.9777268036749492
2020-06-05 13:00:00,0.9925945559476715,0.9965205217165898,0.9988727048450495,0.9777268036749492
2020-06-05 14:00:00,0.9919043931714615,0.9965205217165898,0.9990128325995706,0.9773975679301186
2020-06-08 07:00:00,0.992342146326347,0.9980898144084217,0.999054660462741,0.9778600350855248
2020-06-08 08:00:00,0.9934272650446003,0.9987745673360762,0.9991856419920796,0.9787328446594123
2020-06-08 09:00:00,0.9942730154209428,0.9987745673360762,0.9990128325995705,0.9793131739750717
2020-06-08 10:00:00,0.9939556134580902,0.9987745673360762,0.9991383525269112,0.9779524054214934
2020-06-08 11:00:00,0.9930323091025568,0.9972052746442445,0.9991383525269112,0.9773720761058342
2020-06-08 12:00:00,0.9920367363177539,0.99652052171659,0.9991383525269112,0.9759079363603657
2020-06-08 13:00:00,0.992342146326347,0.99652052171659,0.9994034853428302,0.976909608950428
2020-06-08 14:00:00,0.993582852644733,0.9972052746442445,0.9993111619194199,0.9794466681920436
2020-06-09 07:00:00,0.9934272650446003,0.9972052746442442,0.9992266161056125,0.9800637529943051
2020-06-09 08:00:00,0.993582852644733,0.9972052746442445,0.9994917489215315,0.9793499294616741
2020-06-09 09:00:00,0.993582852644733,0.9940373977974467,0.9995344668721685,0.9788063556326173
2020-06-09 10:00:00,0.9942730154209428,0.9933526448697922,0.999408946944828,0.9788063556326173
2020-06-09 11:00:00,0.9942730154209428,0.9927206738987662,0.9991856419920796,0.9799826463206547
2020-06-09 12:00:00,0.9934272650446003,0.9892089227732684,0.9991856419920794,0.9789809737305922
2020-06-09 13:00:00,0.9920367363177539,0.9877770014945523,0.999054660462741,0.9767731502338074
2020-06-09 14:00:00,0.9911539159348278,0.9870922485668979,0.9993607673921932,0.9770609992912387
2020-06-10 07:00:00,0.9893256340530961,0.9836194817856174,0.9992325748318712,0.9759581280243298
2020-06-10 08:00:00,0.9875776808192659,0.9836194817856174,0.9990597654393621,0.9763427158121302
2020-06-10 09:00:00,0.9878719725168291,0.9829875108145916,0.9990597654393623,0.9756288922794991
2020-06-10 10:00:00,0.9863369745008801,0.9818531873115237,0.9988003509095144,0.9756288922794991
2020-06-10 11:00:00,0.9841261871254543,0.9836194817856174,0.9987593767959813,0.9713464766965053
2020-06-10 12:00:00,0.9831974654522305,0.9836194817856174,0.9984942439800623,0.9708840095410991
2020-06-10 13:00:00,0.9849454186860607,0.9805005010195204,0.9983997472493471,0.9708840095410991
2020-06-10 14:00:00,0.9850898879751634,0.9810872512102888,0.9983541162255412,0.9715978330737299
2020-06-11 07:00:00,0.9864804167020097,0.982519172489005,0.9985725566418561,0.974128088599505
2020-06-11 08:00:00,0.9876686470935289,0.9838358963876852,0.9986135307553891,0.974128088599505
2020-06-11 09:00:00,0.9898380750851385,0.9898408937442944,0.9989264679024191,0.9772087216701771
2020-06-11 10:00:00,0.9908764830681972,0.9898408937442944,0.998786340147898,0.9780815312440643
2020-06-11 11:00:00,0.9910263054766576,0.988524169845614,0.9987417233157111,0.9780815312440643
2020-06-11 12:00:00,0.9910263054766576,0.988524169845614,0.9986589213390074,0.9775379574150077
2020-06-11 13:00:00,0.9918720558530003,0.9898408937442943,0.9983388415362059,0.9780815312440643
2020-06-11 14:00:00,0.9937885515308629,0.993352644869792,0.9987417233157112,0.9769052405560271
2020-06-12 07:00:00,0.9953114234040016,0.9965205217165898,0.9990956345762741,0.9799302587773334
2020-06-12 08:00:00,0.9953114234040014,0.9965205217165898,0.9992684439687831,0.9799302587773334
2020-06-12 09:00:00,0.9960015861802116,0.9957733533655282,0.9992684439687831,0.9812910273309117
2020-06-12 10:00:00,0.9960015861802116,0.9950886004378737,0.99891453270822,0.9824673180189488
2020-06-12 11:00:00,0.9960015861802115,0.993352644869792,0.9987417233157112,0.9839314577644172
2020-06-12 12:00:00,0.9960015861802115,0.9927206738987662,0.9987844412663482,0.9836022220195867
2020-06-12 13:00:00,0.9960015861802116,0.9912887526200501,0.9983414049659881,0.98184560201589
2020-06-12 14:00:00,0.9953114234040018,0.993352644869792,0.9978883281525248,0.9808439294258279
2020-06-15 07:00:00,0.9953114234040018,0.9898408937442944,0.9975887591018221,0.9804593416380273
2020-06-15 08:00:00,0.9953114234040016,0.9885241698456142,0.9975887591018221,0.9799968744826214
2020-06-15 09:00:00,0.9953114234040016,0.993352644869792,0.9975887591018221,0.9794165451669621
2020-06-15 10:00:00,0.9966094973401359,0.99652052171659,0.9977357289858333,0.9819536044085774
2020-06-15 11:00:00,0.9966094973401359,0.9972052746442445,0.9979163159879447,0.9819536044085774
2020-06-15 12:00:00,0.9959193345639261,0.9965205217165898,0.9976930110351964,0.9812397808759463
2020-06-15 13:00:00,0.995036514181,0.9957733533655282,0.9975306874622663,0.9806962070468895
2020-06-15 14:00:00,0.993582852644733,0.9950886004378738,0.9975306874622663,0.9776155739762173
2020-06-16 07:00:00,0.9934272650446002,0.9922025838473617,0.9974443227651147,0.9769984891739554
2020-06-16 08:00:00,0.9930323091025568,0.9897194599282184,0.9974443227651149,0.9775788184896147
2020-06-16 09:00:00,0.99395561345809,0.9912887526200501,0.9976930110351964,0.9781591478052741
2020-06-16 10:00:00,0.9942730154209428,0.9912887526200501,0.9975306874622664,0.9781591478052741
2020-06-16 11:00:00,0.9930323091025568,0.9890347070005638,0.9975306874622663,0.9770562765383651
2020-06-16 12:00:00,0.9925945559476714,0.9870922485668979,0.9975306874622663,0.9756955079847871
2020-06-16 13:00:00,0.9908336478699417,0.9850283563171559,0.9969980890525766,0.9760800957725873
2020-06-16 14:00:00,0.9898380750851387,0.9821423397266438,0.9965260462738204,0.9733407540936689
2020-06-17 07:00:00,0.9884475463582925,0.9755505921792663,0.9964396815766688,0.9711329305968841
2020-06-17 08:00:00,0.9884475463582922,0.9786695729453632,0.9969722799863586,0.9711329305968841
2020-06-17 09:00:00,0.9893256340530963,0.9840847981603097,0.997493293284057,0.9724936991504622
2020-06-17 10:00:00,0.991153915934828,0.9878846459781334,0.9979267261408464,0.9745381682115899
2020-06-17 11:00:00,0.992342146326347,0.9907706625686457,0.9983207919222645,0.975251991744221
2020-06-17 12:00:00,0.9920367363177539,0.9895519414068513,0.9981978354247061,0.9774110041074804
2020-06-17 13:00:00,0.9920367363177539,0.9895519414068513,0.9977644025679164,0.9774110041074804
2020-06-17 14:00:00,0.9920367363177539,0.9901386915976196,0.9978873590654748,0.9767939193052185
2020-06-18 07:00:00,0.992342146326347,0.9869708147508218,0.9976334210385781,0.9742636637794435
2020-06-18 08:00:00,0.991153915934828,0.9834980479695414,0.9972715133726058,0.9754399544674809
2020-06-18 09:00:00,0.992342146326347,0.9863840645600536,0.9972715133726058,0.9768673387263469
2020-06-18 10:00:00,0.9934272650446002,0.9907706625686457,0.9972715133726058,0.9768673387263469
2020-06-18 11:00:00,0.9935828526447328,0.9869708147508218,0.9968380805158165,0.9764827509385465
2020-06-18 12:00:00,0.9935828526447328,0.9840847981603099,0.9966789748840903,0.9790130064643213
2020-06-18 13:00:00,0.9934272650446002,0.9796982001517176,0.996317067218118,0.9792430681573431
2020-06-18 14:00:00,0.9935828526447328,0.9796982001517176,0.9959395211700769,0.9781401968904339
2020-06-19 07:00:00,0.9932774426361399,0.9796982001517176,0.9960576526882701,0.9793975942521217
2020-06-19 08:00:00,0.9942730154209428,0.9825842167422297,0.9964605344677752,0.979860061407528
2020-06-19 09:00:00,0.99363296393073,0.9869708147508218,0.9967994705938498,0.979860061407528
2020-06-19 10:00:00,0.99363296393073,0.9869708147508218,0.9968939673245649,0.9802446491953283
2020-06-19 11:00:00,0.9937885515308625,0.9869708147508218,0.9962848776473335,0.9802446491953284
2020-06-19 12:00:00,0.99363296393073,0.9869708147508218,0.9959309663867707,0.9802446491953284
2020-06-19 13:00:00,0.9936329639307303,0.9869708147508218,0.996007457654312,0.9797821820399223
2020-06-19 14:00:00,0.9944787143070728,0.9869708147508218,0.9962668721841601,0.9789351270967155
2020-06-22 07:00:00,0.9944787143070728,0.9901386915976198,0.9967994705938499,0.9807583628057
2020-06-22 08:00:00,0.9936329639307301,0.9907706625686457,0.9964605344677755,0.9825815985146843
2020-06-22 09:00:00,0.9927872135543874,0.9895519414068513,0.996007457654312,0.9803737750178996
2020-06-22 10:00:00,0.9927872135543876,0.9930247081881319,0.996007457654312,0.9803737750178996
2020-06-22 11:00:00,0.9927872135543876,0.994456629466848,0.9964408905111015,0.9803737750178994
2020-06-22 12:00:00,0.9927872135543876,0.9960259221586797,0.9968184365591426,0.9808362421733057
2020-06-22 13:00:00,0.9927872135543876,0.99734264605736,0.9972040650848211,0.9808362421733057
2020-06-22 14:00:00,0.9933155619678771,0.9980898144084218,0.9972040650848211,0.9812987093287119
2020-06-23 07:00:00,0.9945080590226362,0.9980898144084218,0.9972040650848211,0.9821715189025991
2020-06-23 08:00:00,0.9953538093989789,0.9966578931297058,0.9972040650848211,0.9836589779573086
2020-06-23 09:00:00,0.996015665515633,0.9980898144084218,0.9972040650848211,0.9840435657451091
2020-06-23 10:00:00,0.9953538093989791,0.9987745673360762,0.9966199843103697,0.9837143300002786
2020-06-23 11:00:00,0.9943372060423616,0.9987745673360762,0.9962763711654866,0.9815065065034936
2020-06-23 12:00:00,0.9949990621590156,0.9987745673360762,0.9962763711654866,0.9821235913057555
2020-06-23 13:00:00,0.9949990621590156,0.9987745673360762,0.9961968495692601,0.9831252638958177
2020-06-23 14:00:00,0.994999062159016,0.9980898144084217,0.9962763711654864,0.983587731051224
2020-06-24 07:00:00,0.9953294369773957,0.9987745673360762,0.9963220021892923,0.9839723188390244
2020-06-24 08:00:00,0.9953294369773957,0.9987745673360762,0.9962763711654864,0.9839723188390244
2020-06-24 09:00:00,0.9949990621590158,0.9987745673360762,0.9959830660632182,0.9829706462489622
2020-06-24 10:00:00,0.9949990621590158,0.99652052171659,0.9953312490356464,0.9835142200780189
2020-06-24 11:00:00,0.9949990621590158,0.9933526448697922,0.9949070105880011,0.9822568227163311
2020-06-24 12:00:00,0.9949990621590158,0.993352644869792,0.9949070105880011,0.9832584953063934
2020-06-24 13:00:00,0.9965219340321546,0.9958357687889353,0.9949070105880011,0.9857955545480088
2020-06-24 14:00:00,0.9973137394517676,0.9980898144084217,0.9949070105880011,0.9857955545480088
2020-06-25 07:00:00,0.9969539514939374,0.99734264605736,0.9949070105880011,0.9853330873926026
2020-06-25 08:00:00,0.9962920953772831,0.99734264605736,0.9945680744619266,0.9853330873926026
2020-06-25 09:00:00,0.9949940214411488,0.99734264605736,0.9945680744619267,0.980820610116587
2020-06-25 10:00:00,0.9955002899576704,0.9957733533655282,0.9949070105880011,0.9793932258577208
2020-06-25 11:00:00,0.9946174695747443,0.9926054765187304,0.9947911522450879,0.9779290861122526
2020-06-25 12:00:00,0.9956558775578032,0.9957733533655282,0.9948305193204596,0.9785094154279118
2020-06-25 13:00:00,0.9939774180845313,0.993519307746042,0.9940835615941946,0.9775077428378495
2020-06-25 14:00:00,0.993491455666019,0.9897194599282184,0.9935364577116534,0.9775077428378495
2020-06-26 07:00:00,0.9943372060423616,0.9912887526200502,0.993197521585579,0.979457669047965
2020-06-26 08:00:00,0.9949990621590158,0.9927206738987664,0.9932725826893642,0.9806339597360024
2020-06-26 09:00:00,0.9949990621590158,0.993352644869792,0.9932725826893642,0.9806339597360024
2020-06-26 10:00:00,0.9949990621590158,0.9912887526200502,0.9931589116636124,0.9806339597360024
2020-06-26 11:00:00,0.9949990621590158,0.9912887526200502,0.9935364577116533,0.9802493719482018
2020-06-26 12:00:00,0.9949990621590158,0.9912887526200501,0.9931655652589535,0.9797869047927956
2020-06-26 13:00:00,0.9949990621590158,0.9912887526200501,0.9925954897068126,0.9786106141047585
2020-06-26 14:00:00,0.9949990621590158,0.9950886004378737,0.9930254375044324,0.9786106141047587
2020-06-29 07:00:00,0.9943372060423616,0.9922025838473615,0.9925819576890011,0.9816356323260645
2020-06-29 08:00:00,0.9936753499257076,0.9922025838473617,0.9926935224801973,0.9798790123223683
2020-06-29 09:00:00,0.9928636714005931,0.9922025838473617,0.9925039806916626,0.9781591478052741
2020-06-29 10:00:00,0.9916090318393848,0.989034707000564,0.9928358957158977,0.9774453242726431
2020-06-29 11:00:00,0.9904689897654789,0.9878159858387695,0.9917864885824064,0.9751451304398898
2020-06-29 12:00:00,0.990468989765479,0.9878159858387695,0.9913434522820463,0.9741023339688243
2020-06-29 13:00:00,0.9881497393654088,0.9836194817856174,0.9912654752847079,0.9721524077587087
2020-06-29 14:00:00,0.9866775541066375,0.9764801609259404,0.9910828360051427,0.970202481548593
2020-06-30 07:00:00,0.9873133389336104,0.9773022852667106,0.9901979769852592,0.9709761170706713
2020-06-30 08:00:00,0.9875972938008625,0.9744162686761983,0.9903806162648244,0.9699933953954495
2020-06-30 09:00:00,0.9873133389336103,0.9689687935421137,0.9901199999879207,0.9699933953954495
2020-06-30 10:00:00,0.9880645181721756,0.9727686413599373,0.9901199999879207,0.9703226311402798
2020-06-30 11:00:00,0.988408972325977,0.9744162686761983,0.9902891666617757,0.9709029604559394
2020-06-30 12:00:00,0.9900924378990743,0.9797892950617817,0.9909647044869494,0.9709029604559392
2020-06-30 13:00:00,0.9913470774602827,0.9817317534954476,0.9920493343428909,0.9709029604559394
2020-06-30 14:00:00,0.9913470774602827,0.9846177700859599,0.9925703476405895,0.9709029604559392
2020-07-01 07:00:00,0.9905353989351683,0.9863840645600533,0.9927177641977047,0.9730619728191984
2020-07-01 08:00:00,0.990251444067916,0.9814498932391621,0.9922384326163544,0.9705317172934236
2020-07-01 09:00:00,0.9889968045067077,0.9846177700859599,0.991835550836849,0.968775097289727
2020-07-01 10:00:00,0.9884179543049758,0.9857520935890277,0.991835550836849,0.9705317172934236
2020-07-01 11:00:00,0.9871874866067314,0.9833010461872795,0.9910817032256274,0.9705317172934236
2020-07-01 12:00:00,0.9884179543049758,0.9798282794059989,0.9914136182498624,0.9699146324911617
2020-07-01 13:00:00,0.9896586606233618,0.9833010461872795,0.9921674658610842,0.9702992202789623
2020-07-01 14:00:00,0.9905784003175868,0.9798282794059989,0.9924161541311656,0.9713420167500277
2020-07-02 07:00:00,0.9923393083953168,0.9798282794059989,0.9926878810309651,0.9718044839054338
2020-07-02 08:00:00,0.9923393083953168,0.9806504037467692,0.9929717911705734,0.9707616874343684
2020-07-02 09:00:00,0.9919948542415153,0.9806504037467692,0.993406505919737,0.9715353229564467
2020-07-02 10:00:00,0.9912436750029499,0.9806504037467692,0.9931409578444284,0.9715353229564467
2020-07-02 11:00:00,0.9923393083953168,0.9806504037467692,0.9931811123652833,0.971823172013878
2020-07-02 12:00:00,0.9923393083953168,0.9838486194995789,0.993406505919737,0.9737730982239936
2020-07-02 13:00:00,0.9936720080759387,0.9838486194995788,0.9938093876992422,0.9744869217566247
2020-07-02 14:00:00,0.9933275539221372,0.977885820972333,0.9939750621474375,0.9724424526954971
2020-07-06 07:00:00,0.9941602630190659,0.9806504037467689,0.9948721945868652,0.9719799855400907
2020-07-06 08:00:00,0.9935485693586502,0.9806504037467689,0.9945169783501352,0.9750606186107631
2020-07-06 09:00:00,0.9946886114325557,0.9806504037467689,0.9941140965706298,0.9750606186107631
2020-07-06 10:00:00,0.993998448656346,0.9806504037467689,0.9941140965706298,0.976780483127857
2020-07-06 11:00:00,0.9949661477741005,0.9806504037467692,0.9941140965706298,0.9778232795989225
2020-07-06 12:00:00,0.9959617205589032,0.9806504037467692,0.99411409657063,0.9778232795989225
2020-07-06 13:00:00,0.995409274994357,0.9833010461872795,0.9940739420497752,0.9773608124435164
2020-07-06 14:00:00,0.995103864985764,0.9833010461872795,0.9936392273006117,0.9761034150818285
2020-07-07 07:00:00,0.9952965225924802,0.9853649384370214,0.9929717911705733,0.9751017424917664
2020-07-07 08:00:00,0.9952965225924802,0.9828818145178781,0.9921674658610842,0.9755642096471724
2020-07-07 09:00:00,0.9939638229118584,0.979170294951875,0.9921674658610842,0.9745214131761067
2020-07-07 10:00:00,0.9944921713253484,0.9799174633029367,0.9921674658610842,0.973094028917241
2020-07-07 11:00:00,0.993355911751934,0.9750889882787586,0.9924161541311656,0.9717332603636629
2020-07-07 12:00:00,0.993355911751934,0.9799174633029367,0.9930845839859793,0.9712707932082566
2020-07-07 13:00:00,0.9935318054500759,0.9828818145178781,0.9930845839859793,0.97357098704101
2020-07-07 14:00:00,0.9943120595661513,0.982881814517878,0.993274125774514,0.973027413211953
2020-07-08 07:00:00,0.9954483191395657,0.9878159858387696,0.9940390840086315,0.9740702096830186
2020-07-08 08:00:00,0.9950330655863574,0.9909838626855674,0.9943929952691948,0.9758934453920031
2020-07-08 09:00:00,0.9938405685315982,0.9878159858387696,0.9944331497900493,0.9767405003352096
2020-07-08 10:00:00,0.9931195625113922,0.9843042347132717,0.9945861878911729,0.9777421729252721
2020-07-08 11:00:00,0.9923393083953168,0.9793700633923802,0.9943929952691948,0.9777421729252719
2020-07-08 12:00:00,0.9931195625113923,0.978685310464726,0.9943929952691946,0.9780300219827031
2020-07-08 13:00:00,0.9943120595661513,0.9846481089919719,0.9952536240212114,0.9792874193443908
2020-07-08 14:00:00,0.9950330655863572,0.9878159858387696,0.995599885471518,0.9803302158154564
2020-07-09 07:00:00,0.9955002899576703,0.989034707000564,0.9958814182626267,0.9817576000743224
2020-07-09 08:00:00,0.9956841842173586,0.9912887526200502,0.9960998586789416,0.9795497765775376
2020-07-09 09:00:00,0.9951558358038689,0.9912887526200502,0.9960998586789416,0.9800122437329438
2020-07-09 10:00:00,0.9962920953772834,0.9950886004378738,0.9964521066558106,0.9800122437329438
2020-07-09 11:00:00,0.9955002899576703,0.9958357687889355,0.9966287192089551,0.9800122437329438
2020-07-09 12:00:00,0.9941392324472516,0.9950886004378737,0.9966287192089551,0.9800122437329438
2020-07-09 13:00:00,0.9941392324472516,0.9950886004378737,0.9962308402082799,0.9800122437329438
2020-07-09 14:00:00,0.9939774180845313,0.994456629466848,0.9964317737031767,0.9802679685045693
2020-07-10 07:00:00,0.9939774180845313,0.9950886004378737,0.9962308402082799,0.9790105711428815
2020-07-10 08:00:00,0.9932564120643255,0.9950886004378737,0.9959769021813831,0.9800122437329438
2020-07-10 09:00:00,0.9927891876930126,0.9944566294668479,0.9956953693902747,0.9800122437329438
2020-07-10 10:00:00,0.993165739559417,0.9927206738987662,0.9951107352369399,0.9810139163230059
2020-07-10 11:00:00,0.993165739559417,0.993352644869792,0.9953922680280484,0.9822713136846937
2020-07-10 12:00:00,0.993165739559417,0.9920359209711118,0.9951107352369399,0.9810139163230059
2020-07-10 13:00:00,0.9924447335392111,0.993352644869792,0.9951872265044814,0.9806293285352056
2020-07-10 14:00:00,0.9929510020557326,0.9940373977974465,0.9953182080338198,0.9818867258968933
2020-07-13 07:00:00,0.9932564120643255,0.9940373977974465,0.9950309098417717,0.9814242587414872
2020-07-13 08:00:00,0.993694165219211,0.9957733533655282,0.9950309098417717,0.9814242587414873
2020-07-13 09:00:00,0.9940245400375909,0.9957733533655282,0.9944752728023638,0.980961791586081
2020-07-13 10:00:00,0.9935867868827054,0.99652052171659,0.9943889081052122,0.9799189951150153
2020-07-13 11:00:00,0.9918258788049754,0.9950886004378738,0.9940191117354024,0.9785582265614373
2020-07-13 12:00:00,0.9899738527762184,0.994456629466848,0.9934044193510746,0.9781736387736369
2020-07-13 13:00:00,0.9906948587964243,0.994456629466848,0.9932762267907527,0.9781736387736369
2020-07-13 14:00:00,0.9896564508133657,0.9930247081881319,0.9930420600552412,0.9751486205523305
2020-07-14 07:00:00,0.9882659220865193,0.9937718765391934,0.9930792398134517,0.9754778562971611
2020-07-14 08:00:00,0.9882659220865193,0.9899720287213698,0.9930420600552412,0.9757657053545924
2020-07-14 09:00:00,0.9905851724865894,0.9899720287213698,0.9937431171367205,0.9769419960426298
2020-07-14 10:00:00,0.9909025744494422,0.98997202872137,0.993786763883235,0.9773265838304301
2020-07-14 11:00:00,0.9907407600867222,0.9912887526200501,0.9941937400112552,0.9773265838304301
2020-07-14 12:00:00,0.992501668164452,0.9930247081881317,0.994749377050663,0.9793710528915579
2020-07-14 13:00:00,0.9941801276377235,0.9930247081881317,0.9955728260444694,0.9819081121331733
2020-07-14 14:00:00,0.9930438680643091,0.9911212340986831,0.9958601242365175,0.9822926999209739
2020-07-15 07:00:00,0.9930438680643091,0.9882352175081709,0.9955349446988946,0.9826219356658044
2020-07-15 08:00:00,0.9930438680643093,0.989057341848941,0.9955728260444694,0.9822926999209739
2020-07-15 09:00:00,0.9943419420004437,0.9925301086302215,0.9958601242365175,0.9815788763883427
2020-07-15 10:00:00,0.9941801276377237,0.989057341848941,0.9955349446988946,0.9801514921294767
2020-07-15 11:00:00,0.9938627256748707,0.988235217508171,0.9952030296746595,0.979534407327215
2020-07-15 12:00:00,0.9946174695747443,0.9902991097579129,0.9955728260444694,0.9799968744826212
2020-07-15 13:00:00,0.9933767632563583,0.9853649384370214,0.9947493770506632,0.9792830509499901
2020-07-15 14:00:00,0.9932269408478981,0.9853649384370214,0.9944241975130401,0.9784102413761029
2020-07-16 07:00:00,0.9946174695747443,0.9853649384370213,0.994749377050663,0.9781223923186716
2020-07-16 08:00:00,0.9941315071562318,0.9853649384370213,0.9947493770506632,0.976077923257544
2020-07-16 09:00:00,0.9923032252744999,0.9860496913646759,0.9944241975130401,0.9727672284938499
2020-07-16 10:00:00,0.993491455666019,0.9825379402391781,0.9947493770506632,0.9727672284938501
2020-07-16 11:00:00,0.9934914556660188,0.9770904651050933,0.9938685604736323,0.9723047613384439
2020-07-16 12:00:00,0.992060922406669,0.9764057121774389,0.9938685604736323,0.9723047613384439
2020-07-16 13:00:00,0.991425137579696,0.9729582874884746,0.993461584345612,0.9697677020968283
2020-07-16 14:00:00,0.9906134590545816,0.9682700140305457,0.9924845326654507,0.9680711568889754
2020-07-17 07:00:00,0.9906134590545816,0.9694465363629768,0.9924845326654507,0.9680711568889753
2020-07-17 08:00:00,0.9906134590545816,0.9694465363629768,0.9924845326654507,0.9680711568889754
2020-07-17 09:00:00,0.9891058871796259,0.9764057121774389,0.9924845326654509,0.9668948662009382
2020-07-17 10:00:00,0.9881497393654088,0.9764057121774389,0.9920856696822064,0.9666070171435069
2020-07-17 11:00:00,0.9881497393654088,0.9781416677455205,0.9920410528500194,0.9666070171435069
2020-07-17 12:00:00,0.9906134590545816,0.9846177700859599,0.9930181045301807,0.9676086897335691
2020-07-17 13:00:00,0.9906134590545815,0.9833010461872793,0.993461584345612,0.9672241019457689
2020-07-17 14:00:00,0.9906134590545816,0.9833010461872793,0.993461584345612,0.9660478112577315
2020-07-20 07:00:00,0.990236907188177,0.9798282794059989,0.9928468919612841,0.9670494838477938
2020-07-20 08:00:00,0.990236907188177,0.9787674022805063,0.9928468919612841,0.9660478112577315
2020-07-20 09:00:00,0.98928075937396,0.9762842783613629,0.9923942848094577,0.9663770470025621
2020-07-20 10:00:00,0.9896573112403644,0.9817317534954476,0.9928468919612841,0.9667062827473923
2020-07-20 11:00:00,0.9896573112403644,0.9752556511550083,0.9928468919612841,0.9652421430019241
2020-07-20 12:00:00,0.9906134590545815,0.9752556511550086,0.9928032452147696,0.9669386882097771
2020-07-20 13:00:00,0.9914251375796962,0.974341819927697,0.9928468919612841,0.9669386882097771
2020-07-20 14:00:00,0.9906134590545819,0.9766214182149839,0.9928468919612841,0.964401628968162
2020-07-21 07:00:00,0.9881497393654086,0.974341819927697,0.9928468919612841,0.9630408604145835
2020-07-21 08:00:00,0.9861964550587146,0.9708690531464165,0.9928032452147698,0.9630408604145835
2020-07-21 09:00:00,0.9865562430165447,0.9686639036076309,0.9931730415845795,0.964505000160052
2020-07-21 10:00:00,0.9865562430165447,0.9671199530081154,0.9927295617691482,0.9647350618530736
2020-07-21 11:00:00,0.9865562430165447,0.9639520761613176,0.9923141343755323,0.9644058261082431
2020-07-21 12:00:00,0.9863723487568563,0.9668380927518297,0.9923597653993383,0.9644058261082431
2020-07-21 13:00:00,0.9870081335838291,0.9710326857918555,0.9917288444063515,0.9684325169196116
2020-07-21 14:00:00,0.9860883938896041,0.9615226650562642,0.991619309194811,0.9669450578649021
2020-07-22 07:00:00,0.9889614178905233,0.9682700140305457,0.9922502301877979,0.9681213485529393
2020-07-22 08:00:00,0.9894473803090357,0.9710326857918558,0.9925985802398098,0.9692976392409767
2020-07-22 09:00:00,0.9896312745687242,0.9742005626386536,0.991967659246823,0.9652709484296081
2020-07-22 10:00:00,0.9887855241923814,0.9704007148208299,0.9917288444063515,0.964094657741571
2020-07-22 11:00:00,0.9899255662662872,0.9717174387195101,0.9921723242217827,0.9637654219967403
2020-07-22 12:00:00,0.9896312745687241,0.9717174387195101,0.9920986407761613,0.9642278891521467
2020-07-22 13:00:00,0.9909549521839914,0.9770904651050933,0.9931730415845795,0.9642278891521465
2020-07-22 14:00:00,0.9909549521839914,0.9764057121774389,0.9933739750794763,0.9652295617422088
2020-07-23 07:00:00,0.9909549521839914,0.9764057121774389,0.9933739750794763,0.9670527974511932
2020-07-23 08:00:00,0.9891029261552342,0.9750889882787586,0.9933739750794763,0.964027779229887
2020-07-23 09:00:00,0.9885135612793892,0.9750889882787586,0.9929304952640449,0.9625636394844185
2020-07-23 10:00:00,0.9891029261552342,0.9750889882787586,0.992126764878549,0.9631072133134755
2020-07-23 11:00:00,0.9894473803090357,0.9780533394936999,0.9922549574388709,0.9626447461580693
2020-07-23 12:00:00,0.9879751950502645,0.9704007148208299,0.9918202426897075,0.961662024482847
2020-07-23 13:00:00,0.9896586606233618,0.9764057121774391,0.9924055326588885,0.9619912602276777
2020-07-23 14:00:00,0.9894827669252201,0.9764057121774391,0.9914426966416665,0.9645538112935778
2020-07-24 07:00:00,0.9905784003175868,0.9793700633923804,0.991529061338818,0.964841660351009
2020-07-24 08:00:00,0.9896586606233618,0.9770904651050933,0.9909221836116077,0.966017951039046
2020-07-24 09:00:00,0.9894827669252201,0.9764057121774389,0.9898587187779956,0.9645538112935778
2020-07-24 10:00:00,0.9905784003175868,0.9793700633923802,0.9898587187779956,0.9638399877609465
2020-07-24 11:00:00,0.9896586606233618,0.9770904651050933,0.9898587187779956,0.9626656461445243
2020-07-24 12:00:00,0.9894827669252201,0.9793700633923802,0.9898587187779956,0.9622031789891181
2020-07-24 13:00:00,0.9889039167234883,0.9739970370067971,0.9902422915524576,0.9607390392436497
2020-07-24 14:00:00,0.987220451150391,0.9726803131081168,0.9904392785297584,0.9607390392436499
2020-07-27 07:00:00,0.9842125928435941,0.9662042107676776,0.9900975336184672,0.9612015063990559
2020-07-27 08:00:00,0.9843744072063143,0.9588248908223702,0.9898587187779956,0.9609457816274304
2020-07-27 09:00:00,0.985260420750757,0.9492061965563378,0.989587609494136,0.9614893554564872
2020-07-27 10:00:00,0.9843744072063141,0.9450116035163117,0.9890830566491053,0.9601381643000081
2020-07-27 11:00:00,0.9843744072063141,0.9465555541158274,0.9888070620504233,0.9587107800411421
2020-07-27 12:00:00,0.9832381476328997,0.946007980803528,0.9892252501983028,0.9578379704672547
2020-07-27 13:00:00,0.9822216508111681,0.9450116035163117,0.9879176397829452,0.9567951739961891
2020-07-27 14:00:00,0.9808605933007493,0.9465555541158274,0.9874741599675139,0.9555377766345012
2020-07-28 07:00:00,0.9806987789380293,0.946007980803528,0.9871122523015416,0.9530007173928858
2020-07-28 08:00:00,0.9779567840760223,0.9450116035163117,0.9869725338242584,0.95157333313402
2020-07-28 09:00:00,0.9753840016685407,0.9465555541158274,0.9871122523015416,0.9503970424459827
2020-07-28 10:00:00,0.9748980392500283,0.946007980803528,0.9873419486109309,0.9496234069239043
2020-07-28 11:00:00,0.9717805393745987,0.9450116035163117,0.9873419486109309,0.9473941971908395
2020-07-28 12:00:00,0.9721109141929785,0.9492061965563378,0.9873419486109309,0.9478799836554868
2020-07-28 13:00:00,0.9721109141929785,0.9480718730532699,0.9873419486109309,0.949724605600751
2020-07-28 14:00:00,0.9721109141929785,0.9470754957660537,0.9873419486109309,0.9484970684577485
2020-07-29 07:00:00,0.9743533217820802,0.9582381406316017,0.9885073654770911,0.9481678327129178
2020-07-29 08:00:00,0.9720696626570062,0.9561742483818598,0.9878610960416493,0.948167832712918
2020-07-29 09:00:00,0.9691914702409316,0.9566875521950531,0.988014134142773,0.9453429244138714
2020-07-29 10:00:00,0.9714751293660057,0.9615160272192312,0.9885073654770911,0.9473873934749991
2020-07-29 11:00:00,0.9717805393745985,0.9566875521950531,0.9883141728551125,0.9463445970039335
2020-07-29 12:00:00,0.9682742542011683,0.95215390828828,0.9883141728551125,0.9437820459380337
2020-07-29 13:00:00,0.9682742542011683,0.9535282308769779,0.9894148174469352,0.9417375768769058
2020-07-29 14:00:00,0.9682742542011683,0.9564142474674903,0.9895876268394439,0.9434941968806024
2020-07-30 07:00:00,0.9691914702409317,0.9473873002059219,0.9899639871241528,0.9440377707096592
2020-07-30 08:00:00,0.9679688441925753,0.9378772794703305,0.9897846138167449,0.9440377707096592
2020-07-30 09:00:00,0.97084703660865,0.9423705828251258,0.9905883442022407,0.9450095830810361
2020-07-30 10:00:00,0.9724000374753862,0.9362246553403738,0.9903044340626326,0.9453388188258667
2020-07-30 11:00:00,0.9719328131040731,0.9312079379595776,0.9901762415023105,0.9455945435974924
2020-07-30 12:00:00,0.9745218822377401,0.9423705828251258,0.9909647044869496,0.9455945435974924
2020-07-30 13:00:00,0.9724000374753862,0.944624628444612,0.9909647044869496,0.9455945435974924
2020-07-30 14:00:00,0.9719328131040731,0.9446246284446119,0.9905116276734864,0.9455945435974924
2020-07-31 07:00:00,0.97101559706431,0.9446246284446119,0.9893315370032817,0.9455945435974924
2020-07-31 08:00:00,0.9724000374753862,0.9446246284446119,0.9893315370032816,0.9458502683691179
2020-07-31 09:00:00,0.9721109141929786,0.9446246284446119,0.9901199999879209,0.9458502683691179
2020-07-31 10:00:00,0.9721109141929785,0.9453717967956735,0.990407298179969,0.9468519409591801
2020-07-31 11:00:00,0.9710438757447549,0.9453717967956735,0.9896188351953299,0.9482031321156593
2020-07-31 12:00:00,0.9748392842005927,0.9493129019025406,0.9896188351953299,0.9479474073440337
2020-07-31 13:00:00,0.976792568507287,0.9562720777170027,0.9896188351953299,0.9491491898563555
2020-07-31 14:00:00,0.974508909382213,0.9599835972830059,0.9896188351953299,0.9465866387904555
2020-08-03 07:00:00,0.974508909382213,0.9652990249785712,0.9896188351953299,0.9458728152578244
2020-08-03 08:00:00,0.9748392842005927,0.9690105445445742,0.9896188351953299,0.9424632092487178
2020-08-03 09:00:00,0.9748392842005927,0.9761498654042512,0.9900719120087931,0.9442864449577022
2020-08-03 10:00:00,0.9748392842005927,0.9786009128059995,0.9905328181073095,0.9450002684903333
2020-08-03 11:00:00,0.9779567840760223,0.9786009128059994,0.9910152214830413,0.9452559932619587
2020-08-03 12:00:00,0.9779567840760225,0.9821126639314971,0.9918189518685371,0.9478185443278588
2020-08-03 13:00:00,0.9779567840760225,0.9786009128059994,0.9918189518685371,0.9482031321156592
2020-08-03 14:00:00,0.9806987789380293,0.9813654955804355,0.9924736339268585,0.9522298229270275
2020-08-04 07:00:00,0.9828206237003833,0.9857520935890275,0.9924736339268585,0.9550547312260742
2020-08-04 08:00:00,0.9830735560141305,0.989224860370308,0.9924736339268585,0.957262554722859
2020-08-04 09:00:00,0.9830735560141305,0.988402736029538,0.9923113103539285,0.9586233232764373
2020-08-04 10:00:00,0.9837726508730095,0.9864992619400892,0.9926596604059404,0.9582940875316066
2020-08-04 11:00:00,0.982587593595618,0.9810840367251428,0.9924736339268585,0.9572307454325587
2020-08-04 12:00:00,0.9830735560141305,0.9803368683740812,0.9923113103539286,0.9544058371335122
2020-08-04 13:00:00,0.9800786288383763,0.9803368683740812,0.9923113103539285,0.9548683042889186
2020-08-04 14:00:00,0.9800786288383763,0.9780828227545948,0.9920676589083949,0.9531484397718244
2020-08-05 07:00:00,0.9800786288383763,0.9775352494422954,0.9914129768500732,0.9543247304598617
2020-08-05 08:00:00,0.9800786288383763,0.9815555895358753,0.9916566282956071,0.9536109069272304
2020-08-05 09:00:00,0.9809041280225207,0.9771689915272832,0.9916566282956071,0.9536109069272306
2020-08-05 10:00:00,0.9779092008467664,0.9754026970531895,0.9909183603449259,0.951381697194166
2020-08-05 11:00:00,0.9777406403911066,0.9766214182149838,0.9909183603449259,0.9519987819964275
2020-08-05 12:00:00,0.9777406403911066,0.9771689915272832,0.9909183603449259,0.95322631913943
2020-08-05 13:00:00,0.9777406403911066,0.9754026970531895,0.9909183603449259,0.952938470081999
2020-08-05 14:00:00,0.9772343718745852,0.9766214182149838,0.9899555243277038,0.9521648345599206
2020-08-06 07:00:00,0.9794037998661949,0.9825842167422297,0.9894509541373652,0.9552726457200961
2020-08-06 08:00:00,0.9808911551669935,0.9840161380209459,0.988561531869887,0.9552726457200961
2020-08-06 09:00:00,0.9826520632447235,0.9878159858387696,0.9888326411537467,0.9566334142736743
2020-08-06 10:00:00,0.9855205860952123,0.9909838626855674,0.9896793454705878,0.9603722560276116
2020-08-06 11:00:00,0.9835067457037351,0.9922025838473617,0.9893541659329647,0.9603722560276116
2020-08-06 12:00:00,0.982145794728202,0.9909838626855674,0.9893541659329647,0.9615485467156487
2020-08-06 13:00:00,0.9808911551669935,0.9909838626855674,0.9895929807734363,0.9590114874740333
2020-08-06 14:00:00,0.9784519084417868,0.9928873367750162,0.9900975336184672,0.9564744282324179
2020-08-07 07:00:00,0.9755737160257122,0.9922025838473617,0.9901402515691042,0.9578351967859962
2020-08-07 08:00:00,0.9740863607249136,0.9909838626855674,0.9894509541373652,0.9561153322689021
2020-08-07 09:00:00,0.9755737160257122,0.9922025838473617,0.989651887632262,0.9566011187335491
2020-08-07 10:00:00,0.977334624103442,0.9930247081881319,0.9898802789654846,0.9566011187335491
2020-08-07 11:00:00,0.977970408930415,0.9917079842894516,0.9902566392501932,0.9577754603499714
2020-08-07 12:00:00,0.9803479632625653,0.9937718765391934,0.9906422677758717,0.958031185121597
2020-08-07 13:00:00,0.9827589313073273,0.9937718765391934,0.9918504905434743,0.9608560934206436
2020-08-07 14:00:00,0.9830763332701798,0.991121234098683,0.9918504905434743,0.9635954350995622
2020-08-10 07:00:00,0.985098606388037,0.9918059870263375,0.9918504905434742,0.9633397103279369
2020-08-10 08:00:00,0.9847682315696573,0.9918059870263375,0.9918504905434742,0.9627226255256749
2020-08-10 09:00:00,0.9840440323879344,0.9895519414068514,0.9913805530718607,0.9646725517357906
2020-08-10 10:00:00,0.985098606388037,0.9918059870263375,0.9916018022733927,0.9646725517357906
2020-08-10 11:00:00,0.9847682315696571,0.9918059870263375,0.9918504905434742,0.9646725517357906
2020-08-10 12:00:00,0.9840440323879344,0.9895519414068511,0.9912436128162637,0.9644424900427688
2020-08-10 13:00:00,0.985098606388037,0.9895519414068513,0.9902566392501932,0.9644424900427688
2020-08-10 14:00:00,0.985098606388037,0.9911212340986831,0.9904616807737603,0.9629783502973004
2020-08-11 07:00:00,0.9850986063880369,0.988235217508171,0.9904616807737603,0.9627226255256749
2020-08-11 08:00:00,0.9850986063880369,0.9911212340986831,0.9894099349333523,0.9612952412668089
2020-08-11 09:00:00,0.9836449448517699,0.9893852785306013,0.9894517627965227,0.9619123260690708
2020-08-11 10:00:00,0.982758931307327,0.9899720287213698,0.9887624653647838,0.9614731782229055
2020-08-11 11:00:00,0.9813978737969082,0.9899720287213698,0.988561531869887,0.9600090384774368
2020-08-11 12:00:00,0.9809306494255952,0.9920359209711118,0.988199624203915,0.9574719792358216
2020-08-11 13:00:00,0.9787198620501696,0.988524169845614,0.9871604678222832,0.9566915399979028
2020-08-11 14:00:00,0.9752923971836761,0.988524169845614,0.98666553310827,0.9537605783777839
2020-08-12 07:00:00,0.9775348047727781,0.9920359209711118,0.9872516126764384,0.9540484274352151
2020-08-12 08:00:00,0.975682778744021,0.9912887526200501,0.9872516126764381,0.9552247181232525
2020-08-12 09:00:00,0.9745871453516542,0.9919735055477046,0.9867068989773584,0.952924524290499
2020-08-12 10:00:00,0.9747176286289433,0.9919735055477046,0.986458210707277,0.9537715792337058
2020-08-12 11:00:00,0.9737011318072113,0.9919735055477046,0.9861348560978935,0.9529639619062834
2020-08-12 12:00:00,0.9745871453516542,0.9912887526200501,0.9863817194397357,0.9546443888075932
2020-08-12 13:00:00,0.9747176286289431,0.989034707000564,0.9860884143374672,0.9543565397501619
2020-08-12 14:00:00,0.9760413062442105,0.989856831341334,0.9860884143374672,0.9568935989917772
2020-08-13 07:00:00,0.9763111249778071,0.9936566791591578,0.9872166514454168,0.9576740382296961
2020-08-13 08:00:00,0.9763111249778071,0.989856831341334,0.9874300533683216,0.95721157107429
2020-08-13 09:00:00,0.9761806417005184,0.9850283563171559,0.9874679347138964,0.9563387615004028
2020-08-13 10:00:00,0.9745736221358695,0.9821423397266436,0.9865411232762987,0.9549875703439236
2020-08-13 11:00:00,0.9763111249778071,0.9821423397266436,0.9857826825381589,0.9566679972452332
2020-08-13 12:00:00,0.9761806417005184,0.9815555895358755,0.9845875132927594,0.9563387615004028
2020-08-13 13:00:00,0.9752946281560754,0.9771689915272834,0.9839708535811071,0.956108699807381
2020-08-13 14:00:00,0.9763111249778071,0.9742829749367711,0.9842177169229493,0.9552616448641742
2020-08-14 07:00:00,0.976311124977807,0.9683201764095253,0.9841805371647389,0.9558924126515398
2020-08-14 08:00:00,0.9761806417005182,0.9606675517366549,0.9833391783486325,0.957068703339577
2020-08-14 09:00:00,0.9731727833937215,0.9557333804157636,0.9830544336612156,0.9543293616606585
2020-08-14 10:00:00,0.9731727833937213,0.9535282308769779,0.9834979134766468,0.9540001259158278
2020-08-14 11:00:00,0.9731727833937215,0.9521539082882797,0.984512452188974,0.9517923024190431
2020-08-14 12:00:00,0.9737011318072113,0.946007980803528,0.9847611404590556,0.9520801514764744
2020-08-14 13:00:00,0.9765696546577001,0.950836455827706,0.985511729731959,0.9530628731516962
2020-08-14 14:00:00,0.9774556682021432,0.952484083143967,0.9855882209995005,0.9552706966484812
2020-08-17 07:00:00,0.9741586866129386,0.952484083143967,0.9855882209995005,0.953909928094903
2020-08-17 08:00:00,0.9734685238367288,0.952484083143967,0.9855882209995005,0.9508292950242307
2020-08-17 09:00:00,0.9706000009862398,0.9519707793307738,0.9848748114848074,0.9500556595021524
2020-08-17 10:00:00,0.9717310209947909,0.9557706271485975,0.9852630414618774,0.9492752202642336
2020-08-17 11:00:00,0.9733380405594398,0.9584212695891079,0.9848748114848074,0.9492752202642335
2020-08-17 12:00:00,0.9714741333922368,0.954226676549082,0.9835732214388067,0.9492752202642335
2020-08-17 13:00:00,0.9717310209947909,0.9557706271485975,0.983249866829423,0.9492752202642335
2020-08-17 14:00:00,0.9722996325763811,0.956357377339366,0.9835732214388067,0.9485613967316024
2020-08-18 07:00:00,0.9686912450014539,0.9557706271485975,0.983249866829423,0.9485613967316024
2020-08-18 08:00:00,0.9697296529845124,0.9594821467146005,0.9827637242500463,0.9485613967316027
2020-08-18 09:00:00,0.9697296529845124,0.9594821467146005,0.9823680897437628,0.9518720914952963
2020-08-18 10:00:00,0.9704287478433915,0.9594821467146005,0.9825211278448864,0.9518720914952963
2020-08-18 11:00:00,0.9697296529845124,0.9540346715805157,0.9827637242500463,0.9518720914952963
2020-08-18 12:00:00,0.972345243521254,0.9557706271485975,0.9834155412776182,0.9540311038585557
2020-08-18 13:00:00,0.9737596054791867,0.9540346715805159,0.9836915358763002,0.9537432548011244
2020-08-18 14:00:00,0.9752824773523256,0.9467287713368496,0.9846518087328353,0.9570539495648182
2020-08-19 07:00:00,0.978890864927253,0.9572025484273137,0.9857602061568579,0.9576342788804775
2020-08-19 08:00:00,0.98205301221058,0.9668212426933461,0.9869553754022574,0.9607149119511497
2020-08-19 09:00:00,0.9831486456029466,0.9668212426933461,0.9864389528648655,0.9637955450218219
2020-08-19 10:00:00,0.9823974663643813,0.9668212426933461,0.9852437836194659,0.9631784602195599
2020-08-19 11:00:00,0.9842849051763609,0.9713548866001195,0.9846927828463684,0.9646659192742695
2020-08-19 12:00:00,0.9850651592924364,0.9726716104987997,0.9846927828463684,0.9637931097003822
2020-08-19 13:00:00,0.9841454195982114,0.9697072592838584,0.9848690050110627,0.9637931097003822
2020-08-19 14:00:00,0.9842849051763609,0.9668212426933461,0.9844586161108569,0.963307323235735
2020-08-20 07:00:00,0.9850651592924364,0.9653893214146302,0.9846927828463684,0.9639244080379967
2020-08-20 08:00:00,0.9842849051763609,0.9610027234060381,0.9837325099898331,0.9635398202501961
2020-08-20 09:00:00,0.9870184435991307,0.9610027234060379,0.9847999333003227,0.9642536437828274
2020-08-20 10:00:00,0.9876301372595465,0.9610027234060379,0.9841882707936054,0.9656810280416932
2020-08-20 11:00:00,0.9882089874612783,0.9610027234060379,0.9847999333003224,0.9677254971028209
2020-08-20 12:00:00,0.9905282378613486,0.9654960267608331,0.9852274271752374,0.9696754233129367
2020-08-20 13:00:00,0.9908336478699417,0.9689687935421137,0.9841882707936056,0.9714320433166332
2020-08-20 14:00:00,0.9917164682528675,0.9721366703889114,0.9847999333003227,0.9731519078337273
2020-08-21 07:00:00,0.9936329639307303,0.9797892950617817,0.9852274271752371,0.9762325409043995
2020-08-21 08:00:00,0.9937885515308628,0.9818531873115235,0.9851446251985336,0.9766950080598056
2020-08-21 09:00:00,0.9918720558530002,0.9788888360965822,0.9851446251985335,0.9749751435427116
2020-08-21 10:00:00,0.9910263054766576,0.9805364634128432,0.9851446251985336,0.9737988528546745
2020-08-21 11:00:00,0.9918720558530003,0.9818531873115235,0.9852274271752371,0.9734142650668739
2020-08-21 12:00:00,0.9918720558530002,0.9834224800033555,0.9852274271752374,0.9734142650668737
2020-08-21 13:00:00,0.9910263054766575,0.9858735274051036,0.9841882707936054,0.9723113937999649
2020-08-21 14:00:00,0.9910263054766575,0.9841072329310098,0.9839122761949235,0.9703614675898494
2020-08-24 07:00:00,0.9888568774850478,0.9826753116522937,0.9836696797897636,0.9688973278443807
2020-08-24 08:00:00,0.9888568774850478,0.9844416061263876,0.9829620891388705,0.9696709633664592
2020-08-24 09:00:00,0.9897026278613904,0.9870922485668979,0.9825211278448864,0.9696709633664591
2020-08-24 10:00:00,0.9905483782377331,0.988524169845614,0.9826440843424447,0.970451402604378
2020-08-24 11:00:00,0.9887709876291805,0.9838358963876852,0.9836915358763002,0.970451402604378
2020-08-24 12:00:00,0.9887709876291806,0.9817720041379431,0.983568579378742,0.9700122547582127
2020-08-24 13:00:00,0.9886154000290478,0.9824039751089692,0.9832888032153716,0.970592584073872
2020-08-24 14:00:00,0.988615400029048,0.9838358963876852,0.9838073942192134,0.9712874566916629
2020-08-25 07:00:00,0.9892772561457019,0.9838358963876852,0.9842819888934349,0.9727515964371315
2020-08-25 08:00:00,0.9889598541828493,0.981185253947175,0.9843205988154016,0.9717688747619093
2020-08-25 09:00:00,0.9894458166013617,0.9798685300484947,0.9843205988154015,0.9712253009328525
2020-08-25 10:00:00,0.9918850633265682,0.9858735274051037,0.9855085178356504,0.973525494765606
2020-08-25 11:00:00,0.9918850633265682,0.9819324222982365,0.9856708414085805,0.9756845071288651
2020-08-25 12:00:00,0.9917294757264357,0.9805005010195204,0.9856708414085805,0.9742571228699993
2020-08-25 13:00:00,0.9920468776892885,0.9805005010195204,0.9846034180980909,0.9717200636283837
2020-08-25 14:00:00,0.9899250329269345,0.9819324222982365,0.9845640510227193,0.9703592950748056
2020-08-26 07:00:00,0.9871966629193201,0.9831511434600309,0.9842077835918074,0.9680591012420524
2020-08-26 08:00:00,0.9896076309640817,0.9870922485668979,0.9857519700429683,0.9708840095410991
2020-08-26 09:00:00,0.9913850215726342,0.9912887526200501,0.986750152311067,0.9708840095410991
2020-08-26 10:00:00,0.9913850215726342,0.9912887526200501,0.9862337297736751,0.9704215423856928
2020-08-26 11:00:00,0.9906948587964243,0.9912887526200501,0.9851150517958167,0.971909001440402
2020-08-26 12:00:00,0.9902088963779118,0.9912887526200502,0.9849969202776238,0.9730852921284395
2020-08-26 13:00:00,0.9890206659863928,0.9912887526200502,0.9839494687437681,0.9713286721247428
2020-08-26 14:00:00,0.9867370068613187,0.9926054765187305,0.9839084946302352,0.9682480390540706
2020-08-27 07:00:00,0.9857808590471017,0.9926054765187305,0.9839084946302352,0.9670717483660335
2020-08-27 08:00:00,0.9845401527287156,0.9926054765187305,0.982759942685358,0.9637610536023397
2020-08-27 09:00:00,0.981661960312641,0.9933526448697922,0.9825211278448864,0.9609361453032932
2020-08-27 10:00:00,0.9783278926217407,0.9940373977974467,0.9827637242500463,0.9609361453032932
2020-08-27 11:00:00,0.9778941153460282,0.9940373977974465,0.9822024152955675,0.9599344727132306
2020-08-27 12:00:00,0.9781884070435912,0.9940373977974467,0.9814554575693027,0.9601901974848563
2020-08-27 13:00:00,0.9783278926217407,0.9940373977974467,0.9813052828561398,0.9604202591778779
2020-08-27 14:00:00,0.9795685989401267,0.9940373977974465,0.9824085080133166,0.9615965498659151
2020-08-28 07:00:00,0.982902666631027,0.99652052171659,0.9835570599581936,0.9628539472276031
2020-08-28 08:00:00,0.9834089351475485,0.99652052171659,0.9839122761949235,0.9650617707243878
2020-08-28 09:00:00,0.9845971655390674,0.9972052746442445,0.9839122761949237,0.9647325349795575
2020-08-28 10:00:00,0.9840908970225459,0.9972052746442445,0.9839122761949237,0.9672695942211729
2020-08-28 11:00:00,0.9840908970225459,0.9972052746442445,0.9840854560911443,0.9667838077565256
2020-08-28 12:00:00,0.9840908970225459,0.9972052746442445,0.9835570599581936,0.9667838077565256
2020-08-28 13:00:00,0.9866636794300276,0.9987745673360762,0.9849990925454356,0.9693140632823004
2020-08-28 14:00:00,0.9876198272442447,0.9987745673360762,0.9840854560911443,0.9713585323434283
2020-08-31 07:00:00,0.9873255355466816,0.9987745673360762,0.9836943880884953,0.9716463814008595
2020-08-31 08:00:00,0.9870081335838289,0.9987745673360762,0.9835570599581936,0.969346187568106
2020-08-31 09:00:00,0.986287127563623,0.9987745673360763,0.983919781642949,0.9696019123397317
2020-08-31 10:00:00,0.9866636794300274,0.9987745673360763,0.9843622774758111,0.9696019123397317
2020-08-31 11:00:00,0.9857808590471016,0.99652052171659,0.984512452188974,0.9706447088107971
2020-08-31 12:00:00,0.9840908970225459,0.9940373977974465,0.9854392636265716,0.9706447088107971
2020-08-31 13:00:00,0.9845971655390674,0.9940373977974465,0.9856879518966531,0.9693873114491093
2020-08-31 14:00:00,0.9854429159154101,0.993352644869792,0.986527897246054,0.9683856388590473
2020-09-01 07:00:00,0.9875094298063704,0.99652052171659,0.986527897246054,0.969099462391678
2020-09-01 08:00:00,0.9879593091040662,0.994456629466848,0.9862792089759724,0.9695619295470844
2020-09-01 09:00:00,0.9879593091040657,0.9944566294668479,0.9855449534883581,0.9702757530797154
2020-09-01 10:00:00,0.9879593091040659,0.9944566294668479,0.9841011698931598,0.9683258268695997
2020-09-01 11:00:00,0.9871135587277232,0.994456629466848,0.9828029259800947,0.9680701020979741
2020-09-01 12:00:00,0.9862678083513806,0.994456629466848,0.9822197276873802,0.969327499459662
2020-09-01 13:00:00,0.9876686470935286,0.994456629466848,0.9837692548689249,0.9705037901476992
2020-09-01 14:00:00,0.9876686470935286,0.994456629466848,0.98410116989316,0.9715465866187648
2020-09-02 07:00:00,0.9850795779598618,0.9937718765391934,0.9839614514158765,0.9715465866187646
2020-09-02 08:00:00,0.9838913475683428,0.9893852785306013,0.9842127346843561,0.9709295018165031
2020-09-02 09:00:00,0.9823563495523936,0.9878159858387696,0.98410116989316,0.9715465866187648
2020-09-02 10:00:00,0.9823563495523936,0.9878159858387695,0.9848354253807743,0.9705037901476994
2020-09-02 11:00:00,0.9849454186860607,0.9878159858387696,0.9862792089759725,0.9735844232183714
2020-09-02 12:00:00,0.986335947412907,0.9878159858387696,0.986527897246054,0.9758846170511248
2020-09-02 13:00:00,0.9864804167020097,0.9864992619400894,0.9863857036968566,0.9784148725768996
2020-09-02 14:00:00,0.9876686470935286,0.9893852785306015,0.986846609795373,0.9798790123223683
2020-09-03 07:00:00,0.9873743553959655,0.9912887526200502,0.9866935716942493,0.9801668613797994
2020-09-03 08:00:00,0.9873743553959655,0.9898568313413342,0.9866935716942493,0.9805514491675997
2020-09-03 09:00:00,0.9884127633790242,0.989034707000564,0.987447419305471,0.9811685339698617
2020-09-03 10:00:00,0.9904266037705016,0.9922025838473615,0.9883610557597621,0.9825959182287277
2020-09-03 11:00:00,0.9926373911459272,0.994456629466848,0.9895988280792521,0.9856765512993999
2020-09-03 12:00:00,0.9926373911459272,0.990070031458256,0.9895988280792521,0.9863903748320308
2020-09-03 13:00:00,0.9926373911459272,0.9886381101795398,0.9888802031904804,0.9860057870442301
2020-09-03 14:00:00,0.9929428011545198,0.9886381101795397,0.9886708819957707,0.985004114454168
2020-09-04 07:00:00,0.9929428011545203,0.9863840645600533,0.9879366265081563,0.9860057870442304
2020-09-04 08:00:00,0.9926373911459272,0.9815555895358755,0.9877112329537028,0.9855433198888242
2020-09-04 09:00:00,0.9908764830681974,0.9815555895358755,0.9868530655050194,0.9845416472987618
2020-09-04 10:00:00,0.9926373911459272,0.9842062319763857,0.9868530655050192,0.9857179379867992
2020-09-04 11:00:00,0.9936329639307301,0.9852348591827402,0.9868530655050192,0.9861804051422054
2020-09-04 12:00:00,0.9936329639307301,0.980406384158562,0.9859060168271263,0.9876445448876737
2020-09-04 13:00:00,0.9942948200473842,0.9804063841585622,0.9859060168271263,0.9886462174777362
2020-09-04 14:00:00,0.9948231684608743,0.9831709669329982,0.9868530655050192,0.9882616296899356
2020-09-08 07:00:00,0.995153543279254,0.9869708147508218,0.9870222321788744,0.9876445448876738
2020-09-08 08:00:00,0.995153543279254,0.9907706625686457,0.9878451769051076,0.9864682541996365
2020-09-08 09:00:00,0.9951535432792541,0.9922025838473617,0.9890533996727101,0.9864682541996367
2020-09-08 10:00:00,0.9963460403340129,0.993519307746042,0.9897289374978839,0.9878956384585027
2020-09-08 11:00:00,0.9965146007896727,0.993519307746042,0.989171540846959,0.9890719291465397
2020-09-08 12:00:00,0.9966764151523928,0.9922025838473617,0.9889059927716507,0.9890719291465397
2020-09-08 13:00:00,0.9968523088505344,0.9930247081881317,0.9897289374978839,0.9894011648913703
2020-09-08 14:00:00,0.9979885684239488,0.9944566294668479,0.9902990130500251,0.9898636320467765
2020-09-09 07:00:00,0.998911872779482,0.9957733533655283,0.9912893648385963,0.9910399227348139
2020-09-09 08:00:00,0.998911872779482,0.9957733533655283,0.9915190611479856,0.9910399227348137
2020-09-09 09:00:00,0.998911872779482,0.9950886004378738,0.9912535130726771,0.9905774555794077
2020-09-09 10:00:00,0.998911872779482,0.99652052171659,0.9920236203262107,0.9894011648913703
2020-09-09 11:00:00,0.998911872779482,0.99734264605736,0.992467100141642,0.9876813003742764
2020-09-09 12:00:00,0.9987433123238223,0.99734264605736,0.9931133695770838,0.989437920377973
2020-09-09 13:00:00,0.998911872779482,0.9987745673360762,0.9925577325376758,0.989437920377973
2020-09-09 14:00:00,0.9987433123238223,0.9980898144084218,0.9927914476433259,0.9902849753211793
2020-09-10 07:00:00,0.9994643183440282,0.9958357687889355,0.9931133695770836,0.9892421788501139
2020-09-10 08:00:00,0.9994643183440282,0.9950886004378738,0.9932415621374056,0.9900892337933207
2020-09-10 09:00:00,0.9991198641902267,0.9930247081881317,0.9938376365388893,0.9900892337933207
2020-09-10 10:00:00,0.9991198641902267,0.9950886004378738,0.9940346235161903,0.9911320302643861
2020-09-10 11:00:00,0.9986135956737053,0.9944566294668479,0.9936637310634905,0.9918458537970172
2020-09-10 12:00:00,0.9987754100364252,0.994456629466848,0.9936637310634905,0.9918458537970173
2020-09-10 13:00:00,0.9991198641902267,0.99652052171659,0.9931166271809491,0.9918458537970172
2020-09-10 14:00:00,0.9991198641902267,0.9973426460573602,0.9927914476433263,0.9926929087402241
2020-09-11 07:00:00,0.9993037584499153,0.9959107247786441,0.9936722642203569,0.9930774965280242
2020-09-11 08:00:00,0.9993037584499153,0.9930247081881317,0.9941259168443531,0.9930774965280242
2020-09-11 09:00:00,0.9987754100364254,0.9936566791591578,0.9945328929723737,0.9920347000569588
2020-09-11 10:00:00,0.9991198641902268,0.9950886004378738,0.9944578318685883,0.9908584093689217
2020-09-11 11:00:00,0.9985674186256805,0.9950886004378737,0.9935606994291607,0.9913208765243278
2020-09-11 12:00:00,0.9987600762323967,0.9950886004378738,0.9934015937974348,0.9908584093689218
2020-09-11 13:00:00,0.9991198641902267,0.9950886004378738,0.9936722642203569,0.9908584093689217
2020-09-11 14:00:00,0.9992884246458866,0.9957733533655283,0.9935606994291607,0.9925782738860158
2020-09-14 07:00:00,0.9996482126037167,0.9957733533655283,0.9934015937974348,0.991731218942809
2020-09-14 08:00:00,0.9998241063018583,0.99734264605736,0.9936722642203569,0.9910173954101779
2020-09-14 09:00:00,0.999479652148057,0.9966578931297058,0.9935606994291607,0.9910173954101779
2020-09-14 10:00:00,0.998789489371847,0.9945940008799636,0.9932541772403192,0.9905549282547716
2020-09-14 11:00:00,0.998127633255193,0.9933752797181695,0.9932541772403192,0.9908841639996023
2020-09-14 12:00:00,0.998789489371847,0.9925531553773993,0.9934015937974348,0.990499576211802
2020-09-14 13:00:00,0.9986135956737053,0.9960259221586797,0.9935606994291607,0.9915012488018641
2020-09-14 14:00:00,0.9982538077158751,0.9960259221586797,0.9934015937974348,0.9918858365896644
2020-09-15 07:00:00,0.9989439704920852,0.9937718765391934,0.9942987262368622,0.9918858365896646
2020-09-15 08:00:00,0.9993037584499153,0.9930247081881319,0.9945860244289105,0.9930621272777018
2020-09-15 09:00:00,0.9989733836315355,0.9918059870263375,0.9942735261428176,0.9926775394899012
2020-09-15 10:00:00,0.9989733836315355,0.9925531553773993,0.9943850909340137,0.9926775394899012
2020-09-15 11:00:00,0.9987894893718471,0.9918059870263375,0.9946287423795472,0.9937203359609669
2020-09-15 12:00:00,0.9987894893718471,0.9900700314582558,0.9948571337127698,0.9937203359609669
2020-09-15 13:00:00,0.9987894893718471,0.9912887526200502,0.995133128311452,0.9922561962154983
2020-09-15 14:00:00,0.9982370438073009,0.9912887526200502,0.995133128311452,0.9922561962154983
2020-09-16 07:00:00,0.9986135956737053,0.9912887526200502,0.995575624144314,0.9908288119566323
2020-09-16 08:00:00,0.998429701414017,0.9912887526200502,0.995772611121615,0.9908288119566323
2020-09-16 09:00:00,0.9982370438073008,0.9912887526200501,0.9961582396472932,0.9896525212685952
2020-09-16 10:00:00,0.9982370438073008,0.9912887526200502,0.9961582396472932,0.9887797116947078
2020-09-16 11:00:00,0.9987433123238221,0.9926054765187305,0.9965357856953345,0.988162626892446
2020-09-16 12:00:00,0.9992957578883686,0.9926054765187305,0.9971333368671144,0.9890096818356527
2020-09-16 13:00:00,0.9991198641902267,0.9912887526200501,0.9965759402161891,0.989472148991059
2020-09-16 14:00:00,0.9991198641902267,0.9919735055477046,0.9965759402161891,0.989472148991059
2020-09-17 07:00:00,0.9991198641902267,0.990070031458256,0.996615307291561,0.9882147516293711
2020-09-17 08:00:00,0.9992884246458864,0.9873054486838196,0.9963613692646642,0.9882147516293711
2020-09-17 09:00:00,0.9994643183440282,0.990070031458256,0.9963613692646642,0.9867873673705052
2020-09-17 10:00:00,0.9994643183440282,0.9858735274051036,0.9966153072915608,0.9880447647321929
2020-09-17 11:00:00,0.9998241063018583,0.9858735274051036,0.996615307291561,0.9870019682611275
2020-09-17 12:00:00,0.9998241063018583,0.9886381101795398,0.9968692453184576,0.9866173804733271
2020-09-17 13:00:00,0.9996482126037167,0.9886381101795398,0.9968692453184576,0.9878747778350149
2020-09-17 14:00:00,0.999472318905575,0.9911212340986831,0.9970785665131674,0.9874901900472144
2020-09-18 07:00:00,0.9993037584499153,0.9937718765391934,0.9964267494855955,0.9874901900472144
2020-09-18 08:00:00,0.9994796521480568,0.9908858599486814,0.9965959161594504,0.9870277228918082
2020-09-18 09:00:00,0.9994796521480568,0.9922025838473617,0.9972477331870223,0.9876448076940701
2020-09-18 10:00:00,0.999479652148057,0.9922025838473617,0.9970785665131674,0.9886464802841322
2020-09-18 11:00:00,0.999479652148057,0.9922025838473617,0.9972477331870224,0.9880293954818703
2020-09-18 12:00:00,0.9994796521480568,0.9928345548183876,0.9978051298379476,0.988876450425077
2020-09-18 13:00:00,0.9994796521480568,0.9950886004378738,0.9979306497652879,0.9884918626372765
2020-09-18 14:00:00,0.9989733836315353,0.9950886004378738,0.997889675651755,0.9884918626372765
2020-09-21 07:00:00,0.9983115275148812,0.9928345548183876,0.9976803544570453,0.988162626892446
2020-09-21 08:00:00,0.9989733836315355,0.9922025838473617,0.9977667191541968,0.988162626892446
2020-09-21 09:00:00,0.9986135956737052,0.993519307746042,0.9982303042188887,0.9885472146802464
2020-09-21 10:00:00,0.998789489371847,0.9950886004378738,0.9978085470173672,0.9873709239922092
2020-09-21 11:00:00,0.9986135956737053,0.9930247081881317,0.9973766702937827,0.9885472146802464
2020-09-21 12:00:00,0.9986135956737053,0.9930247081881317,0.9972921244799752,0.9895900111513118
2020-09-21 13:00:00,0.9993037584499153,0.9945940008799636,0.9972075786661677,0.990303834683943
2020-09-21 14:00:00,0.999472318905575,0.9966578931297058,0.9972075786661677,0.9894567797407363
2020-09-22 07:00:00,0.9989439704920852,0.99734264605736,0.9969588903960863,0.9891275439959059
2020-09-22 08:00:00,0.9986135956737053,0.99734264605736,0.9966715922040379,0.9884137204632748
2020-09-22 09:00:00,0.9986135956737053,0.9980898144084217,0.9964578086979959,0.988876187618681
2020-09-22 10:00:00,0.9986135956737053,0.9980898144084217,0.9958461461912789,0.9895900111513118
2020-09-22 11:00:00,0.9993037584499153,0.99652052171659,0.9955922081643822,0.990303834683943
2020-09-22 12:00:00,0.999472318905575,0.9950886004378738,0.9952926391136795,0.9894567797407363
2020-09-22 13:00:00,0.9989439704920852,0.9950886004378738,0.9948846175134892,0.9894567797407363
2020-09-22 14:00:00,0.9991198641902267,0.9965205217165898,0.9943735973062682,0.9888396949384746
2020-09-23 07:00:00,0.9991198641902267,0.994456629466848,0.9942577389633551,0.9892242827262749
2020-09-23 08:00:00,0.9991198641902267,0.9918059870263375,0.9942577389633551,0.9885104591936441
2020-09-23 09:00:00,0.9984297014140167,0.9918059870263375,0.9941047008622315,0.9870463194481754
2020-09-23 10:00:00,0.9986135956737053,0.9918059870263375,0.9940645463413768,0.9885104591936439
2020-09-23 11:00:00,0.998789489371847,0.990070031458256,0.9942738675360865,0.9885104591936439
2020-09-23 12:00:00,0.9981276332551928,0.9841072329310098,0.9940031971131641,0.9881258714058435
2020-09-23 13:00:00,0.998789489371847,0.9826753116522937,0.994003197113164,0.9881258714058435
2020-09-23 14:00:00,0.9989733836315355,0.9886381101795398,0.994558834152572,0.9881258714058435
2020-09-24 07:00:00,0.998789489371847,0.989856831341334,0.9948295045754941,0.9874120478732124
2020-09-24 08:00:00,0.998789489371847,0.989856831341334,0.9948295045754941,0.9874120478732124
2020-09-24 09:00:00,0.999479652148057,0.9930247081881319,0.9954559665919998,0.9870274600854122
2020-09-24 10:00:00,0.999479652148057,0.9950886004378737,0.9958183258878329,0.9874120478732126
2020-09-24 11:00:00,0.9993037584499153,0.9965205217165898,0.996032109393875,0.9884548443442782
2020-09-24 12:00:00,0.9993037584499153,0.99652052171659,0.9960748273445119,0.9853742112736058
2020-09-24 13:00:00,0.9989439704920852,0.9972052746442445,0.9960748273445119,0.9853742112736059
2020-09-24 14:00:00,0.9993037584499153,0.9972052746442445,0.996032109393875,0.988454844344278
2020-09-25 07:00:00,0.9989733836315355,0.9972052746442442,0.9956251332658547,0.9891686678769089
2020-09-25 08:00:00,0.9989733836315353,0.9972052746442442,0.9949576971358165,0.9887062007215028
2020-09-25 09:00:00,0.9986135956737052,0.99652052171659,0.9950004150864532,0.98988249140954
2020-09-25 10:00:00,0.9982538077158751,0.9965205217165898,0.9950004150864533,0.9894200242541338
2020-09-25 11:00:00,0.9989439704920852,0.9940373977974465,0.9949576971358163,0.9885729693109273
2020-09-25 12:00:00,0.9986135956737053,0.994722150725101,0.9949576971358163,0.9885729693109273
2020-09-25 13:00:00,0.9977678452973627,0.994722150725101,0.9949576971358163,0.9877001597370398
2020-09-25 14:00:00,0.9969561667722482,0.9940373977974465,0.9947280008264269,0.9865972884701307
2020-09-28 07:00:00,0.9965796149058436,0.9940373977974465,0.994558834152572,0.9851699042112648
2020-09-28 08:00:00,0.9969394028636739,0.993352644869792,0.9943403937362567,0.9847853164234645
2020-09-28 09:00:00,0.9969394028636739,0.9926054765187304,0.9943860247600629,0.9847853164234645
2020-09-28 10:00:00,0.9969394028636737,0.9912887526200502,0.9941266102302151,0.9847853164234645
2020-09-28 11:00:00,0.9969394028636737,0.9864602775958721,0.9931362584416438,0.9840714928908333
2020-09-28 12:00:00,0.9959832550494566,0.9829875108145916,0.9925760731140374,0.9823749476829802
2020-09-28 13:00:00,0.9943087714553581,0.9805364634128435,0.9919345800134095,0.9804867825339267
2020-09-28 14:00:00,0.9943087714553579,0.9780533394936999,0.9919345800134095,0.980024315378521
2020-09-29 07:00:00,0.9947037273974014,0.9815650906191977,0.9926593837266724,0.9795618482231144
2020-09-29 08:00:00,0.9947037273974014,0.9805364634128432,0.9929654906561244,0.9806046446941801
2020-09-29 09:00:00,0.9956234670916265,0.9780533394936999,0.9935602913571481,0.9824928098432333
2020-09-29 10:00:00,0.9969561667722482,0.9815650906191977,0.9941867533736535,0.9829552769986394
2020-09-29 11:00:00,0.9973159547300783,0.9805364634128434,0.9947574417668377,0.9834177441540458
2020-09-29 12:00:00,0.9971320604703899,0.9833010461872795,0.995317627094444,0.9829552769986394
2020-09-29 13:00:00,0.9957993607897682,0.9816534188710185,0.994934054319982,0.98333986478644
2020-09-29 14:00:00,0.9957993607897682,0.9816534188710185,0.994934054319982,0.9838023319418464
2020-09-30 07:00:00,0.9959920183964842,0.9816534188710183,0.9957922217686656,0.9823749476829802
2020-09-30 08:00:00,0.9959920183964841,0.9816534188710183,0.9957922217686656,0.9801671241861956
2020-09-30 09:00:00,0.9967722725125596,0.9816534188710183,0.9959232032980039,0.9818636693940485
2020-09-30 10:00:00,0.9974080573395325,0.9848212957178162,0.9964025348793542,0.9801438048769545
2020-09-30 11:00:00,0.9966870513193267,0.9877856469327577,0.9968013978625985,0.9801438048769543
2020-09-30 12:00:00,0.9959660452991205,0.9893549396245894,0.996845044609113,0.9786563458222449
2020-09-30 13:00:00,0.9958042309364006,0.9868718157054461,0.9964131678855286,0.9768997258185486
2020-09-30 14:00:00,0.9954092749943573,0.9846177700859599,0.9964131678855286,0.9763193965028892
2020-10-01 07:00:00,0.9961640188942308,0.9853649384370214,0.9967318804348475,0.9767039842906898
2020-10-01 08:00:00,0.9966702874107523,0.9805364634128434,0.996970695275319,0.9792342398164646
2020-10-01 09:00:00,0.9961640188942308,0.9818531873115237,0.9969279773246821,0.9788496520286643
2020-10-01 10:00:00,0.9964943937126105,0.9829875108145913,0.9969279773246821,0.9783871848732578
2020-10-01 11:00:00,0.9951038649857642,0.9829875108145916,0.9969279773246821,0.9791676241111766
2020-10-01 12:00:00,0.9946886114325559,0.9829875108145913,0.996970695275319,0.9788383883663462
2020-10-01 13:00:00,0.9946886114325559,0.9763957632672139,0.996400006882135,0.9774776198127682
2020-10-01 14:00:00,0.9946886114325559,0.9758481899549145,0.996203019904834,0.9760134800672995
2020-10-02 07:00:00,0.9940769177721399,0.9721366703889115,0.996203019904834,0.9738544677040403
2020-10-02 08:00:00,0.9932442086752112,0.9727686413599373,0.996203019904834,0.9710295594049937
2020-10-02 09:00:00,0.9916451149602014,0.9721366703889115,0.9960748273445119,0.9703157358723628
2020-10-02 10:00:00,0.9919895691140028,0.9727686413599373,0.9963136421849835,0.9709328206746244
2020-10-02 11:00:00,0.9926012627744186,0.9744162686761983,0.9962308402082799,0.9688883516134967
2020-10-02 12:00:00,0.9926012627744186,0.9776144844290084,0.9963136421849835,0.9694319254425535
2020-10-02 13:00:00,0.9926012627744186,0.9798685300484945,0.9966009403770317,0.9688883516134967
2020-10-02 14:00:00,0.9926012627744186,0.9811852539471748,0.9967214360867912,0.9701457489751847
2020-10-05 07:00:00,0.9936720080759385,0.9858735274051036,0.9972075786661677,0.9709928039183914
2020-10-05 08:00:00,0.9933416332575586,0.9858735274051037,0.9970384119923127,0.9705303367629853
2020-10-05 09:00:00,0.9911308458821331,0.9834224800033554,0.9969179162825532,0.9684858677018573
2020-10-05 10:00:00,0.9905784003175868,0.9818531873115237,0.9967451068900443,0.9695286641729227
2020-10-05 11:00:00,0.9911308458821331,0.9858735274051036,0.9969179162825532,0.968271266811235
2020-10-05 12:00:00,0.9914612207005129,0.9877770014945523,0.9970434362098937,0.9700278868149314
2020-10-05 13:00:00,0.9909549521839914,0.9877770014945523,0.9969179162825532,0.9712852841766194
2020-10-05 14:00:00,0.9894827669252203,0.9864602775958721,0.99679978476436,0.9700278868149316
2020-10-06 07:00:00,0.990578400317587,0.9842062319763857,0.9969588903960863,0.9714920265603999
2020-10-06 08:00:00,0.9920089335769369,0.9890347070005638,0.9974753129334784,0.9719544937158062
2020-10-06 09:00:00,0.9911308458821332,0.989856831341334,0.9974753129334784,0.9699722719655657
2020-10-06 10:00:00,0.9894473803090359,0.9870922485668979,0.9976803544570453,0.9693919426499062
2020-10-06 11:00:00,0.988408972325977,0.9870922485668979,0.9975548345297046,0.9676720781328122
2020-10-06 12:00:00,0.988408972325977,0.9850283563171559,0.9974753129334784,0.9711918590496496
2020-10-06 13:00:00,0.9891892264420525,0.9790233589605467,0.9973471203731562,0.9719056825822807
2020-10-06 14:00:00,0.99087269201515,0.9821423397266438,0.9976378960453394,0.9723681497376869
2020-10-07 07:00:00,0.9927891876930126,0.9869708147508218,0.9978771893527608,0.976650565320681
2020-10-07 08:00:00,0.9929390101014728,0.9825842167422297,0.9978771893527606,0.9766505653206807
2020-10-07 09:00:00,0.9921273315763584,0.9813654955804355,0.9978771893527606,0.97723089463634
2020-10-07 10:00:00,0.9924447335392111,0.9825842167422297,0.9978771893527606,0.9778479794386019
2020-10-07 11:00:00,0.9942730154209428,0.9869708147508218,0.998020656602418,0.9793354384933113
2020-10-07 12:00:00,0.9957266769572098,0.9869708147508217,0.9983335937494481,0.9824160715639835
2020-10-07 13:00:00,0.9966094973401358,0.9869708147508218,0.9982390970187329,0.9824160715639835
2020-10-07 14:00:00,0.9959193345639261,0.9831709669329982,0.9978771893527606,0.9832888811378709
2020-10-08 07:00:00,0.9970044532821793,0.9852348591827402,0.998020656602418,0.9832888811378709
2020-10-08 08:00:00,0.9961216328992535,0.9852348591827402,0.9981001781986446,0.9821125904498337
2020-10-08 09:00:00,0.995036514181,0.9852348591827402,0.9979796824888849,0.9821125904498336
2020-10-08 10:00:00,0.995036514181,0.988402736029538,0.997887359065475,0.9821125904498337
2020-10-08 11:00:00,0.9948809265808672,0.9840161380209459,0.9979267261408467,0.9798123966170801
2020-10-08 12:00:00,0.9938425185978087,0.9840161380209459,0.9977539167483377,0.9772753373754649
2020-10-08 13:00:00,0.9924519898709622,0.9840161380209459,0.9977539167483377,0.9776599251632655
2020-10-08 14:00:00,0.9926075774710951,0.9852348591827402,0.9974149806222633,0.9776599251632655
2020-10-09 07:00:00,0.9921923239178866,0.9884027360295381,0.997271513372606,0.9768128702200587
2020-10-09 08:00:00,0.9908596242372648,0.9864992619400894,0.9968380805158162,0.9742826146942837
2020-10-09 09:00:00,0.9894059627009978,0.9838486194995788,0.9968380805158162,0.972238145633156
2020-10-09 10:00:00,0.9894059627009978,0.9882352175081709,0.9967389149629161,0.9707740058876875
2020-10-09 11:00:00,0.9894059627009978,0.9855845750676606,0.9963850037023531,0.972238145633156
2020-10-09 12:00:00,0.9894059627009978,0.9855845750676606,0.9967389149629161,0.9707740058876875
2020-10-09 13:00:00,0.9904443706840566,0.989057341848941,0.9964481392907332,0.9707740058876875
2020-10-09 14:00:00,0.9883321339350724,0.985037001755361,0.9959760965119768,0.9680346642087689
2020-10-12 07:00:00,0.9874994248381436,0.9833010461872795,0.9962247847820583,0.9666072799499031
2020-10-12 08:00:00,0.9867752256564207,0.9778535710531949,0.9958996052444353,0.9680714196953717
2020-10-12 09:00:00,0.9848587299785582,0.9778535710531947,0.9959760965119769,0.9663515551782776
2020-10-12 10:00:00,0.9841685672023481,0.9752029286126844,0.9959760965119769,0.9673342768534996
2020-10-12 11:00:00,0.9866536744618009,0.9741743014063298,0.9959760965119768,0.9673342768534996
2020-10-12 12:00:00,0.9863482644532079,0.977885820972333,0.9959760965119768,0.9673342768534996
2020-10-12 13:00:00,0.9841374770777823,0.9797892950617817,0.9956441814877418,0.9667907030244428
2020-10-12 14:00:00,0.9847268419536276,0.9754026970531897,0.9952412997082365,0.9661736182221811
2020-10-13 07:00:00,0.9832546566948563,0.974341819927697,0.9950852868444686,0.9653265632789743
2020-10-13 08:00:00,0.9836884339705688,0.9689265947127503,0.9952412997082365,0.9638624235335058
2020-10-13 09:00:00,0.9858992213459944,0.974341819927697,0.9957458588864615,0.9641502725909369
2020-10-13 10:00:00,0.9854654440702819,0.974341819927697,0.9951367692092303,0.9616132133493217
2020-10-13 11:00:00,0.9832546566948562,0.9720877743082108,0.9947213418156143,0.9602524447957435
2020-10-13 12:00:00,0.9823765690000523,0.9766214182149839,0.9951367692092303,0.957715385554128
2020-10-13 13:00:00,0.9841374770777823,0.9804212660328075,0.9955488719091606,0.9594720055578245
2020-10-13 14:00:00,0.9841374770777823,0.9844416061263874,0.9954471945104408,0.9612286255615211
2020-10-14 07:00:00,0.9862497138267663,0.9858735274051036,0.9957183037943005,0.962948490078615
2020-10-14 08:00:00,0.988460501202192,0.9878159858387695,0.9958689517119623,0.9652486839113685
2020-10-14 09:00:00,0.988460501202192,0.9890347070005638,0.995793890608177,0.9664249745994057
2020-10-14 10:00:00,0.9889888496156819,0.9912887526200501,0.995793890608177,0.9678523588582717
2020-10-14 11:00:00,0.9889888496156819,0.9912887526200501,0.9962273234649666,0.9686994138014784
2020-10-14 12:00:00,0.9889888496156819,0.9878159858387695,0.9963409944907186,0.9693164986037404
2020-10-14 13:00:00,0.9882085954996062,0.9897194599282182,0.9958883873388924,0.9684436890298528
2020-10-14 14:00:00,0.9889888496156819,0.9859196121103947,0.9956172780550328,0.9677298654972215
2020-10-15 07:00:00,0.9898215587126107,0.9897194599282184,0.9956674730889906,0.9679599271902434
2020-10-15 08:00:00,0.9902887830839238,0.9897194599282184,0.9957879687987501,0.9688327367641307
2020-10-15 09:00:00,0.9920367363177539,0.9865515830814204,0.9963840432002339,0.9694498215663927
2020-10-15 10:00:00,0.9920367363177539,0.9865515830814204,0.9964605344677752,0.9694498215663925
2020-10-15 11:00:00,0.9911539159348278,0.9859196121103947,0.9961544275383233,0.9697055463380182
2020-10-15 12:00:00,0.9911539159348278,0.9859196121103945,0.9961544275383233,0.9688584913948114
2020-10-15 13:00:00,0.9899132096164419,0.9840161380209459,0.9957603617569054,0.9686027666231857
2020-10-15 14:00:00,0.9915166935611692,0.988402736029538,0.9962427651326372,0.9683727049301644
2020-10-16 07:00:00,0.9927573998795552,0.9884027360295381,0.9967148079113936,0.9703226311402798
2020-10-16 08:00:00,0.9911539159348278,0.9840161380209459,0.9967148079113936,0.9703226311402798
2020-10-16 09:00:00,0.9911539159348278,0.9859196121103945,0.9962813750546041,0.9710364546729109
2020-10-16 10:00:00,0.9911539159348278,0.9840161380209457,0.9962813750546037,0.9704193698706489
2020-10-16 11:00:00,0.992239034653081,0.9852348591827402,0.9967148079113936,0.972627193367434
2020-10-16 12:00:00,0.9920367363177539,0.9852348591827402,0.9971004364370721,0.9696021751461277
2020-10-16 13:00:00,0.9920367363177539,0.9852348591827402,0.997148240768183,0.9690218458304685
2020-10-16 14:00:00,0.9915695119464408,0.9798196339677937,0.9967148079113936,0.967265225826772
2020-10-19 07:00:00,0.9909616007865163,0.9798196339677937,0.9971004364370719,0.9660889351387348
2020-10-19 08:00:00,0.9915695119464408,0.9815555895358753,0.9974945022184898,0.96862599438035
2020-10-19 09:00:00,0.9914250426573381,0.9815555895358753,0.9974551351431179,0.9665815253192223
2020-10-19 10:00:00,0.9905923335604093,0.9815555895358753,0.9973116678934606,0.9665815253192225
2020-10-19 11:00:00,0.9909872895024525,0.9844416061263876,0.9973583602930647,0.9665815253192225
2020-10-19 12:00:00,0.9900639851469194,0.9858735274051037,0.997012098842758,0.9686259943803502
2020-10-19 13:00:00,0.9920367363177537,0.9886381101795397,0.9974551351431179,0.9709261882131035
2020-10-19 14:00:00,0.9914288251578296,0.9892248603703082,0.9973116678934607,0.9726828082168001
2020-10-20 07:00:00,0.9922405036829441,0.9892248603703082,0.9975254513995027,0.9726828082167999
2020-10-20 08:00:00,0.9936941652192111,0.9912887526200502,0.997911079925181,0.9736844808068624
2020-10-20 09:00:00,0.9932269408478981,0.9886381101795398,0.9977905842154215,0.9755077165158464
2020-10-20 10:00:00,0.992034443793139,0.9892248603703083,0.998039272485503,0.9697611611873839
2020-10-20 11:00:00,0.990580782256872,0.989856831341334,0.9977741396695842,0.9685848704993469
2020-10-20 12:00:00,0.9889816885418622,0.9912887526200501,0.997774139669584,0.9689141062441775
2020-10-20 13:00:00,0.9891372761419948,0.9912887526200502,0.9975254513995027,0.9692433419890082
2020-10-20 14:00:00,0.9908981842197245,0.9912887526200502,0.997887359065475,0.9700903969322148
2020-10-21 07:00:00,0.9908981842197248,0.9899720287213698,0.9981360473355563,0.9705528640876209
2020-10-21 08:00:00,0.9918658833374792,0.9920359209711119,0.9980392724855032,0.9711331934032804
2020-10-21 09:00:00,0.9896550959620535,0.9899720287213698,0.997916315987945,0.9708039576584495
2020-10-21 10:00:00,0.9896550959620536,0.9873213862808596,0.9975887591018221,0.9718056302485119
2020-10-21 11:00:00,0.9899493876596166,0.9813585877536134,0.9975887591018221,0.9710918067158808
2020-10-21 12:00:00,0.9894821632883035,0.9768249438468403,0.9973654541490736,0.9704747219136189
2020-10-21 13:00:00,0.9900610134900355,0.9781416677455205,0.9971670019003006,0.9696276669704124
2020-10-21 14:00:00,0.9889209714161299,0.9768249438468403,0.9969619603767335,0.9675831979092846
2020-10-22 07:00:00,0.9881999653959238,0.9797109604373524,0.9971276348249289,0.9685848704993469
2020-10-22 08:00:00,0.9895326650765457,0.9797109604373526,0.9971670019003006,0.9682002827115463
2020-10-22 09:00:00,0.9893881957874429,0.9737059630807434,0.9970046783273707,0.9675831979092846
2020-10-22 10:00:00,0.9879976670605964,0.9686892456999471,0.9967813733746222,0.9675831979092846
2020-10-22 11:00:00,0.9879976670605964,0.9587230173863173,0.9962649508372302,0.9673274731376591
2020-10-22 12:00:00,0.9895326650765455,0.9569870618182357,0.99626495083723,0.969047337654753
2020-10-22 13:00:00,0.9893881957874427,0.9543364193777252,0.9961869738398916,0.9675831979092846
2020-10-22 14:00:00,0.9893881957874429,0.956239893467174,0.9964930807693437,0.9652830040765313
2020-10-23 07:00:00,0.9902662834822468,0.962302489513801,0.9971686089384618,0.9652830040765313
2020-10-23 08:00:00,0.9893881957874429,0.9607331968219692,0.9973870493547767,0.9710295594049937
2020-10-23 09:00:00,0.9889544185117304,0.9563465988133771,0.99718611585988,0.9704859855759369
2020-10-23 10:00:00,0.9894827669252203,0.9575653199751715,0.9972743794385815,0.9697123500538586
2020-10-23 11:00:00,0.9918330398787953,0.9587418423076024,0.9972743794385815,0.971199809108568
2020-10-23 12:00:00,0.9913046914653054,0.9635703173317804,0.9972743794385815,0.9724572064702559
2020-10-23 13:00:00,0.9913046914653054,0.9661572257001031,0.9970773924612806,0.9730007802993127
2020-10-23 14:00:00,0.9913046914653053,0.9613287506759249,0.9971637571584321,0.972745055527687
2020-10-26 07:00:00,0.9926373911459272,0.9613287506759249,0.9966891624842106,0.9737878519987525
2020-10-26 08:00:00,0.993165739559417,0.9591236011371393,0.9966046166704031,0.9730074127608339
2020-10-26 09:00:00,0.993165739559417,0.9672592992840325,0.9969928466474729,0.9734698799162399
2020-10-26 10:00:00,0.993165739559417,0.9737354016244718,0.9965609699238885,0.9741837034488708
2020-10-26 11:00:00,0.9949940214411489,0.9796982001517176,0.9969045830687716,0.9755444720024491
2020-10-26 12:00:00,0.9945080590226364,0.9785638766486497,0.9971861158598803,0.9763915269456559
2020-10-26 13:00:00,0.9935124862378333,0.9731164015145649,0.9970095033067358,0.9740913331129024
2020-10-26 14:00:00,0.9926797771409045,0.9682879264903869,0.9973870493547768,0.9745538002683086
2020-10-27 07:00:00,0.9928636714005928,0.9737354016244717,0.9973042473780732,0.9754008552115153
2020-10-27 08:00:00,0.9928636714005928,0.9717929431908058,0.997138572929878,0.9754008552115153
2020-10-27 09:00:00,0.9936963804975218,0.9737354016244717,0.9975176121807624,0.9754008552115153
2020-10-27 10:00:00,0.9926797771409043,0.9785638766486499,0.9976832866289577,0.9754008552115153
2020-10-27 11:00:00,0.99186809861579,0.9785638766486499,0.9976832866289577,0.9728637959698999
2020-10-27 12:00:00,0.9906134590545816,0.9785638766486497,0.9977279034611446,0.9713763369151904
2020-10-27 13:00:00,0.9894734169806758,0.9796982001517176,0.9973959884369095,0.973132956918887
2020-10-27 14:00:00,0.9894734169806758,0.9737354016244718,0.997484252015611,0.9746204159735966
2020-10-28 07:00:00,0.9894734169806758,0.9731486514337033,0.997653418689466,0.9731930317147306
2020-10-28 08:00:00,0.989473416980676,0.9671436540770941,0.997653418689466,0.9729051826572993
2020-10-28 09:00:00,0.9894734169806758,0.9654960267608331,0.997653418689466,0.9725759469124686
2020-10-28 10:00:00,0.9894734169806758,0.9720877743082106,0.9978970701349998,0.972191359124668
2020-10-28 11:00:00,0.9881407173000541,0.9672592992840325,0.9975651551107647,0.9724792081820993
2020-10-28 12:00:00,0.9892807593739598,0.9672592992840325,0.9977660886056613,0.9741990726991935
2020-10-28 13:00:00,0.9896573112403644,0.9672592992840325,0.9975969219318062,0.973814484911393
2020-10-28 14:00:00,0.9896573112403644,0.9720877743082106,0.9977905842154215,0.9733520177559868
2020-10-29 07:00:00,0.9883777835883091,0.9720877743082106,0.9980392724855032,0.9728895506005806
2020-10-29 08:00:00,0.9867707640236604,0.9720877743082106,0.99808199043614,0.9721159150785023
2020-10-29 09:00:00,0.9875824425487749,0.9720877743082106,0.9983815594868427,0.9714020915458712
2020-10-29 10:00:00,0.9880012317219047,0.9720877743082106,0.9980819904361402,0.9708585177168144
2020-10-29 11:00:00,0.9867707640236606,0.9720877743082106,0.9981647924128437,0.969394377971346
2020-10-29 12:00:00,0.9852631921487048,0.9720877743082106,0.9979711301292282,0.9689319108159398
2020-10-29 13:00:00,0.9852631921487048,0.974341819927697,0.9978883281525248,0.9693164986037401
2020-10-29 14:00:00,0.9839304924680831,0.9766214182149838,0.9976832866289577,0.9693164986037404
2020-10-30 07:00:00,0.9852631921487048,0.9814498932391621,0.9975066740758132,0.9703181711938025
2020-10-30 08:00:00,0.9868702117133537,0.9814498932391619,0.9975066740758132,0.9714210424607115
2020-10-30 09:00:00,0.989473416980676,0.9814498932391621,0.9979597508892766,0.9728484267195773
2020-10-30 10:00:00,0.9894734169806758,0.9863840645600536,0.9975476481893463,0.9736954816627841
2020-10-30 11:00:00,0.9894734169806758,0.9890347070005638,0.9975066740758132,0.9745425366059906
2020-10-30 12:00:00,0.9904689897654789,0.9897194599282182,0.9975066740758132,0.9757188272940279
2020-10-30 13:00:00,0.9926797771409046,0.9928873367750162,0.9975066740758132,0.977438691811122
2020-10-30 14:00:00,0.9936753499257074,0.9957733533655283,0.9975066740758132,0.9778232795989225
2020-11-02 07:00:00,0.9946919532823247,0.9957733533655283,0.9979597508892766,0.9809039126695948
2020-11-02 08:00:00,0.9953538093989791,0.9950886004378738,0.9981781913055915,0.9843135186787015
2020-11-02 09:00:00,0.9953538093989791,0.9936566791591576,0.9979772578106949,0.9830561213170134
2020-11-02 10:00:00,0.9949940214411488,0.9907706625686457,0.9977379645032736,0.9817987239553255
2020-11-02 11:00:00,0.9949940214411489,0.9922025838473617,0.9977379645032735,0.9814141361675252
2020-11-02 12:00:00,0.9949940214411489,0.9950886004378737,0.9977379645032735,0.9803713396964597
2020-11-02 13:00:00,0.9949940214411489,0.99734264605736,0.9976515998061221,0.9807005754412902
2020-11-02 14:00:00,0.995655877557803,0.99734264605736,0.9974787904136132,0.9807005754412902
2020-11-03 07:00:00,0.9960711311110115,0.99734264605736,0.9978908931135435,0.9803159876534898
2020-11-03 08:00:00,0.9964476829774159,0.9965205217165898,0.9974787904136132,0.9799867519086594
2020-11-03 09:00:00,0.995655877557803,0.99652052171659,0.9972603499972981,0.9781635161996748
2020-11-03 10:00:00,0.9946174695747443,0.99652052171659,0.9972603499972984,0.978163516199675
2020-11-03 11:00:00,0.9949348715375972,0.9950886004378737,0.9972603499972984,0.978163516199675
2020-11-03 12:00:00,0.9960711311110113,0.9957733533655283,0.9972603499972981,0.9768027476460968
2020-11-03 13:00:00,0.9969539514939373,0.9965205217165898,0.9970465664912561,0.9770584724177223
2020-11-03 14:00:00,0.9969539514939374,0.993352644869792,0.9967404595618042,0.976596005262316
2020-11-04 07:00:00,0.9969539514939374,0.9891561408166398,0.9973116678934607,0.9731863992532094
2020-11-04 08:00:00,0.9969539514939374,0.9898408937442943,0.9969176021120428,0.9701057661825372
2020-11-04 09:00:00,0.995817691920523,0.9877770014945523,0.9969569691874145,0.9709785757564247
2020-11-04 10:00:00,0.9949348715375972,0.9858735274051037,0.99661803306134,0.971363163544225
2020-11-04 11:00:00,0.994934871537597,0.98410723293101,0.9960970197636417,0.971363163544225
2020-11-04 12:00:00,0.9949348715375972,0.98410723293101,0.9960970197636417,0.9719802483464869
2020-11-04 13:00:00,0.9949348715375972,0.98410723293101,0.9960970197636417,0.9713631635442251
2020-11-04 14:00:00,0.9962329454737315,0.9826753116522939,0.9960970197636417,0.9722102184874317
2020-11-05 07:00:00,0.9959155435108787,0.9868718157054461,0.9963965888143443,0.9722102184874317
2020-11-05 08:00:00,0.9966365495310848,0.9868718157054461,0.9963965888143443,0.9717477513320256
2020-11-05 09:00:00,0.9959155435108787,0.9823381717986728,0.9959811614207286,0.971363163544225
2020-11-05 10:00:00,0.9959155435108787,0.9823381717986729,0.9959811614207286,0.9709785757564247
2020-11-05 11:00:00,0.9959155435108787,0.9877856469327574,0.9957874991371131,0.9709785757564247
2020-11-05 12:00:00,0.9959155435108787,0.9895519414068514,0.9957874991371131,0.9713631635442251
2020-11-05 13:00:00,0.9959155435108787,0.9871008940051031,0.9957874991371131,0.971363163544225
2020-11-05 14:00:00,0.9947792839374644,0.9885328152838192,0.9957874991371131,0.9710339277993943
2020-11-06 07:00:00,0.9952652463559769,0.9893549396245894,0.9959309663867705,0.9707782030277688
2020-11-06 08:00:00,0.9965633202921113,0.9876189840565078,0.9959811614207286,0.9714920265603999
2020-11-06 09:00:00,0.9965633202921113,0.9876189840565078,0.9962807304714312,0.9711074387725995
2020-11-06 10:00:00,0.9965633202921113,0.9876189840565078,0.9964241977210885,0.9707228509847992
2020-11-06 11:00:00,0.9964015059293913,0.9900700314582558,0.9963840432002339,0.9687729247746834
2020-11-06 12:00:00,0.9952652463559769,0.9927206738987662,0.9968939673245649,0.9676700535077745
2020-11-06 13:00:00,0.9949478443931241,0.9912887526200501,0.9969325772465314,0.9694932892167588
2020-11-06 14:00:00,0.9949478443931241,0.9912887526200501,0.9970120988427579,0.969955756372165
2020-11-09 07:00:00,0.9959155435108789,0.9927206738987662,0.9971088736928113,0.9724928156137804
2020-11-09 08:00:00,0.9960711311110115,0.9927206738987662,0.9974149806222633,0.9758035103774743
2020-11-09 09:00:00,0.9964015059293913,0.9908171998093175,0.9973370036249248,0.9772909694321835
2020-11-09 10:00:00,0.9974866246476445,0.9873054486838196,0.9976499407719548,0.9772909694321837
2020-11-09 11:00:00,0.9980390702121908,0.9858735274051036,0.9973370036249248,0.9798535204980834
2020-11-09 12:00:00,0.9973180641919848,0.9826753116522937,0.9971400166476239,0.9786772298100465
2020-11-09 13:00:00,0.9971562498292648,0.9750226869794236,0.9971400166476239,0.9778301748668397
2020-11-09 14:00:00,0.9969539514939374,0.9750226869794236,0.997649940771955,0.9764027906079736
2020-11-10 07:00:00,0.9977086953938111,0.9727686413599376,0.9973370036249248,0.9764027906079736
2020-11-10 08:00:00,0.9973912934309581,0.9700059695986274,0.9971400166476239,0.9764027906079736
2020-11-10 09:00:00,0.9973912934309579,0.9721366703889115,0.9971400166476239,0.9769463644370304
2020-11-10 10:00:00,0.9973912934309581,0.9727686413599373,0.997140016647624,0.9764027906079736
2020-11-10 11:00:00,0.9973912934309581,0.963258620624346,0.9969468240256454,0.9764027906079736
2020-11-10 12:00:00,0.9973912934309581,0.957112693139594,0.9966407170961935,0.9760182028201732
2020-11-10 13:00:00,0.9973912934309581,0.963258620624346,0.997140016647624,0.9764027906079736
2020-11-10 14:00:00,0.9973912934309581,0.9677519239791412,0.9975554440412399,0.9755557356647669
2020-11-11 07:00:00,0.9973912934309581,0.9677519239791412,0.997887359065475,0.976099309493824
2020-11-11 08:00:00,0.9977678452973627,0.9639520761613176,0.9975254513995027,0.9755189801781644
2020-11-11 09:00:00,0.9981276332551926,0.9660827769516016,0.9975744219184448,0.9769463644370304
2020-11-11 10:00:00,0.9981276332551926,0.9660827769516016,0.9980078547752345,0.9789908334981582
2020-11-11 11:00:00,0.9971320604703896,0.9639520761613176,0.9975254513995025,0.9786062457103576
2020-11-11 12:00:00,0.9961759126561724,0.9639520761613176,0.9971935363752675,0.9778924221777267
2020-11-11 13:00:00,0.9961759126561724,0.9639520761613176,0.9975554440412399,0.9772753373754649
2020-11-11 14:00:00,0.9973159547300782,0.9639520761613176,0.9971935363752674,0.9753254111653491
2020-11-12 07:00:00,0.996359806915861,0.9639520761613176,0.9967781089816518,0.9746115876327184
2020-11-12 08:00:00,0.9961759126561727,0.9654960267608331,0.9968270795005938,0.9757878783207555
2020-11-12 09:00:00,0.995799360789768,0.9660827769516016,0.9968270795005938,0.9765683175586743
2020-11-12 10:00:00,0.9945198331377131,0.9639520761613174,0.9962310050991102,0.9737434092596278
2020-11-12 11:00:00,0.9939673875731667,0.9639520761613174,0.9965439422461403,0.9732809421042216
2020-11-12 12:00:00,0.9932126436732931,0.9601522283434939,0.9965439422461403,0.9738612714198809
2020-11-12 13:00:00,0.9930440832176335,0.9547370031285475,0.9970432417975705,0.9753254111653491
2020-11-12 14:00:00,0.9939638229118585,0.949321777913601,0.996696980347264,0.9743426894901273
2020-11-13 07:00:00,0.9944137022095542,0.950318155200817,0.9965500104632526,0.9743426894901273
2020-11-13 08:00:00,0.9951038649857642,0.956280953728063,0.996696980347264,0.9743426894901273
2020-11-13 09:00:00,0.9946886114325557,0.9616961789430095,0.9967781089816515,0.9757034580437055
2020-11-13 10:00:00,0.9941602630190659,0.9627570560685021,0.9968939673245649,0.9768797487317427
2020-11-13 11:00:00,0.9928275633384441,0.9616961789430094,0.9968939673245649,0.9751231287280461
2020-11-13 12:00:00,0.9913046914653053,0.9616961789430094,0.99731820577221,0.9755077165158464
2020-11-13 13:00:00,0.9895437833875755,0.9627570560685021,0.9969325772465316,0.975970183671253
2020-11-13 14:00:00,0.9869405781202532,0.956280953728063,0.9968939673245649,0.9731452753722061
2020-11-16 07:00:00,0.9859021701371943,0.950318155200817,0.9971591001404837,0.9722724657983188
2020-11-16 08:00:00,0.9846614638188084,0.950318155200817,0.9971591001404839,0.9699218334938593
2020-11-16 09:00:00,0.9840928522372182,0.949321777913601,0.9971591001404839,0.9699218334938593
2020-11-16 10:00:00,0.9840928522372182,0.949321777913601,0.9971591001404839,0.9695925977490286
2020-11-16 11:00:00,0.9840928522372182,0.9547370031285473,0.9973182057722101,0.967384774252244
2020-11-16 12:00:00,0.9840928522372182,0.9613287506759249,0.997536646188525,0.9687455428058221
2020-11-16 13:00:00,0.9840928522372182,0.9682879264903871,0.997536646188525,0.9681652134901626
2020-11-16 14:00:00,0.9840928522372182,0.974764028830826,0.997536646188525,0.9692080099612282
2020-11-17 07:00:00,0.9819400958420721,0.9747640288308264,0.9973357126936282,0.96982509476349
2020-11-17 08:00:00,0.9805495671152258,0.9693488036158796,0.9973357126936282,0.9678751685533745
2020-11-17 09:00:00,0.9806993895236862,0.9639335784009332,0.9969500841679497,0.9653476867088581
2020-11-17 10:00:00,0.9806993895236862,0.9693488036158797,0.9965798093311902,0.9659280160245174
2020-11-17 11:00:00,0.9806993895236862,0.9693488036158797,0.9971510176628465,0.9659280160245174
2020-11-17 12:00:00,0.9806993895236862,0.9737354016244718,0.9969325772465314,0.9659280160245174
2020-11-17 13:00:00,0.9821530510599532,0.9786695729453632,0.9969815477654739,0.9669913581235653
2020-11-17 14:00:00,0.9833937573783393,0.9786695729453632,0.9970610693617001,0.9664110288079057
2020-11-18 07:00:00,0.9821530510599532,0.9720778253979858,0.9969815477654739,0.9678751685533743
2020-11-18 08:00:00,0.9806993895236862,0.9720778253979858,0.9968380805158165,0.9678751685533743
2020-11-18 09:00:00,0.981248661974105,0.9720778253979855,0.9966789748840904,0.9685889920860055
2020-11-18 10:00:00,0.981248661974105,0.9676912273893934,0.9961077665524337,0.9673315947243175
2020-11-18 11:00:00,0.9805495671152258,0.9627570560685021,0.9958689517119625,0.9685059363407399
2020-11-18 12:00:00,0.9806993895236861,0.9627570560685021,0.9962008667361977,0.9688905241285405
2020-11-18 13:00:00,0.9821530510599531,0.9591775839410183,0.9964401600436189,0.968310194812881
2020-11-18 14:00:00,0.9797138043347464,0.9542434126201268,0.9967334651458871,0.9688905241285405
2020-11-19 07:00:00,0.9768356119186717,0.9482806140928809,0.9965284236223202,0.9674631398696745
2020-11-19 08:00:00,0.9766226567007907,0.9482806140928809,0.9967334651458871,0.9685059363407399
2020-11-19 09:00:00,0.9800501215672842,0.9508314590140103,0.997243389270218,0.9702625563444364
2020-11-19 10:00:00,0.9820723946851414,0.9567942575412562,0.9974324875436814,0.9727928118702113
2020-11-19 11:00:00,0.9820723946851412,0.9567942575412562,0.9976864255705782,0.9736398668134181
2020-11-19 12:00:00,0.9846614638188084,0.9579707798736873,0.9981106640182235,0.9736398668134181
2020-11-19 13:00:00,0.9846614638188084,0.9639335784009332,0.9985440968750129,0.9748161575014552
2020-11-19 14:00:00,0.9846614638188084,0.969896376928179,0.9984131153456745,0.9748161575014552
2020-11-20 07:00:00,0.9846614638188084,0.9742829749367711,0.9987192222751266,0.9730595374977586
2020-11-20 08:00:00,0.9834629234119877,0.9786695729453633,0.9985007818588116,0.9700345192764528
2020-11-20 09:00:00,0.9846614638188084,0.9834980479695414,0.9987192222751266,0.971077315747518
2020-11-20 10:00:00,0.9855901854920323,0.9878846459781334,0.9988920316676355,0.96971654719394
2020-11-20 11:00:00,0.9855901854920323,0.9907706625686457,0.9987550914120383,0.9686737507228745
2020-11-20 12:00:00,0.9868308918104183,0.9930247081881319,0.9989783963647868,0.9698755332351964
2020-11-20 13:00:00,0.9848086186925611,0.9936566791591576,0.9987297080947054,0.9694130660797899
2020-11-20 14:00:00,0.9845032086839681,0.9930247081881319,0.9989063206478499,0.9702858756536774
2020-11-23 07:00:00,0.9869883159434206,0.994456629466848,0.9991550089179313,0.971132930596884
2020-11-23 08:00:00,0.9881765463349396,0.9927206738987664,0.9992889035204388,0.970670463441478
2020-11-23 09:00:00,0.9856914390754871,0.9912887526200501,0.9989499673943644,0.9702858756536774
2020-11-23 10:00:00,0.9833721886754168,0.9878159858387696,0.9989499673943644,0.9668762696445707
2020-11-23 11:00:00,0.9824893682924909,0.9846481089919719,0.9989499673943644,0.964525637340111
2020-11-23 12:00:00,0.9824893682924909,0.9878159858387696,0.9991550089179313,0.9633238548277894
2020-11-23 13:00:00,0.9810885295503428,0.9897194599282182,0.9992889035204388,0.962322182237727
2020-11-23 14:00:00,0.9815037831035512,0.9912887526200502,0.9992452567739242,0.9631692371809338
2020-11-24 07:00:00,0.9845116414103482,0.9944566294668479,0.9991550089179313,0.9665788431900404
2020-11-24 08:00:00,0.9830579798740812,0.9937718765391936,0.9989783963647868,0.9665788431900404
2020-11-24 09:00:00,0.9845116414103482,0.9958357687889355,0.9989783963647868,0.9686233122511682
2020-11-24 10:00:00,0.9859838266691193,0.99652052171659,0.9992779654154895,0.9686233122511682
2020-11-24 11:00:00,0.9873743553959656,0.9957733533655283,0.9992779654154895,0.9705114774002216
2020-11-24 12:00:00,0.9880645181721757,0.9957733533655283,0.9993225822476764,0.9697378418781433
2020-11-24 13:00:00,0.9882089874612785,0.9950886004378738,0.9993682132714825,0.9701224296659436
2020-11-24 14:00:00,0.9885143974698714,0.993519307746042,0.9993682132714825,0.9707395144682054
2020-11-25 07:00:00,0.9885143974698714,0.9957733533655282,0.9993682132714826,0.9714343870859963
2020-11-25 08:00:00,0.9893972178527974,0.9950886004378738,0.9993682132714826,0.9710497992981958
2020-11-25 09:00:00,0.9915666458444071,0.9966578931297058,0.9993682132714826,0.9724105678517739
2020-11-25 10:00:00,0.9926373911459272,0.9966578931297055,0.9993682132714826,0.9724105678517739
2020-11-25 11:00:00,0.9924447335392111,0.9945940008799636,0.9993682132714825,0.9738980269064833
2020-11-25 12:00:00,0.9913046914653053,0.9966578931297058,0.9992452567739242,0.9738980269064833
2020-11-25 13:00:00,0.9915989831628684,0.9980898144084218,0.9991996257501181,0.9738980269064833
2020-11-25 14:00:00,0.9917545707630011,0.9980898144084217,0.9991996257501181,0.9746716624285617
2020-11-27 07:00:00,0.9915989831628684,0.99734264605736,0.9994089469448278,0.9750562502163621
2020-11-27 08:00:00,0.9919043931714615,0.9980898144084218,0.9993225822476764,0.9739533789494531
2020-11-27 09:00:00,0.9917545707630011,0.9980898144084217,0.9991996257501182,0.9741834406424749
2020-11-27 10:00:00,0.9926373911459272,0.9966578931297058,0.9991996257501181,0.9747270144715319
2020-11-27 11:00:00,0.9944656730276589,0.995910724778644,0.9993335203526256,0.9764836344752282
2020-11-27 12:00:00,0.9942730154209428,0.9930247081881317,0.9995428415473354,0.9773564440491155
2020-11-27 13:00:00,0.9944656730276589,0.9901386915976198,0.9994118600179972,0.9773564440491155
2020-11-27 14:00:00,0.9944656730276589,0.9892248603703083,0.999411860017997,0.9796566378818689
2020-11-30 07:00:00,0.9941602630190659,0.9930247081881317,0.9992889035204388,0.9783992405201811
2020-11-30 08:00:00,0.9951558358038689,0.9917079842894516,0.9992025388232872,0.9776854169875498
2020-11-30 09:00:00,0.9962920953772831,0.9917079842894515,0.9993335203526256,0.9791495567330186
2020-11-30 10:00:00,0.9972153997328166,0.9930247081881317,0.9992889035204388,0.9783025017898118
2020-11-30 11:00:00,0.9975328016956692,0.9912887526200501,0.9991550089179313,0.978764968945218
2020-11-30 12:00:00,0.9976946160583892,0.9912887526200501,0.9992889035204388,0.9779179140020112
2020-11-30 13:00:00,0.9975328016956692,0.9912887526200501,0.9991550089179313,0.9776300649445799
2020-11-30 14:00:00,0.9975328016956694,0.9912887526200501,0.9991122909672943,0.9790942046900486
2020-12-01 07:00:00,0.9975328016956692,0.9912887526200501,0.9992779654154895,0.9790942046900486
2020-12-01 08:00:00,0.9982538077158752,0.991920723591076,0.9994089469448278,0.977337584686352
2020-12-01 09:00:00,0.9975328016956694,0.9950886004378738,0.9991550089179313,0.9764905297431452
2020-12-01 10:00:00,0.9980390702121906,0.9950886004378738,0.9992779654154897,0.9770341035722022
2020-12-01 11:00:00,0.9987600762323966,0.9930247081881319,0.9993607673921932,0.977747927104833
2020-12-01 12:00:00,0.9989439704920852,0.9907706625686457,0.9994917489215315,0.9803104781707331
2020-12-01 13:00:00,0.9982229644718792,0.9907706625686457,0.9993225822476764,0.9785538581670367
2020-12-01 14:00:00,0.9982229644718792,0.9907706625686457,0.9994564768501839,0.9785538581670364
2020-12-02 07:00:00,0.9982229644718792,0.9898568313413342,0.9995428415473353,0.9776810485931493
2020-12-02 08:00:00,0.9975328016956694,0.9898568313413342,0.9995874583795222,0.9776810485931493
2020-12-02 09:00:00,0.9977254593023854,0.9886381101795398,0.9996702603562259,0.9776810485931493
2020-12-02 10:00:00,0.9984156220785952,0.9863840645600536,0.9996256435240389,0.9756365795320215
2020-12-02 11:00:00,0.9976946160583892,0.9872978957873649,0.9995428415473353,0.9756365795320215
2020-12-02 12:00:00,0.9970044532821793,0.9895519414068513,0.9996311051260368,0.9756365795320213
2020-12-02 13:00:00,0.9961216328992533,0.9930247081881319,0.9996311051260368,0.9750194947297598
2020-12-02 14:00:00,0.9961216328992533,0.9930247081881319,0.9995874583795222,0.9739766982586942
2020-12-03 07:00:00,0.9961216328992533,0.9895519414068511,0.9997566250533773,0.9733963689430349
2020-12-03 08:00:00,0.9968117956754633,0.9895519414068511,0.999668361474676,0.9733963689430349
2020-12-03 09:00:00,0.9976946160583894,0.9895519414068511,0.9997120082211904,0.9713518998819072
2020-12-03 10:00:00,0.9968117956754633,0.9918059870263375,0.9995428415473353,0.9713518998819072
2020-12-03 11:00:00,0.9968117956754633,0.9925531553773993,0.9995428415473353,0.9728160396273756
2020-12-03 12:00:00,0.9968117956754633,0.994122448069231,0.9996311051260368,0.9736888492012629
2020-12-03 13:00:00,0.9968117956754633,0.9967730905097414,0.9996311051260368,0.9731452753722063
2020-12-03 14:00:00,0.9976946160583892,0.9980898144084217,0.9996311051260368,0.9722982204289995
2020-12-04 07:00:00,0.9980390702121906,0.9980898144084217,0.9996311051260368,0.9722982204289994
2020-12-04 08:00:00,0.9978772558494706,0.9973426460573602,0.9996311051260368,0.9743426894901273
2020-12-04 09:00:00,0.9980390702121906,0.9973426460573602,0.999421783931327,0.9743426894901273
2020-12-04 10:00:00,0.9980390702121906,0.9957733533655283,0.9991730956612456,0.9748051566455335
2020-12-04 11:00:00,0.9977086953938108,0.9957733533655283,0.9988411806370104,0.9755189801781644
2020-12-04 12:00:00,0.9978772558494706,0.9957733533655282,0.9987965638048236,0.974476183707099
2020-12-04 13:00:00,0.9982076306678506,0.9957733533655282,0.9987529170583089,0.9755189801781644
2020-12-04 14:00:00,0.9982076306678505,0.9957733533655283,0.9987529170583092,0.9737991156610705
2020-12-07 07:00:00,0.9978772558494706,0.9950886004378738,0.9987529170583092,0.9732555418320137
2020-12-07 08:00:00,0.9982538077158751,0.9950886004378738,0.9987529170583092,0.9736401296198143
2020-12-07 09:00:00,0.9982538077158751,0.9922025838473617,0.9987529170583092,0.9718835096161177
2020-12-07 10:00:00,0.9986135956737052,0.9937718765391936,0.9987965638048235,0.9740913331129024
2020-12-07 11:00:00,0.9989733836315353,0.9950886004378738,0.9988411806370104,0.9722680974039182
2020-12-07 12:00:00,0.998789489371847,0.9930247081881319,0.9987529170583092,0.9739879619210122
2020-12-07 13:00:00,0.9991198641902267,0.9911212340986831,0.9987529170583089,0.9736033741332116
2020-12-07 14:00:00,0.9996482126037167,0.9911212340986831,0.9987529170583092,0.9721159150785023
2020-12-08 07:00:00,0.9993037584499153,0.989057341848941,0.9983374896646933,0.9712431055046148
2020-12-08 08:00:00,0.9993037584499153,0.9890573418489412,0.9983811364112076,0.9706260207023532
2020-12-08 09:00:00,0.9993037584499153,0.9850370017553611,0.9982928728325063,0.9720901604478216
2020-12-08 10:00:00,0.999303758449915,0.9850370017553611,0.9986626692023162,0.9716510126016563
2020-12-08 11:00:00,0.9987754100364252,0.9850370017553611,0.9983374896646933,0.9701635535469467
2020-12-08 12:00:00,0.9991198641902267,0.985037001755361,0.9984713842672005,0.9704927892917774
2020-12-08 13:00:00,0.9987600762323966,0.9882352175081709,0.9984713842672005,0.9711098740940393
2020-12-08 14:00:00,0.9982076306678505,0.9908858599486814,0.9985160010993873,0.9721526705651047
2020-12-09 07:00:00,0.9973248102849245,0.9882352175081712,0.9984713842672005,0.9711509979750425
2020-12-09 08:00:00,0.9964015059293913,0.9902991097579129,0.9984713842672007,0.9717313272907017
2020-12-09 09:00:00,0.995478201573858,0.9878159858387695,0.9984257532433946,0.9683217212815951
2020-12-09 10:00:00,0.9954782015738579,0.9853328619196262,0.998707286034503,0.9665651012778986
2020-12-09 11:00:00,0.9954782015738579,0.980504386895448,0.9987072860345032,0.963045320361061
2020-12-09 12:00:00,0.9952652463559769,0.980504386895448,0.998707286034503,0.9612220846520769
2020-12-09 13:00:00,0.9964015059293913,0.9853328619196262,0.9987529170583089,0.9616066724398773
2020-12-09 14:00:00,0.9954782015738579,0.9840161380209459,0.9984713842672005,0.9641437316814927
2020-12-10 07:00:00,0.9952652463559769,0.988402736029538,0.9984267674350136,0.9619359081847078
2020-12-10 08:00:00,0.9964015059293913,0.9908858599486813,0.9983811364112077,0.9615513203969073
2020-12-10 09:00:00,0.9954782015738579,0.9882352175081709,0.9978818368597773,0.9619359081847079
2020-12-10 10:00:00,0.9943419420004437,0.9864992619400892,0.997741709105256,0.9612220846520769
2020-12-10 11:00:00,0.995478201573858,0.9908858599486814,0.9977417091052562,0.962582853205655
2020-12-10 12:00:00,0.995478201573858,0.9882352175081709,0.9972982292898247,0.9651199124472704
2020-12-10 13:00:00,0.9964015059293913,0.9911212340986831,0.9972545825433102,0.9661215850373325
2020-12-10 14:00:00,0.9974866246476445,0.9933752797181695,0.9976534455265547,0.965792349292502
2020-12-11 07:00:00,0.9974866246476445,0.9893549396245894,0.9971643346873176,0.9674888945003551
2020-12-11 08:00:00,0.9974866246476445,0.9885328152838194,0.9970208674376602,0.9684716161755772
2020-12-11 09:00:00,0.9982076306678506,0.9885328152838192,0.9966933105515372,0.9695144126466426
2020-12-11 10:00:00,0.9971225119495971,0.9885328152838192,0.9966933105515372,0.9688005891140116
2020-12-11 11:00:00,0.9964015059293913,0.9885328152838192,0.9969326038589585,0.9685127400565805
2020-12-11 12:00:00,0.9972843263123171,0.9893549396245894,0.9967559913058143,0.9702693600602768
2020-12-11 13:00:00,0.9969539514939374,0.9918059870263375,0.9968442548845158,0.9677323008186616
2020-12-11 14:00:00,0.9972843263123171,0.9925531553773993,0.9968442548845158,0.9677323008186616
2020-12-14 07:00:00,0.9980390702121908,0.994122448069231,0.9967559913058143,0.9657500790684207
2020-12-14 08:00:00,0.9982076306678505,0.994122448069231,0.9967559913058143,0.9677323008186616
2020-12-14 09:00:00,0.9974866246476445,0.9960259221586797,0.9968442548845158,0.9697145225689021
2020-12-14 10:00:00,0.9972843263123171,0.9952037978179096,0.9968442548845156,0.9714711425725986
2020-12-14 11:00:00,0.9974866246476445,0.9960259221586797,0.9967559913058143,0.972513939043664
2020-12-14 12:00:00,0.9980390702121908,0.9952037978179096,0.9964908584898953,0.9714711425725986
2020-12-14 13:00:00,0.9980390702121906,0.9925531553773993,0.9964908584898953,0.9718557303603992
2020-12-14 14:00:00,0.9980390702121906,0.9933752797181695,0.9968033567759882,0.9688307121390929
2020-12-15 07:00:00,0.9977086953938111,0.9960259221586797,0.9971234365787899,0.9677879156680275
2020-12-15 08:00:00,0.9969539514939374,0.9952037978179097,0.9973885693947089,0.9664759582479749
2020-12-15 09:00:00,0.9960711311110113,0.9937718765391934,0.9974768329734103,0.9690130174895902
2020-12-15 10:00:00,0.9959155435108787,0.994456629466848,0.9974768329734103,0.9690130174895902
2020-12-15 11:00:00,0.9969539514939373,0.9952037978179096,0.997114925307438,0.9711720298528494
2020-12-15 12:00:00,0.9969539514939373,0.9925531553773993,0.9965791220685967,0.9689642063560647
2020-12-15 13:00:00,0.9956558775578028,0.9911212340986831,0.996977985051841,0.9679625337660024
2020-12-15 14:00:00,0.9959862523761827,0.9937718765391934,0.9974772846032713,0.9687361692880807
2020-12-16 07:00:00,0.9955002899576703,0.9937718765391934,0.9974336378567569,0.9701635535469469
2020-12-16 08:00:00,0.9963460403340129,0.9912887526200501,0.997433637856757,0.9713398442349841
2020-12-16 09:00:00,0.9971378457536259,0.9937718765391934,0.9974772846032716,0.9718023113903903
2020-12-16 10:00:00,0.9976441142701473,0.9950886004378738,0.9974772846032716,0.9743648624562904
2020-12-16 11:00:00,0.9974822999074273,0.9922025838473617,0.9974772846032713,0.9743648624562904
2020-12-16 12:00:00,0.9974822999074273,0.9930247081881319,0.9974772846032716,0.9726449979391963
2020-12-16 13:00:00,0.9974822999074273,0.9930247081881319,0.9974772846032716,0.9726449979391963
2020-12-16 14:00:00,0.9969963374889146,0.9911212340986831,0.9974772846032716,0.9745949241493119
2020-12-17 07:00:00,0.9969963374889146,0.9911212340986831,0.9974772846032713,0.9731074650946023
2020-12-17 08:00:00,0.9960286383711601,0.9873213862808596,0.9976957250195865,0.9711575388844869
2020-12-17 09:00:00,0.9953928535441873,0.9841231705280498,0.9976957250195865,0.9722604101513959
2020-12-17 10:00:00,0.995568747242329,0.9861870627777916,0.9976957250195865,0.9735178075130836
2020-12-17 11:00:00,0.9963605526619419,0.9871008940051031,0.9979772578106949,0.9730553403576775
2020-12-17 12:00:00,0.9953928535441873,0.9882352175081709,0.9980655213893963,0.9748785760666618
2020-12-17 13:00:00,0.9944367057299702,0.9842148774145909,0.9977379645032736,0.9752631638544622
2020-12-17 14:00:00,0.9952169598460457,0.9871008940051031,0.9977379645032736,0.976110218797669
2020-12-18 07:00:00,0.9952169598460457,0.9882352175081709,0.9977379645032736,0.9769572737408755
2020-12-18 08:00:00,0.9952169598460457,0.9842148774145909,0.9977379645032736,0.9780601450077847
2020-12-18 09:00:00,0.9952169598460457,0.9842148774145909,0.9977379645032735,0.9775976778523784
2020-12-18 10:00:00,0.9946886114325557,0.9871008940051031,0.9979772578106949,0.9780601450077845
2020-12-18 11:00:00,0.9951558358038689,0.9833010461872795,0.9983091728349299,0.9780601450077845
2020-12-18 12:00:00,0.9955002899576703,0.9833010461872793,0.9980655213893963,0.9771873354338971
2020-12-18 13:00:00,0.9969539514939373,0.9842148774145909,0.9981082393400333,0.9763402804906905
2020-12-18 14:00:00,0.9973137394517676,0.9855316013132712,0.9983091728349299,0.9733152622693843
2020-12-21 07:00:00,0.9963460403340129,0.9855316013132712,0.9980655213893963,0.9726014387367533
2020-12-21 08:00:00,0.9955002899576703,0.9855316013132712,0.9981082393400331,0.9720578649076965
2020-12-21 09:00:00,0.9951699151392905,0.9877856469327575,0.9986292526377318,0.9718278032146748
2020-12-21 10:00:00,0.9951699151392905,0.9909838626855674,0.9990626854945212,0.9733152622693843
2020-12-21 11:00:00,0.9956558775578028,0.9895519414068514,0.9990626854945212,0.9718278032146748
2020-12-21 12:00:00,0.9959862523761828,0.9918059870263375,0.9988576439709542,0.971827803214675
2020-12-21 13:00:00,0.995817691920523,0.994456629466848,0.9985257289467191,0.9743580587404498
2020-12-21 14:00:00,0.995817691920523,0.9944566294668479,0.9982005494090962,0.9737777294247905
2020-12-22 07:00:00,0.995817691920523,0.9960259221586797,0.9982888129877977,0.9726014387367535
2020-12-22 08:00:00,0.995817691920523,0.9937718765391934,0.9982005494090962,0.9722168509489529
2020-12-22 09:00:00,0.9942948200473842,0.9944566294668479,0.9982005494090962,0.9718876152041223
2020-12-22 10:00:00,0.994934871537597,0.9960259221586797,0.9982005494090962,0.971599766146691
2020-12-22 11:00:00,0.994934871537597,0.9952037978179096,0.9983811364112076,0.9730639058921596
2020-12-22 12:00:00,0.9952652463559769,0.9952037978179097,0.9987509327810175,0.9728338441991379
2020-12-22 13:00:00,0.9952652463559769,0.9925531553773993,0.9986626692023161,0.9739367154660469
2020-12-22 14:00:00,0.9949348715375972,0.994456629466848,0.9987529170583092,0.9739367154660469
2020-12-23 07:00:00,0.9947792839374645,0.9930247081881317,0.9990848320825441,0.9739367154660469
2020-12-23 08:00:00,0.9940245400375909,0.9907706625686457,0.9991284788290586,0.9728338441991379
2020-12-23 09:00:00,0.9938627256748709,0.9863840645600536,0.9990848320825441,0.9731630799439686
2020-12-23 10:00:00,0.9949478443931241,0.9863840645600536,0.9989945842265512,0.9735476677317689
2020-12-23 11:00:00,0.9952652463559769,0.9863840645600536,0.998707286034503,0.9745904642028346
2020-12-23 12:00:00,0.9952652463559769,0.989856831341334,0.998707286034503,0.9735476677317689
2020-12-23 13:00:00,0.9940245400375909,0.9890347070005638,0.9982451662412831,0.9727006127885621
2020-12-23 14:00:00,0.9940245400375909,0.9928345548183873,0.9983374896646933,0.9704004189558088
2020-12-24 07:00:00,0.9927264661014564,0.9928345548183876,0.9986626692023162,0.9699379518004028
2020-12-24 08:00:00,0.9927264661014564,0.9890347070005638,0.9989499673943644,0.969243079182612
2020-12-24 09:00:00,0.9924210560928636,0.9897194599282182,0.9989499673943641,0.9694521653357555
2020-12-24 10:00:00,0.9935573156662778,0.9926054765187304,0.9990838619968716,0.9694521653357555
2020-12-24 11:00:00,0.9951607996110052,0.993519307746042,0.9991284788290586,0.9694521653357555
2020-12-24 12:00:00,0.9945250147840324,0.993519307746042,0.9987509327810175,0.9706284560237929
2020-12-24 13:00:00,0.9939133211236166,0.9922025838473615,0.9984257532433946,0.9699146324911617
2020-12-24 14:00:00,0.9939133211236166,0.9897194599282182,0.9983374896646932,0.9707874420650491
2020-12-28 07:00:00,0.9945250147840322,0.9859196121103947,0.9986626692023161,0.9682503828234337
2020-12-28 08:00:00,0.9943120595661513,0.9859196121103947,0.9987509327810175,0.9674699435855149
2020-12-28 09:00:00,0.9927770615502023,0.9859196121103945,0.9984257532433946,0.9660425593266488
2020-12-28 10:00:00,0.9914160040397834,0.9817231080572423,0.9983374896646933,0.9653287357940179
2020-12-28 11:00:00,0.9914160040397834,0.9817231080572423,0.9986626692023162,0.9664316070609269
2020-12-28 12:00:00,0.9919948542415153,0.9842062319763857,0.9987509327810175,0.9678957468063951
2020-12-28 13:00:00,0.9919948542415153,0.9829875108145913,0.9983811364112077,0.9686693823284737
2020-12-28 14:00:00,0.9902339461637854,0.9836194817856174,0.9982005494090962,0.9680522975262119
2020-12-29 07:00:00,0.9891488274455321,0.9798196339677937,0.9982005494090962,0.966007828465084
2020-12-29 08:00:00,0.9902339461637856,0.9842062319763857,0.9981103015531032,0.9663924162528846
2020-12-29 09:00:00,0.9896445812879403,0.9829875108145916,0.9977915890037843,0.9659299490974784
2020-12-29 10:00:00,0.9887585677434974,0.9797892950617817,0.9972557857649429,0.9661856738691039
2020-12-29 11:00:00,0.9898293130450174,0.9833010461872795,0.9973927260205399,0.9687227331107193
2020-12-29 12:00:00,0.9914363326096659,0.9833010461872795,0.9973927260205399,0.971547641409766
2020-12-29 13:00:00,0.9935485693586501,0.9833010461872795,0.9973927260205399,0.9738478352425195
2020-12-29 14:00:00,0.9927158602617212,0.9833010461872795,0.9971643346873176,0.9738478352425195
2020-12-30 07:00:00,0.9935485693586501,0.985037001755361,0.9976534455265547,0.9724870666889412
2020-12-30 08:00:00,0.99407691777214,0.9879230183458734,0.9977479422572698,0.9745315357500688
2020-12-30 09:00:00,0.9931571780779149,0.9833893744391001,0.99739272602054,0.973817712217438
2020-12-30 10:00:00,0.991550158513266,0.9783726570583038,0.99739272602054,0.9728160396273756
2020-12-30 11:00:00,0.9935724316311233,0.9806267026777902,0.9978818368597773,0.9725603148557501
2020-12-30 12:00:00,0.9946680650234899,0.9806267026777902,0.9979285292593815,0.9737366055437872
2020-12-30 13:00:00,0.9962030630394392,0.9788907471097087,0.9980187771153742,0.9780190211267812
2020-12-30 14:00:00,0.9960007647041117,0.9788907471097087,0.9983811364112076,0.9785993504424406
2020-12-31 07:00:00,0.9956563105503106,0.9806267026777902,0.9982908885552146,0.9814242587414872
2020-12-31 08:00:00,0.9956563105503106,0.9774588258309925,0.9982472418087002,0.981136409684056
2020-12-31 09:00:00,0.9964679890754249,0.9774588258309925,0.9986626692023162,0.9821380822741181
2020-12-31 10:00:00,0.9973912934309582,0.9788907471097084,0.9987529170583089,0.9849629905731649
2020-12-31 11:00:00,0.9975751876906467,0.9771547915416269,0.9987965638048235,0.9854254577285709
2020-12-31 12:00:00,0.9979517395570511,0.973643040416129,0.9988411806370104,0.985425457728571
2020-12-31 13:00:00,0.9981276332551928,0.973643040416129,0.9988411806370104,0.9858879248839773
2020-12-31 14:00:00,0.9981276332551928,0.9761261643352723,0.9988857974691973,0.9838434558228495
2021-01-04 07:00:00,0.9971320604703899,0.9697394081491263,0.9985160010993875,0.9841313048802808
2021-01-04 08:00:00,0.9961759126561727,0.9697394081491263,0.9981090249713671,0.9841313048802808
2021-01-04 09:00:00,0.9969561667722482,0.973251159274624,0.9984713842672005,0.9813063965812341
2021-01-04 10:00:00,0.9967635091655321,0.9725039909235623,0.9987965638048235,0.9798422568357656
2021-01-04 11:00:00,0.9967635091655321,0.9757228702629107,0.9986626692023162,0.9815988768394622
2021-01-04 12:00:00,0.9965796149058438,0.9729582874884746,0.9986626692023162,0.9819834646272628
2021-01-04 13:00:00,0.9970468392771568,0.9771547915416269,0.9989063206478499,0.9840279336883904
2021-01-04 14:00:00,0.9972153997328166,0.9771547915416269,0.9987693803922527,0.9826005494295244
2021-01-05 07:00:00,0.9972153997328166,0.973643040416129,0.9989063206478499,0.9826005494295244
2021-01-05 08:00:00,0.9977678452973627,0.9806022162305911,0.9991996257501182,0.9836022220195867
2021-01-05 09:00:00,0.9974080573395324,0.9860496913646759,0.9989763207973699,0.9827551670763801
2021-01-05 10:00:00,0.9966870513193266,0.9878159858387696,0.9989763207973699,0.9815788763883427
2021-01-05 11:00:00,0.9960512664923538,0.9853649384370214,0.9985428879405803,0.9797556406793583
2021-01-05 12:00:00,0.9952965225924804,0.9876189840565076,0.9983700785480714,0.9787539680892962
2021-01-05 13:00:00,0.9966870513193267,0.9925531553773993,0.9981363634424211,0.9815788763883427
2021-01-05 14:00:00,0.9959660452991208,0.9925531553773993,0.997967196768566,0.982041343543749
2021-01-06 07:00:00,0.9964943937126105,0.9925531553773993,0.9980499987452696,0.9810396709536866
2021-01-06 08:00:00,0.9971562498292648,0.990070031458256,0.9978315583289546,0.9784771198877867
2021-01-06 09:00:00,0.9969539514939373,0.9918059870263375,0.998080246599036,0.9773008291997495
2021-01-06 10:00:00,0.9966235766755575,0.9925531553773993,0.9976271697855726,0.9773008291997494
2021-01-06 11:00:00,0.9973137394517676,0.9933752797181695,0.9974465827834614,0.9793452982608772
2021-01-06 12:00:00,0.9973137394517676,0.9893549396245894,0.9974465827834614,0.9800591217935085
2021-01-06 13:00:00,0.996807470935246,0.9893549396245892,0.9969018690843815,0.9785949820480397
2021-01-06 14:00:00,0.9971378457536259,0.9901021079756511,0.9965479578238183,0.9793088055806708
2021-01-07 07:00:00,0.9960015861802115,0.9925531553773991,0.9965479578238187,0.9788463384252648
2021-01-07 08:00:00,0.9960015861802115,0.9944566294668479,0.9969018690843815,0.9788463384252648
2021-01-07 09:00:00,0.9960015861802115,0.9944566294668479,0.9969420236052363,0.9794634232275263
2021-01-07 10:00:00,0.9960015861802115,0.9928873367750162,0.9969420236052363,0.9788463384252646
2021-01-07 11:00:00,0.9960015861802115,0.9922025838473617,0.9972481305346884,0.9774189541663988
2021-01-07 12:00:00,0.997299660116346,0.9912887526200501,0.9976271697855726,0.9777068032238297
2021-01-07 13:00:00,0.9976441142701473,0.9950886004378738,0.9977526897129133,0.9777068032238299
2021-01-07 14:00:00,0.9969539514939374,0.9928345548183876,0.9971686089384622,0.9758835675148455
2021-01-08 07:00:00,0.9971157658566574,0.993519307746042,0.9968625020090098,0.9738390984537177
2021-01-08 08:00:00,0.9972996601163459,0.993519307746042,0.9972481305346884,0.971631274956933
2021-01-08 09:00:00,0.9960015861802115,0.993519307746042,0.9971226106073479,0.9713020392121026
2021-01-08 10:00:00,0.9951558358038688,0.993519307746042,0.9971226106073477,0.9710141901546713
2021-01-08 11:00:00,0.9946886114325557,0.9922025838473617,0.9968739223372662,0.9701413805807838
2021-01-08 12:00:00,0.9952965225924802,0.9944566294668479,0.9973784815154915,0.9701413805807836
2021-01-08 13:00:00,0.9946886114325557,0.9950886004378738,0.9973784815154915,0.9701413805807838
2021-01-08 14:00:00,0.9935485693586501,0.9937718765391936,0.9967557908190732,0.9713176712688211
2021-01-11 07:00:00,0.9935485693586501,0.9911212340986831,0.9962936710258533,0.9705440357467426
2021-01-11 08:00:00,0.9935485693586501,0.9925531553773993,0.9969542430678462,0.9725262574969835
2021-01-11 09:00:00,0.9940769177721399,0.9937718765391936,0.9973784815154915,0.9737025481850204
2021-01-11 10:00:00,0.9933559117519342,0.9937718765391934,0.9968739223372662,0.9759103716818055
2021-01-11 11:00:00,0.99407691777214,0.9937718765391936,0.9968739223372662,0.9769531681528709
2021-01-11 12:00:00,0.9939083573164802,0.994456629466848,0.9962763711654864,0.9769531681528709
2021-01-11 13:00:00,0.9939083573164803,0.9950886004378738,0.9962763711654866,0.9769531681528709
2021-01-11 14:00:00,0.9956563105503103,0.9957733533655283,0.9968739223372662,0.9772410172103022
2021-01-12 07:00:00,0.9960007647041118,0.994456629466848,0.9971333368671143,0.9766606878946429
2021-01-12 08:00:00,0.9952797586839057,0.9950886004378738,0.9968793988402175,0.9777034843657084
2021-01-12 09:00:00,0.9960007647041118,0.9950886004378738,0.9965357856953345,0.9791308686245743
2021-01-12 10:00:00,0.9956563105503102,0.9944566294668479,0.996415289985575,0.9798446921572054
2021-01-12 11:00:00,0.9946886114325557,0.994456629466848,0.9962424805930661,0.9785872947955176
2021-01-12 12:00:00,0.9943120595661513,0.9930247081881319,0.9965357856953344,0.9785872947955174
2021-01-12 13:00:00,0.9943120595661513,0.9911212340986831,0.9961968495692601,0.9803071593126116
2021-01-12 14:00:00,0.9943120595661513,0.989057341848941,0.9964455378393418,0.9788797750537456
2021-01-13 07:00:00,0.9932269408478979,0.9841231705280498,0.9963250421295821,0.9788797750537456
2021-01-13 08:00:00,0.9935573156662778,0.9833010461872795,0.9963250421295821,0.9788797750537458
2021-01-13 09:00:00,0.9943120595661513,0.9813585877536134,0.9965016546827264,0.9803071593126116
2021-01-13 10:00:00,0.9932269408478979,0.9797109604373526,0.9961241086346855,0.9803071593126114
2021-01-13 11:00:00,0.9933887552106181,0.9813585877536134,0.9963291501582524,0.9803071593126116
2021-01-13 12:00:00,0.9932269408478979,0.9776470681876105,0.9955614747877672,0.9803071593126114
2021-01-13 13:00:00,0.9927891876930124,0.9776470681876105,0.9956953693902747,0.9803071593126116
2021-01-13 14:00:00,0.9915484813746266,0.9695113700407173,0.9952427622384483,0.9803071593126116
2021-01-14 07:00:00,0.992034443793139,0.9715752622904592,0.9954084366866436,0.9785872947955174
2021-01-14 08:00:00,0.9927891876930124,0.9662598345948938,0.9950004150864532,0.9771599105366516
2021-01-14 09:00:00,0.9912541896770634,0.9662598345948938,0.9948347406382579,0.976775322748851
2021-01-14 10:00:00,0.9927770615502023,0.9715752622904594,0.9956953693902747,0.9775557619867699
2021-01-14 11:00:00,0.993355911751934,0.9715752622904592,0.9956953693902747,0.9780182291421762
2021-01-14 12:00:00,0.992665748975724,0.9661023373316246,0.9956953693902747,0.9761949934331919
2021-01-14 13:00:00,0.9926657489757241,0.9700059695986275,0.9957836329689762,0.9765795812209923
2021-01-14 14:00:00,0.9944137022095543,0.9731249503647244,0.9962261288018383,0.9787874047177771
2021-01-15 07:00:00,0.9932774426361399,0.9693251025469009,0.9965513083394612,0.9783249375623709
2021-01-15 08:00:00,0.9926657489757241,0.972211119137413,0.9962580032371927,0.9783249375623709
2021-01-15 09:00:00,0.9944137022095543,0.979170294951875,0.996933531406311,0.9786541733072016
2021-01-15 10:00:00,0.9945755165722744,0.9791702949518751,0.9967996368038036,0.9803740378242956
2021-01-15 11:00:00,0.9932428168916526,0.9764057121774389,0.9961241086346855,0.9799115706688893
2021-01-15 12:00:00,0.9915683332975539,0.9764057121774389,0.9958425758435769,0.9785996132488367
2021-01-15 13:00:00,0.9897590153975779,0.9786853104647257,0.9958425758435769,0.9767114480997835
2021-01-15 14:00:00,0.9904832145793007,0.9764057121774389,0.9958425758435769,0.9778857897162057
2021-01-19 07:00:00,0.9921576981733992,0.9795735890242367,0.9958425758435769,0.9783249375623709
2021-01-19 08:00:00,0.9926075774710951,0.9818531873115237,0.9957989290970624,0.9779957018175404
2021-01-19 09:00:00,0.9908596242372648,0.9804212660328075,0.995299629545632,0.9771486468743336
2021-01-19 10:00:00,0.9921576981733992,0.9863840645600536,0.9960502188185354,0.9781914433453992
2021-01-19 11:00:00,0.9926075774710951,0.9825842167422297,0.995575624144314,0.9786539105008052
2021-01-19 12:00:00,0.9908596242372648,0.9777557417180517,0.995299629545632,0.976830674791821
2021-01-19 13:00:00,0.9896189179188788,0.9737354016244717,0.9945698355207219,0.9758290022017586
2021-01-19 14:00:00,0.9881652563826118,0.9742829749367713,0.9945698355207219,0.9746527115137215
2021-01-20 07:00:00,0.9896189179188788,0.9742829749367711,0.9953746906494173,0.9724448880169366
2021-01-20 08:00:00,0.9880154339741515,0.9731486514337033,0.9955756241443141,0.9714020915458712
2021-01-20 09:00:00,0.9859031972251674,0.9737354016244717,0.9951686480162937,0.9702258008578338
2021-01-20 10:00:00,0.9842247377518959,0.9671436540770941,0.9946966052375373,0.9689684034961461
2021-01-20 11:00:00,0.9839304460543329,0.9581167068155257,0.9948557108692637,0.9689684034961461
2021-01-20 12:00:00,0.9842247377518959,0.9586300106287189,0.9946966052375373,0.9689684034961461
2021-01-20 13:00:00,0.9863369745008799,0.9624298584465426,0.9952437091200789,0.970071274763055
2021-01-20 14:00:00,0.9864814437899826,0.9624298584465426,0.9952437091200789,0.971791139280149
2021-01-21 07:00:00,0.9883097256717145,0.970943501894918,0.9952437091200789,0.9731519078337273
2021-01-21 08:00:00,0.9883097256717144,0.9731486514337033,0.9952437091200789,0.9711696860834866
2021-01-21 09:00:00,0.9883097256717145,0.9731486514337033,0.9954670140728274,0.9719501253214055
2021-01-21 10:00:00,0.9865617724378843,0.9731486514337032,0.9946993387023425,0.9714876581659992
2021-01-21 11:00:00,0.9880154339741514,0.9731486514337032,0.9947876022810438,0.9714876581659992
2021-01-21 12:00:00,0.9875776808192661,0.9785638766486497,0.9951127818186667,0.9719501253214055
2021-01-21 13:00:00,0.9891811647639933,0.980817922268136,0.9952030296746597,0.9733775095802715
2021-01-21 14:00:00,0.9885917998881483,0.9778535710531947,0.9947876022810438,0.9739945943825333
2021-01-22 07:00:00,0.9895151042436813,0.9778535710531947,0.9952030296746597,0.9745381682115899
2021-01-22 08:00:00,0.9895151042436813,0.9708943952387327,0.9952030296746595,0.9757955655732777
2021-01-22 09:00:00,0.9895151042436813,0.9746942430565563,0.9952030296746595,0.975251991744221
2021-01-22 10:00:00,0.9895151042436815,0.9718082264660441,0.995069135072152,0.9745381682115899
2021-01-22 11:00:00,0.9895151042436813,0.9718082264660441,0.995069135072152,0.9755398408016522
2021-01-22 12:00:00,0.9916273409926655,0.9718082264660441,0.995069135072152,0.9749595114859928
2021-01-22 13:00:00,0.9914250426573381,0.9731249503647244,0.9952030296746595,0.975673335018624
2021-01-22 14:00:00,0.9909912653816254,0.9731249503647244,0.9943424009226428,0.9752887472308234
2021-01-25 07:00:00,0.9917460092814989,0.9746942430565564,0.9943424009226427,0.974515111708745
2021-01-25 08:00:00,0.9930255369335541,0.9781416677455207,0.9943424009226428,0.9764650379188607
2021-01-25 09:00:00,0.9932384921514352,0.9823381717986728,0.9951279685708742,0.9778924221777268
2021-01-25 10:00:00,0.9932384921514352,0.9781416677455205,0.9945860523681764,0.9775078343899263
2021-01-25 11:00:00,0.9932384921514352,0.9803957133650069,0.9943424009226428,0.978221657922557
2021-01-25 12:00:00,0.9932384921514352,0.9841072329310098,0.9943795806808533,0.9770453672345201
2021-01-25 13:00:00,0.9932384921514352,0.9876189840565078,0.9948332333048496,0.9784727514933861
2021-01-25 14:00:00,0.9932384921514352,0.9893852785306015,0.9946993387023422,0.9784727514933861
2021-01-26 07:00:00,0.9922707930336807,0.9878159858387696,0.9942467315505159,0.9784727514933861
2021-01-26 08:00:00,0.9924326073964008,0.9878159858387696,0.9942467315505159,0.9774710789033235
2021-01-26 09:00:00,0.9909097355232619,0.988402736029538,0.9942467315505159,0.9762136815416358
2021-01-26 10:00:00,0.9917424446201908,0.9908858599486814,0.9942467315505159,0.9756333522259765
2021-01-26 11:00:00,0.9928275633384441,0.9937718765391936,0.9943806261530234,0.9799157678089706
2021-01-26 12:00:00,0.9933559117519342,0.9922025838473617,0.9947960535466392,0.98049609712463
2021-01-26 13:00:00,0.9919948542415153,0.9902991097579129,0.9943069427074018,0.9810764264402893
2021-01-26 14:00:00,0.99071532658946,0.9902991097579129,0.9939817631697789,0.9793198064365927
2021-01-27 07:00:00,0.9896445812879403,0.9895519414068511,0.9944252429852103,0.9783181338465303
2021-01-27 08:00:00,0.9912436750029501,0.9918059870263375,0.9952300981139058,0.9800747538502269
2021-01-27 09:00:00,0.9919948542415151,0.9925531553773993,0.9955552776515287,0.9813321512119147
2021-01-27 10:00:00,0.9924326073964008,0.9933003237284609,0.9955552776515287,0.9808696840565085
2021-01-27 11:00:00,0.9917424446201908,0.9908171998093176,0.9953746906494173,0.9794422997976425
2021-01-27 12:00:00,0.9902195727470519,0.9876189840565078,0.9950048942796075,0.979113064052812
2021-01-27 13:00:00,0.9917424446201908,0.9900700314582558,0.9957183037943003,0.979575531208218
2021-01-27 14:00:00,0.9913046914653053,0.9925531553773993,0.9961804235875203,0.979575531208218
2021-01-28 07:00:00,0.9913046914653053,0.9925531553773993,0.9961804235875203,0.9785327347371526
2021-01-28 08:00:00,0.9904218710823794,0.9911212340986831,0.9960038110343759,0.9771053504782866
2021-01-28 09:00:00,0.9904218710823794,0.9861870627777917,0.995965929688801,0.9771053504782866
2021-01-28 10:00:00,0.9898325062065341,0.9861870627777917,0.995541691241156,0.9771053504782866
2021-01-28 11:00:00,0.9913046914653053,0.9893549396245894,0.9954471945104408,0.9768496257066612
2021-01-28 12:00:00,0.9902195727470521,0.9893549396245894,0.9949945873586145,0.9778924221777267
2021-01-28 13:00:00,0.9887659112107848,0.9848212957178162,0.9949945873586145,0.9772753373754649
2021-01-28 14:00:00,0.9902887830839238,0.9863905884096481,0.9949945873586145,0.9776599251632655
2021-01-29 07:00:00,0.9907386623816196,0.9893549396245894,0.9946326796926422,0.9779891609080961
2021-01-29 08:00:00,0.9920367363177539,0.9925531553773993,0.9948311319414153,0.9779891609080958
2021-01-29 09:00:00,0.9914288251578296,0.9960259221586797,0.9953304314928457,0.9779891609080958
2021-01-29 10:00:00,0.9904332523730265,0.9933752797181695,0.9952553703890603,0.9788362158513029
2021-01-29 11:00:00,0.9920367363177539,0.9918059870263376,0.9954023402730716,0.9796832707945092
2021-01-29 12:00:00,0.9931729958911683,0.9933752797181695,0.9958847436488033,0.9825081790935557
2021-01-29 13:00:00,0.9941685686759711,0.9960259221586797,0.9957879687987501,0.9842647990972524
2021-01-29 14:00:00,0.9941685686759711,0.9967730905097416,0.9954023402730716,0.9851376086711398
2021-02-01 07:00:00,0.9945635246180146,0.9967730905097414,0.9958847436488033,0.984520523868878
2021-02-01 08:00:00,0.9954092749943573,0.9980898144084218,0.9958847436488035,0.9859846636143466
2021-02-01 09:00:00,0.995409274994357,0.99734264605736,0.996480818050287,0.9865649929300058
2021-02-01 10:00:00,0.9942730154209428,0.99734264605736,0.9960779362707818,0.9853887022419686
2021-02-01 11:00:00,0.9932774426361398,0.9960259221586797,0.9958847436488035,0.9857732900297692
2021-02-01 12:00:00,0.9932774426361399,0.9952037978179096,0.9959984146745553,0.9860611390872003
2021-02-01 13:00:00,0.9932774426361399,0.9958357687889353,0.9958514447905441,0.9845969993417317
2021-02-01 14:00:00,0.9934272650446003,0.9958357687889353,0.9956923391588178,0.9849262350865624
2021-02-02 07:00:00,0.9948809265808674,0.993352644869792,0.9962022632831489,0.9821013267875159
2021-02-02 08:00:00,0.993582852644733,0.9950886004378737,0.996361368914875,0.9806739425286499
2021-02-02 09:00:00,0.9917545707630011,0.9944566294668479,0.9961643819375741,0.980056857726388
2021-02-02 10:00:00,0.9913046914653053,0.9909838626855673,0.9961643819375741,0.9787994603647002
2021-02-02 11:00:00,0.9913046914653053,0.9885328152838192,0.9954666301373707,0.9776965890977912
2021-02-02 12:00:00,0.9921875118482312,0.9877856469327575,0.9958883873388922,0.9773120013099906
2021-02-02 13:00:00,0.9927158602617211,0.9877856469327575,0.9963409944907186,0.9773120013099906
2021-02-02 14:00:00,0.9918330398787951,0.9877856469327575,0.9963409944907186,0.9761357106219536
2021-02-03 07:00:00,0.992665748975724,0.9877856469327575,0.9965215814928302,0.9755921367928967
2021-02-03 08:00:00,0.9933559117519342,0.9855316013132712,0.9968148865950984,0.9773120013099906
2021-02-03 09:00:00,0.9918330398787951,0.9877856469327575,0.9964292580694201,0.9769274135221905
2021-02-03 10:00:00,0.9918330398787951,0.9877856469327575,0.9964292580694201,0.976464946366784
2021-02-03 11:00:00,0.9921273315763584,0.9893549396245894,0.9964292580694201,0.977567817633693
2021-02-03 12:00:00,0.992939010101473,0.9877856469327575,0.9964292580694201,0.977567817633693
2021-02-03 13:00:00,0.992939010101473,0.9823381717986728,0.9957315062692165,0.977567817633693
2021-02-03 14:00:00,0.992939010101473,0.9800841261791866,0.9960222819413996,0.9763915269456559
2021-02-04 07:00:00,0.9941315071562318,0.9855316013132714,0.996407910467078,0.9784359960067835
2021-02-04 08:00:00,0.9946174695747443,0.9877856469327577,0.996407910467078,0.9794376685968459
2021-02-04 09:00:00,0.9946174695747443,0.9848212957178162,0.9956736549794637,0.980613959284883
2021-02-04 10:00:00,0.9933767632563583,0.9788907471097085,0.9952389402303002,0.9785694902237554
2021-02-04 11:00:00,0.9941315071562318,0.9757228702629107,0.9960090474838337,0.9794165451669621
2021-02-04 12:00:00,0.9946174695747442,0.9757228702629107,0.9957182718116507,0.981136409684056
2021-02-04 13:00:00,0.9951699151392903,0.9757228702629107,0.9959167240604235,0.9819834646272626
2021-02-04 14:00:00,0.9955002899576703,0.9741535775710789,0.9959167240604235,0.9819834646272628
2021-02-05 07:00:00,0.9956841842173588,0.9762842783613629,0.9964099553947415,0.9809406681561972
2021-02-05 08:00:00,0.9955002899576703,0.980817922268136,0.9962252108080334,0.980940668156197
2021-02-05 09:00:00,0.9946886114325559,0.979170294951875,0.9957904960588703,0.9809406681561972
2021-02-05 10:00:00,0.9952169598460457,0.9762842783613629,0.9964589259136838,0.9819423407462595
2021-02-05 11:00:00,0.9952169598460457,0.9785638766486499,0.9966280925875389,0.9819423407462593
2021-02-05 12:00:00,0.9952169598460457,0.9834980479695414,0.9964589259136838,0.9825594255485213
2021-02-05 13:00:00,0.9952169598460457,0.9878846459781334,0.9968128371742471,0.9843826612575054
2021-02-05 14:00:00,0.9952169598460457,0.9907706625686457,0.9968128371742471,0.9839201941020993
2021-02-08 07:00:00,0.9953928535441875,0.9869708147508218,0.9968128371742471,0.9845005234177585
2021-02-08 08:00:00,0.9948645051306975,0.9869708147508218,0.9968128371742471,0.9827439034140623
2021-02-08 09:00:00,0.9939083573164803,0.9869708147508218,0.9965063149854057,0.9834577269466931
2021-02-08 10:00:00,0.9927158602617212,0.9825842167422297,0.9965063149854057,0.9817011069429964
2021-02-08 11:00:00,0.9932442086752111,0.9840161380209459,0.9964616981532187,0.9810840221407349
2021-02-08 12:00:00,0.9927158602617212,0.9840161380209459,0.9966850031059671,0.9805036928250757
2021-02-08 13:00:00,0.9935485693586501,0.9857520935890275,0.9966850031059671,0.9791429242714974
2021-02-08 14:00:00,0.9928275633384441,0.9869708147508218,0.9966850031059671,0.9798567478041285
2021-02-09 07:00:00,0.9920763840998786,0.9834980479695414,0.996258712380868,0.9794721600163281
2021-02-09 08:00:00,0.9920763840998791,0.9878846459781334,0.9962150656343535,0.9794721600163279
2021-02-09 09:00:00,0.9920763840998789,0.9907706625686457,0.9962628699654646,0.9790875722285275
2021-02-09 10:00:00,0.9930440832176335,0.9907706625686457,0.9963095623650687,0.9805149564873935
2021-02-09 11:00:00,0.9939638229118585,0.9878846459781334,0.996443456967576,0.9822715764910901
2021-02-09 12:00:00,0.9946848289320644,0.9869708147508218,0.9962628699654646,0.9826008122359203
2021-02-09 13:00:00,0.9946848289320644,0.9863840645600536,0.9962628699654646,0.9822715764910901
2021-02-10 07:00:00,0.9939638229118585,0.9834980479695414,0.9964434569675762,0.9826008122359206
2021-02-10 08:00:00,0.9939638229118585,0.9834980479695412,0.9963033292130551,0.9822715764910901
2021-02-10 09:00:00,0.9946848289320644,0.9857520935890275,0.9960259673608902,0.9828886612933516
2021-02-10 10:00:00,0.9948871272673917,0.9873213862808596,0.9962150656343536,0.9839314577644173
2021-02-10 11:00:00,0.9962198269480135,0.9893852785306013,0.9968697476926752,0.9843939249198235
2021-02-10 12:00:00,0.9965796149058438,0.9858735274051037,0.996869747692675,0.982570689210839
2021-02-10 13:00:00,0.9956563105503106,0.98410723293101,0.9968697476926752,0.9837469798988763
2021-02-11 07:00:00,0.9966518833351135,0.9873054486838196,0.9972180977446872,0.9840348289563076
2021-02-11 08:00:00,0.9978925896534994,0.990070031458256,0.9973490792740254,0.985791448960004
2021-02-11 09:00:00,0.9978925896534995,0.9908171998093175,0.9967774242692649,0.9854622132151736
2021-02-11 10:00:00,0.9970468392771568,0.9908171998093176,0.9961227422109434,0.9851329774703429
2021-02-11 11:00:00,0.9966870513193266,0.9927206738987662,0.9962150656343536,0.9844191539377121
2021-02-11 12:00:00,0.9962920953772834,0.9919735055477044,0.996869747692675,0.9851329774703429
2021-02-11 13:00:00,0.9969539514939374,0.9919735055477044,0.9974414026974356,0.9854622132151736
2021-02-12 07:00:00,0.9966235766755575,0.9919735055477046,0.9978848825128669,0.9824371949938673
2021-02-12 08:00:00,0.9960156655156331,0.9927206738987662,0.9976615775601183,0.9809730552483991
2021-02-12 09:00:00,0.9973137394517676,0.9927206738987662,0.9976615775601185,0.9814355224038052
2021-02-12 10:00:00,0.9966235766755575,0.9927206738987662,0.9976615775601183,0.9802592317157678
2021-02-12 11:00:00,0.9951699151392905,0.9912887526200501,0.9970779699901661,0.9787950919702996
2021-02-12 12:00:00,0.9951699151392907,0.9926054765187304,0.9971257743212769,0.9725860694864308
2021-02-12 13:00:00,0.9939774180845315,0.990351430899244,0.9972180977446872,0.9729153052312612
2021-02-16 07:00:00,0.995655877557803,0.993519307746042,0.9973044624418383,0.972452838075855
2021-02-16 08:00:00,0.9946174695747443,0.9897194599282184,0.9967328074370781,0.9718725087601958
2021-02-16 09:00:00,0.9927891876930126,0.9897194599282184,0.9960781253787567,0.9675900931772018
2021-02-16 10:00:00,0.992034443793139,0.9903514308992443,0.9961248177783607,0.9672608574323711
2021-02-16 11:00:00,0.9935573156662778,0.9935193077460418,0.9961248177783607,0.9730074127608337
2021-02-16 12:00:00,0.9935573156662778,0.9957733533655283,0.9961248177783607,0.9749896345110743
2021-02-16 13:00:00,0.9932269408478979,0.9957733533655283,0.9966850031059671,0.9749896345110743
2021-02-17 07:00:00,0.9922707930336806,0.993519307746042,0.9966850031059671,0.9746050467232739
2021-02-17 08:00:00,0.9924326073964008,0.9928345548183873,0.9972099657111234,0.9725605776621462
2021-02-17 09:00:00,0.9924326073964008,0.9950886004378737,0.997076071108616,0.9697356693630996
2021-02-17 10:00:00,0.9917424446201908,0.9912887526200501,0.9969326038589585,0.9701981365185058
2021-02-17 11:00:00,0.991944742955518,0.9912887526200501,0.9967559913058143,0.9727606875844057
2021-02-17 12:00:00,0.9916273409926653,0.9858735274051037,0.9971994711212455,0.9709374518754212
2021-02-17 13:00:00,0.9909872895024525,0.9858735274051036,0.9973885693947089,0.9706082161305909
2021-02-18 07:00:00,0.9909872895024526,0.986558280332758,0.9975651819478534,0.9720723558760591
2021-02-18 08:00:00,0.9909872895024525,0.9919735055477046,0.9978411765465353,0.9738955915850436
2021-02-18 09:00:00,0.9909872895024525,0.9919735055477046,0.9983511006708663,0.9757188272940279
2021-02-18 10:00:00,0.9905923335604093,0.9897194599282182,0.9985744056236148,0.9752563601386218
2021-02-18 11:00:00,0.9915484813746264,0.9884027360295381,0.9985744056236148,0.9758734449408837
2021-02-18 12:00:00,0.9927891876930124,0.989224860370308,0.9985744056236148,0.9765872684735145
2021-02-18 13:00:00,0.9920089335769368,0.9912887526200501,0.9985744056236148,0.9777635591615519
2021-02-19 07:00:00,0.9900924378990743,0.9899720287213698,0.9986626692023162,0.9769165042183452
2021-02-19 08:00:00,0.9904689897654789,0.9920359209711119,0.9984393642495676,0.9751966397012511
2021-02-19 09:00:00,0.9893733563731122,0.9912887526200501,0.9982005494090962,0.97448281616862
2021-02-19 10:00:00,0.988804744791522,0.9912887526200501,0.9982005494090962,0.9742527544755984
2021-02-19 11:00:00,0.9877663368084635,0.989856831341334,0.998200549409096,0.9742527544755984
2021-02-19 12:00:00,0.9893733563731122,0.9912887526200501,0.9979294401252365,0.97448281616862
2021-02-19 13:00:00,0.9917236293266872,0.994456629466848,0.9980158048223882,0.9770198754102356
2021-02-22 07:00:00,0.9923854854433415,0.994456629466848,0.998385601192198,0.9778926849841229
2021-02-22 08:00:00,0.9930255369335541,0.994456629466848,0.9986292526377318,0.9793200692429889
2021-02-22 09:00:00,0.9939816847477714,0.9944566294668479,0.9988139972244398,0.9810399337600828
2021-02-22 10:00:00,0.9951699151392905,0.9944566294668479,0.9988139972244398,0.9816570185623448
2021-02-22 11:00:00,0.9951699151392905,0.9937718765391936,0.9984820822002046,0.9816570185623448
2021-02-22 12:00:00,0.9948645051306975,0.9908858599486814,0.9982005494090962,0.9813691695049135
2021-02-22 13:00:00,0.9939083573164803,0.9908858599486813,0.9977479422572698,0.9796493049878194
2021-02-23 07:00:00,0.9928127239241135,0.988235217508171,0.9973044624418386,0.9785464337209104
2021-02-23 08:00:00,0.9934020887999587,0.9882352175081709,0.9977935732810758,0.9771190494620445
2021-02-23 09:00:00,0.9925693797030298,0.9882352175081709,0.9981122858303949,0.9793268729588293
2021-02-23 10:00:00,0.9934020887999587,0.9911212340986831,0.9979356732772504,0.9799072022744886
2021-02-23 11:00:00,0.99390835731648,0.9873213862808592,0.9979823656768546,0.9819516713356162
2021-02-23 12:00:00,0.99390835731648,0.9892248603703083,0.9977590607241059,0.9812378478029853
2021-02-23 13:00:00,0.9931571780779149,0.9857520935890275,0.997483066125424,0.9812378478029854
2021-02-24 07:00:00,0.991742816119982,0.9846177700859599,0.9971705678393311,0.9802551261277632
2021-02-24 08:00:00,0.992628829664425,0.9860496913646759,0.9971705678393311,0.9802551261277632
2021-02-24 09:00:00,0.993157178077915,0.9818531873115235,0.9969472628865826,0.9816825103866291
2021-02-24 10:00:00,0.9919267103796706,0.9764057121774389,0.9963756078818222,0.9813532746417986
2021-02-24 11:00:00,0.9925346215395952,0.9742005626386534,0.9963756078818222,0.9831098946454951
2021-02-24 12:00:00,0.9925346215395952,0.9781416677455205,0.9963278035507113,0.9834391303903258
2021-02-24 13:00:00,0.9943439394395711,0.9750226869794236,0.9960148664036812,0.9816825103866291
2021-02-25 07:00:00,0.9939489834975278,0.9721366703889117,0.9957915614509327,0.9831098946454951
2021-02-25 08:00:00,0.9925346215395952,0.9686892456999471,0.9957915614509327,0.9831098946454951
2021-02-25 09:00:00,0.9925346215395952,0.9640384450818829,0.9957915614509327,0.9831098946454951
2021-02-25 10:00:00,0.9925346215395949,0.9581333462985251,0.9954498165396412,0.9816063172842422
2021-02-25 11:00:00,0.9925346215395949,0.9528179186029595,0.9954008460206991,0.9809892324819804
2021-02-25 12:00:00,0.9925346215395952,0.9484313205943676,0.9949887433207686,0.9809892324819804
2021-02-25 13:00:00,0.9913495642622034,0.9455884419705967,0.9946123830360599,0.98065999673715
2021-02-26 07:00:00,0.9915518625975308,0.9528179186029596,0.9946123830360599,0.9812403260528092
2021-02-26 08:00:00,0.9930967078327526,0.9587230173863175,0.9949826578728197,0.9822419986428715
2021-02-26 09:00:00,0.9930967078327526,0.9587230173863175,0.995031628391762,0.981857410855071
2021-02-26 10:00:00,0.993473259699157,0.9640384450818829,0.995031628391762,0.9818574108550712
2021-02-26 11:00:00,0.9917357568572194,0.9581333462985251,0.9945794116283857,0.9830337015431083
2021-02-26 12:00:00,0.9911569066554874,0.9528179186029595,0.9948078029616081,0.9826491137553078
2021-02-26 13:00:00,0.9913495642622037,0.9563973907304433,0.9954833246777329,0.9812217294964418
2021-03-01 07:00:00,0.9907971186976573,0.9577141146291237,0.9956639116798444,0.9812217294964418
2021-03-01 08:00:00,0.990973012395799,0.9607331968219692,0.9954833246777328,0.9812217294964418
2021-03-01 09:00:00,0.9894856570950004,0.9607331968219692,0.994944743217205,0.9802200569063797
2021-03-01 10:00:00,0.9894856570950004,0.9563973907304433,0.9941389852320899,0.9771122457462038
2021-03-01 11:00:00,0.988517957977246,0.9539142668113,0.9939453229484745,0.976398422213573
2021-03-01 12:00:00,0.9881230020352025,0.9577141146291237,0.9940444885013747,0.9753556257425074
2021-03-01 13:00:00,0.987685248880317,0.9667381941785783,0.9941846162558959,0.9753556257425072
2021-03-02 07:00:00,0.9885179579772457,0.9731249503647244,0.9940444885013747,0.9767830100013734
2021-03-02 08:00:00,0.9887106155839618,0.9766367014902222,0.9948012759675479,0.9777846825914357
2021-03-02 09:00:00,0.9909897763043733,0.9788907471097087,0.9948012759675479,0.9791358737479147
2021-03-02 10:00:00,0.9925346215395952,0.9788907471097085,0.9948012759675479,0.9814865060523743
2021-03-02 11:00:00,0.9939489834975279,0.9746942430565564,0.9944310011307881,0.9818157417972048
2021-03-02 12:00:00,0.9928944094974252,0.9746942430565563,0.9939453229484745,0.9811986569949431
2021-03-02 13:00:00,0.9911569066554876,0.9700434424384918,0.9939453229484743,0.9782676953748242
2021-03-03 07:00:00,0.9911569066554876,0.972297488057978,0.9939453229484743,0.9788480246904834
2021-03-03 08:00:00,0.9911569066554876,0.971475363717208,0.9942728798345972,0.9774872561369053
2021-03-03 09:00:00,0.9905780564537556,0.971475363717208,0.9941389852320898,0.9774872561369053
2021-03-03 10:00:00,0.9882988957333441,0.9646564337065388,0.9933492849443883,0.9751870623041522
2021-03-03 11:00:00,0.9890907011529569,0.9646564337065388,0.9933492849443883,0.9746067329884929
2021-03-03 12:00:00,0.9882988957333441,0.9607153285996717,0.9933492849443883,0.9750692001438989
2021-03-03 13:00:00,0.9882988957333441,0.9646564337065388,0.993577676277611,0.9746067329884929
2021-03-04 07:00:00,0.9905780564537556,0.9646564337065386,0.9941826319786042,0.9760341172473587
2021-03-04 08:00:00,0.9904021627556139,0.9646564337065386,0.9949883899637195,0.9760341172473587
2021-03-04 09:00:00,0.9904021627556139,0.964656433706539,0.9957117160109553,0.9760341172473587
2021-03-04 10:00:00,0.9907971186976573,0.9681681848320364,0.9957117160109553,0.9751870623041522
2021-03-04 11:00:00,0.9927369198749224,0.9725039909235623,0.9956680692644408,0.9775376946086113
2021-03-04 12:00:00,0.9936229334193653,0.9697394081491262,0.9963095623650687,0.9778669303534422
2021-03-04 13:00:00,0.9936229334193653,0.9697394081491262,0.9967794998366822,0.9771531068208111
2021-03-05 07:00:00,0.9934206350840379,0.9729582874884746,0.9965083905528227,0.9771531068208111
2021-03-05 08:00:00,0.9936229334193653,0.9788888360965824,0.9965986384088156,0.9766906396654048
2021-03-05 09:00:00,0.9932279774773219,0.9728838387399732,0.9965986384088156,0.9741535804237893
2021-03-05 10:00:00,0.9921428587590686,0.9721366703889115,0.9965986384088156,0.9729772897357524
2021-03-05 11:00:00,0.9921428587590686,0.9742005626386534,0.9966850031059671,0.9709328206746244
2021-03-05 12:00:00,0.9921428587590685,0.9682700140305459,0.9962150656343536,0.9698299494077156
2021-03-05 13:00:00,0.9901205856412113,0.9650511346911974,0.9954767976836725,0.9668989877875966
2021-03-08 07:00:00,0.9879678292460652,0.9607153285996716,0.994893599390958,0.9655477966311177
2021-03-08 08:00:00,0.9885757404059895,0.9646564337065388,0.9951709612431228,0.9647007416879109
2021-03-08 09:00:00,0.9898738143421238,0.971475363717208,0.9951709612431228,0.9667452107490386
2021-03-08 10:00:00,0.9898738143421241,0.9746942430565563,0.9951709612431228,0.9649885907453422
2021-03-08 11:00:00,0.9896608591242431,0.9797109604373526,0.9951709612431228,0.9635612064864761
2021-03-08 12:00:00,0.9890820089225112,0.9813585877536134,0.9950370666406153,0.9615167374253484
2021-03-08 13:00:00,0.9910218100997763,0.9774174826467463,0.9951253302193166,0.9608029138927172
2021-03-09 07:00:00,0.9910218100997763,0.9805364634128434,0.9951731345504278,0.9615833531306361
2021-03-09 08:00:00,0.9910218100997762,0.9834224800033554,0.9953100748060247,0.9593755296338512
2021-03-09 09:00:00,0.9886442557676255,0.9797109604373526,0.9946010916709624,0.9572165172705921
2021-03-09 10:00:00,0.9875013546206285,0.9746942430565563,0.9939515191377822,0.9519622893162213
2021-03-09 11:00:00,0.9879391077755141,0.9816534188710183,0.9940438425611924,0.9501390536072368
2021-03-09 12:00:00,0.9900053132780444,0.9846177700859599,0.9939515191377823,0.9507193829228962
2021-03-09 13:00:00,0.988517957977246,0.9781416677455205,0.9932239336576459,0.9532564421645118
2021-03-10 07:00:00,0.9894856570950006,0.979170294951875,0.9932695646814519,0.9532564421645116
2021-03-10 08:00:00,0.9896695513546889,0.9846177700859599,0.9932695646814519,0.9546838264233778
2021-03-10 09:00:00,0.9890907011529569,0.9846177700859599,0.9932217603503409,0.956147966168846
2021-03-10 10:00:00,0.9890907011529569,0.9861870627777916,0.9932217603503409,0.9579045861725425
2021-03-10 11:00:00,0.9866889677328703,0.9839074644905046,0.9932217603503409,0.9541931853145048
2021-03-10 12:00:00,0.9866889677328703,0.9848212957178162,0.9932217603503409,0.9521487162533772
2021-03-10 13:00:00,0.9866889677328703,0.9877856469327575,0.9932217603503409,0.9539053362570735
2021-03-11 07:00:00,0.9870839236749137,0.9918059870263375,0.993129436926931,0.9546857754949926
2021-03-11 08:00:00,0.9867241357170835,0.9952787538076181,0.9930371135035209,0.9543565397501619
2021-03-11 09:00:00,0.9846186892858014,0.9918059870263376,0.9923232911663434,0.9522915250610517
2021-03-11 10:00:00,0.9821953779384929,0.9877856469327575,0.9915780989248074,0.949909083466292
2021-03-11 11:00:00,0.9792219578762753,0.9877856469327575,0.9915780989248074,0.9477675877083025
2021-03-11 12:00:00,0.9767792711310077,0.9848212957178161,0.9907563884073994,0.9440635253403399
2021-03-11 13:00:00,0.974782589244413,0.97980457833702,0.9899042586626856,0.9433396098820647
2021-03-12 07:00:00,0.974782589244413,0.9734178221508739,0.9899042586626856,0.9433396098820644
2021-03-12 08:00:00,0.974782589244413,0.969082016059348,0.9899042586626856,0.9404297410435118
2021-03-12 09:00:00,0.9747825892444127,0.9749871148427058,0.9907563884073994,0.9381295472107585
2021-03-12 10:00:00,0.9738148901266583,0.9749871148427058,0.9906618916766843,0.9366654074652901
2021-03-12 11:00:00,0.9731748386364454,0.9742399464916441,0.990612921157742,0.9362029403098838
2021-03-12 12:00:00,0.9729368024318543,0.9742399464916441,0.9907563884073995,0.9354891167772528
2021-03-12 13:00:00,0.9733520559850627,0.9742399464916441,0.9916725956555225,0.9341283482236745
2021-03-15 07:00:00,0.9747825892444127,0.9788907471097087,0.9917192880551267,0.9364789805281342
2021-03-15 08:00:00,0.9773317166955539,0.9816534188710183,0.9917192880551267,0.9393888493666867
2021-03-15 09:00:00,0.9804144549310342,0.9781416677455207,0.9925101113204686,0.9399324231957437
2021-03-15 10:00:00,0.9804144549310342,0.9800841261791866,0.9924634189208645,0.9391519839578247
2021-03-15 11:00:00,0.9794467558132796,0.9816534188710185,0.9924634189208645,0.9386084101287681
2021-03-15 12:00:00,0.9798065437711098,0.9816534188710185,0.9925101113204686,0.9364005866319831
2021-03-15 13:00:00,0.982555165896323,0.9824755432117886,0.9924623069893574,0.9381878441893065
2021-03-16 07:00:00,0.984223733343758,0.9839074644905048,0.9933162570810561,0.9370115535012693
2021-03-16 08:00:00,0.9818004219964496,0.9788907471097085,0.9925101113204686,0.9400921865719415
2021-03-16 09:00:00,0.9800194989889909,0.9742399464916441,0.9916247913244115,0.9376878442123564
2021-03-16 10:00:00,0.9800194989889907,0.9774588258309924,0.9916247913244115,0.9388641349003938
2021-03-16 11:00:00,0.9800194989889907,0.9816534188710183,0.9916247913244115,0.9363270756587782
2021-03-16 12:00:00,0.9819763156945912,0.9816534188710185,0.9916247913244115,0.9348996913999121
2021-03-16 13:00:00,0.9817633604767103,0.9816534188710185,0.9916247913244115,0.932599497567159
2021-03-17 07:00:00,0.9825551658963232,0.9800841261791866,0.9915324679010014,0.9295744793458527
2021-03-17 08:00:00,0.9813626688415641,0.9817317534954476,0.9916247913244115,0.929862328403284
2021-03-17 09:00:00,0.9815553264482801,0.9846177700859599,0.9916247913244115,0.9221658468647057
2021-03-17 10:00:00,0.9804845811467602,0.9846177700859599,0.9916725956555225,0.9181391560533374
2021-03-17 11:00:00,0.9797635751265543,0.9833010461872795,0.9916247913244115,0.9177545682655368
2021-03-17 12:00:00,0.9793483215733458,0.9861870627777917,0.9917192880551267,0.9167718465903147
2021-03-17 13:00:00,0.9804845811467602,0.9846177700859599,0.9916725956555225,0.9149486108813303
2021-03-18 07:00:00,0.9781512125747552,0.9791702949518751,0.9908508851381146,0.9163093794349085
2021-03-18 08:00:00,0.9788270019342318,0.9816534188710185,0.9907563884073995,0.9163093794349085
2021-03-18 09:00:00,0.9788270019342318,0.9848212957178162,0.9907563884073994,0.920336070246277
2021-03-18 10:00:00,0.9792219578762751,0.9823381717986728,0.9906618916766845,0.9215378527585988
2021-03-18 11:00:00,0.9821953779384929,0.9823381717986729,0.9914379711702863,0.9230019925040672
2021-03-18 12:00:00,0.9815553264482801,0.9816534188710183,0.9914379711702863,0.921641223950489
2021-03-18 13:00:00,0.9808343204280743,0.9823381717986729,0.9915780989248075,0.9226239456257113
2021-03-19 07:00:00,0.9828626758333392,0.9816534188710183,0.9914379711702863,0.9244112031830345
2021-03-19 08:00:00,0.9856081737548342,0.9788888360965824,0.9912978434157653,0.9251250267156654
2021-03-19 09:00:00,0.9849681222646215,0.9788888360965824,0.9914379711702863,0.9210983359042971
2021-03-19 10:00:00,0.9828626758333394,0.9788888360965824,0.9906618916766845,0.9197863784842444
2021-03-19 11:00:00,0.9813626688415639,0.9788888360965824,0.9897152652012552,0.9179991209269212
2021-03-19 12:00:00,0.9808343204280741,0.9818531873115237,0.9906618916766843,0.9187129444595522
2021-03-19 13:00:00,0.9813626688415641,0.9797892950617816,0.9914379711702863,0.9194078170773432
2021-03-22 07:00:00,0.9815874667785686,0.9818531873115237,0.9914379711702863,0.9197370528221737
2021-03-22 08:00:00,0.9815874667785686,0.9834224800033554,0.9914379711702863,0.9201762006683389
2021-03-22 09:00:00,0.9815874667785686,0.9811428817160684,0.9914379711702863,0.9212685856078713
2021-03-22 10:00:00,0.984223733343758,0.980395713365007,0.9921831634118224,0.9243923186601747
2021-03-22 11:00:00,0.9859526279086357,0.9803957133650069,0.9928523689168126,0.9269184022059646
2021-03-22 12:00:00,0.9872181017553081,0.9811428817160684,0.9929446923402229,0.9273029899937651
2021-03-22 13:00:00,0.9862504026375535,0.9788888360965824,0.992667330488058,0.9273029899937651
2021-03-23 07:00:00,0.9851652839193001,0.9818531873115237,0.9928012250905655,0.926589166461134
2021-03-23 08:00:00,0.9862504026375535,0.9858735274051037,0.9936233073014169,0.9253873839488123
2021-03-23 09:00:00,0.9860256047005491,0.9858735274051037,0.993577676277611,0.9319809942204814
2021-03-23 10:00:00,0.9860256047005491,0.9873054486838199,0.9937146165332078,0.9324201420666467
2021-03-23 11:00:00,0.9860256047005491,0.9873054486838199,0.9930326620768773,0.9366258193703909
2021-03-23 12:00:00,0.9860256047005491,0.98410723293101,0.99222651631629,0.934243377775631
2021-03-23 13:00:00,0.9860256047005491,0.98410723293101,0.9922265163162901,0.9355007751373189
2021-03-24 07:00:00,0.9864633578554346,0.9876189840565078,0.9922754868352323,0.9388114699010126
2021-03-24 08:00:00,0.9887425185758462,0.9885328152838192,0.9931294369269308,0.939854266372078
2021-03-24 09:00:00,0.9887425185758462,0.9902991097579129,0.9930391890709378,0.9429348994427503
2021-03-24 10:00:00,0.9887425185758462,0.9895519414068513,0.9929446923402228,0.941933226852688
2021-03-24 11:00:00,0.9896658229313794,0.9918059870263375,0.9929446923402229,0.9431350093650098
2021-03-24 12:00:00,0.9885295633579649,0.9895519414068513,0.992667330488058,0.940927185868225
2021-03-24 13:00:00,0.9885295633579649,0.9846177700859596,0.992667330488058,0.9443524239340503
2021-03-25 07:00:00,0.99046936453523,0.9886381101795397,0.992667330488058,0.9461970458793147
2021-03-25 08:00:00,0.9924916376530873,0.9930247081881317,0.9929446923402228,0.9444771813622206
2021-03-25 09:00:00,0.9924916376530871,0.9950886004378738,0.9936266467965532,0.9487595969452146
2021-03-25 10:00:00,0.9924916376530873,0.9973426460573602,0.9944163470842544,0.9487595969452146
2021-03-25 11:00:00,0.9924916376530873,0.9973426460573602,0.9937667745510741,0.9470397324281205
2021-03-25 12:00:00,0.9930440832176335,0.9973426460573602,0.9936266467965532,0.947813367950199
2021-03-25 13:00:00,0.9930440832176335,0.99734264605736,0.9937667745510743,0.9497955897004396
2021-03-26 07:00:00,0.992436172057709,0.99734264605736,0.9938113913832612,0.9497955897004396
2021-03-26 08:00:00,0.992436172057709,0.9952787538076182,0.9944163470842546,0.9483682054415736
2021-03-26 09:00:00,0.9933559117519342,0.9952787538076182,0.9944619781080606,0.9478246316125171
2021-03-26 10:00:00,0.9939638229118585,0.9952787538076182,0.9944619781080606,0.9500324551093018
2021-03-26 11:00:00,0.9939638229118585,0.9918059870263375,0.9944619781080606,0.9497032193644712
2021-03-26 12:00:00,0.9932428168916526,0.9930247081881319,0.9944619781080606,0.9494731576714496
2021-03-26 13:00:00,0.9932428168916526,0.9952787538076182,0.9944619781080606,0.9492430959784278
2021-03-29 07:00:00,0.9936926961893484,0.9952787538076179,0.9944619781080606,0.9503064380774757
2021-03-29 08:00:00,0.9939981061979413,0.9945940008799636,0.9944163470842544,0.9489944806574232
2021-03-29 09:00:00,0.993795807862614,0.9937718765391934,0.9944163470842544,0.9482140414195043
2021-03-29 10:00:00,0.9939981061979413,0.9960259221586797,0.9951731345504277,0.9488311262217661
2021-03-29 11:00:00,0.9936926961893483,0.9960259221586797,0.9945564748387755,0.9492702740679315
2021-03-29 12:00:00,0.9936926961893483,0.9937718765391934,0.9946010916709624,0.9507344138133997
2021-03-29 13:00:00,0.9944137022095543,0.9937718765391934,0.9946934150943728,0.9507344138133997
2021-03-30 07:00:00,0.9945755165722744,0.9902991097579129,0.9945564748387757,0.951220200278047
2021-03-30 08:00:00,0.9936926961893483,0.9902991097579129,0.9944163470842547,0.9520672552212538
2021-03-30 09:00:00,0.9936926961893483,0.9937718765391934,0.9951731345504278,0.9551478882919258
2021-03-30 10:00:00,0.9938425185978087,0.9937718765391934,0.9957117160109553,0.9570360534409792
2021-03-30 11:00:00,0.9948809265808674,0.9937718765391934,0.9963532091115832,0.956573586285573
2021-03-30 12:00:00,0.9957266769572101,0.9950886004378737,0.9963065167119791,0.9588737801183265
2021-03-30 13:00:00,0.995036514181,0.9944566294668479,0.9963065167119791,0.9576163827566384
2021-03-31 07:00:00,0.995036514181,0.9944566294668479,0.996443456967576,0.9582334675589002
2021-03-31 08:00:00,0.9961216328992533,0.994456629466848,0.9964901493671802,0.9590139067968192
2021-03-31 09:00:00,0.9961216328992533,0.9960259221586797,0.9959855965221494,0.9580122342067569
2021-03-31 10:00:00,0.9952388125163274,0.9952787538076182,0.9959855965221494,0.9603124280395101
2021-03-31 11:00:00,0.9952388125163274,0.9952787538076182,0.9958486562665524,0.9607982145041573
2021-03-31 12:00:00,0.9950832249161945,0.9952787538076182,0.9952654579738379,0.962842683565285
2021-03-31 13:00:00,0.9936926961893483,0.9960259221586797,0.9946934150943726,0.9599117219451662
2021-04-01 07:00:00,0.9932774426361399,0.9944566294668479,0.9953557058298307,0.9613758616906347
2021-04-01 08:00:00,0.994160263019066,0.99652052171659,0.9954023982294349,0.9613758616906347
2021-04-01 09:00:00,0.9935485693586501,0.99652052171659,0.9946934150943726,0.9608322878615779
2021-04-01 10:00:00,0.9921875118482314,0.99652052171659,0.9946010916709624,0.9608322878615779
2021-04-01 11:00:00,0.9921875118482314,0.9972052746442445,0.9953100748060247,0.9618750843326433
2021-04-01 12:00:00,0.9921875118482314,0.99652052171659,0.9958486562665524,0.9628767569227057
2021-04-01 13:00:00,0.9935485693586502,0.99734264605736,0.9958486562665524,0.9617004662346684
2021-04-05 07:00:00,0.9946848289320644,0.9980898144084217,0.9958942872903584,0.9634570862383651
2021-04-05 08:00:00,0.9940769177721399,0.9980898144084217,0.9957997905596433,0.9634570862383649
2021-04-05 09:00:00,0.9927973901200847,0.9980898144084217,0.9951709612431228,0.9665377193090373
2021-04-05 10:00:00,0.9927973901200847,0.9987745673360762,0.9943652032580073,0.9665377193090373
2021-04-05 11:00:00,0.9935485693586502,0.99734264605736,0.9942313086554999,0.9684258844580905
2021-04-05 12:00:00,0.9941602630190659,0.9965205217165898,0.994893599390958,0.966961744712622
2021-04-05 13:00:00,0.9932774426361399,0.9952037978179096,0.9945233245541985,0.9674242118680282
2021-04-06 07:00:00,0.9944137022095543,0.9952037978179097,0.9944776935303923,0.9662479211799908
2021-04-06 08:00:00,0.9945755165722744,0.9927206738987662,0.9946543060835367,0.9690728294790377
2021-04-06 09:00:00,0.9944137022095543,0.9908171998093175,0.9945233245541982,0.9690728294790377
2021-04-06 10:00:00,0.9945755165722745,0.9927206738987662,0.9944310011307881,0.9690728294790377
2021-04-06 11:00:00,0.9944137022095543,0.9908171998093176,0.9939674160660961,0.9682000199051501
2021-04-06 12:00:00,0.9944137022095543,0.9920359209711119,0.9939674160660961,0.9694574172668381
2021-04-06 13:00:00,0.9936926961893483,0.9912887526200501,0.9945506143588109,0.9694574172668383
2021-04-07 07:00:00,0.9950832249161947,0.9912887526200501,0.9945506143588109,0.9707693746868906
2021-04-07 08:00:00,0.9961216328992533,0.988402736029538,0.9943658697721028,0.9725926103958752
2021-04-07 09:00:00,0.995036514181,0.9869708147508218,0.9939776397950327,0.970872745878781
2021-04-07 10:00:00,0.9948809265808674,0.9834980479695412,0.9938084731211775,0.9683424903530061
2021-04-07 11:00:00,0.9955710893570774,0.9780828227545948,0.9938084731211775,0.9669151060941403
2021-04-07 12:00:00,0.9951558358038689,0.9815555895358755,0.9944977705529165,0.9655543375405621
2021-04-07 13:00:00,0.99396760541235,0.9804212660328078,0.9944977705529165,0.9655543375405621
2021-04-08 07:00:00,0.9947792839374644,0.9797892950617817,0.9944977705529165,0.9635098684794343
2021-04-08 08:00:00,0.9936941652192111,0.9815555895358755,0.9944977705529165,0.9627362329573558
2021-04-08 09:00:00,0.9932269408478981,0.9804212660328075,0.9942884493582068,0.9613754644037777
2021-04-08 10:00:00,0.9927891876930126,0.9818531873115237,0.9946347108085135,0.9613754644037777
2021-04-08 11:00:00,0.9929510020557326,0.9818531873115237,0.9940855411312959,0.9610462286589473
2021-04-08 12:00:00,0.9929510020557326,0.9818531873115237,0.9940855411312958,0.9638711369579939
2021-04-08 13:00:00,0.9918658833374792,0.9804212660328075,0.9940855411312958,0.9656277569616902
2021-04-09 07:00:00,0.9932269408478981,0.9804212660328075,0.9946429377822208,0.9667306282285992
2021-04-09 08:00:00,0.9927409784293854,0.9775352494422954,0.9946429377822208,0.9684504927456934
2021-04-09 09:00:00,0.9935327838489982,0.9785638766486497,0.9948880824305979,0.9687383418031245
2021-04-09 10:00:00,0.9939277397910418,0.9766214182149838,0.9948413900309937,0.97127540104474
2021-04-09 11:00:00,0.9925950401104199,0.9720877743082106,0.9946276065249519,0.97127540104474
2021-04-09 12:00:00,0.9912045113835736,0.9654960267608331,0.9948413900309939,0.9702737284546779
2021-04-09 13:00:00,0.9909915561656927,0.9720877743082106,0.9950350523146091,0.967448820155631
2021-04-12 07:00:00,0.9894565581497434,0.9731486514337033,0.9955396051596399,0.9681626436882621
2021-04-12 08:00:00,0.9877820745556449,0.9708690531464162,0.9958403759573984,0.9668506862682094
2021-04-12 09:00:00,0.9887018142498699,0.9720877743082106,0.9956934060733872,0.9671385353256405
2021-04-12 10:00:00,0.9887018142498699,0.9737354016244717,0.9956934060733872,0.9671385353256409
2021-04-12 11:00:00,0.987782074555645,0.9731486514337033,0.9955128190712755,0.9671385353256406
2021-04-12 12:00:00,0.987782074555645,0.9720877743082108,0.9953471446230803,0.9671385353256406
2021-04-12 13:00:00,0.9887018142498699,0.9737354016244717,0.9956934060733872,0.9671385353256405
2021-04-13 07:00:00,0.9902368122658192,0.9766214182149839,0.9956934060733872,0.968140207915703
2021-04-13 08:00:00,0.9902368122658189,0.9775352494422954,0.9956934060733872,0.969567592174569
2021-04-13 09:00:00,0.9904497674837001,0.9785638766486499,0.9964120309621589,0.969567592174569
2021-04-13 10:00:00,0.9904497674837001,0.9791114499609493,0.996084474076036,0.9701846769768305
2021-04-13 11:00:00,0.9912045113835736,0.9822793268077471,0.9962314439600473,0.9691830043867684
2021-04-13 12:00:00,0.9902368122658192,0.9834980479695414,0.9962314439600473,0.9691830043867684
2021-04-13 13:00:00,0.9883493734538394,0.9834980479695414,0.9965439422461403,0.9697633337024276
2021-04-14 07:00:00,0.9877093219636265,0.9825842167422297,0.9971400166476239,0.9685059363407399
2021-04-14 08:00:00,0.9872905327904968,0.9814498932391621,0.9967781089816518,0.9685059363407399
2021-04-14 09:00:00,0.9877093219636265,0.9808179222681362,0.9963840432002339,0.970202481548593
2021-04-14 10:00:00,0.9881765463349398,0.9808179222681362,0.9966836122509364,0.9699146324911617
2021-04-14 11:00:00,0.9872905327904968,0.980817922268136,0.9966836122509366,0.9699146324911617
2021-04-14 12:00:00,0.9877093219636265,0.9773451554868554,0.9967994705938498,0.9699146324911617
2021-04-14 13:00:00,0.9881765463349398,0.9731486514337033,0.9965601772864283,0.9699146324911617
2021-04-15 07:00:00,0.9881765463349398,0.9683201764095253,0.9963264621807781,0.9699146324911617
2021-04-15 08:00:00,0.9881765463349398,0.9737354016244715,0.9962247847820583,0.9699146324911617
2021-04-15 09:00:00,0.9898550058082113,0.9796982001517176,0.9956658901387851,0.9713420167500277
2021-04-15 10:00:00,0.9895376038453584,0.9742829749367711,0.9950289718916338,0.9728294758047372
2021-04-15 11:00:00,0.9895376038453584,0.9671436540770941,0.9948598052177786,0.9702924165631218
2021-04-15 12:00:00,0.9877093219636269,0.9622094827562027,0.9947416736995855,0.9699078287753214
2021-04-15 13:00:00,0.986988315943421,0.9567942575412561,0.9950289718916335,0.9676076349425681
2021-04-16 07:00:00,0.988124575516835,0.954243412620127,0.9952626869972839,0.9665648384715024
2021-04-16 08:00:00,0.9895967607756063,0.9591775839410185,0.9956063001421669,0.9688650323042558
2021-04-16 09:00:00,0.988124575516835,0.9527014816005793,0.9953468856123191,0.9688650323042558
2021-04-16 10:00:00,0.9882640610949844,0.9527014816005793,0.9948258723146206,0.9688650323042558
2021-04-16 11:00:00,0.9897990591109337,0.9581167068155257,0.9953847669578939,0.970041322992293
2021-04-16 12:00:00,0.9911317587915555,0.9610027234060378,0.9953847669578939,0.9715054627377615
2021-04-16 13:00:00,0.9897990591109337,0.9540435475915758,0.9949417306575338,0.9705037901476992
2021-04-19 07:00:00,0.9902368122658192,0.9540435475915758,0.9949417306575338,0.9727116136444842
2021-04-19 08:00:00,0.9902368122658192,0.9540435475915758,0.9949417306575338,0.9727116136444842
2021-04-19 09:00:00,0.9895967607756063,0.9566941900320862,0.9949417306575338,0.9727116136444842
2021-04-19 10:00:00,0.9909872895024526,0.9636533658465484,0.9949417306575338,0.9730962014322846
2021-04-19 11:00:00,0.9921273315763584,0.9649700897452286,0.9955644213539521,0.9738100249649155
2021-04-19 12:00:00,0.9923199891830744,0.9681379665920263,0.996007457654312,0.9738100249649155
2021-04-19 13:00:00,0.9929600406732874,0.9771649138535947,0.9959309663867705,0.9738100249649155
2021-04-20 07:00:00,0.9929600406732874,0.982537940239178,0.9954316668353401,0.9742724921203217
2021-04-20 08:00:00,0.9933752942264956,0.9885007387664241,0.9947990887464455,0.9752741647103841
2021-04-20 09:00:00,0.9945635246180146,0.9878159858387696,0.9954818618692982,0.9756587524981845
2021-04-20 10:00:00,0.9948809265808672,0.9878159858387696,0.9959811614207286,0.9767015489692501
2021-04-20 11:00:00,0.9959193345639261,0.9912887526200502,0.9965400560640016,0.977804420236159
2021-04-20 12:00:00,0.9970044532821793,0.9944566294668479,0.9965400560640018,0.9778044202361589
2021-04-20 13:00:00,0.9968117956754633,0.9937718765391936,0.9965400560640018,0.9796276559451432
2021-04-21 07:00:00,0.9970044532821793,0.9958357687889355,0.9965400560640018,0.9796276559451432
2021-04-21 08:00:00,0.9970044532821793,0.9966578931297055,0.9964241977210886,0.9787806010019365
2021-04-21 09:00:00,0.9961216328992535,0.9966578931297055,0.9960779362707818,0.9787806010019366
2021-04-21 10:00:00,0.9948809265808674,0.9945940008799637,0.9956348999704219,0.9787806010019366
2021-04-21 11:00:00,0.9938425185978087,0.9945940008799637,0.9957113912379632,0.9773532167430706
2021-04-21 12:00:00,0.9945635246180146,0.9937718765391936,0.9962324045356616,0.9773532167430709
2021-04-21 13:00:00,0.9951159701825606,0.9937718765391934,0.9962324045356616,0.9755299810340865
2021-04-22 07:00:00,0.9951159701825606,0.9917079842894515,0.9957500011599298,0.975785705805712
2021-04-22 08:00:00,0.9951159701825607,0.9917079842894515,0.9957113912379632,0.9763292796347687
2021-04-22 09:00:00,0.9952998644422492,0.9908858599486814,0.9962324045356616,0.9775866769964565
2021-04-22 10:00:00,0.9961456148185918,0.9908858599486814,0.9967148079113936,0.9753788534996717
2021-04-22 11:00:00,0.9946919532823247,0.9908858599486814,0.9967148079113934,0.9736589889825777
2021-04-22 12:00:00,0.9946919532823247,0.9908858599486814,0.9966658373924512,0.9729451654499468
2021-04-22 13:00:00,0.9946919532823247,0.9922025838473617,0.9971088736928113,0.9743725497088126
2021-04-23 07:00:00,0.9946919532823247,0.9922025838473617,0.9974149806222632,0.973525494765606
2021-04-23 08:00:00,0.9946919532823247,0.9922025838473617,0.9977279177692933,0.9743725497088127
2021-04-23 09:00:00,0.9946919532823247,0.9930247081881319,0.9974627849533741,0.9729451654499468
2021-04-23 10:00:00,0.9936963804975218,0.994456629466848,0.9970293520965848,0.9715177811910808
2021-04-23 11:00:00,0.992700807712719,0.9950886004378738,0.9968702464648588,0.9715177811910808
2021-04-23 12:00:00,0.9913681080320971,0.9957733533655282,0.9968702464648587,0.9717735059627062
2021-04-23 13:00:00,0.9913681080320971,0.9950886004378738,0.9963603223405275,0.9720613550201374
2021-04-26 07:00:00,0.9927008077127187,0.9912887526200501,0.9962635474904744,0.9720613550201374
2021-04-26 08:00:00,0.9927008077127187,0.987092248566898,0.9967734716148055,0.9741058240812652
2021-04-26 09:00:00,0.9943042916574462,0.9885241698456142,0.9967734716148055,0.9741058240812652
2021-04-26 10:00:00,0.9956948203842925,0.9877770014945523,0.9965083387988863,0.9741058240812652
2021-04-26 11:00:00,0.9955021627775766,0.9811852539471747,0.9969325772465314,0.9758624440849617
2021-04-26 12:00:00,0.9965405707606353,0.986558280332758,0.9970293520965847,0.9772898283438277
2021-04-26 13:00:00,0.9965405707606352,0.9858735274051036,0.9965573093178285,0.9772898283438275
2021-04-27 07:00:00,0.9965405707606352,0.9877770014945523,0.9965573093178285,0.9794976518406125
2021-04-27 08:00:00,0.996356676500947,0.986558280332758,0.9968224421337477,0.9812542718443091
2021-04-27 09:00:00,0.9963566765009467,0.9919735055477046,0.9968702464648587,0.9821013267875157
2021-04-27 10:00:00,0.9960512664923538,0.9877770014945523,0.9963603223405276,0.9843091502843004
2021-04-27 11:00:00,0.9951684461094278,0.9892089227732684,0.9963982036861024,0.9846383860291311
2021-04-27 12:00:00,0.9961640188942308,0.9898408937442944,0.9968702464648587,0.9852554708313931
2021-04-27 13:00:00,0.9970468392771568,0.9891561408166399,0.9970293520965848,0.9849262350865624
2021-04-28 07:00:00,0.9966870513193266,0.987092248566898,0.9974149806222632,0.9843459057709032
2021-04-28 08:00:00,0.9962198269480135,0.9824039751089692,0.9968939673245647,0.9830885084092154
2021-04-28 09:00:00,0.9958248710059701,0.9810872512102888,0.9965400560640016,0.9830885084092151
2021-04-28 10:00:00,0.9946886114325559,0.977614484429008,0.9967994705938498,0.9839355633524222
2021-04-28 11:00:00,0.9956841842173588,0.9702351644837008,0.9971124077408797,0.9853997030978904
2021-04-28 12:00:00,0.9956841842173588,0.960068896905369,0.9973663457677764,0.9845526481546837
2021-04-28 13:00:00,0.9946886114325557,0.9613856208040492,0.9967572560905452,0.9837790126326054
2021-04-29 07:00:00,0.993998448656346,0.9597379934877882,0.9965725115038371,0.982777340042543
2021-04-29 08:00:00,0.9932181945402703,0.9565701166409903,0.9962965169051551,0.981794618367321
2021-04-29 09:00:00,0.9939984486563459,0.9597379934877882,0.9962965169051552,0.9797501493061932
2021-04-29 10:00:00,0.9944137022095542,0.9649700897452286,0.9962965169051552,0.9797501493061932
2021-04-29 11:00:00,0.9940187462675107,0.9559381456699645,0.9968436207876965,0.9789030943629866
2021-04-29 12:00:00,0.9940187462675107,0.9538074448796805,0.9969691407150373,0.9777268036749492
2021-04-29 13:00:00,0.9928787041936051,0.9565701166409903,0.9962713889148337,0.9762232263136964
2021-04-30 07:00:00,0.9928787041936051,0.9559381456699645,0.9957967942406124,0.9768035556293557
2021-04-30 08:00:00,0.9928787041936051,0.9559381456699645,0.9959899868625908,0.9772660227847618
2021-04-30 09:00:00,0.9930810025289324,0.9643381187742027,0.9965473835135158,0.9754427870757776
2021-04-30 10:00:00,0.9936334480934786,0.9666177170614897,0.9962960937920429,0.9747289635431466
2021-04-30 11:00:00,0.9936334480934786,0.9647142429720409,0.9960309609761239,0.9725211400463616
2021-04-30 12:00:00,0.9921797865572116,0.9636533658465484,0.9960727888392943,0.9736974307343991
2021-04-30 13:00:00,0.9921797865572116,0.9636533658465484,0.9965349086325143,0.9731171014187395
2021-05-03 07:00:00,0.9907892578303653,0.9636533658465484,0.9964930807693437,0.9716529616732713
2021-05-03 08:00:00,0.9889018190183857,0.9649700897452286,0.9957254053988587,0.9691254798287549
2021-05-03 09:00:00,0.9889018190183857,0.9704175648793132,0.9955021004461103,0.9687962440839243
2021-05-03 10:00:00,0.9901813466704408,0.9704175648793134,0.9957672332620292,0.9697979166739866
2021-05-03 11:00:00,0.9892251988562235,0.9681379665920263,0.9956844312853257,0.9680780521568926
2021-05-03 12:00:00,0.9892251988562235,0.9742005626386534,0.9961705738647022,0.9662548164479082
2021-05-03 13:00:00,0.9892251988562235,0.9727686413599373,0.995977381242724,0.9665840521927387
2021-05-04 07:00:00,0.989833110016148,0.9764801609259404,0.9962960937920428,0.9670465193481448
2021-05-04 08:00:00,0.9896936244379986,0.9674532136643719,0.9962132918153392,0.9677603428807761
2021-05-04 09:00:00,0.9893170725715941,0.9674532136643719,0.9966287192089551,0.9682228100361822
2021-05-04 10:00:00,0.9870700015167325,0.963258620624346,0.9964630447607599,0.9671199387692733
2021-05-04 11:00:00,0.9888982833984644,0.9727686413599373,0.997138572929878,0.9677370235715349
2021-05-04 12:00:00,0.989317072571594,0.9721366703889115,0.9970605959325396,0.9699448470683197
2021-05-04 13:00:00,0.9870700015167323,0.9671199530081154,0.9967610268818369,0.9689431744782576
2021-05-05 07:00:00,0.9877057863437052,0.9639520761613174,0.9968949214843443,0.969327762266058
2021-05-05 08:00:00,0.9877057863437052,0.9668380927518297,0.9968949214843443,0.9699080915817174
2021-05-05 09:00:00,0.9850901958069638,0.9594227093593293,0.9968949214843443,0.9699080915817174
2021-05-05 10:00:00,0.9844544109799908,0.9587907383883033,0.9968949214843443,0.9646538636273464
2021-05-05 11:00:00,0.9844544109799908,0.9662061217808038,0.9968512747378299,0.9628972436236499
2021-05-05 12:00:00,0.9827709454068935,0.9668380927518297,0.9971052127647265,0.9620501886804435
2021-05-05 13:00:00,0.9839591757984124,0.9640735099773936,0.9970605959325396,0.9632264793684804
2021-05-06 07:00:00,0.9839591757984125,0.9682700140305459,0.9970605959325396,0.9640735343116872
2021-05-06 08:00:00,0.9856426413715097,0.9764057121774389,0.9973057405809166,0.9655009185705532
2021-05-06 09:00:00,0.9865207290663137,0.9806022162305911,0.997589650720525,0.9668616871241312
2021-05-06 10:00:00,0.9870700015167325,0.9828818145178781,0.997433637856757,0.9701336933282616
2021-05-06 11:00:00,0.9882582319082515,0.9828818145178781,0.99775881739438,0.9711353659183237
2021-05-06 12:00:00,0.9900675498082274,0.9878159858387696,0.9978006452575505,0.9732003806074337
2021-05-06 13:00:00,0.9917460092814989,0.9895519414068513,0.9978974201076038,0.9743766712954711
